algorithm,m,iter,rel_res,residual,time,step_type,effective_m
GlobalAndersonSolver,1,0,1.0,57.81763343025095,0.0,initial,0
GlobalAndersonSolver,1,1,0.26526225887283933,15.336836046390157,0.0007560253143310547,AA,0
GlobalAndersonSolver,1,2,0.27808449168729354,16.078187203013606,0.0016016960144042969,AA,1
GlobalAndersonSolver,1,3,0.3517234924077294,20.33581995283775,0.0028104782104492188,KM,1
GlobalAndersonSolver,1,4,0.17937472459762496,10.371022073437699,0.0034835338592529297,AA,0
GlobalAndersonSolver,1,5,0.14081155773056928,8.141391027608673,0.0041294097900390625,AA,1
GlobalAndersonSolver,1,6,0.12389630107503591,7.163390918920433,0.0054433345794677734,KM,1
GlobalAndersonSolver,1,7,0.10844697179064572,6.27014726161232,0.0065975189208984375,KM,0
GlobalAndersonSolver,1,8,0.11752013829822745,6.794736276799311,0.0077495574951171875,KM,0
GlobalAndersonSolver,1,9,0.15571583572224365,9.00312110907386,0.009077787399291992,KM,0
GlobalAndersonSolver,1,10,0.16923821091385963,9.784952841009032,0.010664701461791992,KM,0
GlobalAndersonSolver,1,11,0.14796548462195513,8.555014150201636,0.011879682540893555,KM,0
GlobalAndersonSolver,1,12,0.10960330225328621,6.3370035524255,0.013086557388305664,KM,0
GlobalAndersonSolver,1,13,0.08816988398078558,5.097774031588816,0.013660430908203125,AA,0
GlobalAndersonSolver,1,14,0.08885022137859366,5.1371095298641745,0.014327287673950195,AA,1
GlobalAndersonSolver,1,15,0.044681895488961995,2.583401454349588,0.015036344528198242,AA,1
GlobalAndersonSolver,1,16,0.05260463385825868,3.041475437149368,0.01624441146850586,KM,1
GlobalAndersonSolver,1,17,0.06495294642813786,3.755425646796802,0.01745152473449707,KM,0
GlobalAndersonSolver,1,18,0.06780776913598907,3.9204847396277,0.018540620803833008,KM,0
GlobalAndersonSolver,1,19,0.06549127947984926,3.7865507898440405,0.01966571807861328,KM,0
GlobalAndersonSolver,1,20,0.051301921062604,2.9661556662653084,0.020242691040039062,AA,0
GlobalAndersonSolver,1,21,0.059901170941725125,3.4633439435514632,0.020935773849487305,AA,1
GlobalAndersonSolver,1,22,0.05703153114102402,3.2974281614776686,0.021584749221801758,AA,1
GlobalAndersonSolver,1,23,0.03857880153833465,2.2305350055218343,0.02221059799194336,AA,1
GlobalAndersonSolver,1,24,0.05069452324180812,2.931037361716199,0.022855520248413086,AA,1
GlobalAndersonSolver,1,25,0.047498165651601545,2.746231530253635,0.02358269691467285,AA,1
GlobalAndersonSolver,1,26,0.04613874706329771,2.6676331646368143,0.02484750747680664,KM,1
GlobalAndersonSolver,1,27,0.04009113342036009,2.3179744559016626,0.025934457778930664,KM,0
GlobalAndersonSolver,1,28,0.033267641244866704,1.9234562865848006,0.02711629867553711,KM,0
GlobalAndersonSolver,1,29,0.02938708626401906,1.699091781196217,0.028278350830078125,KM,0
GlobalAndersonSolver,1,30,0.025649482427862663,1.4829923726898266,0.029376506805419922,KM,0
GlobalAndersonSolver,1,31,0.023486917439809785,1.3579579829414903,0.029990673065185547,AA,0
GlobalAndersonSolver,1,32,0.01972916674612196,1.1406937308115763,0.03065776824951172,AA,1
GlobalAndersonSolver,1,33,0.02419804055779046,1.399073438700674,0.03183770179748535,KM,1
GlobalAndersonSolver,1,34,0.028508969178499877,1.6483211294368285,0.03301501274108887,KM,0
GlobalAndersonSolver,1,35,0.026862559023037705,1.553129590592474,0.0335688591003418,AA,0
GlobalAndersonSolver,1,36,0.0148966105121645,0.8612867659455499,0.034181833267211914,AA,1
GlobalAndersonSolver,1,37,0.02548796093557725,1.4736535822577617,0.03482198715209961,AA,1
GlobalAndersonSolver,1,38,0.024670412507075398,1.4263848669071637,0.036026954650878906,KM,1
GlobalAndersonSolver,1,39,0.022753561033961055,1.3155570510944021,0.03658604621887207,AA,0
GlobalAndersonSolver,1,40,0.023676042091470804,1.368892722723851,0.03729581832885742,AA,1
GlobalAndersonSolver,1,41,0.023572007759101652,1.3628777038307704,0.03846406936645508,KM,1
GlobalAndersonSolver,1,42,0.019825767934911667,1.1462789829339461,0.03961586952209473,KM,0
GlobalAndersonSolver,1,43,0.01525932549339585,0.8822580877700444,0.040780067443847656,KM,0
GlobalAndersonSolver,1,44,0.013586488016456092,0.7855385837399557,0.04188990592956543,KM,0
GlobalAndersonSolver,1,45,0.013151072552504865,0.7603638920553609,0.04301905632019043,KM,0
GlobalAndersonSolver,1,46,0.012857474883169595,0.7433887696337583,0.04361295700073242,AA,0
GlobalAndersonSolver,1,47,0.010368894832753836,0.5995049605169845,0.044277191162109375,AA,1
GlobalAndersonSolver,1,48,0.011018249240226919,0.637049095614581,0.045435190200805664,KM,1
GlobalAndersonSolver,1,49,0.012177094493540883,0.7040507856730741,0.04663825035095215,KM,0
GlobalAndersonSolver,1,50,0.011853365520411347,0.6853335425739191,0.047234296798706055,AA,0
GlobalAndersonSolver,1,51,0.008176440600255212,0.4727424453897769,0.047846317291259766,AA,1
GlobalAndersonSolver,1,52,0.008787456893283144,0.5080699614399767,0.049096107482910156,KM,1
GlobalAndersonSolver,1,53,0.008884560976355252,0.5136842897196204,0.0501708984375,KM,0
GlobalAndersonSolver,1,54,0.008460341723222716,0.4891569364479486,0.050714731216430664,AA,0
GlobalAndersonSolver,1,55,0.00785636429556685,0.4542363909355958,0.05137968063354492,AA,1
GlobalAndersonSolver,1,56,0.008545772753128757,0.494096356418625,0.05257248878479004,KM,1
GlobalAndersonSolver,1,57,0.008115641972754429,0.4692272126318742,0.053769588470458984,KM,0
GlobalAndersonSolver,1,58,0.007136138322909003,0.4125946296615185,0.05431842803955078,AA,0
GlobalAndersonSolver,1,59,0.007510144856655397,0.4342188023301863,0.0549314022064209,AA,1
GlobalAndersonSolver,1,60,0.007731622802902603,0.44702413303919214,0.05610537528991699,KM,1
GlobalAndersonSolver,1,61,0.007171536408183157,0.4146412631800323,0.056685447692871094,AA,0
GlobalAndersonSolver,1,62,0.006190036515627033,0.35789326218039164,0.05734133720397949,AA,1
GlobalAndersonSolver,1,63,0.006759671661452416,0.39082821823071123,0.05847334861755371,KM,1
GlobalAndersonSolver,1,64,0.006695321222647986,0.38710762814884087,0.05959010124206543,KM,0
GlobalAndersonSolver,1,65,0.006041533127225538,0.34930714770664384,0.060186147689819336,AA,0
GlobalAndersonSolver,1,66,0.005887091973680247,0.3403777257044171,0.060823917388916016,AA,1
GlobalAndersonSolver,1,67,0.006254494613611635,0.36162007686127656,0.06201004981994629,KM,1
GlobalAndersonSolver,1,68,0.0054881713879202584,0.3173130815091651,0.06325435638427734,KM,0
GlobalAndersonSolver,1,69,0.00494301022721113,0.2857931533588746,0.06381535530090332,AA,0
GlobalAndersonSolver,1,70,0.005385795080387276,0.3113939256882805,0.06444716453552246,AA,1
GlobalAndersonSolver,1,71,0.0054697633926747416,0.316248774787874,0.06562638282775879,KM,1
GlobalAndersonSolver,1,72,0.005145484591895021,0.29749974195519074,0.06621336936950684,AA,0
GlobalAndersonSolver,1,73,0.004528717145572567,0.2618397078320071,0.06688952445983887,AA,1
GlobalAndersonSolver,1,74,0.004905206761146987,0.28360744641558505,0.0680694580078125,KM,1
GlobalAndersonSolver,1,75,0.004540732583075949,0.26253441199308175,0.06917452812194824,KM,0
GlobalAndersonSolver,1,76,0.003996325197473153,0.23105806533557796,0.06981563568115234,AA,0
GlobalAndersonSolver,1,77,0.004212636526852053,0.2435646744844175,0.0704345703125,AA,1
GlobalAndersonSolver,1,78,0.004409664681780875,0.2549563761215308,0.07159662246704102,KM,1
GlobalAndersonSolver,1,79,0.004349606347527371,0.2514839453672303,0.07218575477600098,AA,0
GlobalAndersonSolver,1,80,0.0034818614074745464,0.20131298651230095,0.07284283638000488,AA,1
GlobalAndersonSolver,1,81,0.003744987902089704,0.21652633772374705,0.07399892807006836,KM,1
GlobalAndersonSolver,1,82,0.0036722788739565774,0.21232247378807612,0.07512879371643066,KM,0
GlobalAndersonSolver,1,83,0.003303019689770478,0.19097278163605072,0.07570958137512207,AA,0
GlobalAndersonSolver,1,84,0.003171881614065166,0.18339068844617248,0.07636785507202148,AA,1
GlobalAndersonSolver,1,85,0.003429861092533542,0.19830645136478436,0.07752490043640137,KM,1
GlobalAndersonSolver,1,86,0.0031285004363305986,0.1808824914141427,0.07870888710021973,KM,0
GlobalAndersonSolver,1,87,0.0027376753450046487,0.15828590954851457,0.07932877540588379,AA,0
GlobalAndersonSolver,1,88,0.003000555723794644,0.17348503092540005,0.07995867729187012,AA,1
GlobalAndersonSolver,1,89,0.0030393902819572994,0.17573035317367422,0.08117055892944336,KM,1
GlobalAndersonSolver,1,90,0.0027965346504620495,0.16168901529540974,0.08171844482421875,AA,0
GlobalAndersonSolver,1,91,0.00252089635754751,0.14575226151633677,0.08234739303588867,AA,1
GlobalAndersonSolver,1,92,0.002747934246815856,0.1588790549728319,0.08356237411499023,KM,1
GlobalAndersonSolver,1,93,0.002598346947877044,0.1502302713569663,0.0847475528717041,KM,0
GlobalAndersonSolver,1,94,0.0022848470095432546,0.132104446841977,0.08537435531616211,AA,0
GlobalAndersonSolver,1,95,0.0023941463003739837,0.13842387317341448,0.08610248565673828,AA,1
GlobalAndersonSolver,1,96,0.0024910678851133797,0.14402764983135588,0.08724713325500488,KM,1
GlobalAndersonSolver,1,97,0.0023918019000082704,0.13828832549245593,0.0878453254699707,AA,0
GlobalAndersonSolver,1,98,0.001987246118820781,0.11489786763366884,0.08852553367614746,AA,1
GlobalAndersonSolver,1,99,0.0021507755760858797,0.1243527538488702,0.08968114852905273,KM,1
GlobalAndersonSolver,1,100,0.002130749446202051,0.1231948904122204,0.09084486961364746,KM,0
GlobalAndersonSolver,1,101,0.001924531227960491,0.1112718410632904,0.09145188331604004,AA,0
GlobalAndersonSolver,1,102,0.0018404478404762709,0.106410338588154,0.09207606315612793,AA,1
GlobalAndersonSolver,1,103,0.001975828202315994,0.11423771072265784,0.09321713447570801,KM,1
GlobalAndersonSolver,1,104,0.0017739816011204668,0.1025674179255928,0.09435009956359863,KM,0
GlobalAndersonSolver,1,105,0.0015707974758138981,0.09081979264977144,0.09494304656982422,AA,0
GlobalAndersonSolver,1,106,0.0017132842826924875,0.09905804261852469,0.09560298919677734,AA,1
GlobalAndersonSolver,1,107,0.0017434316361094053,0.10080109124727626,0.09683394432067871,KM,1
GlobalAndersonSolver,1,108,0.0016326292740184492,0.09439476089269543,0.09749102592468262,AA,0
GlobalAndersonSolver,1,109,0.0014370106673835383,0.0830845560021417,0.09811210632324219,AA,1
GlobalAndersonSolver,1,110,0.0015610852393458372,0.09025825412187319,0.09926891326904297,KM,1
GlobalAndersonSolver,1,111,0.001466527689077995,0.08479116034242455,0.10036706924438477,KM,0
GlobalAndersonSolver,1,112,0.0012894492547316394,0.07455290433698421,0.10095429420471191,AA,0
GlobalAndersonSolver,1,113,0.0013467753488582723,0.07786736343318593,0.1016542911529541,AA,1
GlobalAndersonSolver,1,114,0.0014108861096397071,0.08157409589898144,0.10287714004516602,KM,1
GlobalAndersonSolver,1,115,0.0013856150762982411,0.0801129845568409,0.10347676277160645,AA,0
GlobalAndersonSolver,1,116,0.0011147808823260945,0.06445399240938185,0.10409784317016602,AA,1
GlobalAndersonSolver,1,117,0.0011975865597843134,0.06924162071460474,0.1052248477935791,KM,1
GlobalAndersonSolver,1,118,0.0011880138143857274,0.06868814723022817,0.10637998580932617,KM,0
GlobalAndersonSolver,1,119,0.0010773802432785878,0.06229157597087598,0.10697698593139648,AA,0
GlobalAndersonSolver,1,120,0.001015119791377358,0.05869182398564891,0.10761380195617676,AA,1
GlobalAndersonSolver,1,121,0.001097854666000378,0.06347535863850044,0.10879397392272949,KM,1
GlobalAndersonSolver,1,122,0.0010042467315986437,0.05806316940109799,0.10996794700622559,KM,0
GlobalAndersonSolver,1,123,0.0008809592222880566,0.05093497738124982,0.1105339527130127,AA,0
GlobalAndersonSolver,1,124,0.0009560544760654553,0.05527680723650313,0.1111898422241211,AA,1
GlobalAndersonSolver,1,125,0.0009765698782480433,0.05646295923957017,0.11238288879394531,KM,1
GlobalAndersonSolver,1,126,0.0009135227623208638,0.05281772420205797,0.11297011375427246,AA,0
GlobalAndersonSolver,1,127,0.0007999981777141508,0.046254001383945524,0.11361408233642578,AA,1
GlobalAndersonSolver,1,128,0.0008710335508911475,0.0503610985508742,0.11481118202209473,KM,1
GlobalAndersonSolver,1,129,0.0008301119715238439,0.047995109675628526,0.11592411994934082,KM,0
GlobalAndersonSolver,1,130,0.0007321419865868002,0.04233071699937132,0.1164848804473877,AA,0
GlobalAndersonSolver,1,131,0.0007536395375053206,0.043573654518026486,0.11713194847106934,AA,1
GlobalAndersonSolver,1,132,0.0007921144189270447,0.0457981811083401,0.1184229850769043,KM,1
GlobalAndersonSolver,1,133,0.0007794459464867887,0.04506572001266815,0.11897802352905273,AA,0
GlobalAndersonSolver,1,134,0.0006246074041793265,0.0361133219326609,0.11960601806640625,AA,1
GlobalAndersonSolver,1,135,0.0006679938195276202,0.038621821791121155,0.12083292007446289,KM,1
GlobalAndersonSolver,1,136,0.0006721336623651298,0.038861177706759134,0.12198901176452637,KM,0
GlobalAndersonSolver,1,137,0.0006175871255796632,0.03570742603800733,0.12258505821228027,AA,0
GlobalAndersonSolver,1,138,0.0005645790765153525,0.032642626088354255,0.1232004165649414,AA,1
GlobalAndersonSolver,1,139,0.0006120766662977934,0.035388824323215856,0.12432622909545898,KM,1
GlobalAndersonSolver,1,140,0.0005657913785333007,0.03271271852203474,0.12549400329589844,KM,0
GlobalAndersonSolver,1,141,0.000496903121471112,0.028729762527564214,0.12606215476989746,AA,0
GlobalAndersonSolver,1,142,0.0005308090984017759,0.030690125872835886,0.12668704986572266,AA,1
GlobalAndersonSolver,1,143,0.000548674004170315,0.031723032445827255,0.1279292106628418,KM,1
GlobalAndersonSolver,1,144,0.0005246849349167656,0.03033604123339263,0.12852215766906738,AA,0
GlobalAndersonSolver,1,145,0.00044136178935352707,0.025518494146961865,0.12912893295288086,AA,1
GlobalAndersonSolver,1,146,0.0004789741023368661,0.02769314907149643,0.13031888008117676,KM,1
GlobalAndersonSolver,1,147,0.0004641078992887952,0.026833620393163386,0.13144874572753906,KM,0
GlobalAndersonSolver,1,148,0.00041295566625111825,0.023876119334252207,0.13200664520263672,AA,0
GlobalAndersonSolver,1,149,0.00041084319216090897,0.023753981081673585,0.13260936737060547,AA,1
GlobalAndersonSolver,1,150,0.0004379392220922949,0.025320609407661565,0.13381457328796387,KM,1
GlobalAndersonSolver,1,151,0.0003874330857200396,0.022400464128912244,0.13504958152770996,KM,0
GlobalAndersonSolver,1,152,0.0003446777831734751,0.019928453719075503,0.13559651374816895,AA,0
GlobalAndersonSolver,1,153,0.00038149593155473925,0.02205719192576402,0.13621068000793457,AA,1
GlobalAndersonSolver,1,154,0.000381780691144136,0.022073656051319508,0.1373436450958252,KM,1
GlobalAndersonSolver,1,155,0.00034862226852480226,0.020156514527189532,0.13792634010314941,AA,0
GlobalAndersonSolver,1,156,0.0003227784174084154,0.018662284216916295,0.1385653018951416,AA,1
GlobalAndersonSolver,1,157,0.00034975653993916337,0.020222095416035472,0.13975739479064941,KM,1
GlobalAndersonSolver,1,158,0.0003222649971107277,0.018632599470348937,0.14090442657470703,KM,0
GlobalAndersonSolver,1,159,0.00028281793718722175,0.016351863819790525,0.14149761199951172,AA,0
GlobalAndersonSolver,1,160,0.00030402396480093196,0.0175779461508718,0.14212274551391602,AA,1
GlobalAndersonSolver,1,161,0.0003127411196527631,0.018081951414649706,0.1432967185974121,KM,1
GlobalAndersonSolver,1,162,0.00029612385776221984,0.0171211806580478,0.14391064643859863,AA,0
GlobalAndersonSolver,1,163,0.0002534230890491639,0.014652323265406402,0.14454960823059082,AA,1
GlobalAndersonSolver,1,164,0.00027556717255719,0.01593264176832232,0.1456906795501709,KM,1
GlobalAndersonSolver,1,165,0.0002653599813126264,0.015342486126591674,0.14684462547302246,KM,0
GlobalAndersonSolver,1,166,0.00023518968946599177,0.013598111252119266,0.14743852615356445,AA,0
GlobalAndersonSolver,1,167,0.000237337903785763,0.013722315920189415,0.14804673194885254,AA,1
GlobalAndersonSolver,1,168,0.00025153644431427636,0.01454324193171156,0.14920854568481445,KM,1
GlobalAndersonSolver,1,169,0.00022021639010773344,0.012732390518582073,0.15038061141967773,KM,0
GlobalAndersonSolver,1,170,0.00019748323097066252,0.011418013056883348,0.15102362632751465,AA,0
GlobalAndersonSolver,1,171,0.00021889243485512393,0.012655842559108642,0.15163969993591309,AA,1
GlobalAndersonSolver,1,172,0.00021799798270292394,0.012604127452451843,0.15280675888061523,KM,1
GlobalAndersonSolver,1,173,0.0001983412602227577,0.011467622277653418,0.15340662002563477,AA,0
GlobalAndersonSolver,1,174,0.00018575824377727216,0.010740102045361516,0.15405964851379395,AA,1
GlobalAndersonSolver,1,175,0.00020074518997807895,0.011606611807038656,0.15520739555358887,KM,1
GlobalAndersonSolver,1,176,0.0001833785374403158,0.010602513056699727,0.15627050399780273,KM,0
GlobalAndersonSolver,1,177,0.0001611451902850076,0.009317033540946606,0.15684866905212402,AA,0
GlobalAndersonSolver,1,178,0.00017440747820829055,0.010083827642541425,0.15750956535339355,AA,1
GlobalAndersonSolver,1,179,0.0001786292264262277,0.01032791913344093,0.15873074531555176,KM,1
GlobalAndersonSolver,1,180,0.0001682219095189426,0.009726192699503066,0.15929889678955078,AA,0
GlobalAndersonSolver,1,181,0.0001457282215960994,0.008425660896685656,0.1599559783935547,AA,1
GlobalAndersonSolver,1,182,0.0001585161963433898,0.009165031332939798,0.16110992431640625,KM,1
GlobalAndersonSolver,1,183,0.00015124822047229319,0.008744814168244824,0.16223406791687012,KM,0
GlobalAndersonSolver,1,184,0.00013351286739997378,0.0077193980255533855,0.16282987594604492,AA,0
GlobalAndersonSolver,1,185,0.000136738895688056,0.007905919346549344,0.1634688377380371,AA,1
GlobalAndersonSolver,1,186,0.00014421044743896032,0.00833790678683828,0.16459202766418457,KM,1
GlobalAndersonSolver,1,187,0.00014328626279605392,0.00828447261793285,0.16513609886169434,AA,0
GlobalAndersonSolver,1,188,0.00011330041334195268,0.006550761766100934,0.16578912734985352,AA,1
GlobalAndersonSolver,1,189,0.00012050521931380723,0.006967326596717703,0.16709613800048828,KM,1
GlobalAndersonSolver,1,190,0.00012178538263450095,0.0070413426103244255,0.16817641258239746,KM,0
GlobalAndersonSolver,1,191,0.0001125993236794329,0.006510226420991627,0.16877031326293945,AA,0
GlobalAndersonSolver,1,192,0.00010140708780714976,0.005863117830063056,0.16939711570739746,AA,1
GlobalAndersonSolver,1,193,0.0001101997611256624,0.006371489392864767,0.17055201530456543,KM,1
GlobalAndersonSolver,1,194,0.00010299804534643917,0.005955103229872785,0.1716930866241455,KM,0
GlobalAndersonSolver,1,195,9.041782468722161e-05,0.005227744643326474,0.17228436470031738,AA,0
GlobalAndersonSolver,1,196,9.554285769735238e-05,0.00552406192322415,0.1728954315185547,AA,1
GlobalAndersonSolver,1,197,9.930406239434397e-05,0.005741525877650948,0.17407011985778809,KM,1
GlobalAndersonSolver,1,198,9.57344340377133e-05,0.005535138413845047,0.17466139793395996,AA,0
GlobalAndersonSolver,1,199,7.929756079714303e-05,0.004584797302082254,0.17528748512268066,AA,1
GlobalAndersonSolver,1,200,8.581978137390644e-05,0.004961896660540801,0.17646145820617676,KM,1
GlobalAndersonSolver,1,201,8.419832661167703e-05,0.0048681479834744865,0.1775984764099121,KM,0
GlobalAndersonSolver,1,202,7.554626709907543e-05,0.004367906378158171,0.17818236351013184,AA,0
GlobalAndersonSolver,1,203,7.335570898614902e-05,0.00424125349217733,0.17882442474365234,AA,1
GlobalAndersonSolver,1,204,7.867248664069262e-05,0.004548656993637881,0.18004417419433594,KM,1
GlobalAndersonSolver,1,205,7.047140567731968e-05,0.004074489900765775,0.18112802505493164,KM,0
GlobalAndersonSolver,1,206,6.231681861543055e-05,0.003603010975246402,0.181671142578125,AA,0
GlobalAndersonSolver,1,207,6.844775256932979e-05,0.003957487067178027,0.18231606483459473,AA,1
GlobalAndersonSolver,1,208,6.916696997083989e-05,0.003999070515255196,0.18361902236938477,KM,1
GlobalAndersonSolver,1,209,6.394106338391654e-05,0.003696920963871728,0.18418192863464355,AA,0
GlobalAndersonSolver,1,210,5.762067126094821e-05,0.0033314908489704993,0.1847851276397705,AA,1
GlobalAndersonSolver,1,211,6.26015053446234e-05,0.0036194708881973313,0.18594813346862793,KM,1
GlobalAndersonSolver,1,212,5.844836503803932e-05,0.003379346144366853,0.18707990646362305,KM,0
GlobalAndersonSolver,1,213,5.131204279518878e-05,0.0029667408808895742,0.18765902519226074,AA,0
GlobalAndersonSolver,1,214,5.426535817278461e-05,0.003137494586795333,0.18830204010009766,AA,1
GlobalAndersonSolver,1,215,5.6387230267998185e-05,0.00326017620978227,0.18942499160766602,KM,1
GlobalAndersonSolver,1,216,5.4355207635459645e-05,0.0031426894700921832,0.189985990524292,AA,0
GlobalAndersonSolver,1,217,4.5038624913235096e-05,0.002604026705435995,0.19064903259277344,AA,1
GlobalAndersonSolver,1,218,4.8748970062588947e-05,0.0028185500811810454,0.1918630599975586,KM,1
GlobalAndersonSolver,1,219,4.778139815488896e-05,0.002762607363304239,0.19300198554992676,KM,0
GlobalAndersonSolver,1,220,4.2842951049619504e-05,0.0024770780388570857,0.19357514381408691,AA,0
GlobalAndersonSolver,1,221,4.167180351767959e-05,0.0024093650601626406,0.1942291259765625,AA,1
GlobalAndersonSolver,1,222,4.468073212300503e-05,0.002583334191283143,0.19539618492126465,KM,1
GlobalAndersonSolver,1,223,3.999998162148691e-05,0.002312704274607905,0.19656920433044434,KM,0
GlobalAndersonSolver,1,224,3.537551308103744e-05,0.00204532844772647,0.19712424278259277,AA,0
GlobalAndersonSolver,1,225,3.888312225643149e-05,0.002248130109245988,0.19773435592651367,AA,1
GlobalAndersonSolver,1,226,3.926279254000045e-05,0.0022700817465257377,0.19897031784057617,KM,1
GlobalAndersonSolver,1,227,3.6254138110796896e-05,0.0020961284676197455,0.1995856761932373,AA,0
GlobalAndersonSolver,1,228,3.274463318474815e-05,0.001893217198283799,0.20020151138305664,AA,1
GlobalAndersonSolver,1,229,3.5572214673471366e-05,0.0020567012682929614,0.20132756233215332,KM,1
GlobalAndersonSolver,1,230,3.318503977172114e-05,0.0019186804648896718,0.20244741439819336,KM,0
GlobalAndersonSolver,1,231,2.9129890952903202e-05,0.001684221356978141,0.20305371284484863,AA,0
GlobalAndersonSolver,1,232,3.084692042928473e-05,0.0017834959378325039,0.20369195938110352,AA,1
GlobalAndersonSolver,1,233,3.202687255035916e-05,0.0018517179770340326,0.20488309860229492,KM,1
GlobalAndersonSolver,1,234,3.082090255243118e-05,0.0017819916457659521,0.20547938346862793,AA,0
GlobalAndersonSolver,1,235,2.5609846401961524e-05,0.0014807007114736425,0.20609116554260254,AA,1
GlobalAndersonSolver,1,236,2.7735283668953606e-05,0.0016035884642555853,0.20725297927856445,KM,1
GlobalAndersonSolver,1,237,2.7149250239170457e-05,0.0015697053982345105,0.20842289924621582,KM,0
GlobalAndersonSolver,1,238,2.431775087413376e-05,0.0014059948058888303,0.20903611183166504,AA,0
GlobalAndersonSolver,1,239,2.3726784081320517e-05,0.0013718265044925031,0.20969724655151367,AA,1
GlobalAndersonSolver,1,240,2.5416461962805373e-05,0.0014695196808593976,0.21081995964050293,KM,1
GlobalAndersonSolver,1,241,2.270856211285929e-05,0.0013129553199693834,0.2119131088256836,KM,0
GlobalAndersonSolver,1,242,2.010381599589781e-05,0.001162355063800035,0.2124929428100586,AA,0
GlobalAndersonSolver,1,243,2.21172650542426e-05,0.001278767923385898,0.213151216506958,AA,1
GlobalAndersonSolver,1,244,2.2308173675406342e-05,0.001289805808063018,0.21434330940246582,KM,1
GlobalAndersonSolver,1,245,2.0573642162830043e-05,0.0011895193008956628,0.21490025520324707,AA,0
GlobalAndersonSolver,1,246,1.8637789203066133e-05,0.0010775928640931666,0.21564412117004395,AA,1
GlobalAndersonSolver,1,247,2.0240035898527734e-05,0.0011702309761961965,0.21685409545898438,KM,1
GlobalAndersonSolver,1,248,1.88457989573969e-05,0.0010896194958189796,0.21793103218078613,KM,0
GlobalAndersonSolver,1,249,1.6540654800903394e-05,0.0009563415159749529,0.21851587295532227,AA,0
GlobalAndersonSolver,1,250,1.7554098426890795e-05,0.0010149364280445169,0.21914291381835938,AA,1
GlobalAndersonSolver,1,251,1.820468794079013e-05,0.0010525519740727136,0.22030186653137207,KM,1
GlobalAndersonSolver,1,252,1.7485758223608976e-05,0.0010109851592226197,0.22088098526000977,AA,0
GlobalAndersonSolver,1,253,1.457999550600265e-05,0.0008429808355807675,0.2215268611907959,AA,1
GlobalAndersonSolver,1,254,1.580067558747928e-05,0.0009135576690671921,0.22269868850708008,KM,1
GlobalAndersonSolver,1,255,1.54301974116555e-05,0.0008921374977035047,0.2238607406616211,KM,0
GlobalAndersonSolver,1,256,1.3797267106757599e-05,0.00079772533191777,0.22442889213562012,AA,0
GlobalAndersonSolver,1,257,1.3528769933892871e-05,0.0007822014608000184,0.22507667541503906,AA,1
GlobalAndersonSolver,1,258,1.44735573701048e-05,0.0008368268344564263,0.22626543045043945,KM,1
GlobalAndersonSolver,1,259,1.2896613316355886e-05,0.0007456516612167576,0.22740840911865234,KM,0
GlobalAndersonSolver,1,260,1.1432275175943426e-05,0.0006609870953964547,0.22798538208007812,AA,0
GlobalAndersonSolver,1,261,1.2596660120942322e-05,0.0007283090773181038,0.2286853790283203,AA,1
GlobalAndersonSolver,1,262,1.2681216964894138e-05,0.0007331979539257288,0.2298722267150879,KM,1
GlobalAndersonSolver,1,263,1.1667784741635304e-05,0.0006746037011349453,0.2304391860961914,AA,0
GlobalAndersonSolver,1,264,1.0626085205429825e-05,0.0006143750992061545,0.23110604286193848,AA,1
GlobalAndersonSolver,1,265,1.1533594739547501e-05,0.0006668451527842281,0.2324080467224121,KM,1
GlobalAndersonSolver,1,266,1.0709142090643574e-05,0.0006191772517493015,0.23352408409118652,KM,0
GlobalAndersonSolver,1,267,9.397842913719309e-06,0.0005433610366205045,0.23410511016845703,AA,0
GlobalAndersonSolver,1,268,1.0007824245353881e-05,0.0005786287136522485,0.23478031158447266,AA,1
GlobalAndersonSolver,1,269,1.0358171918240103e-05,0.0005988849869763256,0.23596429824829102,KM,1
GlobalAndersonSolver,1,270,9.914312970061053e-06,0.0005732221130157725,0.2365412712097168,AA,0
GlobalAndersonSolver,1,271,8.318931273106994e-06,0.000480980918879951,0.23720121383666992,AA,1
GlobalAndersonSolver,1,272,9.024919856221706e-06,0.0005217995079844197,0.23847031593322754,KM,1
GlobalAndersonSolver,1,273,8.7809321757517e-06,0.0005076927177135077,0.23961234092712402,KM,0
GlobalAndersonSolver,1,274,7.831574277639514e-06,0.0004528030907663438,0.2402193546295166,AA,0
GlobalAndersonSolver,1,275,7.739051758869541e-06,0.000447453657692058,0.24088454246520996,AA,1
GlobalAndersonSolver,1,276,8.260780629207823e-06,0.00047761878626725564,0.24207854270935059,KM,1
GlobalAndersonSolver,1,277,7.327350924387963e-06,0.0004236500897610737,0.2432384490966797,KM,0
GlobalAndersonSolver,1,278,6.511839219281205e-06,0.00037649913293713225,0.24385952949523926,AA,0
GlobalAndersonSolver,1,279,7.190051879229544e-06,0.00041571178389778076,0.24450421333312988,AA,1
GlobalAndersonSolver,1,280,7.217101641630335e-06,0.00041727573714464507,0.24567842483520508,KM,1
GlobalAndersonSolver,1,281,6.6182673560048336e-06,0.00038265255593288364,0.24625635147094727,AA,0
GlobalAndersonSolver,1,282,6.075167164272138e-06,0.00035125178813138363,0.24692416191101074,AA,1
GlobalAndersonSolver,1,283,6.5875333172701735e-06,0.0003808755865474919,0.24823212623596191,KM,1
GlobalAndersonSolver,1,284,6.08953409077517e-06,0.0003520824498214553,0.2493579387664795,KM,0
GlobalAndersonSolver,1,285,5.3439090291015984e-06,0.0003089721733292045,0.24991607666015625,AA,0
GlobalAndersonSolver,1,286,5.719087023971087e-06,0.00033066407710766513,0.25063204765319824,AA,1
GlobalAndersonSolver,1,287,5.901750091761796e-06,0.00034122522340243345,0.25188422203063965,KM,1
GlobalAndersonSolver,1,288,5.621075752158999e-06,0.0003249972973220011,0.25243401527404785,AA,0
GlobalAndersonSolver,1,289,4.7602264896772185e-06,0.00027522503022512767,0.2530839443206787,AA,1
GlobalAndersonSolver,1,290,5.170486527778305e-06,0.0002989452947191371,0.25428104400634766,KM,1
GlobalAndersonSolver,1,291,5.002707930543481e-06,0.0002892447332867723,0.25543880462646484,KM,0
GlobalAndersonSolver,1,292,4.446274940801245e-06,0.0002570730946573571,0.2559926509857178,AA,0
GlobalAndersonSolver,1,293,4.442737860118194e-06,0.00025686858902301124,0.256610631942749,AA,1
GlobalAndersonSolver,1,294,4.726070259980428e-06,0.0002732501978571592,0.25780558586120605,KM,1
GlobalAndersonSolver,1,295,4.165083819284139e-06,0.00024081528946963995,0.25898170471191406,KM,0
GlobalAndersonSolver,1,296,3.716388327264506e-06,0.00021487277799024272,0.25954151153564453,AA,0
GlobalAndersonSolver,1,297,4.114076647943002e-06,0.00023786617553472406,0.2601475715637207,AA,1
GlobalAndersonSolver,1,298,4.1119525070433405e-06,0.00023774336273483325,0.2613537311553955,KM,1
GlobalAndersonSolver,1,299,3.7531071228798346e-06,0.0002169957718551301,0.26193976402282715,AA,0
GlobalAndersonSolver,1,300,3.4841612269196586e-06,0.00020144595662993422,0.26254987716674805,AA,1
GlobalAndersonSolver,1,301,3.77194777546333e-06,0.00021808509379978933,0.2636878490447998,KM,1
GlobalAndersonSolver,1,302,3.4653272356029023e-06,0.00020035701982395348,0.2649219036102295,KM,0
GlobalAndersonSolver,1,303,3.0423334740959076e-06,0.00017590052157785905,0.26546311378479004,AA,0
GlobalAndersonSolver,1,304,3.2769744531614247e-06,0.00018946690769318432,0.2661011219024658,AA,1
GlobalAndersonSolver,1,305,3.3673997398111363e-06,0.0001946950837695227,0.2673170566558838,KM,1
GlobalAndersonSolver,1,306,3.1856868159656065e-06,0.00018418887254908277,0.2678670883178711,AA,0
GlobalAndersonSolver,1,307,2.7331935673046604e-06,0.00015802678376834078,0.2684762477874756,AA,1
GlobalAndersonSolver,1,308,2.972106888815506e-06,0.00017184018661305854,0.2696723937988281,KM,1
GlobalAndersonSolver,1,309,2.8539046726322554e-06,0.0001650060142071321,0.27078938484191895,KM,0
GlobalAndersonSolver,1,310,2.526149548278113e-06,0.00014605598857233797,0.2713484764099121,AA,0
GlobalAndersonSolver,1,311,2.5602094185826927e-06,0.00014802524966829004,0.27199339866638184,AA,1
GlobalAndersonSolver,1,312,2.710239320147918e-06,0.00015669962352056488,0.2732272148132324,KM,1
GlobalAndersonSolver,1,313,2.3682066315208122e-06,0.0001369241029083597,0.27437424659729004,KM,0
GlobalAndersonSolver,1,314,2.126200911510543e-06,0.000122931904900782,0.2749793529510498,AA,0
GlobalAndersonSolver,1,315,2.359527491488687e-06,0.00013642229557149247,0.27559423446655273,AA,1
GlobalAndersonSolver,1,316,2.3452712421601755e-06,0.00013559803297372633,0.2767472267150879,KM,1
GlobalAndersonSolver,1,317,2.128602415778853e-06,0.00012307075419424834,0.27733421325683594,AA,0
GlobalAndersonSolver,1,318,2.0040373341824483e-06,0.00011586869596829812,0.27797603607177734,AA,1
GlobalAndersonSolver,1,319,2.1643007250777557e-06,0.00012513474595537201,0.2791142463684082,KM,1
GlobalAndersonSolver,1,320,1.972925219102485e-06,0.000114069867103365,0.2802755832672119,KM,0
GlobalAndersonSolver,1,321,1.7343229648541742e-06,0.00010027444943160465,0.28093862533569336,AA,0
GlobalAndersonSolver,1,322,1.881526181216351e-06,0.0001087853910349869,0.2816145420074463,AA,1
GlobalAndersonSolver,1,323,1.9233089308299833e-06,0.00011120117073585585,0.2827646732330322,KM,1
GlobalAndersonSolver,1,324,1.805299283581429e-06,0.00010437813221000572,0.28334951400756836,AA,0
GlobalAndersonSolver,1,325,1.5736875830160485e-06,9.098689180855951e-05,0.28397655487060547,AA,1
GlobalAndersonSolver,1,326,1.7121670113471575e-06,9.899344463343827e-05,0.28513264656066895,KM,1
GlobalAndersonSolver,1,327,1.6290959293227375e-06,9.419047126429605e-05,0.2862536907196045,KM,0
GlobalAndersonSolver,1,328,1.4364481237282752e-06,8.305203105929318e-05,0.2868335247039795,AA,0
GlobalAndersonSolver,1,329,1.4786398338471438e-06,8.549145588874133e-05,0.2874743938446045,AA,1
GlobalAndersonSolver,1,330,1.5559125512726992e-06,8.995918153901145e-05,0.28870654106140137,KM,1
GlobalAndersonSolver,1,331,1.5376590837655315e-06,8.890380924585103e-05,0.2892603874206543,AA,0
GlobalAndersonSolver,1,332,1.2248961004622447e-06,7.082059372666991e-05,0.28991150856018066,AA,1
GlobalAndersonSolver,1,333,1.3077536527367501e-06,7.561122131100512e-05,0.2911512851715088,KM,1
GlobalAndersonSolver,1,334,1.3157127521046054e-06,7.607139760069072e-05,0.2923011779785156,KM,0
GlobalAndersonSolver,1,335,1.2097234012869234e-06,6.994334416760371e-05,0.2928900718688965,AA,0
GlobalAndersonSolver,1,336,1.1035586183634707e-06,6.380514766533335e-05,0.29352617263793945,AA,1
GlobalAndersonSolver,1,337,1.1975627770899106e-06,6.924024565549778e-05,0.2946462631225586,KM,1
GlobalAndersonSolver,1,338,1.110882058892301e-06,6.422857166527752e-05,0.295748233795166,KM,0
GlobalAndersonSolver,1,339,9.748380036796502e-07,5.636282635062765e-05,0.296389102935791,AA,0
GlobalAndersonSolver,1,340,1.0392473297897824e-06,6.008682115715275e-05,0.2970542907714844,AA,1
GlobalAndersonSolver,1,341,1.0749508062640296e-06,6.215111167212638e-05,0.2982172966003418,KM,1
GlobalAndersonSolver,1,342,1.0278089116140243e-06,5.9425478888044855e-05,0.2988011837005615,AA,0
GlobalAndersonSolver,1,343,8.640992682683865e-07,4.996017474008965e-05,0.29946017265319824,AA,1
GlobalAndersonSolver,1,344,9.377015255989428e-07,5.421568307406675e-05,0.30059814453125,KM,1
GlobalAndersonSolver,1,345,9.112430524164472e-07,5.268591677047709e-05,0.3017401695251465,KM,0
GlobalAndersonSolver,1,346,8.120783010757817e-07,4.695244552826051e-05,0.30231738090515137,AA,0
GlobalAndersonSolver,1,347,8.044530322945092e-07,4.6511570533057764e-05,0.30294322967529297,AA,1
GlobalAndersonSolver,1,348,8.580655395729816e-07,4.961131882616114e-05,0.3041074275970459,KM,1
GlobalAndersonSolver,1,349,7.600426600277425e-07,4.394386790883686e-05,0.3052394390106201,KM,0
GlobalAndersonSolver,1,350,6.760044945030819e-07,3.908498006038129e-05,0.3058643341064453,AA,0
GlobalAndersonSolver,1,351,7.468778911865596e-07,4.318271212978336e-05,0.30652737617492676,AA,1
GlobalAndersonSolver,1,352,7.489809986202774e-07,4.330430882445049e-05,0.3076763153076172,KM,1
GlobalAndersonSolver,1,353,6.86099716964848e-07,3.9668661932072516e-05,0.3082153797149658,AA,0
GlobalAndersonSolver,1,354,6.313904058333549e-07,3.650549903585029e-05,0.30882740020751953,AA,1
GlobalAndersonSolver,1,355,6.844149296810212e-07,3.9571251518488265e-05,0.3100144863128662,KM,1
GlobalAndersonSolver,1,356,6.318092569996788e-07,3.652971601904664e-05,0.3112335205078125,KM,0
GlobalAndersonSolver,1,357,5.544757881227707e-07,3.2058477863631854e-05,0.3117845058441162,AA,0
GlobalAndersonSolver,1,358,5.942916975947398e-07,3.4360539522174213e-05,0.3124265670776367,AA,1
GlobalAndersonSolver,1,359,6.126930540930352e-07,3.5424462406812024e-05,0.31369447708129883,KM,1
GlobalAndersonSolver,1,360,5.826485254973823e-07,3.368735886588387e-05,0.31426143646240234,AA,0
GlobalAndersonSolver,1,361,4.948733002618038e-07,2.8612403068955484e-05,0.31491732597351074,AA,1
GlobalAndersonSolver,1,362,5.376927984535693e-07,3.108812511907427e-05,0.31610631942749023,KM,1
GlobalAndersonSolver,1,363,5.193532462356987e-07,3.002777561166649e-05,0.31723928451538086,KM,0
GlobalAndersonSolver,1,364,4.6112980566258203e-07,2.6661434067562026e-05,0.3178281784057617,AA,0
GlobalAndersonSolver,1,365,4.622924239505232e-07,2.6728653905553517e-05,0.31844401359558105,AA,1
GlobalAndersonSolver,1,366,4.912371766646849e-07,2.840217100771018e-05,0.31960296630859375,KM,1
GlobalAndersonSolver,1,367,4.3207145436235933e-07,2.4981348963998296e-05,0.32076287269592285,KM,0
GlobalAndersonSolver,1,368,3.8604634384997116e-07,2.2320285995806247e-05,0.3213627338409424,AA,0
GlobalAndersonSolver,1,369,4.2763542468576074e-07,2.4724868226271e-05,0.32202863693237305,AA,1
GlobalAndersonSolver,1,370,4.268673249661343e-07,2.4680458518243763e-05,0.3232154846191406,KM,1
GlobalAndersonSolver,1,371,3.8909538210633555e-07,2.2496574172027533e-05,0.3237905502319336,AA,0
GlobalAndersonSolver,1,372,3.624058359087359e-07,2.095344777355497e-05,0.3244006633758545,AA,1
GlobalAndersonSolver,1,373,3.9213069678629914e-07,2.2672068883539127e-05,0.3255627155303955,KM,1
GlobalAndersonSolver,1,374,3.5959401634480166e-07,2.079087502073541e-05,0.3267056941986084,KM,0
GlobalAndersonSolver,1,375,3.1577289366899434e-07,1.8257241413363524e-05,0.3272867202758789,AA,0
GlobalAndersonSolver,1,376,3.4073035942986047e-07,1.9700223020073323e-05,0.3279399871826172,AA,1
GlobalAndersonSolver,1,377,3.497005756684968e-07,2.0218859694348884e-05,0.3292579650878906,KM,1
GlobalAndersonSolver,1,378,3.3020600325476014e-07,1.9091729652651972e-05,0.3298609256744385,AA,0
GlobalAndersonSolver,1,379,2.8437061506351583e-07,1.644163598007736e-05,0.33046984672546387,AA,1
GlobalAndersonSolver,1,380,3.0929121566269587e-07,1.7882486130382442e-05,0.331618070602417,KM,1
GlobalAndersonSolver,1,381,2.96340832388909e-07,1.713372561747738e-05,0.3327162265777588,KM,0
GlobalAndersonSolver,1,382,2.620385446006114e-07,1.5150448516314614e-05,0.3332982063293457,AA,0
GlobalAndersonSolver,1,383,2.665998349962752e-07,1.5414171532380027e-05,0.3339390754699707,AA,1
GlobalAndersonSolver,1,384,2.818222499606146e-07,1.629429554071137e-05,0.3350811004638672,KM,1
GlobalAndersonSolver,1,385,2.4567358820115084e-07,1.4204265466108565e-05,0.33622312545776367,KM,0
GlobalAndersonSolver,1,386,2.209831069511502e-07,1.2776720271979544e-05,0.3368241786956787,AA,0
GlobalAndersonSolver,1,387,2.3385743073727293e-07,1.3521083205307947e-05,0.3379812240600586,KM,1
GlobalAndersonSolver,1,388,2.3781200951173042e-07,1.3749727591260582e-05,0.33913326263427734,KM,0
GlobalAndersonSolver,1,389,2.2160834707073778e-07,1.2812870176019743e-05,0.3397243022918701,AA,0
GlobalAndersonSolver,1,390,1.961606336631868e-07,1.1341543610583879e-05,0.3403604030609131,AA,1
GlobalAndersonSolver,1,391,2.1337128374296855e-07,1.233662266799302e-05,0.3414931297302246,KM,1
GlobalAndersonSolver,1,392,2.0127023738212e-07,1.1636968805379006e-05,0.3426635265350342,KM,0
GlobalAndersonSolver,1,393,1.7700738265777019e-07,1.0234147964955115e-05,0.34326672554016113,AA,0
GlobalAndersonSolver,1,394,1.8463811814181618e-07,1.0675339031974895e-05,0.3438758850097656,AA,1
GlobalAndersonSolver,1,395,1.931631495491852e-07,1.1168236172867533e-05,0.3450489044189453,KM,1
GlobalAndersonSolver,1,396,1.8859067503231768e-07,1.0903866517382123e-05,0.34575581550598145,AA,0
GlobalAndersonSolver,1,397,1.529804997295559e-07,8.844970455340068e-06,0.3463859558105469,AA,1
GlobalAndersonSolver,1,398,1.6460024453162844e-07,9.516796600859361e-06,0.3476407527923584,KM,1
GlobalAndersonSolver,1,399,1.6357551852391892e-07,9.457549368179169e-06,0.3488495349884033,KM,0
GlobalAndersonSolver,1,400,1.484365662852778e-07,8.582250977127339e-06,0.3493974208831787,AA,0
GlobalAndersonSolver,1,401,1.3981377584998445e-07,8.083701640593674e-06,0.3500175476074219,AA,1
GlobalAndersonSolver,1,402,1.5098239207015573e-07,8.729444599134691e-06,0.3512105941772461,KM,1
GlobalAndersonSolver,1,403,1.3759836183085316e-07,7.955611644939303e-06,0.3523545265197754,KM,0
GlobalAndersonSolver,1,404,1.2096372604583955e-07,6.993836370875651e-06,0.3529634475708008,AA,0
GlobalAndersonSolver,1,405,1.3125899611817572e-07,7.589084521983416e-06,0.3536243438720703,AA,1
GlobalAndersonSolver,1,406,1.3415089937188052e-07,7.75628752422187e-06,0.35477638244628906,KM,1
GlobalAndersonSolver,1,407,1.258880280389376e-07,7.278547858412447e-06,0.3553783893585205,AA,0
GlobalAndersonSolver,1,408,1.0979361411107668e-07,6.348006933656659e-06,0.35610151290893555,AA,1
GlobalAndersonSolver,1,409,1.194557446876488e-07,6.9066484574881264e-06,0.35735249519348145,KM,1
GlobalAndersonSolver,1,410,1.1362777678776496e-07,6.569689145809373e-06,0.35842370986938477,KM,0
GlobalAndersonSolver,1,411,1.0018068999917834e-07,5.792210411162101e-06,0.35898256301879883,AA,0
GlobalAndersonSolver,1,412,1.0317100464347528e-07,5.965103327107172e-06,0.35961270332336426,AA,1
GlobalAndersonSolver,1,413,1.0854195522023648e-07,6.275638978726346e-06,0.3608088493347168,KM,1
GlobalAndersonSolver,1,414,1.0722286274337336e-07,6.199372173438473e-06,0.36144375801086426,AA,0
GlobalAndersonSolver,1,415,8.546518747828341e-08,4.941394880667064e-06,0.3620939254760742,AA,1
GlobalAndersonSolver,1,416,9.12741085600167e-08,5.277252950395976e-06,0.3632187843322754,KM,1
GlobalAndersonSolver,1,417,9.179165710843775e-08,5.307176382650942e-06,0.3643379211425781,KM,0
GlobalAndersonSolver,1,418,8.43566723476462e-08,4.877303159191995e-06,0.3649468421936035,AA,0
GlobalAndersonSolver,1,419,7.704058070731922e-08,4.454304054589446e-06,0.3655977249145508,AA,1
GlobalAndersonSolver,1,420,8.359206356881348e-08,4.833095289099893e-06,0.36676764488220215,KM,1
GlobalAndersonSolver,1,421,7.74924983162666e-08,4.480432861244241e-06,0.36788153648376465,KM,0
GlobalAndersonSolver,1,422,6.800165366798044e-08,3.931694684426173e-06,0.368471622467041,AA,0
GlobalAndersonSolver,1,423,7.254697990278997e-08,4.194494690491294e-06,0.3691086769104004,AA,1
GlobalAndersonSolver,1,424,7.500737461857657e-08,4.336748890262369e-06,0.3703005313873291,KM,1
GlobalAndersonSolver,1,425,7.166644320269449e-08,4.14358414234329e-06,0.37091851234436035,AA,0
GlobalAndersonSolver,1,426,6.033159924509465e-08,3.4882302894136875e-06,0.37154555320739746,AA,1
GlobalAndersonSolver,1,427,6.548291554545109e-08,3.7860672069509727e-06,0.37273263931274414,KM,1
GlobalAndersonSolver,1,428,6.358418146249347e-08,3.6762868957610047e-06,0.3738677501678467,KM,0
GlobalAndersonSolver,1,429,5.663552075519979e-08,3.274531778155511e-06,0.37447261810302734,AA,0
GlobalAndersonSolver,1,430,5.6194477603806216e-08,3.2490317069013144e-06,0.37508273124694824,AA,1
GlobalAndersonSolver,1,431,5.991021420424081e-08,3.463866803588609e-06,0.37621569633483887,KM,1
GlobalAndersonSolver,1,432,5.301646925005734e-08,3.0652867848659866e-06,0.3773350715637207,KM,0
GlobalAndersonSolver,1,433,4.7181537617339635e-08,2.7279248466349387e-06,0.3780210018157959,AA,0
GlobalAndersonSolver,1,434,5.214830465619862e-08,3.0150915626211405e-06,0.37868309020996094,AA,1
GlobalAndersonSolver,1,435,5.2262681778912616e-08,3.021704577175025e-06,0.37981319427490234,KM,1
GlobalAndersonSolver,1,436,4.784200518184418e-08,2.7661115181720334e-06,0.380403995513916,AA,0
GlobalAndersonSolver,1,437,4.409936586380475e-08,2.5497209700199853e-06,0.3810429573059082,AA,1
GlobalAndersonSolver,1,438,4.779192417239537e-08,2.763215952725905e-06,0.38226795196533203,KM,1
GlobalAndersonSolver,1,439,4.4078874078979655e-08,2.548536183516636e-06,0.3833301067352295,KM,0
GlobalAndersonSolver,1,440,3.868549289619879e-08,2.236703647340999e-06,0.38391542434692383,AA,0
GlobalAndersonSolver,1,441,4.150297007503759e-08,2.3996035100651983e-06,0.3845560550689697,AA,1
GlobalAndersonSolver,1,442,4.276184203118672e-08,2.4723885073614516e-06,0.38576722145080566,KM,1
GlobalAndersonSolver,1,443,4.062459742687562e-08,2.3488180822786108e-06,0.3863391876220703,AA,0
GlobalAndersonSolver,1,444,3.4570249872642923e-08,1.998770034728648e-06,0.38699913024902344,AA,1
GlobalAndersonSolver,1,445,3.7568445345455686e-08,2.1721186015279742e-06,0.3881850242614746,KM,1
GlobalAndersonSolver,1,446,3.624680075787214e-08,2.0957042392379937e-06,0.38930702209472656,KM,0
GlobalAndersonSolver,1,447,3.216318670762545e-08,1.8595993390102082e-06,0.38990306854248047,AA,0
GlobalAndersonSolver,1,448,3.231238980189286e-08,1.8682259088212206e-06,0.390545129776001,AA,1
GlobalAndersonSolver,1,449,3.4311120400781825e-08,1.9837877819136085e-06,0.3916642665863037,KM,1
GlobalAndersonSolver,1,450,3.014047468850944e-08,1.7426509169539957e-06,0.3928532600402832,KM,0
GlobalAndersonSolver,1,451,2.695358860542368e-08,1.5583927056181753e-06,0.39344215393066406,AA,0
GlobalAndersonSolver,1,452,2.9869075041337155e-08,1.7269592316406893e-06,0.39415931701660156,AA,1
GlobalAndersonSolver,1,453,2.979090251805956e-08,1.7224394813455075e-06,0.39534425735473633,KM,1
GlobalAndersonSolver,1,454,2.7131763730659694e-08,1.5686943696954601e-06,0.395949125289917,AA,0
GlobalAndersonSolver,1,455,2.532361002011267e-08,1.4641512012735042e-06,0.39661598205566406,AA,1
GlobalAndersonSolver,1,456,2.7391310250975716e-08,1.583700735265189e-06,0.397763729095459,KM,1
GlobalAndersonSolver,1,457,2.5089428401288484e-08,1.4506113742802246e-06,0.3988804817199707,KM,0
GlobalAndersonSolver,1,458,2.203566317700983e-08,1.2740498959608334e-06,0.3995225429534912,AA,0
GlobalAndersonSolver,1,459,2.380320711962538e-08,1.3762451037068398e-06,0.40015745162963867,AA,1
GlobalAndersonSolver,1,460,2.4410770806050276e-08,1.4113729982140863e-06,0.40129637718200684,KM,1
GlobalAndersonSolver,1,461,2.302233036971752e-08,1.3310966580264613e-06,0.40186548233032227,AA,0
GlobalAndersonSolver,1,462,1.987403197225395e-08,1.1490694953528662e-06,0.4025075435638428,AA,1
GlobalAndersonSolver,1,463,2.1618003753099177e-08,1.2499018164904775e-06,0.40374040603637695,KM,1
GlobalAndersonSolver,1,464,2.068448683363963e-08,1.1959280774402284e-06,0.4049234390258789,KM,0
GlobalAndersonSolver,1,465,1.8279320618146113e-08,1.0568670588540001e-06,0.40556931495666504,AA,0
GlobalAndersonSolver,1,466,1.8641339124846082e-08,1.0777981121693458e-06,0.40617823600769043,AA,1
GlobalAndersonSolver,1,467,1.968839971802556e-08,1.138336677725058e-06,0.40735316276550293,KM,1
GlobalAndersonSolver,1,468,1.9621178165541206e-08,1.1344500866449051e-06,0.4079132080078125,AA,0
GlobalAndersonSolver,1,469,1.5454562979064566e-08,8.935462571482822e-07,0.40854406356811523,AA,1
GlobalAndersonSolver,1,470,1.639211656246708e-08,9.477533865546669e-07,0.40974998474121094,KM,1
GlobalAndersonSolver,1,471,1.6627550879933216e-08,9.613656416188253e-07,0.41095995903015137,KM,0
GlobalAndersonSolver,1,472,1.5443242709182126e-08,8.928917459338877e-07,0.4115447998046875,AA,0
GlobalAndersonSolver,1,473,1.3769572362404616e-08,7.961240873408247e-07,0.4121828079223633,AA,1
GlobalAndersonSolver,1,474,1.497256925490254e-08,8.656785206890008e-07,0.41332197189331055,KM,1
GlobalAndersonSolver,1,475,1.4066359430361317e-08,8.132836132427842e-07,0.4145069122314453,KM,0
GlobalAndersonSolver,1,476,1.2359877953392466e-08,7.146188927518859e-07,0.4151332378387451,AA,0
GlobalAndersonSolver,1,477,1.2967239898607847e-08,7.49735123059833e-07,0.41573190689086914,AA,1
GlobalAndersonSolver,1,478,1.3528463411100818e-08,7.821837383775895e-07,0.4168848991394043,KM,1
GlobalAndersonSolver,1,479,1.3136711008203945e-08,7.595335415514781e-07,0.417539119720459,AA,0
GlobalAndersonSolver,1,480,1.0749586189791269e-08,6.215156338482396e-07,0.4181811809539795,AA,1
GlobalAndersonSolver,1,481,1.1598461491641953e-08,6.70595594878636e-07,0.4193460941314697,KM,1
GlobalAndersonSolver,1,482,1.1461259430828938e-08,6.626628964206742e-07,0.42053890228271484,KM,0
GlobalAndersonSolver,1,483,1.0345876443796569e-08,5.981740917420984e-07,0.4211559295654297,AA,0
GlobalAndersonSolver,1,484,9.879374402211886e-09,5.712020477072915e-07,0.4217667579650879,AA,1
GlobalAndersonSolver,1,485,1.0638949689520984e-08,6.151188932316064e-07,0.42301464080810547,KM,1
GlobalAndersonSolver,1,486,9.622503012864712e-09,5.563503518792973e-07,0.42415285110473633,KM,0
GlobalAndersonSolver,1,487,8.477057140236393e-09,4.901233823014792e-07,0.42471885681152344,AA,0
GlobalAndersonSolver,1,488,9.253764224919032e-09,5.350307478063388e-07,0.42533063888549805,AA,1
GlobalAndersonSolver,1,489,9.409574920805242e-09,5.440393535056e-07,0.42656850814819336,KM,1
GlobalAndersonSolver,1,490,8.767410452277345e-09,5.069109236623223e-07,0.4272005558013916,AA,0
GlobalAndersonSolver,1,491,7.762381141130781e-09,4.488025073637926e-07,0.4278233051300049,AA,1
GlobalAndersonSolver,1,492,8.443334639090622e-09,4.881736270918818e-07,0.4289724826812744,KM,1
GlobalAndersonSolver,1,493,7.963136117891075e-09,4.604096850194178e-07,0.430208683013916,KM,0
GlobalAndersonSolver,1,494,7.002984034849139e-09,4.0489596384480726e-07,0.4307565689086914,AA,0
GlobalAndersonSolver,1,495,7.3063401141856225e-09,4.224352944387222e-07,0.43137574195861816,AA,1
GlobalAndersonSolver,1,496,7.642832712717802e-09,4.418905001526483e-07,0.43256664276123047,KM,1
GlobalAndersonSolver,1,497,7.460346737912452e-09,4.3133959295519064e-07,0.4331624507904053,AA,0
GlobalAndersonSolver,1,498,6.0535729648498974e-09,3.5000326262496877e-07,0.4338102340698242,AA,1
GlobalAndersonSolver,1,499,6.514188463673521e-09,3.7663496068824524e-07,0.43495941162109375,KM,1
GlobalAndersonSolver,1,500,6.4721205770859145e-09,3.7420269504233766e-07,0.43610048294067383,KM,0
GlobalAndersonSolver eta=1e-10,1,0,1.0,57.81763343025095,0.0,initial,0
GlobalAndersonSolver eta=1e-10,1,1,0.26526225887283933,15.336836046390157,0.0006291866302490234,AA,0
GlobalAndersonSolver eta=1e-10,1,2,0.27808449168729354,16.078187203013606,0.0013248920440673828,AA,1
GlobalAndersonSolver eta=1e-10,1,3,0.3517234924077294,20.33581995283775,0.002488851547241211,KM,1
GlobalAndersonSolver eta=1e-10,1,4,0.17937472459762496,10.371022073437699,0.0030460357666015625,AA,0
GlobalAndersonSolver eta=1e-10,1,5,0.14081155773056928,8.141391027608673,0.003715991973876953,AA,1
GlobalAndersonSolver eta=1e-10,1,6,0.12389630107503591,7.163390918920433,0.004971981048583984,KM,1
GlobalAndersonSolver eta=1e-10,1,7,0.10844697179064572,6.27014726161232,0.006125211715698242,KM,0
GlobalAndersonSolver eta=1e-10,1,8,0.11752013829822745,6.794736276799311,0.007250547409057617,KM,0
GlobalAndersonSolver eta=1e-10,1,9,0.15571583572224365,9.00312110907386,0.008536815643310547,KM,0
GlobalAndersonSolver eta=1e-10,1,10,0.16923821091385963,9.784952841009032,0.00970768928527832,KM,0
GlobalAndersonSolver eta=1e-10,1,11,0.14796548462195513,8.555014150201636,0.010785818099975586,KM,0
GlobalAndersonSolver eta=1e-10,1,12,0.10960330225328621,6.3370035524255,0.011937856674194336,KM,0
GlobalAndersonSolver eta=1e-10,1,13,0.08816988398078558,5.097774031588816,0.01254582405090332,AA,0
GlobalAndersonSolver eta=1e-10,1,14,0.08885022137859366,5.1371095298641745,0.013232946395874023,AA,1
GlobalAndersonSolver eta=1e-10,1,15,0.044681895488961995,2.583401454349588,0.013844966888427734,AA,1
GlobalAndersonSolver eta=1e-10,1,16,0.05260463385825868,3.041475437149368,0.015054941177368164,KM,1
GlobalAndersonSolver eta=1e-10,1,17,0.06495294642813786,3.755425646796802,0.01625204086303711,KM,0
GlobalAndersonSolver eta=1e-10,1,18,0.06780776913598907,3.9204847396277,0.017395973205566406,KM,0
GlobalAndersonSolver eta=1e-10,1,19,0.06549127947984926,3.7865507898440405,0.018486976623535156,KM,0
GlobalAndersonSolver eta=1e-10,1,20,0.051301921062604,2.9661556662653084,0.01906895637512207,AA,0
GlobalAndersonSolver eta=1e-10,1,21,0.059901170941725125,3.4633439435514632,0.01970982551574707,AA,1
GlobalAndersonSolver eta=1e-10,1,22,0.05703153114102402,3.2974281614776686,0.020377635955810547,AA,1
GlobalAndersonSolver eta=1e-10,1,23,0.03857880153833465,2.2305350055218343,0.021021604537963867,AA,1
GlobalAndersonSolver eta=1e-10,1,24,0.05069452324180812,2.931037361716199,0.021749496459960938,AA,1
GlobalAndersonSolver eta=1e-10,1,25,0.047498165651601545,2.746231530253635,0.022380590438842773,AA,1
GlobalAndersonSolver eta=1e-10,1,26,0.04613874706329771,2.6676331646368143,0.023584604263305664,KM,1
GlobalAndersonSolver eta=1e-10,1,27,0.04009113342036009,2.3179744559016626,0.024807453155517578,KM,0
GlobalAndersonSolver eta=1e-10,1,28,0.033267641244866704,1.9234562865848006,0.02596449851989746,KM,0
GlobalAndersonSolver eta=1e-10,1,29,0.02938708626401906,1.699091781196217,0.02712559700012207,KM,0
GlobalAndersonSolver eta=1e-10,1,30,0.025649482427862663,1.4829923726898266,0.028237581253051758,KM,0
GlobalAndersonSolver eta=1e-10,1,31,0.023486917439809785,1.3579579829414903,0.02882075309753418,AA,0
GlobalAndersonSolver eta=1e-10,1,32,0.01972916674612196,1.1406937308115763,0.02943873405456543,AA,1
GlobalAndersonSolver eta=1e-10,1,33,0.02419804055779046,1.399073438700674,0.030672550201416016,KM,1
GlobalAndersonSolver eta=1e-10,1,34,0.028508969178499877,1.6483211294368285,0.03187131881713867,KM,0
GlobalAndersonSolver eta=1e-10,1,35,0.026862559023037705,1.553129590592474,0.032488107681274414,AA,0
GlobalAndersonSolver eta=1e-10,1,36,0.0148966105121645,0.8612867659455499,0.033095359802246094,AA,1
GlobalAndersonSolver eta=1e-10,1,37,0.02548796093557725,1.4736535822577617,0.0337061882019043,AA,1
GlobalAndersonSolver eta=1e-10,1,38,0.024670412507075398,1.4263848669071637,0.03487133979797363,KM,1
GlobalAndersonSolver eta=1e-10,1,39,0.022753561033961055,1.3155570510944021,0.03545832633972168,AA,0
GlobalAndersonSolver eta=1e-10,1,40,0.023676042091470804,1.368892722723851,0.03608846664428711,AA,1
GlobalAndersonSolver eta=1e-10,1,41,0.023572007759101652,1.3628777038307704,0.037392377853393555,KM,1
GlobalAndersonSolver eta=1e-10,1,42,0.019825767934911667,1.1462789829339461,0.0386204719543457,KM,0
GlobalAndersonSolver eta=1e-10,1,43,0.01525932549339585,0.8822580877700444,0.03976726531982422,KM,0
GlobalAndersonSolver eta=1e-10,1,44,0.013586488016456092,0.7855385837399557,0.0409083366394043,KM,0
GlobalAndersonSolver eta=1e-10,1,45,0.013151072552504865,0.7603638920553609,0.04203534126281738,KM,0
GlobalAndersonSolver eta=1e-10,1,46,0.012857474883169595,0.7433887696337583,0.042586565017700195,AA,0
GlobalAndersonSolver eta=1e-10,1,47,0.010368894832753836,0.5995049605169845,0.043218374252319336,AA,1
GlobalAndersonSolver eta=1e-10,1,48,0.011018249240226919,0.637049095614581,0.044466257095336914,KM,1
GlobalAndersonSolver eta=1e-10,1,49,0.012177094493540883,0.7040507856730741,0.04564523696899414,KM,0
GlobalAndersonSolver eta=1e-10,1,50,0.011853365520411347,0.6853335425739191,0.04622817039489746,AA,0
GlobalAndersonSolver eta=1e-10,1,51,0.008176440600255212,0.4727424453897769,0.04685044288635254,AA,1
GlobalAndersonSolver eta=1e-10,1,52,0.008787456893283144,0.5080699614399767,0.04799032211303711,KM,1
GlobalAndersonSolver eta=1e-10,1,53,0.008884560976355252,0.5136842897196204,0.04914116859436035,KM,0
GlobalAndersonSolver eta=1e-10,1,54,0.008460341723222716,0.4891569364479486,0.04973196983337402,AA,0
GlobalAndersonSolver eta=1e-10,1,55,0.00785636429556685,0.4542363909355958,0.05035400390625,AA,1
GlobalAndersonSolver eta=1e-10,1,56,0.008545772753128757,0.494096356418625,0.05154585838317871,KM,1
GlobalAndersonSolver eta=1e-10,1,57,0.008115641972754429,0.4692272126318742,0.052722930908203125,KM,0
GlobalAndersonSolver eta=1e-10,1,58,0.007136138322909003,0.4125946296615185,0.05336904525756836,AA,0
GlobalAndersonSolver eta=1e-10,1,59,0.007510144856655397,0.4342188023301863,0.05398297309875488,AA,1
GlobalAndersonSolver eta=1e-10,1,60,0.007731622802902603,0.44702413303919214,0.05513167381286621,KM,1
GlobalAndersonSolver eta=1e-10,1,61,0.007171536408183157,0.4146412631800323,0.055681705474853516,AA,0
GlobalAndersonSolver eta=1e-10,1,62,0.006190036515627033,0.35789326218039164,0.056334733963012695,AA,1
GlobalAndersonSolver eta=1e-10,1,63,0.006759671661452416,0.39082821823071123,0.057544708251953125,KM,1
GlobalAndersonSolver eta=1e-10,1,64,0.006695321222647986,0.38710762814884087,0.0586855411529541,KM,0
GlobalAndersonSolver eta=1e-10,1,65,0.006041533127225538,0.34930714770664384,0.05927848815917969,AA,0
GlobalAndersonSolver eta=1e-10,1,66,0.005887091973680247,0.3403777257044171,0.059920549392700195,AA,1
GlobalAndersonSolver eta=1e-10,1,67,0.006254494613611635,0.36162007686127656,0.06105971336364746,KM,1
GlobalAndersonSolver eta=1e-10,1,68,0.0054881713879202584,0.3173130815091651,0.06215167045593262,KM,0
GlobalAndersonSolver eta=1e-10,1,69,0.00494301022721113,0.2857931533588746,0.06278562545776367,AA,0
GlobalAndersonSolver eta=1e-10,1,70,0.005385795080387276,0.3113939256882805,0.06343770027160645,AA,1
GlobalAndersonSolver eta=1e-10,1,71,0.0054697633926747416,0.316248774787874,0.06457066535949707,KM,1
GlobalAndersonSolver eta=1e-10,1,72,0.005145484591895021,0.29749974195519074,0.0651555061340332,AA,0
GlobalAndersonSolver eta=1e-10,1,73,0.004528717145572567,0.2618397078320071,0.06579732894897461,AA,1
GlobalAndersonSolver eta=1e-10,1,74,0.004905206761146987,0.28360744641558505,0.06693553924560547,KM,1
GlobalAndersonSolver eta=1e-10,1,75,0.004540732583075949,0.26253441199308175,0.06803655624389648,KM,0
GlobalAndersonSolver eta=1e-10,1,76,0.003996325197473153,0.23105806533557796,0.06867051124572754,AA,0
GlobalAndersonSolver eta=1e-10,1,77,0.004212636526852053,0.2435646744844175,0.06936955451965332,AA,1
GlobalAndersonSolver eta=1e-10,1,78,0.004409664681780875,0.2549563761215308,0.07053971290588379,KM,1
GlobalAndersonSolver eta=1e-10,1,79,0.004349606347527371,0.2514839453672303,0.07109975814819336,AA,0
GlobalAndersonSolver eta=1e-10,1,80,0.0034818614074745464,0.20131298651230095,0.071746826171875,AA,1
GlobalAndersonSolver eta=1e-10,1,81,0.003744987902089704,0.21652633772374705,0.07295584678649902,KM,1
GlobalAndersonSolver eta=1e-10,1,82,0.0036722788739565774,0.21232247378807612,0.07411360740661621,KM,0
GlobalAndersonSolver eta=1e-10,1,83,0.003303019689770478,0.19097278163605072,0.07468342781066895,AA,0
GlobalAndersonSolver eta=1e-10,1,84,0.003171881614065166,0.18339068844617248,0.07529449462890625,AA,1
GlobalAndersonSolver eta=1e-10,1,85,0.003429861092533542,0.19830645136478436,0.0764913558959961,KM,1
GlobalAndersonSolver eta=1e-10,1,86,0.0031285004363305986,0.1808824914141427,0.07761240005493164,KM,0
GlobalAndersonSolver eta=1e-10,1,87,0.0027376753450046487,0.15828590954851457,0.07816720008850098,AA,0
GlobalAndersonSolver eta=1e-10,1,88,0.003000555723794644,0.17348503092540005,0.0787973403930664,AA,1
GlobalAndersonSolver eta=1e-10,1,89,0.0030393902819572994,0.17573035317367422,0.0800163745880127,KM,1
GlobalAndersonSolver eta=1e-10,1,90,0.0027965346504620495,0.16168901529540974,0.08060622215270996,AA,0
GlobalAndersonSolver eta=1e-10,1,91,0.00252089635754751,0.14575226151633677,0.08126115798950195,AA,1
GlobalAndersonSolver eta=1e-10,1,92,0.002747934246815856,0.1588790549728319,0.08242321014404297,KM,1
GlobalAndersonSolver eta=1e-10,1,93,0.002598346947877044,0.1502302713569663,0.0835120677947998,KM,0
GlobalAndersonSolver eta=1e-10,1,94,0.0022848470095432546,0.132104446841977,0.08411598205566406,AA,0
GlobalAndersonSolver eta=1e-10,1,95,0.0023941463003739837,0.13842387317341448,0.0847628116607666,AA,1
GlobalAndersonSolver eta=1e-10,1,96,0.0024910678851133797,0.14402764983135588,0.08597898483276367,KM,1
GlobalAndersonSolver eta=1e-10,1,97,0.0023918019000082704,0.13828832549245593,0.08657288551330566,AA,0
GlobalAndersonSolver eta=1e-10,1,98,0.001987246118820781,0.11489786763366884,0.08720016479492188,AA,1
GlobalAndersonSolver eta=1e-10,1,99,0.0021507755760858797,0.1243527538488702,0.08841133117675781,KM,1
GlobalAndersonSolver eta=1e-10,1,100,0.002130749446202051,0.1231948904122204,0.08954834938049316,KM,0
GlobalAndersonSolver eta=1e-10,1,101,0.001924531227960491,0.1112718410632904,0.09012937545776367,AA,0
GlobalAndersonSolver eta=1e-10,1,102,0.0018404478404762709,0.106410338588154,0.09075045585632324,AA,1
GlobalAndersonSolver eta=1e-10,1,103,0.001975828202315994,0.11423771072265784,0.09193658828735352,KM,1
GlobalAndersonSolver eta=1e-10,1,104,0.0017739816011204668,0.1025674179255928,0.09308147430419922,KM,0
GlobalAndersonSolver eta=1e-10,1,105,0.0015707974758138981,0.09081979264977144,0.0936434268951416,AA,0
GlobalAndersonSolver eta=1e-10,1,106,0.0017132842826924875,0.09905804261852469,0.09425139427185059,AA,1
GlobalAndersonSolver eta=1e-10,1,107,0.0017434316361094053,0.10080109124727626,0.0954427719116211,KM,1
GlobalAndersonSolver eta=1e-10,1,108,0.0016326292740184492,0.09439476089269543,0.0960237979888916,AA,0
GlobalAndersonSolver eta=1e-10,1,109,0.0014370106673835383,0.0830845560021417,0.09664177894592285,AA,1
GlobalAndersonSolver eta=1e-10,1,110,0.0015610852393458372,0.09025825412187319,0.09780597686767578,KM,1
GlobalAndersonSolver eta=1e-10,1,111,0.001466527689077995,0.08479116034242455,0.09895706176757812,KM,0
GlobalAndersonSolver eta=1e-10,1,112,0.0012894492547316394,0.07455290433698421,0.09953784942626953,AA,0
GlobalAndersonSolver eta=1e-10,1,113,0.0013467753488582723,0.07786736343318593,0.10014677047729492,AA,1
GlobalAndersonSolver eta=1e-10,1,114,0.0014108861096397071,0.08157409589898144,0.10133767127990723,KM,1
GlobalAndersonSolver eta=1e-10,1,115,0.0013856150762982411,0.0801129845568409,0.10197186470031738,AA,0
GlobalAndersonSolver eta=1e-10,1,116,0.0011147808823260945,0.06445399240938185,0.10266757011413574,AA,1
GlobalAndersonSolver eta=1e-10,1,117,0.0011975865597843134,0.06924162071460474,0.1038048267364502,KM,1
GlobalAndersonSolver eta=1e-10,1,118,0.0011880138143857274,0.06868814723022817,0.10495257377624512,KM,0
GlobalAndersonSolver eta=1e-10,1,119,0.0010773802432785878,0.06229157597087598,0.10553765296936035,AA,0
GlobalAndersonSolver eta=1e-10,1,120,0.001015119791377358,0.05869182398564891,0.10618972778320312,AA,1
GlobalAndersonSolver eta=1e-10,1,121,0.001097854666000378,0.06347535863850044,0.10732650756835938,KM,1
GlobalAndersonSolver eta=1e-10,1,122,0.0010042467315986437,0.05806316940109799,0.10846257209777832,KM,0
GlobalAndersonSolver eta=1e-10,1,123,0.0008809592222880566,0.05093497738124982,0.10906076431274414,AA,0
GlobalAndersonSolver eta=1e-10,1,124,0.0009560544760654553,0.05527680723650313,0.10969662666320801,AA,1
GlobalAndersonSolver eta=1e-10,1,125,0.0009765698782480433,0.05646295923957017,0.1108548641204834,KM,1
GlobalAndersonSolver eta=1e-10,1,126,0.0009135227623208638,0.05281772420205797,0.11144781112670898,AA,0
GlobalAndersonSolver eta=1e-10,1,127,0.0007999981777141508,0.046254001383945524,0.11210393905639648,AA,1
GlobalAndersonSolver eta=1e-10,1,128,0.0008710335508911475,0.0503610985508742,0.11328721046447754,KM,1
GlobalAndersonSolver eta=1e-10,1,129,0.0008301119715238439,0.047995109675628526,0.11446022987365723,KM,0
GlobalAndersonSolver eta=1e-10,1,130,0.0007321419865868002,0.04233071699937132,0.11503839492797852,AA,0
GlobalAndersonSolver eta=1e-10,1,131,0.0007536395375053206,0.043573654518026486,0.11566734313964844,AA,1
GlobalAndersonSolver eta=1e-10,1,132,0.0007921144189270447,0.0457981811083401,0.1168363094329834,KM,1
GlobalAndersonSolver eta=1e-10,1,133,0.0007794459464867887,0.04506572001266815,0.11742019653320312,AA,0
GlobalAndersonSolver eta=1e-10,1,134,0.0006246074041793265,0.0361133219326609,0.1180884838104248,AA,1
GlobalAndersonSolver eta=1e-10,1,135,0.0006679938195276202,0.038621821791121155,0.11928939819335938,KM,1
GlobalAndersonSolver eta=1e-10,1,136,0.0006721336623651298,0.038861177706759134,0.12042427062988281,KM,0
GlobalAndersonSolver eta=1e-10,1,137,0.0006175871255796632,0.03570742603800733,0.12100648880004883,AA,0
GlobalAndersonSolver eta=1e-10,1,138,0.0005645790765153525,0.032642626088354255,0.12165045738220215,AA,1
GlobalAndersonSolver eta=1e-10,1,139,0.0006120766662977934,0.035388824323215856,0.12283444404602051,KM,1
GlobalAndersonSolver eta=1e-10,1,140,0.0005657913785333007,0.03271271852203474,0.12389230728149414,KM,0
GlobalAndersonSolver eta=1e-10,1,141,0.000496903121471112,0.028729762527564214,0.12443041801452637,AA,0
GlobalAndersonSolver eta=1e-10,1,142,0.0005308090984017759,0.030690125872835886,0.12507414817810059,AA,1
GlobalAndersonSolver eta=1e-10,1,143,0.000548674004170315,0.031723032445827255,0.1262834072113037,KM,1
GlobalAndersonSolver eta=1e-10,1,144,0.0005246849349167656,0.03033604123339263,0.12688326835632324,AA,0
GlobalAndersonSolver eta=1e-10,1,145,0.00044136178935352707,0.025518494146961865,0.12753057479858398,AA,1
GlobalAndersonSolver eta=1e-10,1,146,0.0004789741023368661,0.02769314907149643,0.1287064552307129,KM,1
GlobalAndersonSolver eta=1e-10,1,147,0.0004641078992887952,0.026833620393163386,0.12978434562683105,KM,0
GlobalAndersonSolver eta=1e-10,1,148,0.00041295566625111825,0.023876119334252207,0.13033556938171387,AA,0
GlobalAndersonSolver eta=1e-10,1,149,0.00041084319216090897,0.023753981081673585,0.13097333908081055,AA,1
GlobalAndersonSolver eta=1e-10,1,150,0.0004379392220922949,0.025320609407661565,0.13216519355773926,KM,1
GlobalAndersonSolver eta=1e-10,1,151,0.0003874330857200396,0.022400464128912244,0.13332128524780273,KM,0
GlobalAndersonSolver eta=1e-10,1,152,0.0003446777831734751,0.019928453719075503,0.13391757011413574,AA,0
GlobalAndersonSolver eta=1e-10,1,153,0.00038149593155473925,0.02205719192576402,0.13457655906677246,AA,1
GlobalAndersonSolver eta=1e-10,1,154,0.000381780691144136,0.022073656051319508,0.13579154014587402,KM,1
GlobalAndersonSolver eta=1e-10,1,155,0.00034862226852480226,0.020156514527189532,0.13634657859802246,AA,0
GlobalAndersonSolver eta=1e-10,1,156,0.0003227784174084154,0.018662284216916295,0.13696670532226562,AA,1
GlobalAndersonSolver eta=1e-10,1,157,0.00034975653993916337,0.020222095416035472,0.1381375789642334,KM,1
GlobalAndersonSolver eta=1e-10,1,158,0.0003222649971107277,0.018632599470348937,0.13927531242370605,KM,0
GlobalAndersonSolver eta=1e-10,1,159,0.00028281793718722175,0.016351863819790525,0.13985633850097656,AA,0
GlobalAndersonSolver eta=1e-10,1,160,0.00030402396480093196,0.0175779461508718,0.14047622680664062,AA,1
GlobalAndersonSolver eta=1e-10,1,161,0.0003127411196527631,0.018081951414649706,0.14165830612182617,KM,1
GlobalAndersonSolver eta=1e-10,1,162,0.00029612385776221984,0.0171211806580478,0.14223814010620117,AA,0
GlobalAndersonSolver eta=1e-10,1,163,0.0002534230890491639,0.014652323265406402,0.142869234085083,AA,1
GlobalAndersonSolver eta=1e-10,1,164,0.00027556717255719,0.01593264176832232,0.14401912689208984,KM,1
GlobalAndersonSolver eta=1e-10,1,165,0.0002653599813126264,0.015342486126591674,0.1451880931854248,KM,0
GlobalAndersonSolver eta=1e-10,1,166,0.00023518968946599177,0.013598111252119266,0.14579534530639648,AA,0
GlobalAndersonSolver eta=1e-10,1,167,0.000237337903785763,0.013722315920189415,0.1464095115661621,AA,1
GlobalAndersonSolver eta=1e-10,1,168,0.00025153644431427636,0.01454324193171156,0.1475353240966797,KM,1
GlobalAndersonSolver eta=1e-10,1,169,0.00022021639010773344,0.012732390518582073,0.1486494541168213,KM,0
GlobalAndersonSolver eta=1e-10,1,170,0.00019748323097066252,0.011418013056883348,0.149247407913208,AA,0
GlobalAndersonSolver eta=1e-10,1,171,0.00021889243485512393,0.012655842559108642,0.14989829063415527,AA,1
GlobalAndersonSolver eta=1e-10,1,172,0.00021799798270292394,0.012604127452451843,0.1511690616607666,KM,1
GlobalAndersonSolver eta=1e-10,1,173,0.0001983412602227577,0.011467622277653418,0.15174221992492676,AA,0
GlobalAndersonSolver eta=1e-10,1,174,0.00018575824377727216,0.010740102045361516,0.1523430347442627,AA,1
GlobalAndersonSolver eta=1e-10,1,175,0.00020074518997807895,0.011606611807038656,0.15352892875671387,KM,1
GlobalAndersonSolver eta=1e-10,1,176,0.0001833785374403158,0.010602513056699727,0.15468978881835938,KM,0
GlobalAndersonSolver eta=1e-10,1,177,0.0001611451902850076,0.009317033540946606,0.15523481369018555,AA,0
GlobalAndersonSolver eta=1e-10,1,178,0.00017440747820829055,0.010083827642541425,0.15588998794555664,AA,1
GlobalAndersonSolver eta=1e-10,1,179,0.0001786292264262277,0.01032791913344093,0.1570301055908203,KM,1
GlobalAndersonSolver eta=1e-10,1,180,0.0001682219095189426,0.009726192699503066,0.15757393836975098,AA,0
GlobalAndersonSolver eta=1e-10,1,181,0.0001457282215960994,0.008425660896685656,0.1582019329071045,AA,1
GlobalAndersonSolver eta=1e-10,1,182,0.0001585161963433898,0.009165031332939798,0.1594069004058838,KM,1
GlobalAndersonSolver eta=1e-10,1,183,0.00015124822047229319,0.008744814168244824,0.1605226993560791,KM,0
GlobalAndersonSolver eta=1e-10,1,184,0.00013351286739997378,0.0077193980255533855,0.16106867790222168,AA,0
GlobalAndersonSolver eta=1e-10,1,185,0.000136738895688056,0.007905919346549344,0.16172361373901367,AA,1
GlobalAndersonSolver eta=1e-10,1,186,0.00014421044743896032,0.00833790678683828,0.16292548179626465,KM,1
GlobalAndersonSolver eta=1e-10,1,187,0.00014328626279605392,0.00828447261793285,0.16350841522216797,AA,0
GlobalAndersonSolver eta=1e-10,1,188,0.00011330041334195268,0.006550761766100934,0.16416621208190918,AA,1
GlobalAndersonSolver eta=1e-10,1,189,0.00012050521931380723,0.006967326596717703,0.1653292179107666,KM,1
GlobalAndersonSolver eta=1e-10,1,190,0.00012178538263450095,0.0070413426103244255,0.1664721965789795,KM,0
GlobalAndersonSolver eta=1e-10,1,191,0.0001125993236794329,0.006510226420991627,0.16710805892944336,AA,0
GlobalAndersonSolver eta=1e-10,1,192,0.00010140708780714976,0.005863117830063056,0.167769193649292,AA,1
GlobalAndersonSolver eta=1e-10,1,193,0.0001101997611256624,0.006371489392864767,0.16893911361694336,KM,1
GlobalAndersonSolver eta=1e-10,1,194,0.00010299804534643917,0.005955103229872785,0.17013311386108398,KM,0
GlobalAndersonSolver eta=1e-10,1,195,9.041782468722161e-05,0.005227744643326474,0.1706855297088623,AA,0
GlobalAndersonSolver eta=1e-10,1,196,9.554285769735238e-05,0.00552406192322415,0.17129921913146973,AA,1
GlobalAndersonSolver eta=1e-10,1,197,9.930406239434397e-05,0.005741525877650948,0.17250323295593262,KM,1
GlobalAndersonSolver eta=1e-10,1,198,9.57344340377133e-05,0.005535138413845047,0.17311549186706543,AA,0
GlobalAndersonSolver eta=1e-10,1,199,7.929756079714303e-05,0.004584797302082254,0.1737353801727295,AA,1
GlobalAndersonSolver eta=1e-10,1,200,8.581978137390644e-05,0.004961896660540801,0.17489242553710938,KM,1
GlobalAndersonSolver eta=1e-10,1,201,8.419832661167703e-05,0.0048681479834744865,0.17605066299438477,KM,0
GlobalAndersonSolver eta=1e-10,1,202,7.554626709907543e-05,0.004367906378158171,0.17663049697875977,AA,0
GlobalAndersonSolver eta=1e-10,1,203,7.335570898614902e-05,0.00424125349217733,0.17726564407348633,AA,1
GlobalAndersonSolver eta=1e-10,1,204,7.867248664069262e-05,0.004548656993637881,0.1783885955810547,KM,1
GlobalAndersonSolver eta=1e-10,1,205,7.047140567731968e-05,0.004074489900765775,0.1795196533203125,KM,0
GlobalAndersonSolver eta=1e-10,1,206,6.231681861543055e-05,0.003603010975246402,0.18010663986206055,AA,0
GlobalAndersonSolver eta=1e-10,1,207,6.844775256932979e-05,0.003957487067178027,0.18075180053710938,AA,1
GlobalAndersonSolver eta=1e-10,1,208,6.916696997083989e-05,0.003999070515255196,0.1819310188293457,KM,1
GlobalAndersonSolver eta=1e-10,1,209,6.394106338391654e-05,0.003696920963871728,0.18248605728149414,AA,0
GlobalAndersonSolver eta=1e-10,1,210,5.762067126094821e-05,0.0033314908489704993,0.1831800937652588,AA,1
GlobalAndersonSolver eta=1e-10,1,211,6.26015053446234e-05,0.0036194708881973313,0.18436503410339355,KM,1
GlobalAndersonSolver eta=1e-10,1,212,5.844836503803932e-05,0.003379346144366853,0.1854710578918457,KM,0
GlobalAndersonSolver eta=1e-10,1,213,5.131204279518878e-05,0.0029667408808895742,0.1860651969909668,AA,0
GlobalAndersonSolver eta=1e-10,1,214,5.426535817278461e-05,0.003137494586795333,0.18672537803649902,AA,1
GlobalAndersonSolver eta=1e-10,1,215,5.6387230267998185e-05,0.00326017620978227,0.1879103183746338,KM,1
GlobalAndersonSolver eta=1e-10,1,216,5.4355207635459645e-05,0.0031426894700921832,0.18849730491638184,AA,0
GlobalAndersonSolver eta=1e-10,1,217,4.5038624913235096e-05,0.002604026705435995,0.18915033340454102,AA,1
GlobalAndersonSolver eta=1e-10,1,218,4.8748970062588947e-05,0.0028185500811810454,0.19031429290771484,KM,1
GlobalAndersonSolver eta=1e-10,1,219,4.778139815488896e-05,0.002762607363304239,0.19146323204040527,KM,0
GlobalAndersonSolver eta=1e-10,1,220,4.2842951049619504e-05,0.0024770780388570857,0.192047119140625,AA,0
GlobalAndersonSolver eta=1e-10,1,221,4.167180351767959e-05,0.0024093650601626406,0.1926741600036621,AA,1
GlobalAndersonSolver eta=1e-10,1,222,4.468073212300503e-05,0.002583334191283143,0.193864107131958,KM,1
GlobalAndersonSolver eta=1e-10,1,223,3.999998162148691e-05,0.002312704274607905,0.19500017166137695,KM,0
GlobalAndersonSolver eta=1e-10,1,224,3.537551308103744e-05,0.00204532844772647,0.1956040859222412,AA,0
GlobalAndersonSolver eta=1e-10,1,225,3.888312225643149e-05,0.002248130109245988,0.19628500938415527,AA,1
GlobalAndersonSolver eta=1e-10,1,226,3.926279254000045e-05,0.0022700817465257377,0.19744372367858887,KM,1
GlobalAndersonSolver eta=1e-10,1,227,3.6254138110796896e-05,0.0020961284676197455,0.1979987621307373,AA,0
GlobalAndersonSolver eta=1e-10,1,228,3.274463318474815e-05,0.001893217198283799,0.19865918159484863,AA,1
GlobalAndersonSolver eta=1e-10,1,229,3.5572214673471366e-05,0.0020567012682929614,0.19996023178100586,KM,1
GlobalAndersonSolver eta=1e-10,1,230,3.318503977172114e-05,0.0019186804648896718,0.20107626914978027,KM,0
GlobalAndersonSolver eta=1e-10,1,231,2.9129890952903202e-05,0.001684221356978141,0.20165657997131348,AA,0
GlobalAndersonSolver eta=1e-10,1,232,3.084692042928473e-05,0.0017834959378325039,0.2023003101348877,AA,1
GlobalAndersonSolver eta=1e-10,1,233,3.202687255035916e-05,0.0018517179770340326,0.20342230796813965,KM,1
GlobalAndersonSolver eta=1e-10,1,234,3.082090255243118e-05,0.0017819916457659521,0.20403122901916504,AA,0
GlobalAndersonSolver eta=1e-10,1,235,2.5609846401961524e-05,0.0014807007114736425,0.20471620559692383,AA,1
GlobalAndersonSolver eta=1e-10,1,236,2.7735283668953606e-05,0.0016035884642555853,0.20585322380065918,KM,1
GlobalAndersonSolver eta=1e-10,1,237,2.7149250239170457e-05,0.0015697053982345105,0.20695900917053223,KM,0
GlobalAndersonSolver eta=1e-10,1,238,2.431775087413376e-05,0.0014059948058888303,0.20754194259643555,AA,0
GlobalAndersonSolver eta=1e-10,1,239,2.3726784081320517e-05,0.0013718265044925031,0.20818305015563965,AA,1
GlobalAndersonSolver eta=1e-10,1,240,2.5416461962805373e-05,0.0014695196808593976,0.20934510231018066,KM,1
GlobalAndersonSolver eta=1e-10,1,241,2.270856211285929e-05,0.0013129553199693834,0.21050333976745605,KM,0
GlobalAndersonSolver eta=1e-10,1,242,2.010381599589781e-05,0.001162355063800035,0.21108722686767578,AA,0
GlobalAndersonSolver eta=1e-10,1,243,2.21172650542426e-05,0.001278767923385898,0.21169424057006836,AA,1
GlobalAndersonSolver eta=1e-10,1,244,2.2308173675406342e-05,0.001289805808063018,0.21285629272460938,KM,1
GlobalAndersonSolver eta=1e-10,1,245,2.0573642162830043e-05,0.0011895193008956628,0.21343731880187988,AA,0
GlobalAndersonSolver eta=1e-10,1,246,1.8637789203066133e-05,0.0010775928640931666,0.21407532691955566,AA,1
GlobalAndersonSolver eta=1e-10,1,247,2.0240035898527734e-05,0.0011702309761961965,0.21525335311889648,KM,1
GlobalAndersonSolver eta=1e-10,1,248,1.88457989573969e-05,0.0010896194958189796,0.21650123596191406,KM,0
GlobalAndersonSolver eta=1e-10,1,249,1.6540654800903394e-05,0.0009563415159749529,0.21709108352661133,AA,0
GlobalAndersonSolver eta=1e-10,1,250,1.7554098426890795e-05,0.0010149364280445169,0.21770071983337402,AA,1
GlobalAndersonSolver eta=1e-10,1,251,1.820468794079013e-05,0.0010525519740727136,0.21889901161193848,KM,1
GlobalAndersonSolver eta=1e-10,1,252,1.7485758223608976e-05,0.0010109851592226197,0.21948909759521484,AA,0
GlobalAndersonSolver eta=1e-10,1,253,1.457999550600265e-05,0.0008429808355807675,0.22015023231506348,AA,1
GlobalAndersonSolver eta=1e-10,1,254,1.580067558747928e-05,0.0009135576690671921,0.22129321098327637,KM,1
GlobalAndersonSolver eta=1e-10,1,255,1.54301974116555e-05,0.0008921374977035047,0.22243261337280273,KM,0
GlobalAndersonSolver eta=1e-10,1,256,1.3797267106757599e-05,0.00079772533191777,0.2230207920074463,AA,0
GlobalAndersonSolver eta=1e-10,1,257,1.3528769933892871e-05,0.0007822014608000184,0.22366595268249512,AA,1
GlobalAndersonSolver eta=1e-10,1,258,1.44735573701048e-05,0.0008368268344564263,0.22483587265014648,KM,1
GlobalAndersonSolver eta=1e-10,1,259,1.2896613316355886e-05,0.0007456516612167576,0.22600889205932617,KM,0
GlobalAndersonSolver eta=1e-10,1,260,1.1432275175943426e-05,0.0006609870953964547,0.2266085147857666,AA,0
GlobalAndersonSolver eta=1e-10,1,261,1.2596660120942322e-05,0.0007283090773181038,0.22725367546081543,AA,1
GlobalAndersonSolver eta=1e-10,1,262,1.2681216964894138e-05,0.0007331979539257288,0.2284836769104004,KM,1
GlobalAndersonSolver eta=1e-10,1,263,1.1667784741635304e-05,0.0006746037011349453,0.2290818691253662,AA,0
GlobalAndersonSolver eta=1e-10,1,264,1.0626085205429825e-05,0.0006143750992061545,0.22975683212280273,AA,1
GlobalAndersonSolver eta=1e-10,1,265,1.1533594739547501e-05,0.0006668451527842281,0.2309706211090088,KM,1
GlobalAndersonSolver eta=1e-10,1,266,1.0709142090643574e-05,0.0006191772517493015,0.23241353034973145,KM,0
GlobalAndersonSolver eta=1e-10,1,267,9.397842913719309e-06,0.0005433610366205045,0.23309326171875,AA,0
GlobalAndersonSolver eta=1e-10,1,268,1.0007824245353881e-05,0.0005786287136522485,0.23377537727355957,AA,1
GlobalAndersonSolver eta=1e-10,1,269,1.0358171918240103e-05,0.0005988849869763256,0.2349834442138672,KM,1
GlobalAndersonSolver eta=1e-10,1,270,9.914312970061053e-06,0.0005732221130157725,0.2355363368988037,AA,0
GlobalAndersonSolver eta=1e-10,1,271,8.318931273106994e-06,0.000480980918879951,0.23620343208312988,AA,1
GlobalAndersonSolver eta=1e-10,1,272,9.024919856221706e-06,0.0005217995079844197,0.23743319511413574,KM,1
GlobalAndersonSolver eta=1e-10,1,273,8.7809321757517e-06,0.0005076927177135077,0.23854947090148926,KM,0
GlobalAndersonSolver eta=1e-10,1,274,7.831574277639514e-06,0.0004528030907663438,0.23911046981811523,AA,0
GlobalAndersonSolver eta=1e-10,1,275,7.739051758869541e-06,0.000447453657692058,0.2397785186767578,AA,1
GlobalAndersonSolver eta=1e-10,1,276,8.260780629207823e-06,0.00047761878626725564,0.2410123348236084,KM,1
GlobalAndersonSolver eta=1e-10,1,277,7.327350924387963e-06,0.0004236500897610737,0.24214744567871094,KM,0
GlobalAndersonSolver eta=1e-10,1,278,6.511839219281205e-06,0.00037649913293713225,0.24271941184997559,AA,0
GlobalAndersonSolver eta=1e-10,1,279,7.190051879229544e-06,0.00041571178389778076,0.24336552619934082,AA,1
GlobalAndersonSolver eta=1e-10,1,280,7.217101641630335e-06,0.00041727573714464507,0.2447195053100586,KM,1
GlobalAndersonSolver eta=1e-10,1,281,6.6182673560048336e-06,0.00038265255593288364,0.24532365798950195,AA,0
GlobalAndersonSolver eta=1e-10,1,282,6.075167164272138e-06,0.00035125178813138363,0.24600863456726074,AA,1
GlobalAndersonSolver eta=1e-10,1,283,6.5875333172701735e-06,0.0003808755865474919,0.24716544151306152,KM,1
GlobalAndersonSolver eta=1e-10,1,284,6.08953409077517e-06,0.0003520824498214553,0.2484114170074463,KM,0
GlobalAndersonSolver eta=1e-10,1,285,5.3439090291015984e-06,0.0003089721733292045,0.24896740913391113,AA,0
GlobalAndersonSolver eta=1e-10,1,286,5.719087023971087e-06,0.00033066407710766513,0.2495865821838379,AA,1
GlobalAndersonSolver eta=1e-10,1,287,5.901750091761796e-06,0.00034122522340243345,0.2507505416870117,KM,1
GlobalAndersonSolver eta=1e-10,1,288,5.621075752158999e-06,0.0003249972973220011,0.25133848190307617,AA,0
GlobalAndersonSolver eta=1e-10,1,289,4.7602264896772185e-06,0.00027522503022512767,0.2519824504852295,AA,1
GlobalAndersonSolver eta=1e-10,1,290,5.170486527778305e-06,0.0002989452947191371,0.2531726360321045,KM,1
GlobalAndersonSolver eta=1e-10,1,291,5.002707930543481e-06,0.0002892447332867723,0.2542867660522461,KM,0
GlobalAndersonSolver eta=1e-10,1,292,4.446274940801245e-06,0.0002570730946573571,0.2548696994781494,AA,0
GlobalAndersonSolver eta=1e-10,1,293,4.442737860118194e-06,0.00025686858902301124,0.2554895877838135,AA,1
GlobalAndersonSolver eta=1e-10,1,294,4.726070259980428e-06,0.0002732501978571592,0.2566657066345215,KM,1
GlobalAndersonSolver eta=1e-10,1,295,4.165083819284139e-06,0.00024081528946963995,0.2578854560852051,KM,0
GlobalAndersonSolver eta=1e-10,1,296,3.716388327264506e-06,0.00021487277799024272,0.25850749015808105,AA,0
GlobalAndersonSolver eta=1e-10,1,297,4.114076647943002e-06,0.00023786617553472406,0.25945448875427246,AA,1
GlobalAndersonSolver eta=1e-10,1,298,4.1119525070433405e-06,0.00023774336273483325,0.2608914375305176,KM,1
GlobalAndersonSolver eta=1e-10,1,299,3.7531071228798346e-06,0.0002169957718551301,0.2614932060241699,AA,0
GlobalAndersonSolver eta=1e-10,1,300,3.4841612269196586e-06,0.00020144595662993422,0.26215314865112305,AA,1
GlobalAndersonSolver eta=1e-10,1,301,3.77194777546333e-06,0.00021808509379978933,0.26338815689086914,KM,1
GlobalAndersonSolver eta=1e-10,1,302,3.4653272356029023e-06,0.00020035701982395348,0.2647862434387207,KM,0
GlobalAndersonSolver eta=1e-10,1,303,3.0423334740959076e-06,0.00017590052157785905,0.2653958797454834,AA,0
GlobalAndersonSolver eta=1e-10,1,304,3.2769744531614247e-06,0.00018946690769318432,0.26604771614074707,AA,1
GlobalAndersonSolver eta=1e-10,1,305,3.3673997398111363e-06,0.0001946950837695227,0.26720762252807617,KM,1
GlobalAndersonSolver eta=1e-10,1,306,3.1856868159656065e-06,0.00018418887254908277,0.2677793502807617,AA,0
GlobalAndersonSolver eta=1e-10,1,307,2.7331935673046604e-06,0.00015802678376834078,0.26839733123779297,AA,1
GlobalAndersonSolver eta=1e-10,1,308,2.972106888815506e-06,0.00017184018661305854,0.2701854705810547,KM,1
GlobalAndersonSolver eta=1e-10,1,309,2.8539046726322554e-06,0.0001650060142071321,0.27137041091918945,KM,0
GlobalAndersonSolver eta=1e-10,1,310,2.526149548278113e-06,0.00014605598857233797,0.2719542980194092,AA,0
GlobalAndersonSolver eta=1e-10,1,311,2.5602094185826927e-06,0.00014802524966829004,0.272625207901001,AA,1
GlobalAndersonSolver eta=1e-10,1,312,2.710239320147918e-06,0.00015669962352056488,0.2737910747528076,KM,1
GlobalAndersonSolver eta=1e-10,1,313,2.3682066315208122e-06,0.0001369241029083597,0.2748739719390869,KM,0
GlobalAndersonSolver eta=1e-10,1,314,2.126200911510543e-06,0.000122931904900782,0.2754337787628174,AA,0
GlobalAndersonSolver eta=1e-10,1,315,2.359527491488687e-06,0.00013642229557149247,0.27608180046081543,AA,1
GlobalAndersonSolver eta=1e-10,1,316,2.3452712421601755e-06,0.00013559803297372633,0.2772238254547119,KM,1
GlobalAndersonSolver eta=1e-10,1,317,2.128602415778853e-06,0.00012307075419424834,0.27779054641723633,AA,0
GlobalAndersonSolver eta=1e-10,1,318,2.0040373341824483e-06,0.00011586869596829812,0.27840757369995117,AA,1
GlobalAndersonSolver eta=1e-10,1,319,2.1643007250777557e-06,0.00012513474595537201,0.27955055236816406,KM,1
GlobalAndersonSolver eta=1e-10,1,320,1.972925219102485e-06,0.000114069867103365,0.2807333469390869,KM,0
GlobalAndersonSolver eta=1e-10,1,321,1.7343229648541742e-06,0.00010027444943160465,0.28133130073547363,AA,0
GlobalAndersonSolver eta=1e-10,1,322,1.881526181216351e-06,0.0001087853910349869,0.2819662094116211,AA,1
GlobalAndersonSolver eta=1e-10,1,323,1.9233089308299833e-06,0.00011120117073585585,0.2830994129180908,KM,1
GlobalAndersonSolver eta=1e-10,1,324,1.805299283581429e-06,0.00010437813221000572,0.28365445137023926,AA,0
GlobalAndersonSolver eta=1e-10,1,325,1.5736875830160485e-06,9.098689180855951e-05,0.2842686176300049,AA,1
GlobalAndersonSolver eta=1e-10,1,326,1.7121670113471575e-06,9.899344463343827e-05,0.28544044494628906,KM,1
GlobalAndersonSolver eta=1e-10,1,327,1.6290959293227375e-06,9.419047126429605e-05,0.2865025997161865,KM,0
GlobalAndersonSolver eta=1e-10,1,328,1.4364481237282752e-06,8.305203105929318e-05,0.2870798110961914,AA,0
GlobalAndersonSolver eta=1e-10,1,329,1.4786398338471438e-06,8.549145588874133e-05,0.28772592544555664,AA,1
GlobalAndersonSolver eta=1e-10,1,330,1.5559125512726992e-06,8.995918153901145e-05,0.28889894485473633,KM,1
GlobalAndersonSolver eta=1e-10,1,331,1.5376590837655315e-06,8.890380924585103e-05,0.28948187828063965,AA,0
GlobalAndersonSolver eta=1e-10,1,332,1.2248961004622447e-06,7.082059372666991e-05,0.29010868072509766,AA,1
GlobalAndersonSolver eta=1e-10,1,333,1.3077536527367501e-06,7.561122131100512e-05,0.2913346290588379,KM,1
GlobalAndersonSolver eta=1e-10,1,334,1.3157127521046054e-06,7.607139760069072e-05,0.2923915386199951,KM,0
GlobalAndersonSolver eta=1e-10,1,335,1.2097234012869234e-06,6.994334416760371e-05,0.29294347763061523,AA,0
GlobalAndersonSolver eta=1e-10,1,336,1.1035586183634707e-06,6.380514766533335e-05,0.2935473918914795,AA,1
GlobalAndersonSolver eta=1e-10,1,337,1.1975627770899106e-06,6.924024565549778e-05,0.29467272758483887,KM,1
GlobalAndersonSolver eta=1e-10,1,338,1.110882058892301e-06,6.422857166527752e-05,0.29576992988586426,KM,0
GlobalAndersonSolver eta=1e-10,1,339,9.748380036796502e-07,5.636282635062765e-05,0.29634976387023926,AA,0
GlobalAndersonSolver eta=1e-10,1,340,1.0392473297897824e-06,6.008682115715275e-05,0.29703283309936523,AA,1
GlobalAndersonSolver eta=1e-10,1,341,1.0749508062640296e-06,6.215111167212638e-05,0.29820680618286133,KM,1
GlobalAndersonSolver eta=1e-10,1,342,1.0278089116140243e-06,5.9425478888044855e-05,0.29875779151916504,AA,0
GlobalAndersonSolver eta=1e-10,1,343,8.640992682683865e-07,4.996017474008965e-05,0.29939985275268555,AA,1
GlobalAndersonSolver eta=1e-10,1,344,9.377015255989428e-07,5.421568307406675e-05,0.30058860778808594,KM,1
GlobalAndersonSolver eta=1e-10,1,345,9.112430524164472e-07,5.268591677047709e-05,0.30165886878967285,KM,0
GlobalAndersonSolver eta=1e-10,1,346,8.120783010757817e-07,4.695244552826051e-05,0.30220675468444824,AA,0
GlobalAndersonSolver eta=1e-10,1,347,8.044530322945092e-07,4.6511570533057764e-05,0.3028578758239746,AA,1
GlobalAndersonSolver eta=1e-10,1,348,8.580655395729816e-07,4.961131882616114e-05,0.3039836883544922,KM,1
GlobalAndersonSolver eta=1e-10,1,349,7.600426600277425e-07,4.394386790883686e-05,0.3050696849822998,KM,0
GlobalAndersonSolver eta=1e-10,1,350,6.760044945030819e-07,3.908498006038129e-05,0.3056957721710205,AA,0
GlobalAndersonSolver eta=1e-10,1,351,7.468778911865596e-07,4.318271212978336e-05,0.3063347339630127,AA,1
GlobalAndersonSolver eta=1e-10,1,352,7.489809986202774e-07,4.330430882445049e-05,0.3074965476989746,KM,1
GlobalAndersonSolver eta=1e-10,1,353,6.86099716964848e-07,3.9668661932072516e-05,0.3080465793609619,AA,0
GlobalAndersonSolver eta=1e-10,1,354,6.313904058333549e-07,3.650549903585029e-05,0.3086864948272705,AA,1
GlobalAndersonSolver eta=1e-10,1,355,6.844149296810212e-07,3.9571251518488265e-05,0.3098156452178955,KM,1
GlobalAndersonSolver eta=1e-10,1,356,6.318092569996788e-07,3.652971601904664e-05,0.31087684631347656,KM,0
GlobalAndersonSolver eta=1e-10,1,357,5.544757881227707e-07,3.2058477863631854e-05,0.3114795684814453,AA,0
GlobalAndersonSolver eta=1e-10,1,358,5.942916975947398e-07,3.4360539522174213e-05,0.3121364116668701,AA,1
GlobalAndersonSolver eta=1e-10,1,359,6.126930540930352e-07,3.5424462406812024e-05,0.3134584426879883,KM,1
GlobalAndersonSolver eta=1e-10,1,360,5.826485254973823e-07,3.368735886588387e-05,0.31401848793029785,AA,0
GlobalAndersonSolver eta=1e-10,1,361,4.948733002618038e-07,2.8612403068955484e-05,0.3146395683288574,AA,1
GlobalAndersonSolver eta=1e-10,1,362,5.376927984535693e-07,3.108812511907427e-05,0.31575679779052734,KM,1
GlobalAndersonSolver eta=1e-10,1,363,5.193532462356987e-07,3.002777561166649e-05,0.3169088363647461,KM,0
GlobalAndersonSolver eta=1e-10,1,364,4.6112980566258203e-07,2.6661434067562026e-05,0.3175220489501953,AA,0
GlobalAndersonSolver eta=1e-10,1,365,4.622924239505232e-07,2.6728653905553517e-05,0.3181478977203369,AA,1
GlobalAndersonSolver eta=1e-10,1,366,4.912371766646849e-07,2.840217100771018e-05,0.31927061080932617,KM,1
GlobalAndersonSolver eta=1e-10,1,367,4.3207145436235933e-07,2.4981348963998296e-05,0.3204324245452881,KM,0
GlobalAndersonSolver eta=1e-10,1,368,3.8604634384997116e-07,2.2320285995806247e-05,0.32100343704223633,AA,0
GlobalAndersonSolver eta=1e-10,1,369,4.2763542468576074e-07,2.4724868226271e-05,0.3216075897216797,AA,1
GlobalAndersonSolver eta=1e-10,1,370,4.268673249661343e-07,2.4680458518243763e-05,0.3227348327636719,KM,1
GlobalAndersonSolver eta=1e-10,1,371,3.8909538210633555e-07,2.2496574172027533e-05,0.3233206272125244,AA,0
GlobalAndersonSolver eta=1e-10,1,372,3.624058359087359e-07,2.095344777355497e-05,0.32399892807006836,AA,1
GlobalAndersonSolver eta=1e-10,1,373,3.9213069678629914e-07,2.2672068883539127e-05,0.32517480850219727,KM,1
GlobalAndersonSolver eta=1e-10,1,374,3.5959401634480166e-07,2.079087502073541e-05,0.32625699043273926,KM,0
GlobalAndersonSolver eta=1e-10,1,375,3.1577289366899434e-07,1.8257241413363524e-05,0.32684898376464844,AA,0
GlobalAndersonSolver eta=1e-10,1,376,3.4073035942986047e-07,1.9700223020073323e-05,0.32747697830200195,AA,1
GlobalAndersonSolver eta=1e-10,1,377,3.497005756684968e-07,2.0218859694348884e-05,0.32860708236694336,KM,1
GlobalAndersonSolver eta=1e-10,1,378,3.3020600325476014e-07,1.9091729652651972e-05,0.3292219638824463,AA,0
GlobalAndersonSolver eta=1e-10,1,379,2.8437061506351583e-07,1.644163598007736e-05,0.3299219608306885,AA,1
GlobalAndersonSolver eta=1e-10,1,380,3.0929121566269587e-07,1.7882486130382442e-05,0.3311119079589844,KM,1
GlobalAndersonSolver eta=1e-10,1,381,2.96340832388909e-07,1.713372561747738e-05,0.3322310447692871,KM,0
GlobalAndersonSolver eta=1e-10,1,382,2.620385446006114e-07,1.5150448516314614e-05,0.3327913284301758,AA,0
GlobalAndersonSolver eta=1e-10,1,383,2.665998349962752e-07,1.5414171532380027e-05,0.3334481716156006,AA,1
GlobalAndersonSolver eta=1e-10,1,384,2.818222499606146e-07,1.629429554071137e-05,0.33461523056030273,KM,1
GlobalAndersonSolver eta=1e-10,1,385,2.4567358820115084e-07,1.4204265466108565e-05,0.33573031425476074,KM,0
GlobalAndersonSolver eta=1e-10,1,386,2.209831069511502e-07,1.2776720271979544e-05,0.3363373279571533,AA,0
GlobalAndersonSolver eta=1e-10,1,387,2.3385743073727293e-07,1.3521083205307947e-05,0.33753061294555664,KM,1
GlobalAndersonSolver eta=1e-10,1,388,2.3781200951173042e-07,1.3749727591260582e-05,0.3385906219482422,KM,0
GlobalAndersonSolver eta=1e-10,1,389,2.2160834707073778e-07,1.2812870176019743e-05,0.33913564682006836,AA,0
GlobalAndersonSolver eta=1e-10,1,390,1.961606336631868e-07,1.1341543610583879e-05,0.3397815227508545,AA,1
GlobalAndersonSolver eta=1e-10,1,391,2.1337128374296855e-07,1.233662266799302e-05,0.3409712314605713,KM,1
GlobalAndersonSolver eta=1e-10,1,392,2.0127023738212e-07,1.1636968805379006e-05,0.34204721450805664,KM,0
GlobalAndersonSolver eta=1e-10,1,393,1.7700738265777019e-07,1.0234147964955115e-05,0.34262633323669434,AA,0
GlobalAndersonSolver eta=1e-10,1,394,1.8463811814181618e-07,1.0675339031974895e-05,0.343273401260376,AA,1
GlobalAndersonSolver eta=1e-10,1,395,1.931631495491852e-07,1.1168236172867533e-05,0.3444342613220215,KM,1
GlobalAndersonSolver eta=1e-10,1,396,1.8859067503231768e-07,1.0903866517382123e-05,0.34497809410095215,AA,0
GlobalAndersonSolver eta=1e-10,1,397,1.529804997295559e-07,8.844970455340068e-06,0.34567928314208984,AA,1
GlobalAndersonSolver eta=1e-10,1,398,1.6460024453162844e-07,9.516796600859361e-06,0.34687232971191406,KM,1
GlobalAndersonSolver eta=1e-10,1,399,1.6357551852391892e-07,9.457549368179169e-06,0.3481135368347168,KM,0
GlobalAndersonSolver eta=1e-10,1,400,1.484365662852778e-07,8.582250977127339e-06,0.3487396240234375,AA,0
GlobalAndersonSolver eta=1e-10,1,401,1.3981377584998445e-07,8.083701640593674e-06,0.3494086265563965,AA,1
GlobalAndersonSolver eta=1e-10,1,402,1.5098239207015573e-07,8.729444599134691e-06,0.35056042671203613,KM,1
GlobalAndersonSolver eta=1e-10,1,403,1.3759836183085316e-07,7.955611644939303e-06,0.35171055793762207,KM,0
GlobalAndersonSolver eta=1e-10,1,404,1.2096372604583955e-07,6.993836370875651e-06,0.3522922992706299,AA,0
GlobalAndersonSolver eta=1e-10,1,405,1.3125899611817572e-07,7.589084521983416e-06,0.3529393672943115,AA,1
GlobalAndersonSolver eta=1e-10,1,406,1.3415089937188052e-07,7.75628752422187e-06,0.354081392288208,KM,1
GlobalAndersonSolver eta=1e-10,1,407,1.258880280389376e-07,7.278547858412447e-06,0.35463953018188477,AA,0
GlobalAndersonSolver eta=1e-10,1,408,1.0979361411107668e-07,6.348006933656659e-06,0.3553025722503662,AA,1
GlobalAndersonSolver eta=1e-10,1,409,1.194557446876488e-07,6.9066484574881264e-06,0.35652947425842285,KM,1
GlobalAndersonSolver eta=1e-10,1,410,1.1362777678776496e-07,6.569689145809373e-06,0.357607364654541,KM,0
GlobalAndersonSolver eta=1e-10,1,411,1.0018068999917834e-07,5.792210411162101e-06,0.35819315910339355,AA,0
GlobalAndersonSolver eta=1e-10,1,412,1.0317100464347528e-07,5.965103327107172e-06,0.35885095596313477,AA,1
GlobalAndersonSolver eta=1e-10,1,413,1.0854195522023648e-07,6.275638978726346e-06,0.35997509956359863,KM,1
GlobalAndersonSolver eta=1e-10,1,414,1.0722286274337336e-07,6.199372173438473e-06,0.36057305335998535,AA,0
GlobalAndersonSolver eta=1e-10,1,415,8.546518747828341e-08,4.941394880667064e-06,0.3612067699432373,AA,1
GlobalAndersonSolver eta=1e-10,1,416,9.12741085600167e-08,5.277252950395976e-06,0.36244678497314453,KM,1
GlobalAndersonSolver eta=1e-10,1,417,9.179165710843775e-08,5.307176382650942e-06,0.3635447025299072,KM,0
GlobalAndersonSolver eta=1e-10,1,418,8.43566723476462e-08,4.877303159191995e-06,0.36414003372192383,AA,0
GlobalAndersonSolver eta=1e-10,1,419,7.704058070731922e-08,4.454304054589446e-06,0.364788293838501,AA,1
GlobalAndersonSolver eta=1e-10,1,420,8.359206356881348e-08,4.833095289099893e-06,0.3659093379974365,KM,1
GlobalAndersonSolver eta=1e-10,1,421,7.74924983162666e-08,4.480432861244241e-06,0.3670523166656494,KM,0
GlobalAndersonSolver eta=1e-10,1,422,6.800165366798044e-08,3.931694684426173e-06,0.36763525009155273,AA,0
GlobalAndersonSolver eta=1e-10,1,423,7.254697990278997e-08,4.194494690491294e-06,0.36824631690979004,AA,1
GlobalAndersonSolver eta=1e-10,1,424,7.500737461857657e-08,4.336748890262369e-06,0.36942625045776367,KM,1
GlobalAndersonSolver eta=1e-10,1,425,7.166644320269449e-08,4.14358414234329e-06,0.3700892925262451,AA,0
GlobalAndersonSolver eta=1e-10,1,426,6.033159924509465e-08,3.4882302894136875e-06,0.37070345878601074,AA,1
GlobalAndersonSolver eta=1e-10,1,427,6.548291554545109e-08,3.7860672069509727e-06,0.3718242645263672,KM,1
GlobalAndersonSolver eta=1e-10,1,428,6.358418146249347e-08,3.6762868957610047e-06,0.3729681968688965,KM,0
GlobalAndersonSolver eta=1e-10,1,429,5.663552075519979e-08,3.274531778155511e-06,0.3735482692718506,AA,0
GlobalAndersonSolver eta=1e-10,1,430,5.6194477603806216e-08,3.2490317069013144e-06,0.3741641044616699,AA,1
GlobalAndersonSolver eta=1e-10,1,431,5.991021420424081e-08,3.463866803588609e-06,0.3752782344818115,KM,1
GlobalAndersonSolver eta=1e-10,1,432,5.301646925005734e-08,3.0652867848659866e-06,0.37641096115112305,KM,0
GlobalAndersonSolver eta=1e-10,1,433,4.7181537617339635e-08,2.7279248466349387e-06,0.3769969940185547,AA,0
GlobalAndersonSolver eta=1e-10,1,434,5.214830465619862e-08,3.0150915626211405e-06,0.3776669502258301,AA,1
GlobalAndersonSolver eta=1e-10,1,435,5.2262681778912616e-08,3.021704577175025e-06,0.3788790702819824,KM,1
GlobalAndersonSolver eta=1e-10,1,436,4.784200518184418e-08,2.7661115181720334e-06,0.3794410228729248,AA,0
GlobalAndersonSolver eta=1e-10,1,437,4.409936586380475e-08,2.5497209700199853e-06,0.38005590438842773,AA,1
GlobalAndersonSolver eta=1e-10,1,438,4.779192417239537e-08,2.763215952725905e-06,0.3812379837036133,KM,1
GlobalAndersonSolver eta=1e-10,1,439,4.4078874078979655e-08,2.548536183516636e-06,0.3823668956756592,KM,0
GlobalAndersonSolver eta=1e-10,1,440,3.868549289619879e-08,2.236703647340999e-06,0.38291406631469727,AA,0
GlobalAndersonSolver eta=1e-10,1,441,4.150297007503759e-08,2.3996035100651983e-06,0.3835608959197998,AA,1
GlobalAndersonSolver eta=1e-10,1,442,4.276184203118672e-08,2.4723885073614516e-06,0.3847358226776123,KM,1
GlobalAndersonSolver eta=1e-10,1,443,4.062459742687562e-08,2.3488180822786108e-06,0.3853468894958496,AA,0
GlobalAndersonSolver eta=1e-10,1,444,3.4570249872642923e-08,1.998770034728648e-06,0.38598084449768066,AA,1
GlobalAndersonSolver eta=1e-10,1,445,3.7568445345455686e-08,2.1721186015279742e-06,0.3871018886566162,KM,1
GlobalAndersonSolver eta=1e-10,1,446,3.624680075787214e-08,2.0957042392379937e-06,0.38817787170410156,KM,0
GlobalAndersonSolver eta=1e-10,1,447,3.216318670762545e-08,1.8595993390102082e-06,0.38875699043273926,AA,0
GlobalAndersonSolver eta=1e-10,1,448,3.231238980189286e-08,1.8682259088212206e-06,0.3894021511077881,AA,1
GlobalAndersonSolver eta=1e-10,1,449,3.4311120400781825e-08,1.9837877819136085e-06,0.3905942440032959,KM,1
GlobalAndersonSolver eta=1e-10,1,450,3.014047468850944e-08,1.7426509169539957e-06,0.39166712760925293,KM,0
GlobalAndersonSolver eta=1e-10,1,451,2.695358860542368e-08,1.5583927056181753e-06,0.3922080993652344,AA,0
GlobalAndersonSolver eta=1e-10,1,452,2.9869075041337155e-08,1.7269592316406893e-06,0.39284801483154297,AA,1
GlobalAndersonSolver eta=1e-10,1,453,2.979090251805956e-08,1.7224394813455075e-06,0.39410996437072754,KM,1
GlobalAndersonSolver eta=1e-10,1,454,2.7131763730659694e-08,1.5686943696954601e-06,0.3946549892425537,AA,0
GlobalAndersonSolver eta=1e-10,1,455,2.532361002011267e-08,1.4641512012735042e-06,0.39537692070007324,AA,1
GlobalAndersonSolver eta=1e-10,1,456,2.7391310250975716e-08,1.583700735265189e-06,0.3965027332305908,KM,1
GlobalAndersonSolver eta=1e-10,1,457,2.5089428401288484e-08,1.4506113742802246e-06,0.3975965976715088,KM,0
GlobalAndersonSolver eta=1e-10,1,458,2.203566317700983e-08,1.2740498959608334e-06,0.39819765090942383,AA,0
GlobalAndersonSolver eta=1e-10,1,459,2.380320711962538e-08,1.3762451037068398e-06,0.3988525867462158,AA,1
GlobalAndersonSolver eta=1e-10,1,460,2.4410770806050276e-08,1.4113729982140863e-06,0.3999755382537842,KM,1
GlobalAndersonSolver eta=1e-10,1,461,2.302233036971752e-08,1.3310966580264613e-06,0.40055251121520996,AA,0
GlobalAndersonSolver eta=1e-10,1,462,1.987403197225395e-08,1.1490694953528662e-06,0.40120458602905273,AA,1
GlobalAndersonSolver eta=1e-10,1,463,2.1618003753099177e-08,1.2499018164904775e-06,0.40232062339782715,KM,1
GlobalAndersonSolver eta=1e-10,1,464,2.068448683363963e-08,1.1959280774402284e-06,0.40340375900268555,KM,0
GlobalAndersonSolver eta=1e-10,1,465,1.8279320618146113e-08,1.0568670588540001e-06,0.40401673316955566,AA,0
GlobalAndersonSolver eta=1e-10,1,466,1.8641339124846082e-08,1.0777981121693458e-06,0.40466880798339844,AA,1
GlobalAndersonSolver eta=1e-10,1,467,1.968839971802556e-08,1.138336677725058e-06,0.4057950973510742,KM,1
GlobalAndersonSolver eta=1e-10,1,468,1.9621178165541206e-08,1.1344500866449051e-06,0.4063701629638672,AA,0
GlobalAndersonSolver eta=1e-10,1,469,1.5454562979064566e-08,8.935462571482822e-07,0.4070448875427246,AA,1
GlobalAndersonSolver eta=1e-10,1,470,1.639211656246708e-08,9.477533865546669e-07,0.4081857204437256,KM,1
GlobalAndersonSolver eta=1e-10,1,471,1.6627550879933216e-08,9.613656416188253e-07,0.4093129634857178,KM,0
GlobalAndersonSolver eta=1e-10,1,472,1.5443242709182126e-08,8.928917459338877e-07,0.4099438190460205,AA,0
GlobalAndersonSolver eta=1e-10,1,473,1.3769572362404616e-08,7.961240873408247e-07,0.4105837345123291,AA,1
GlobalAndersonSolver eta=1e-10,1,474,1.497256925490254e-08,8.656785206890008e-07,0.4117317199707031,KM,1
GlobalAndersonSolver eta=1e-10,1,475,1.4066359430361317e-08,8.132836132427842e-07,0.41289258003234863,KM,0
GlobalAndersonSolver eta=1e-10,1,476,1.2359877953392466e-08,7.146188927518859e-07,0.41347169876098633,AA,0
GlobalAndersonSolver eta=1e-10,1,477,1.2967239898607847e-08,7.49735123059833e-07,0.41408753395080566,AA,1
GlobalAndersonSolver eta=1e-10,1,478,1.3528463411100818e-08,7.821837383775895e-07,0.4152195453643799,KM,1
GlobalAndersonSolver eta=1e-10,1,479,1.3136711008203945e-08,7.595335415514781e-07,0.4158034324645996,AA,0
GlobalAndersonSolver eta=1e-10,1,480,1.0749586189791269e-08,6.215156338482396e-07,0.4164605140686035,AA,1
GlobalAndersonSolver eta=1e-10,1,481,1.1598461491641953e-08,6.70595594878636e-07,0.4176754951477051,KM,1
GlobalAndersonSolver eta=1e-10,1,482,1.1461259430828938e-08,6.626628964206742e-07,0.4187965393066406,KM,0
GlobalAndersonSolver eta=1e-10,1,483,1.0345876443796569e-08,5.981740917420984e-07,0.4193747043609619,AA,0
GlobalAndersonSolver eta=1e-10,1,484,9.879374402211886e-09,5.712020477072915e-07,0.4200296401977539,AA,1
GlobalAndersonSolver eta=1e-10,1,485,1.0638949689520984e-08,6.151188932316064e-07,0.42120981216430664,KM,1
GlobalAndersonSolver eta=1e-10,1,486,9.622503012864712e-09,5.563503518792973e-07,0.4223299026489258,KM,0
GlobalAndersonSolver eta=1e-10,1,487,8.477057140236393e-09,4.901233823014792e-07,0.42287397384643555,AA,0
GlobalAndersonSolver eta=1e-10,1,488,9.253764224919032e-09,5.350307478063388e-07,0.42347216606140137,AA,1
GlobalAndersonSolver eta=1e-10,1,489,9.409574920805242e-09,5.440393535056e-07,0.4246490001678467,KM,1
GlobalAndersonSolver eta=1e-10,1,490,8.767410452277345e-09,5.069109236623223e-07,0.4252490997314453,AA,0
GlobalAndersonSolver eta=1e-10,1,491,7.762381141130781e-09,4.488025073637926e-07,0.42591285705566406,AA,1
GlobalAndersonSolver eta=1e-10,1,492,8.443334639090622e-09,4.881736270918818e-07,0.4272301197052002,KM,1
GlobalAndersonSolver eta=1e-10,1,493,7.963136117891075e-09,4.604096850194178e-07,0.4283101558685303,KM,0
GlobalAndersonSolver eta=1e-10,1,494,7.002984034849139e-09,4.0489596384480726e-07,0.4288952350616455,AA,0
GlobalAndersonSolver eta=1e-10,1,495,7.3063401141856225e-09,4.224352944387222e-07,0.4295692443847656,AA,1
GlobalAndersonSolver eta=1e-10,1,496,7.642832712717802e-09,4.418905001526483e-07,0.4307560920715332,KM,1
GlobalAndersonSolver eta=1e-10,1,497,7.460346737912452e-09,4.3133959295519064e-07,0.43129825592041016,AA,0
GlobalAndersonSolver eta=1e-10,1,498,6.0535729648498974e-09,3.5000326262496877e-07,0.43192505836486816,AA,1
GlobalAndersonSolver eta=1e-10,1,499,6.514188463673521e-09,3.7663496068824524e-07,0.4331550598144531,KM,1
GlobalAndersonSolver eta=1e-10,1,500,6.4721205770859145e-09,3.7420269504233766e-07,0.4343130588531494,KM,0
AA_pure,1,0,1.0,57.81763343025095,0.0,initial,0
AA_pure,1,1,0.26526225887283933,15.336836046390157,0.0006630420684814453,AA,1
AA_pure,1,2,0.27808449168729354,16.078187203013606,0.0013649463653564453,AA,1
AA_pure,1,3,0.327846574523422,18.955313067158663,0.0020017623901367188,AA,1
AA_pure,1,4,0.4096741192838338,23.686388054613605,0.0026366710662841797,AA,1
AA_pure,1,5,0.1781702402533841,10.301381639149904,0.0032508373260498047,AA,1
AA_pure,1,6,0.3027076769010307,17.501841499586636,0.0038568973541259766,AA,1
AA_pure,1,7,0.32070498028645317,18.542402989458008,0.004477024078369141,AA,1
AA_pure,1,8,0.5305107571950342,30.67287649030735,0.005173921585083008,AA,1
AA_pure,1,9,0.582579259915872,33.68335409388278,0.005776166915893555,AA,1
AA_pure,1,10,0.45012771266907176,26.025319087897717,0.006499052047729492,AA,1
AA_pure,1,11,0.901523289046806,52.1239430549424,0.007183074951171875,AA,1
AA_pure,1,12,0.4199805362742718,24.28228069414606,0.007822036743164062,AA,1
AA_pure,1,13,0.5679897781291446,32.839824784000456,0.008443832397460938,AA,1
AA_pure,1,14,0.398889899543689,23.062869990846636,0.009100675582885742,AA,1
AA_pure,1,15,0.3685299435325684,21.307529183237122,0.009833812713623047,AA,1
AA_pure,1,16,0.21371736657088283,12.356632358073872,0.010515928268432617,AA,1
AA_pure,1,17,0.17427750159992128,10.076312702644222,0.011179924011230469,AA,1
AA_pure,1,18,0.2563882639965455,14.823762663570678,0.01178598403930664,AA,1
AA_pure,1,19,0.3717809271335148,21.495493361364396,0.012398719787597656,AA,1
AA_pure,1,20,0.23268163479764278,13.453101466681634,0.01306295394897461,AA,1
AA_pure,1,21,0.459903846422592,26.590552005623856,0.013658285140991211,AA,1
AA_pure,1,22,0.5533293414873593,31.992193032318294,0.014276266098022461,AA,1
AA_pure,1,23,0.4112508942754897,23.777553453083154,0.014900445938110352,AA,1
AA_pure,1,24,0.35551677912209484,20.555138813584772,0.015526533126831055,AA,1
AA_pure,1,25,0.09141936444829035,5.285651302097768,0.016158580780029297,AA,1
AA_pure,1,26,0.43227361827195204,24.993037602815953,0.016844749450683594,AA,1
AA_pure,1,27,0.33755221059910223,19.51646997598976,0.01746654510498047,AA,1
AA_pure,1,28,0.30614822364124206,17.70076576981182,0.01808953285217285,AA,1
AA_pure,1,29,0.3117646418289882,18.02549377778192,0.01871323585510254,AA,1
AA_pure,1,30,0.2712608701834804,15.683661556239358,0.019349098205566406,AA,1
AA_pure,1,31,0.2891194536010743,16.716202585861364,0.019976139068603516,AA,1
AA_pure,1,32,0.3806449858682819,22.007992259995376,0.020615100860595703,AA,1
AA_pure,1,33,0.3973236025042573,22.972310402777886,0.021238327026367188,AA,1
AA_pure,1,34,0.20640663306663393,11.933943048218955,0.021874427795410156,AA,1
AA_pure,1,35,0.20609546861834874,11.915952256211476,0.022518396377563477,AA,1
AA_pure,1,36,0.15359916474069218,8.880740202170067,0.023178815841674805,AA,1
AA_pure,1,37,0.3007341718691238,17.387738109079088,0.023807764053344727,AA,1
AA_pure,1,38,0.22995664251202322,13.29554886161142,0.02445387840270996,AA,1
AA_pure,1,39,0.42614260912052826,24.638557163141417,0.025105953216552734,AA,1
AA_pure,1,40,0.46863274471934785,27.095236247595626,0.025720834732055664,AA,1
AA_pure,1,41,0.24488384259438525,14.158604244113441,0.026401758193969727,AA,1
AA_pure,1,42,0.45951254929477636,26.5679281317255,0.02709674835205078,AA,1
AA_pure,1,43,0.4504453674602541,26.04368513617166,0.027710676193237305,AA,1
AA_pure,1,44,0.30067446511254126,17.384286005713687,0.02834463119506836,AA,1
AA_pure,1,45,0.16345150579436032,9.450379245640864,0.02896261215209961,AA,1
AA_pure,1,46,0.183843832173201,10.62941529700271,0.029567480087280273,AA,1
AA_pure,1,47,0.19268691263679905,11.140701281641237,0.030214309692382812,AA,1
AA_pure,1,48,0.13812733279641282,7.986195494321277,0.030872344970703125,AA,1
AA_pure,1,49,0.31485818579883773,18.204355169031047,0.031488656997680664,AA,1
AA_pure,1,50,0.2736232727847609,15.820250083854866,0.032111406326293945,AA,1
AA_pure,1,51,0.09345541698481058,5.403371041299026,0.03277254104614258,AA,1
AA_pure,1,52,0.18105993875227527,10.46845716768274,0.03345060348510742,AA,1
AA_pure,1,53,0.1429141667451507,8.262958904860884,0.03412675857543945,AA,1
AA_pure,1,54,0.12635834997982426,7.305740759984836,0.03472781181335449,AA,1
AA_pure,1,55,0.22314914959120147,12.90195573133632,0.03536581993103027,AA,1
AA_pure,1,56,0.3231410344460362,18.683249875873017,0.03599262237548828,AA,1
AA_pure,1,57,0.5228938248568701,30.232483488516355,0.036586761474609375,AA,1
AA_pure,1,58,0.3395916091745468,19.63438317524299,0.03719592094421387,AA,1
AA_pure,1,59,0.21036036748720247,12.162538615627952,0.0378267765045166,AA,1
AA_pure,1,60,0.458328198645505,26.49945178003305,0.03845858573913574,AA,1
AA_pure,1,61,0.1613133531823719,9.326756321702984,0.03913259506225586,AA,1
AA_pure,1,62,0.12308514050727247,7.116491534560412,0.03981351852416992,AA,1
AA_pure,1,63,0.0844298058044498,4.881531562588952,0.04041242599487305,AA,1
AA_pure,1,64,0.35079863065591116,20.282346635097465,0.041048288345336914,AA,1
AA_pure,1,65,0.3414881069522396,19.74403418855492,0.041765451431274414,AA,1
AA_pure,1,66,0.45203816598063273,26.13577697715116,0.04240155220031738,AA,1
AA_pure,1,67,0.5785120337951979,33.4481967049597,0.04299569129943848,AA,1
AA_pure,1,68,0.6248687740076612,36.128433717585274,0.04361677169799805,AA,1
AA_pure,1,69,0.5279154343255743,30.522821064007772,0.04420971870422363,AA,1
AA_pure,1,70,0.23058069426839534,13.331630057302847,0.044847726821899414,AA,1
AA_pure,1,71,0.33611261450418645,19.4332359366863,0.04550361633300781,AA,1
AA_pure,1,72,0.19558588590561735,11.30831305542187,0.046118736267089844,AA,1
AA_pure,1,73,0.43424449493392014,25.106989027193862,0.046730995178222656,AA,1
AA_pure,1,74,0.2297806413125851,13.285372888779023,0.04737997055053711,AA,1
AA_pure,1,75,0.48572044035405787,28.083206369970988,0.04800915718078613,AA,1
AA_pure,1,76,0.389693763473961,22.531171166592394,0.04862809181213379,AA,1
AA_pure,1,77,0.6421802359986171,37.129341481120086,0.0492398738861084,AA,1
AA_pure,1,78,0.49251352443984053,28.475966415503642,0.04983782768249512,AA,1
AA_pure,1,79,0.3749741683113867,21.68011900924098,0.05046391487121582,AA,1
AA_pure,1,80,0.23268193248983515,13.453118678539688,0.05106782913208008,AA,1
AA_pure,1,81,0.5582144639061966,32.274639249592525,0.05169177055358887,AA,1
AA_pure,1,82,0.3671692285981696,21.228855865956984,0.05234193801879883,AA,1
AA_pure,1,83,0.43555360322117065,25.182678570266614,0.052934885025024414,AA,1
AA_pure,1,84,0.1386795605077424,8.018123993704958,0.0535738468170166,AA,1
AA_pure,1,85,0.25219401683148424,14.581261218465293,0.054213762283325195,AA,1
AA_pure,1,86,0.21167560168433752,12.238582344312837,0.0548710823059082,AA,1
AA_pure,1,87,0.2543731916029398,14.707255946581764,0.05557608604431152,AA,1
AA_pure,1,88,0.24930841952524582,14.414422811185881,0.05617809295654297,AA,1
AA_pure,1,89,0.17112424779033097,9.893999029768787,0.05679607391357422,AA,1
AA_pure,1,90,0.21248196065414215,12.285204111642196,0.05740213394165039,AA,1
AA_pure,1,91,0.1551416517348943,8.969923149771775,0.05802321434020996,AA,1
AA_pure,1,92,0.6743821167296371,38.991178016990865,0.05865216255187988,AA,1
AA_pure,1,93,0.35833335798321486,20.717986737704404,0.059249162673950195,AA,1
AA_pure,1,94,0.6887254106358658,39.820473326243544,0.05986809730529785,AA,1
AA_pure,1,95,0.12616269302424857,7.294428337849282,0.06048011779785156,AA,1
AA_pure,1,96,0.10735928909398532,6.207260022168382,0.061113834381103516,AA,1
AA_pure,1,97,0.2119485624235799,12.254364288275204,0.0617067813873291,AA,1
AA_pure,1,98,0.23525755197350412,13.602034901702272,0.062314748764038086,AA,1
AA_pure,1,99,0.16917534263393486,9.78131794584595,0.06292581558227539,AA,1
AA_pure,1,100,0.29125173532462767,16.839486068923794,0.06355595588684082,AA,1
AA_pure,1,101,0.32280346559657114,18.663732443877173,0.06419014930725098,AA,1
AA_pure,1,102,0.42883212718422703,24.794058732652392,0.0648641586303711,AA,1
AA_pure,1,103,0.23896870157038677,13.816604788699657,0.06548500061035156,AA,1
AA_pure,1,104,0.27831691023905447,16.09162509364171,0.06611895561218262,AA,1
AA_pure,1,105,0.2095939702365428,12.11822734032736,0.06673383712768555,AA,1
AA_pure,1,106,0.2868629295966534,16.58573570814719,0.06734585762023926,AA,1
AA_pure,1,107,0.2757923106188813,15.945658718244388,0.06796789169311523,AA,1
AA_pure,1,108,0.16326020958400259,9.439318951473805,0.06858062744140625,AA,1
AA_pure,1,109,0.21426924632517194,12.388540739404936,0.06920671463012695,AA,1
AA_pure,1,110,0.27823710825212866,16.087011131614627,0.06987476348876953,AA,1
AA_pure,1,111,0.5350378241593817,30.9346207885662,0.07049155235290527,AA,1
AA_pure,1,112,0.5284809556684863,30.555518169709245,0.07112622261047363,AA,1
AA_pure,1,113,0.27659043045649273,15.991804118448814,0.07178831100463867,AA,1
AA_pure,1,114,0.4707004305581633,27.214784949473177,0.07247233390808105,AA,1
AA_pure,1,115,0.4820493012531852,27.87094979516527,0.07306718826293945,AA,1
AA_pure,1,116,0.14769958951358536,8.539640724295015,0.07370924949645996,AA,1
AA_pure,1,117,0.4095106624279962,23.676937366041127,0.07434821128845215,AA,1
AA_pure,1,118,0.2216631881713411,12.816040958671337,0.07499527931213379,AA,1
AA_pure,1,119,0.3233711239028024,18.69655310374049,0.07566142082214355,AA,1
AA_pure,1,120,0.15987372088324667,9.243520189157811,0.07632017135620117,AA,1
AA_pure,1,121,0.21727410035791483,12.562274288381477,0.0769202709197998,AA,1
AA_pure,1,122,0.16680913407017037,9.644509366486695,0.07755327224731445,AA,1
AA_pure,1,123,0.5558008235458535,32.135088276005746,0.07816386222839355,AA,1
AA_pure,1,124,0.1467210799239579,8.483065615533949,0.0787818431854248,AA,1
AA_pure,1,125,0.31919960718571566,18.455365879343805,0.07942581176757812,AA,1
AA_pure,1,126,0.2024652370563643,11.706060858493732,0.08007168769836426,AA,1
AA_pure,1,127,0.22820798529519312,13.194445639653575,0.08067679405212402,AA,1
AA_pure,1,128,0.15567189485307853,9.000580552007865,0.08131265640258789,AA,1
AA_pure,1,129,0.20506448815175526,11.856343405520224,0.08193278312683105,AA,1
AA_pure,1,130,0.1950261912573675,11.275952835416486,0.08256888389587402,AA,1
AA_pure,1,131,0.24733296407776537,14.300206652265665,0.08322310447692871,AA,1
AA_pure,1,132,0.30714314741663795,17.7582899079487,0.08387112617492676,AA,1
AA_pure,1,133,0.45095495254435364,26.073148139765653,0.08448195457458496,AA,1
AA_pure,1,134,0.20111165807399448,11.62780012507218,0.0851130485534668,AA,1
AA_pure,1,135,0.1454975814516716,8.412325829360828,0.08572196960449219,AA,1
AA_pure,1,136,0.21283457653210383,12.30559152721587,0.08633208274841309,AA,1
AA_pure,1,137,0.18595577982300524,10.751523112042973,0.08695292472839355,AA,1
AA_pure,1,138,0.25317336281643704,14.637884685624684,0.08762288093566895,AA,1
AA_pure,1,139,0.20215684646425344,11.688230444285729,0.08829092979431152,AA,1
AA_pure,1,140,0.14451104561269318,8.355286661856969,0.08896493911743164,AA,1
AA_pure,1,141,0.12533072247031857,7.246325769337394,0.08959007263183594,AA,1
AA_pure,1,142,0.15156565641273073,8.763167563086629,0.09023904800415039,AA,1
AA_pure,1,143,0.18808293346211022,10.874510101398569,0.0909121036529541,AA,1
AA_pure,1,144,0.19306389344876793,11.162497420037893,0.09153509140014648,AA,1
AA_pure,1,145,0.13493835107400098,7.801816118079098,0.09216618537902832,AA,1
AA_pure,1,146,0.15170689672846768,8.771333743887482,0.0927884578704834,AA,1
AA_pure,1,147,0.10137170380591239,5.861072010850218,0.09340357780456543,AA,1
AA_pure,1,148,0.14700703478448324,8.499598848837403,0.09403681755065918,AA,1
AA_pure,1,149,0.08146172178592027,4.709923968815426,0.0946798324584961,AA,1
AA_pure,1,150,0.2590621213692175,14.978358768988599,0.0953068733215332,AA,1
AA_pure,1,151,0.2039044775336483,11.789274336827317,0.09591293334960938,AA,1
AA_pure,1,152,0.4783890724354679,27.65932402711165,0.09656190872192383,AA,1
AA_pure,1,153,0.32555130209016336,18.822605846989955,0.09719204902648926,AA,1
AA_pure,1,154,0.6153111668620717,35.57583549117123,0.09783697128295898,AA,1
AA_pure,1,155,0.3259460052719582,18.845426650868724,0.09850263595581055,AA,1
AA_pure,1,156,0.6946138154803363,40.16092695903006,0.09912657737731934,AA,1
AA_pure,1,157,0.6809779203821993,39.372531774752616,0.09974956512451172,AA,1
AA_pure,1,158,0.6411421784735596,37.0693234516568,0.10038042068481445,AA,1
AA_pure,1,159,0.26255593654117015,15.180362893873605,0.10101628303527832,AA,1
AA_pure,1,160,0.49712907784477306,28.742826790347777,0.10161399841308594,AA,1
AA_pure,1,161,0.23286356860779053,13.463620449025326,0.10223889350891113,AA,1
AA_pure,1,162,0.40454827323345727,23.390023766653034,0.102874755859375,AA,1
AA_pure,1,163,0.1501890135245405,8.683573329212885,0.10348272323608398,AA,1
AA_pure,1,164,0.2417353354673985,13.976565013192788,0.10415363311767578,AA,1
AA_pure,1,165,0.2621658221554243,15.157807403322684,0.1048119068145752,AA,1
AA_pure,1,166,0.21343091338629377,12.340070312852374,0.10544776916503906,AA,1
AA_pure,1,167,0.24480522531392368,14.15405877901043,0.10604381561279297,AA,1
AA_pure,1,168,0.24677843818274256,14.268145277339654,0.10666894912719727,AA,1
AA_pure,1,169,0.206159997570128,11.919683167491089,0.10730099678039551,AA,1
AA_pure,1,170,0.20988018971242714,12.134775873064639,0.10790419578552246,AA,1
AA_pure,1,171,0.11843173111368621,6.847442416041155,0.10852336883544922,AA,1
AA_pure,1,172,0.30519906660616636,17.64588775629007,0.10918140411376953,AA,1
AA_pure,1,173,0.2822595738738854,16.319580574419145,0.10981559753417969,AA,1
AA_pure,1,174,0.29240779408143297,16.906326650348596,0.11043977737426758,AA,1
AA_pure,1,175,0.3266728887148694,18.88745333131748,0.1110537052154541,AA,1
AA_pure,1,176,0.11992763441667635,6.933932004860541,0.11167073249816895,AA,1
AA_pure,1,177,0.19083080358703336,11.033385448995313,0.11230778694152832,AA,1
AA_pure,1,178,0.118048513208891,6.825285663697797,0.1129617691040039,AA,1
AA_pure,1,179,0.24421951450342097,14.12019436607265,0.11358761787414551,AA,1
AA_pure,1,180,0.14115592729132137,8.161301660636775,0.1142115592956543,AA,1
AA_pure,1,181,0.22798834103691692,13.181746328443502,0.11481332778930664,AA,1
AA_pure,1,182,0.15938393083264132,9.215201687554128,0.11544537544250488,AA,1
AA_pure,1,183,0.2928099007999264,16.92957550919829,0.11606955528259277,AA,1
AA_pure,1,184,0.2517252431327367,14.554157832589365,0.11667060852050781,AA,1
AA_pure,1,185,0.374371785319367,21.645290650223764,0.11726546287536621,AA,1
AA_pure,1,186,0.19742900287425164,11.414877716683442,0.11788439750671387,AA,1
AA_pure,1,187,0.4018951755699193,23.236627938487942,0.11852645874023438,AA,1
AA_pure,1,188,0.419524003344074,24.255885040539045,0.11913728713989258,AA,1
AA_pure,1,189,0.35554917873354475,20.557012082442867,0.11975312232971191,AA,1
AA_pure,1,190,0.2633088556792163,15.22389489659978,0.12046337127685547,AA,1
AA_pure,1,191,0.2310873558308023,13.360924029791292,0.12108230590820312,AA,1
AA_pure,1,192,0.35753849763204526,20.67202979329224,0.12168407440185547,AA,1
AA_pure,1,193,0.1600286012041329,9.252475002776372,0.1222999095916748,AA,1
AA_pure,1,194,0.17448575127272292,10.088353205888238,0.12296295166015625,AA,1
AA_pure,1,195,0.1248620115334746,7.219226012206201,0.12356376647949219,AA,1
AA_pure,1,196,0.25162207942726345,14.548193151283007,0.12425780296325684,AA,1
AA_pure,1,197,0.17581607299186988,10.165269259390177,0.12486004829406738,AA,1
AA_pure,1,198,0.299602846105365,17.32232753077988,0.12545490264892578,AA,1
AA_pure,1,199,0.18066790684438694,10.44579081053949,0.12606287002563477,AA,1
AA_pure,1,200,0.1508538241946111,8.722011108835547,0.12668395042419434,AA,1
AA_pure,1,201,0.11857387544903876,6.855660865116755,0.12731003761291504,AA,1
AA_pure,1,202,0.25971313196650775,15.015998661061934,0.12794208526611328,AA,1
AA_pure,1,203,0.3441126442995204,19.895778726824002,0.12855005264282227,AA,1
AA_pure,1,204,0.36373746494246584,21.030439412892246,0.12918901443481445,AA,1
AA_pure,1,205,0.11632109700328956,6.725410546740858,0.12984323501586914,AA,1
AA_pure,1,206,0.3350791684056445,19.37348452899088,0.13042926788330078,AA,1
AA_pure,1,207,0.23846211865024666,13.78731536312097,0.1310253143310547,AA,1
AA_pure,1,208,0.4218287354476734,24.389139196459887,0.13163423538208008,AA,1
AA_pure,1,209,0.5307841656060619,30.6886843175929,0.13222837448120117,AA,1
AA_pure,1,210,0.48582098375686533,28.089019551578343,0.13283228874206543,AA,1
AA_pure,1,211,0.30073137171204983,17.387576210623838,0.13344717025756836,AA,1
AA_pure,1,212,0.2456475584708525,14.202760488703888,0.13408303260803223,AA,1
AA_pure,1,213,0.33197606123663514,19.194070216198313,0.13470101356506348,AA,1
AA_pure,1,214,0.22556195934463996,13.041458681197561,0.13531088829040527,AA,1
AA_pure,1,215,0.273265083938466,15.799540452440983,0.13594508171081543,AA,1
AA_pure,1,216,0.25391740456156064,14.680903418501044,0.13666319847106934,AA,1
AA_pure,1,217,0.3427910733047242,19.819368619494824,0.1372842788696289,AA,1
AA_pure,1,218,0.2555655475649056,14.776195146509076,0.13788914680480957,AA,1
AA_pure,1,219,0.7405862359764546,42.81894351517598,0.13848328590393066,AA,1
AA_pure,1,220,0.19617662582928533,11.34246823978112,0.13909339904785156,AA,1
AA_pure,1,221,0.3298913421397476,19.073536691649423,0.1396956443786621,AA,1
AA_pure,1,222,0.14579961778612943,8.429788855429129,0.1403207778930664,AA,1
AA_pure,1,223,0.19679438269586308,11.378185479841932,0.14094972610473633,AA,1
AA_pure,1,224,0.1658356378489448,9.588224118822142,0.14154791831970215,AA,1
AA_pure,1,225,0.306437156553457,17.717471187016198,0.14214491844177246,AA,1
AA_pure,1,226,0.15955148281597736,9.224889146707163,0.1427769660949707,AA,1
AA_pure,1,227,0.22894752499557172,13.237204074957182,0.14340806007385254,AA,1
AA_pure,1,228,0.3254479409251215,18.816629749038643,0.14400815963745117,AA,1
AA_pure,1,229,0.5665547003769114,32.75685198457792,0.14464616775512695,AA,1
AA_pure,1,230,0.18879396822150601,10.915620448473481,0.14528536796569824,AA,1
AA_pure,1,231,0.3107796703180079,17.968545056020822,0.14588451385498047,AA,1
AA_pure,1,232,0.2887423316804479,16.69439828889607,0.14650654792785645,AA,1
AA_pure,1,233,0.7734731024688554,44.72038430670321,0.1471574306488037,AA,1
AA_pure,1,234,0.25056369038608184,14.486999601673375,0.14777040481567383,AA,1
AA_pure,1,235,0.24782067293790436,14.328404824361867,0.14836549758911133,AA,1
AA_pure,1,236,0.29005780714377716,16.770455967021334,0.14899849891662598,AA,1
AA_pure,1,237,0.22690563221082463,13.1191466664248,0.1496286392211914,AA,1
AA_pure,1,238,0.36716173543151903,21.22842262879435,0.15024852752685547,AA,1
AA_pure,1,239,0.3801569261315981,21.979773801047727,0.15084242820739746,AA,1
AA_pure,1,240,0.1451779852837215,8.393847535276576,0.1514754295349121,AA,1
AA_pure,1,241,0.17026024416873284,9.844044385092817,0.1520981788635254,AA,1
AA_pure,1,242,0.1746360370233666,10.097042372328744,0.15279412269592285,AA,1
AA_pure,1,243,0.3399871672027014,19.657253404315227,0.1533980369567871,AA,1
AA_pure,1,244,0.5129589285033055,29.658071292978423,0.15401911735534668,AA,1
AA_pure,1,245,0.595808373958267,34.448230160192956,0.15463709831237793,AA,1
AA_pure,1,246,0.26933480962184203,15.572301292722088,0.1552748680114746,AA,1
AA_pure,1,247,0.3811043594893295,22.034552155624635,0.15590286254882812,AA,1
AA_pure,1,248,0.529885055823464,30.636699917769104,0.15651178359985352,AA,1
AA_pure,1,249,0.7261248861991453,41.98282249484487,0.15711092948913574,AA,1
AA_pure,1,250,0.1992482743678383,11.52006368900974,0.1577141284942627,AA,1
AA_pure,1,251,0.15985670764875767,9.242536524202665,0.15833115577697754,AA,1
AA_pure,1,252,0.1508855247141243,8.72384395785231,0.15900111198425293,AA,1
AA_pure,1,253,0.11611168307059755,6.713302728745284,0.15959429740905762,AA,1
AA_pure,1,254,0.18584067081074387,10.744867781367526,0.16021943092346191,AA,1
AA_pure,1,255,0.1477876165496535,8.544730239198355,0.16086745262145996,AA,1
AA_pure,1,256,0.3566926707189151,20.623126082883438,0.16147112846374512,AA,1
AA_pure,1,257,0.2423850768961454,14.014131524944524,0.16206836700439453,AA,1
AA_pure,1,258,0.14637079709869832,8.46281309154618,0.1627194881439209,AA,1
AA_pure,1,259,0.366401821614349,21.184486210274628,0.16336345672607422,AA,1
AA_pure,1,260,0.2368711582912095,13.6953298002801,0.16402959823608398,AA,1
AA_pure,1,261,0.2165020419778275,12.517635699974834,0.16463661193847656,AA,1
AA_pure,1,262,0.5570888434623293,32.20955853938741,0.16523361206054688,AA,1
AA_pure,1,263,0.5595875945418242,32.35403041333509,0.16582942008972168,AA,1
AA_pure,1,264,0.29930693846541867,17.305218851324256,0.16646122932434082,AA,1
AA_pure,1,265,0.2734004255522712,15.80736558425583,0.1670842170715332,AA,1
AA_pure,1,266,0.30080374880477617,17.391760882839836,0.16771888732910156,AA,1
AA_pure,1,267,0.15200752609443866,8.78871542236756,0.168349027633667,AA,1
AA_pure,1,268,0.19063694733687345,11.022177139385404,0.1690220832824707,AA,1
AA_pure,1,269,0.19715593289775543,11.399089456881578,0.16965818405151367,AA,1
AA_pure,1,270,0.22094999197692683,12.774805642538844,0.17029142379760742,AA,1
AA_pure,1,271,0.19342987733608727,11.1836577422763,0.17092132568359375,AA,1
AA_pure,1,272,0.07069670002313043,4.087515886665769,0.1715531349182129,AA,1
AA_pure,1,273,0.2579548731734506,14.914340298689442,0.17222905158996582,AA,1
AA_pure,1,274,0.2387408336501221,13.803430004815281,0.1728370189666748,AA,1
AA_pure,1,275,0.13682233940257174,7.910743864647274,0.17345595359802246,AA,1
AA_pure,1,276,0.23001131970366692,13.298710167434871,0.17408299446105957,AA,1
AA_pure,1,277,0.22866090283081394,13.220632259702233,0.17467880249023438,AA,1
AA_pure,1,278,0.2563086937636938,14.819162101015696,0.17530369758605957,AA,1
AA_pure,1,279,0.3036864454221977,17.558431579156537,0.17595291137695312,AA,1
AA_pure,1,280,0.3413173467397792,19.734161237186413,0.17656397819519043,AA,1
AA_pure,1,281,0.1311318216434181,7.581731594820196,0.17716097831726074,AA,1
AA_pure,1,282,0.14009183820161528,8.099778547711018,0.1778087615966797,AA,1
AA_pure,1,283,0.11953318026406967,6.911125599260088,0.17843079566955566,AA,1
AA_pure,1,284,0.2908369101803636,16.815501860795084,0.1790318489074707,AA,1
AA_pure,1,285,0.16887601030926713,9.764011259224487,0.17964410781860352,AA,1
AA_pure,1,286,0.42643076432946325,24.65521761538264,0.1802680492401123,AA,1
AA_pure,1,287,0.3557126404163541,20.56646305009943,0.18091106414794922,AA,1
AA_pure,1,288,0.16675767837996816,9.641534320252683,0.18150901794433594,AA,1
AA_pure,1,289,0.19218114770560585,11.111459150247633,0.18210601806640625,AA,1
AA_pure,1,290,0.0918557045428252,5.310879453734504,0.182722806930542,AA,1
AA_pure,1,291,0.2079930063364883,12.025663396418944,0.18337273597717285,AA,1
AA_pure,1,292,0.16502003917107383,9.541068133438799,0.18406105041503906,AA,1
AA_pure,1,293,0.13947744246364827,8.064255640152133,0.18467020988464355,AA,1
AA_pure,1,294,0.16517127997545442,9.549812518826172,0.1853783130645752,AA,1
AA_pure,1,295,0.15964978847572084,9.23057294730633,0.18599510192871094,AA,1
AA_pure,1,296,0.19064457631211368,11.022618228679292,0.1866283416748047,AA,1
AA_pure,1,297,0.12868870588753528,7.440476423618892,0.1872262954711914,AA,1
AA_pure,1,298,0.18181333097967342,10.512016523315646,0.18785429000854492,AA,1
AA_pure,1,299,0.15168660686855973,8.770160632204972,0.18846702575683594,AA,1
AA_pure,1,300,0.4713632429024297,27.25310719062702,0.18912720680236816,AA,1
AA_pure,1,301,0.08826241110625578,5.103123731011607,0.1897273063659668,AA,1
AA_pure,1,302,0.352268542751927,20.3673334738396,0.190460205078125,AA,1
AA_pure,1,303,0.3071048045476821,17.75607301400675,0.19107389450073242,AA,1
AA_pure,1,304,0.24638440887820756,14.245363435449272,0.19167661666870117,AA,1
AA_pure,1,305,0.26107058698445645,15.094483497687749,0.1922926902770996,AA,1
AA_pure,1,306,0.2393805791974307,13.840418578358204,0.19294261932373047,AA,1
AA_pure,1,307,0.3460085354757851,20.005394667876924,0.19357538223266602,AA,1
AA_pure,1,308,0.35834024230470835,20.71838477288093,0.19417834281921387,AA,1
AA_pure,1,309,0.5508451765638571,31.848564495390953,0.19479846954345703,AA,1
AA_pure,1,310,0.36247886805326335,20.95767031931588,0.19544768333435059,AA,1
AA_pure,1,311,0.7685082732589416,44.43332963140061,0.1960458755493164,AA,1
AA_pure,1,312,0.2261828467154532,13.077356919604712,0.19665002822875977,AA,1
AA_pure,1,313,0.3334131479318862,19.27715916795183,0.19728708267211914,AA,1
AA_pure,1,314,0.4221097971283201,24.405389517682806,0.19797015190124512,AA,1
AA_pure,1,315,0.35679906013931656,20.629277267393068,0.19856023788452148,AA,1
AA_pure,1,316,0.3421403896215508,19.78174762882206,0.1991870403289795,AA,1
AA_pure,1,317,0.47900736541762057,27.69507226410625,0.19981598854064941,AA,1
AA_pure,1,318,0.4300913086114786,24.866861622835405,0.20043015480041504,AA,1
AA_pure,1,319,0.20097662751371398,11.619992977636002,0.20105600357055664,AA,1
AA_pure,1,320,0.2787413101838601,16.1161628940783,0.2017669677734375,AA,1
AA_pure,1,321,0.2923781121007639,16.90461050847079,0.2023918628692627,AA,1
AA_pure,1,322,0.18296375697494385,10.578531431798824,0.20301079750061035,AA,1
AA_pure,1,323,0.2248561191465042,13.000648671361411,0.20363879203796387,AA,1
AA_pure,1,324,0.17569228237280035,10.158111978754711,0.20427393913269043,AA,1
AA_pure,1,325,0.33817855778141526,19.55268388777681,0.2048807144165039,AA,1
AA_pure,1,326,0.1450962004387744,8.389118929091275,0.2055354118347168,AA,1
AA_pure,1,327,0.6166298874263247,35.652080793352155,0.20616555213928223,AA,1
AA_pure,1,328,0.4673007575344071,27.01822390080293,0.20682644844055176,AA,1
AA_pure,1,329,0.709604923508913,41.0276773477396,0.20743441581726074,AA,1
AA_pure,1,330,0.09579471430029317,5.538623675969969,0.20807123184204102,AA,1
AA_pure,1,331,0.18136588461962708,10.486146233690787,0.20870637893676758,AA,1
AA_pure,1,332,0.1711960342520375,9.89814955309699,0.2093524932861328,AA,1
AA_pure,1,333,0.32411689814296085,18.739672005379695,0.21000266075134277,AA,1
AA_pure,1,334,0.2845200102185976,16.45027365439013,0.2106187343597412,AA,1
AA_pure,1,335,0.5409015816904538,31.273649372021595,0.21123456954956055,AA,1
AA_pure,1,336,0.2980352879273938,17.231695026665353,0.21185636520385742,AA,1
AA_pure,1,337,0.22445151362794102,12.97725533780527,0.2124614715576172,AA,1
AA_pure,1,338,0.3526017815176556,20.386600550641244,0.21308326721191406,AA,1
AA_pure,1,339,0.13094925104470656,7.57117579486875,0.21369290351867676,AA,1
AA_pure,1,340,0.5100484822935536,29.489796180904527,0.21433782577514648,AA,1
AA_pure,1,341,0.3926277826945414,22.700809214365222,0.21498370170593262,AA,1
AA_pure,1,342,0.6311644895135833,36.492437088887826,0.2156505584716797,AA,1
AA_pure,1,343,0.2355457039349862,13.61869516618345,0.21628880500793457,AA,1
AA_pure,1,344,0.38292082715698444,22.13957601737101,0.21691370010375977,AA,1
AA_pure,1,345,0.3370894893969918,19.489716531145735,0.21773076057434082,AA,1
AA_pure,1,346,0.4126709885243793,23.85965994180186,0.21866774559020996,AA,1
AA_pure,1,347,0.5239258500570522,30.292152743231266,0.2193455696105957,AA,1
AA_pure,1,348,0.35511589003653793,20.531960355389856,0.22001862525939941,AA,1
AA_pure,1,349,0.378079218717468,21.85964567540224,0.22067975997924805,AA,1
AA_pure,1,350,0.25656819931288205,14.834166097731778,0.2213428020477295,AA,1
AA_pure,1,351,0.16501281056141284,9.54065019233521,0.22199487686157227,AA,1
AA_pure,1,352,0.2542447177057932,14.699827889891186,0.22259807586669922,AA,1
AA_pure,1,353,0.22447497878316158,12.978612037548196,0.22319507598876953,AA,1
AA_pure,1,354,0.2370020946612366,13.702900231325012,0.2237992286682129,AA,1
AA_pure,1,355,0.1315724064396613,7.607205165064327,0.22439932823181152,AA,1
AA_pure,1,356,0.37965596127054113,21.9508091983497,0.22501134872436523,AA,1
AA_pure,1,357,0.1994991844880189,11.534570718362284,0.22562623023986816,AA,1
AA_pure,1,358,0.5126011458017627,29.637385143892942,0.22623443603515625,AA,1
AA_pure,1,359,0.34131723174318057,19.734154588355228,0.22684550285339355,AA,1
AA_pure,1,360,0.2746238340159256,15.878100166342868,0.22745370864868164,AA,1
AA_pure,1,361,0.2973637989373148,17.192871122384513,0.22804808616638184,AA,1
AA_pure,1,362,0.30934258850095925,17.885456386313425,0.22864317893981934,AA,1
AA_pure,1,363,0.3499821859369544,20.235141733620758,0.229233980178833,AA,1
AA_pure,1,364,0.525849652686093,30.403382458429302,0.2299187183380127,AA,1
AA_pure,1,365,0.6043693419508642,34.94320506939705,0.230515718460083,AA,1
AA_pure,1,366,0.3931530384966803,22.731178261790404,0.23110485076904297,AA,1
AA_pure,1,367,0.30008489212414674,17.350198290790317,0.23173880577087402,AA,1
AA_pure,1,368,0.21505095689304618,12.433737394466842,0.23235869407653809,AA,1
AA_pure,1,369,0.10698291028529287,6.1854986901764875,0.23296880722045898,AA,1
AA_pure,1,370,0.33978632909325623,19.6456414201245,0.23356866836547852,AA,1
AA_pure,1,371,0.296472010346179,17.141310016524944,0.23450255393981934,AA,1
AA_pure,1,372,0.19297227121337368,11.157200039217807,0.23517560958862305,AA,1
AA_pure,1,373,0.37218367969726757,21.518779561458548,0.2358086109161377,AA,1
AA_pure,1,374,0.3709751411250255,21.448904721302338,0.23642182350158691,AA,1
AA_pure,1,375,0.3251032994027564,18.79670339183369,0.2370460033416748,AA,1
AA_pure,1,376,0.15694012423356749,9.07390657343445,0.2376551628112793,AA,1
AA_pure,1,377,0.20048707680857464,11.591688314420734,0.2382640838623047,AA,1
AA_pure,1,378,0.14438477646235348,8.347986078409079,0.23887228965759277,AA,1
AA_pure,1,379,0.13732703376763916,7.939924098441056,0.2394881248474121,AA,1
AA_pure,1,380,0.12366453000390812,7.14999046409023,0.24010086059570312,AA,1
AA_pure,1,381,0.17611169987949998,10.182361706411301,0.24070286750793457,AA,1
AA_pure,1,382,0.22710981816479633,13.130952215063143,0.24132394790649414,AA,1
AA_pure,1,383,0.3573702278239028,20.66230083120768,0.241926908493042,AA,1
AA_pure,1,384,0.4309310980547003,24.91541626102219,0.24252557754516602,AA,1
AA_pure,1,385,0.2035433040725437,11.768392142048437,0.24315237998962402,AA,1
AA_pure,1,386,0.2781507103716733,16.082015810633308,0.24375462532043457,AA,1
AA_pure,1,387,0.2460085303733836,14.22363102984305,0.2443547248840332,AA,1
AA_pure,1,388,0.15185826433876867,8.780085460893078,0.24495887756347656,AA,1
AA_pure,1,389,0.11974651307495869,6.923459997518714,0.2455439567565918,AA,1
AA_pure,1,390,0.16497246584372863,9.538317556237297,0.24614810943603516,AA,1
AA_pure,1,391,0.1604469142913854,9.276660875514214,0.246751070022583,AA,1
AA_pure,1,392,0.17736703182338223,10.254942028575968,0.24734902381896973,AA,1
AA_pure,1,393,0.13159566004098974,7.608549633261867,0.24794912338256836,AA,1
AA_pure,1,394,0.20641111997122133,11.934202470423626,0.24854421615600586,AA,1
AA_pure,1,395,0.1206593964914954,6.976240756260589,0.24915528297424316,AA,1
AA_pure,1,396,0.37824744963438867,21.869372388888394,0.24980425834655762,AA,1
AA_pure,1,397,0.22962889627861208,13.27659935002991,0.25043821334838867,AA,1
AA_pure,1,398,0.4446702524749386,25.70978165493314,0.25104427337646484,AA,1
AA_pure,1,399,0.3229140221932818,18.670124564659087,0.25165748596191406,AA,1
AA_pure,1,400,0.29771009248986835,17.212892996065314,0.25225234031677246,AA,1
AA_pure,1,401,0.6826257012085665,39.46780256254491,0.2528653144836426,AA,1
AA_pure,1,402,0.7470954435809333,43.19529049437313,0.2534670829772949,AA,1
AA_pure,1,403,0.7551458805414297,43.660747707508456,0.2540900707244873,AA,1
AA_pure,1,404,0.37535859652541653,21.702345738800002,0.2547290325164795,AA,1
AA_pure,1,405,0.28707884275527096,16.59821929600491,0.2553269863128662,AA,1
AA_pure,1,406,0.42540028363511534,24.595637660339882,0.25594615936279297,AA,1
AA_pure,1,407,0.3433809906970989,19.853476247041275,0.2565469741821289,AA,1
AA_pure,1,408,0.20613380438785633,11.918168739680132,0.25714683532714844,AA,1
AA_pure,1,409,0.22665536503652445,13.104676810681488,0.25774288177490234,AA,1
AA_pure,1,410,0.24257985245198269,14.025392986633097,0.25833988189697266,AA,1
AA_pure,1,411,0.23588232416748736,13.63815775139141,0.25894784927368164,AA,1
AA_pure,1,412,0.29545752399656544,17.082654816642993,0.2595787048339844,AA,1
AA_pure,1,413,0.2754772655989055,15.9274435607654,0.26021599769592285,AA,1
AA_pure,1,414,0.27326461028493737,15.799513066914892,0.2608187198638916,AA,1
AA_pure,1,415,0.15526037830954906,8.976787639343593,0.2614157199859619,AA,1
AA_pure,1,416,0.27880270789944733,16.119712764691577,0.2620127201080322,AA,1
AA_pure,1,417,0.14571174362374356,8.424708179320312,0.2626187801361084,AA,1
AA_pure,1,418,0.42528488021017175,24.588965307419897,0.2632169723510742,AA,1
AA_pure,1,419,0.35024068870721015,20.25008775203211,0.2638528347015381,AA,1
AA_pure,1,420,0.46789656733204754,27.052672213277056,0.2644798755645752,AA,1
AA_pure,1,421,0.17392842297550057,10.056129802699129,0.2650947570800781,AA,1
AA_pure,1,422,0.23243718469985836,13.438967940535946,0.26569080352783203,AA,1
AA_pure,1,423,0.22511005225655867,13.015330482834345,0.26642870903015137,AA,1
AA_pure,1,424,0.22877503657847895,13.227231202886749,0.2670247554779053,AA,1
AA_pure,1,425,0.1339892637911645,7.746942137466745,0.2676236629486084,AA,1
AA_pure,1,426,0.3076636801810756,17.78838588051139,0.26824474334716797,AA,1
AA_pure,1,427,0.10871985401191461,6.285924665851277,0.2688717842102051,AA,1
AA_pure,1,428,0.23659225139598,13.67920406365055,0.2694816589355469,AA,1
AA_pure,1,429,0.20664921032123404,11.94796829100394,0.27010178565979004,AA,1
AA_pure,1,430,0.5965201056898142,34.48938080454823,0.27069973945617676,AA,1
AA_pure,1,431,0.2756471969947549,15.93726859191891,0.27130889892578125,AA,1
AA_pure,1,432,0.5053828346676853,29.22003947675735,0.2719099521636963,AA,1
AA_pure,1,433,0.26787989627375014,15.488181646089334,0.2725181579589844,AA,1
AA_pure,1,434,0.22477009694810396,12.995675071427442,0.2731361389160156,AA,1
AA_pure,1,435,0.572730511518836,33.11392276931618,0.2737710475921631,AA,1
AA_pure,1,436,0.5483590055400426,31.70481997049113,0.2743721008300781,AA,1
AA_pure,1,437,0.5474146392461327,31.65021894628596,0.27497410774230957,AA,1
AA_pure,1,438,0.19652965748649867,11.362879694727155,0.27562689781188965,AA,1
AA_pure,1,439,0.20373339950388902,11.779383010014726,0.2762589454650879,AA,1
AA_pure,1,440,0.12301041836523038,7.1121712771427,0.2768559455871582,AA,1
AA_pure,1,441,0.3986656158916337,23.049902440867704,0.2774620056152344,AA,1
AA_pure,1,442,0.3468998036323151,20.056925683439232,0.2781097888946533,AA,1
AA_pure,1,443,0.3056090710027249,17.669593240195084,0.27874183654785156,AA,1
AA_pure,1,444,0.5606122473668067,32.4132734147632,0.2793698310852051,AA,1
AA_pure,1,445,0.5900216329835808,34.11365449176274,0.2800159454345703,AA,1
AA_pure,1,446,0.3364389124737692,19.452101713080673,0.2806222438812256,AA,1
AA_pure,1,447,0.15189831755732466,8.78240124320125,0.28122711181640625,AA,1
AA_pure,1,448,0.45687082620210806,26.415189954329374,0.2818269729614258,AA,1
AA_pure,1,449,0.34700145677671235,20.062803027679024,0.2825050354003906,AA,1
AA_pure,1,450,0.3870658428700618,22.379231016432346,0.28310370445251465,AA,1
AA_pure,1,451,0.19110167907314216,11.049046828556392,0.2837197780609131,AA,1
AA_pure,1,452,0.2801198958215718,16.195869453131724,0.28433656692504883,AA,1
AA_pure,1,453,0.3160879108684407,18.275454962325338,0.28496456146240234,AA,1
AA_pure,1,454,0.45113794549128833,26.083728358891843,0.28558945655822754,AA,1
AA_pure,1,455,0.44752391377786377,25.87477359807976,0.28618836402893066,AA,1
AA_pure,1,456,0.1943792939422173,11.23855076358212,0.2867863178253174,AA,1
AA_pure,1,457,0.6424010917841682,37.14211083997003,0.28738951683044434,AA,1
AA_pure,1,458,0.2816833319955586,16.286263632730886,0.2879948616027832,AA,1
AA_pure,1,459,0.5620572211435871,32.49681837890542,0.28859376907348633,AA,1
AA_pure,1,460,0.2576735099702244,14.89807254414455,0.289212703704834,AA,1
AA_pure,1,461,0.27776679722538966,16.059818861072426,0.2898526191711426,AA,1
AA_pure,1,462,0.31118088757654394,17.99174248840075,0.2904815673828125,AA,1
AA_pure,1,463,0.2550780929922934,14.748011676715882,0.29111456871032715,AA,1
AA_pure,1,464,0.35731030135951125,20.65883602485672,0.29174041748046875,AA,1
AA_pure,1,465,0.4966611812403366,28.715774115989213,0.29234957695007324,AA,1
AA_pure,1,466,0.7189787704438465,41.56965099365486,0.29294538497924805,AA,1
AA_pure,1,467,0.22269245097629525,12.875550498231568,0.29358649253845215,AA,1
AA_pure,1,468,0.16973247970980934,9.813530293069263,0.2942204475402832,AA,1
AA_pure,1,469,0.13345846276701293,7.716252478427948,0.29482436180114746,AA,1
AA_pure,1,470,0.1403883132326884,8.116920032378827,0.2954292297363281,AA,1
AA_pure,1,471,0.18741276247929423,10.835762401178522,0.2960493564605713,AA,1
AA_pure,1,472,0.23362043782363773,13.50738083590182,0.2966732978820801,AA,1
AA_pure,1,473,0.4454483807320961,25.754771189267192,0.29727911949157715,AA,1
AA_pure,1,474,0.5778028542750885,33.40719362342978,0.297882080078125,AA,1
AA_pure,1,475,0.199204649329381,11.517541392527837,0.2985658645629883,AA,1
AA_pure,1,476,0.5383709151198208,31.127332219906553,0.29917287826538086,AA,1
AA_pure,1,477,0.33621755078023835,19.439303103828607,0.29978084564208984,AA,1
AA_pure,1,478,0.37771489937371017,21.8385815931333,0.3004028797149658,AA,1
AA_pure,1,479,0.5170924007303591,29.89705887499633,0.3010878562927246,AA,1
AA_pure,1,480,0.2960290592157774,17.115699630439867,0.3016810417175293,AA,1
AA_pure,1,481,0.4071809634574808,23.542239684961032,0.3023059368133545,AA,1
AA_pure,1,482,0.19882430954234392,11.495551046141987,0.3029046058654785,AA,1
AA_pure,1,483,0.18941335983776625,10.951432205892187,0.30352258682250977,AA,1
AA_pure,1,484,0.14821404196272497,8.569385147416664,0.3041527271270752,AA,1
AA_pure,1,485,0.27602973952185644,15.959386295522348,0.3047926425933838,AA,1
AA_pure,1,486,0.3276827417932578,18.945840646422152,0.3053855895996094,AA,1
AA_pure,1,487,0.22345202525478727,12.919467285428468,0.3059804439544678,AA,1
AA_pure,1,488,0.22815772437518753,13.191539672204824,0.3065791130065918,AA,1
AA_pure,1,489,0.1803462762453338,10.427194890463484,0.30720019340515137,AA,1
AA_pure,1,490,0.2608547788824622,15.082005983955368,0.30783534049987793,AA,1
AA_pure,1,491,0.2261770578819227,13.077022222949658,0.3084583282470703,AA,1
AA_pure,1,492,0.31444679167196515,18.18056933420817,0.3090813159942627,AA,1
AA_pure,1,493,0.14632301935643807,8.460050695558051,0.30972933769226074,AA,1
AA_pure,1,494,0.16121203197453768,9.320898169249714,0.31033945083618164,AA,1
AA_pure,1,495,0.11840973941755346,6.846170908215643,0.31093335151672363,AA,1
AA_pure,1,496,0.22427932745291604,12.967299940655918,0.3115382194519043,AA,1
AA_pure,1,497,0.1901835392814927,10.995962158645078,0.3121623992919922,AA,1
AA_pure,1,498,0.3639380841189967,21.042038738899986,0.31279945373535156,AA,1
AA_pure,1,499,0.13816937005528857,7.988625989145367,0.3134024143218994,AA,1
AA_pure,1,500,0.14534030706562964,8.403232596560686,0.3140254020690918,AA,1
FAA cs=0.1,1,0,1.0,57.81763343025095,0.0,initial,0
FAA cs=0.1,1,1,0.26526225887283933,15.336836046390157,0.0006868839263916016,AA,0
FAA cs=0.1,1,2,0.27808449168729354,16.078187203013606,0.0026400089263916016,AA,1
FAA cs=0.1,1,3,0.327846574523422,18.955313067158663,0.003645181655883789,AA,1
FAA cs=0.1,1,4,0.4096741192838338,23.686388054613605,0.0047609806060791016,AA,1
FAA cs=0.1,1,5,0.17817024025338402,10.301381639149898,0.005861997604370117,AA,1
FAA cs=0.1,1,6,0.3027076769010307,17.501841499586636,0.007123708724975586,AA,1
FAA cs=0.1,1,7,0.32070498028645295,18.542402989457994,0.008333921432495117,AA,1
FAA cs=0.1,1,8,0.5305107571950711,30.672876490309488,0.00938105583190918,AA,1
FAA cs=0.1,1,9,0.5825792599158585,33.683354093881995,0.010447025299072266,AA,1
FAA cs=0.1,1,10,0.45012771266903095,26.025319087895358,0.011722087860107422,AA,1
FAA cs=0.1,1,11,0.9015232890467674,52.12394305494017,0.012964248657226562,AA,1
FAA cs=0.1,1,12,0.41998053627419746,24.28228069414176,0.01397705078125,AA,1
FAA cs=0.1,1,13,0.5679897781290302,32.83982478399383,0.01512289047241211,AA,1
FAA cs=0.1,1,14,0.3988898995440262,23.062869990866133,0.016228675842285156,AA,1
FAA cs=0.1,1,15,0.368529943531907,21.30752918319888,0.017452716827392578,AA,1
FAA cs=0.1,1,16,0.21371736657250112,12.356632358167438,0.018535852432250977,AA,1
FAA cs=0.1,1,17,0.17427750159811023,10.07631270253951,0.01961493492126465,AA,1
FAA cs=0.1,1,18,0.25638826399842285,14.823762663679219,0.020772933959960938,AA,1
FAA cs=0.1,1,19,0.37178092713691174,21.4954933615608,0.02188277244567871,AA,1
FAA cs=0.1,1,20,0.2326816348085328,13.453101467311269,0.023096561431884766,AA,1
FAA cs=0.1,1,21,0.4599038464338406,26.59055200627422,0.024129629135131836,AA,1
FAA cs=0.1,1,22,0.5533293414981663,31.99219303294312,0.025165557861328125,AA,1
FAA cs=0.1,1,23,0.41125089427417055,23.77755345300688,0.026091575622558594,AA,1
FAA cs=0.1,1,24,0.3555167791638169,20.555138815997044,0.0272824764251709,AA,1
FAA cs=0.1,1,25,0.09141936445461743,5.2856513024635845,0.028328418731689453,AA,1
FAA cs=0.1,1,26,0.4322736182953482,24.993037604168663,0.029407501220703125,AA,1
FAA cs=0.1,1,27,0.33755221063274965,19.516469977935177,0.030434608459472656,AA,1
FAA cs=0.1,1,28,0.30614822365188654,17.70076577042726,0.03152751922607422,AA,1
FAA cs=0.1,1,29,0.31176464184079106,18.025493778464334,0.032645463943481445,AA,1
FAA cs=0.1,1,30,0.27126087022026424,15.683661558366113,0.033757686614990234,AA,1
FAA cs=0.1,1,31,0.289119453598412,16.716202585707435,0.03472185134887695,AA,1
FAA cs=0.1,1,32,0.3806449859361367,22.00799226391858,0.03588986396789551,AA,1
FAA cs=0.1,1,33,0.39732360254917876,22.97231040537514,0.036972761154174805,AA,1
FAA cs=0.1,1,34,0.2064066332576551,11.933943059263347,0.03799080848693848,AA,1
FAA cs=0.1,1,35,0.20609546864380074,11.91595225768305,0.03900289535522461,AA,1
FAA cs=0.1,1,36,0.15359916446049846,8.880740185969929,0.04006195068359375,AA,1
FAA cs=0.1,1,37,0.3007341716363289,17.387738095619437,0.04112696647644043,AA,1
FAA cs=0.1,1,38,0.22995664338578656,13.295548912130348,0.042031049728393555,AA,1
FAA cs=0.1,1,39,0.4261426094795341,24.638557183898286,0.04313778877258301,AA,1
FAA cs=0.1,1,40,0.46863274593573706,27.09523631792437,0.04408669471740723,AA,1
FAA cs=0.1,1,41,0.24488384073798225,14.158604136780612,0.045202016830444336,AA,1
FAA cs=0.1,1,42,0.4595125439450293,26.567927822415783,0.04610180854797363,AA,1
FAA cs=0.1,1,43,0.45044536234160404,26.043684840223428,0.047110795974731445,AA,1
FAA cs=0.1,1,44,0.30067446305978024,17.384285887027904,0.048094749450683594,AA,1
FAA cs=0.1,1,45,0.16345149915345616,9.450378861679502,0.04912757873535156,AA,1
FAA cs=0.1,1,46,0.1838438278336161,10.629415046098183,0.050063371658325195,AA,1
FAA cs=0.1,1,47,0.192686898639041,11.140700472323994,0.05103135108947754,AA,1
FAA cs=0.1,1,48,0.13812733538991717,7.986195644271561,0.05208945274353027,AA,1
FAA cs=0.1,1,49,0.31485817800661164,18.204354718502973,0.05315756797790527,AA,1
FAA cs=0.1,1,50,0.2736232818422916,15.820250607539856,0.0541684627532959,AA,1
FAA cs=0.1,1,51,0.09345544937214005,5.40337291385777,0.05525946617126465,AA,1
FAA cs=0.1,1,52,0.18106025996264927,10.468475739306397,0.0562894344329834,AA,1
FAA cs=0.1,1,53,0.14291437207103244,8.262970776317449,0.05731058120727539,AA,1
FAA cs=0.1,1,54,0.12635859876387578,7.3057551440899315,0.05841851234436035,AA,1
FAA cs=0.1,1,55,0.22314980503018927,12.901993627267453,0.059342384338378906,AA,1
FAA cs=0.1,1,56,0.3231417209883574,18.68328957012528,0.06036543846130371,AA,1
FAA cs=0.1,1,57,0.5228954452597537,30.232577176376296,0.061364173889160156,AA,1
FAA cs=0.1,1,58,0.33959239994723256,19.634428895848263,0.06245112419128418,AA,1
FAA cs=0.1,1,59,0.21036111741186195,12.162581974497014,0.06339693069458008,AA,1
FAA cs=0.1,1,60,0.4583304261049522,26.49958056646685,0.06439065933227539,AA,1
FAA cs=0.1,1,61,0.16131443877739352,9.326819088237997,0.06541562080383301,AA,1
FAA cs=0.1,1,62,0.12308593170813383,7.116537279921784,0.0663156509399414,AA,1
FAA cs=0.1,1,63,0.08443050127506498,4.881571773054042,0.06721687316894531,AA,1
FAA cs=0.1,1,64,0.35079858671792413,20.28234409470704,0.06819462776184082,AA,1
FAA cs=0.1,1,65,0.3414902319618152,19.7441570515796,0.06919384002685547,AA,1
FAA cs=0.1,1,66,0.4520362484845641,26.135666112066357,0.07023501396179199,AA,1
FAA cs=0.1,1,67,0.578512162444351,33.448204143149276,0.07120704650878906,AA,1
FAA cs=0.1,1,68,0.6248671910789131,36.12834219639117,0.07259869575500488,AA,1
FAA cs=0.1,1,69,0.5279090628885931,30.52245268259997,0.0737307071685791,AA,1
FAA cs=0.1,1,70,0.23058180679895382,13.331694381186859,0.07470059394836426,AA,1
FAA cs=0.1,1,71,0.3361095232620255,19.433057208380195,0.0757603645324707,AA,1
FAA cs=0.1,1,72,0.19557573753353907,11.307726300565134,0.07667350769042969,AA,1
FAA cs=0.1,1,73,0.43424319702231984,25.106913985016728,0.07753872871398926,AA,1
FAA cs=0.1,1,74,0.22979852990298705,13.286407164741467,0.07849359512329102,AA,1
FAA cs=0.1,1,75,0.4857187487126102,28.083108563265874,0.0794975757598877,AA,1
FAA cs=0.1,1,76,0.38969572758872983,22.531284727060115,0.08049130439758301,AA,1
FAA cs=0.1,1,77,0.6421806110698344,37.12936316685024,0.08140444755554199,AA,1
FAA cs=0.1,1,78,0.49254259287892094,28.477647083858784,0.08238863945007324,AA,1
FAA cs=0.1,1,79,0.3750036362775432,21.68182277730615,0.08341264724731445,AA,1
FAA cs=0.1,1,80,0.23264320095954025,13.450879313118904,0.08438968658447266,AA,1
FAA cs=0.1,1,81,0.5582229924809942,32.27513235160385,0.08542084693908691,AA,1
FAA cs=0.1,1,82,0.36721921204168634,21.231745790371818,0.08641290664672852,AA,1
FAA cs=0.1,1,83,0.43564477643939065,25.187949989976314,0.08745789527893066,AA,1
FAA cs=0.1,1,84,0.1387007303930233,8.019347986371889,0.08851885795593262,AA,1
FAA cs=0.1,1,85,0.25214460069742367,14.57840409454064,0.08952689170837402,AA,1
FAA cs=0.1,1,86,0.21174607737414072,12.242657081911624,0.09049463272094727,AA,1
FAA cs=0.1,1,87,0.254433565039802,14.710746595823188,0.09151768684387207,AA,1
FAA cs=0.1,1,88,0.24918496524532077,14.40728497688378,0.09255290031433105,AA,1
FAA cs=0.1,1,89,0.17032630177947963,9.847863679816253,0.09353971481323242,AA,1
FAA cs=0.1,1,90,0.21158439707764565,12.233309109795977,0.09446859359741211,AA,1
FAA cs=0.1,1,91,0.15494582695145984,8.958601024226603,0.09535884857177734,AA,1
FAA cs=0.1,1,92,0.6736043029891103,38.94620666726408,0.096343994140625,AA,1
FAA cs=0.1,1,93,0.35762448269249114,20.677001245997577,0.09740805625915527,AA,1
FAA cs=0.1,1,94,0.6881146017836778,39.78515780393179,0.09838104248046875,AA,1
FAA cs=0.1,1,95,0.12686541668213078,7.335058156703481,0.0993950366973877,AA,1
FAA cs=0.1,1,96,0.10571722082305209,6.112319520812118,0.10034394264221191,AA,1
FAA cs=0.1,1,97,0.21110949728229636,12.20585152751237,0.10132026672363281,AA,1
FAA cs=0.1,1,98,0.23053116179752325,13.328766207059072,0.10230541229248047,AA,1
FAA cs=0.1,1,99,0.1547589496374633,8.947796220189522,0.10320711135864258,AA,1
FAA cs=0.1,1,100,0.26012683083174337,15.03991775040264,0.10414910316467285,AA,1
FAA cs=0.1,1,101,0.27611231422473925,15.96416056942424,0.10504317283630371,AA,1
FAA cs=0.1,1,102,0.2774224275407494,16.039908220881404,0.10595107078552246,AA,1
FAA cs=0.1,1,103,0.1922078078585342,11.113000577196837,0.10688018798828125,AA,1
FAA cs=0.1,1,104,0.17684584260600042,10.224808101457588,0.10774111747741699,AA,1
FAA cs=0.1,1,105,0.22713685126531472,13.132515204959399,0.10876297950744629,AA,1
FAA cs=0.1,1,106,0.21679051591976048,12.534314580603695,0.10981893539428711,AA,1
FAA cs=0.1,1,107,0.30893421126308873,17.86184498087297,0.11075806617736816,AA,1
FAA cs=0.1,1,108,0.2709474037039716,15.665537666234446,0.1117258071899414,AA,1
FAA cs=0.1,1,109,0.4156475277296548,24.031756394463248,0.11262178421020508,AA,1
FAA cs=0.1,1,110,0.13423536498037308,7.761171125811156,0.11357498168945312,AA,1
FAA cs=0.1,1,111,0.4563892886697163,26.387348593798638,0.11455988883972168,AA,1
FAA cs=0.1,1,112,0.3581388423334434,20.70674030316947,0.11558198928833008,AA,1
FAA cs=0.1,1,113,0.4522092165559255,26.14566671661147,0.11653590202331543,AA,1
FAA cs=0.1,1,114,0.1029824267550566,5.95420019988153,0.11748075485229492,AA,1
FAA cs=0.1,1,115,0.2652243478676059,15.334644121786598,0.11849498748779297,AA,1
FAA cs=0.1,1,116,0.2137041679230116,12.35586924348948,0.11951804161071777,AA,1
FAA cs=0.1,1,117,0.3616804936996477,20.91151020359842,0.12045025825500488,AA,1
FAA cs=0.1,1,118,0.43112722001407006,24.926755568576652,0.12144112586975098,AA,1
FAA cs=0.1,1,119,0.5584986834561675,32.291072151346455,0.12239408493041992,AA,1
FAA cs=0.1,1,120,0.3513311710594044,20.313136860933437,0.12344098091125488,AA,1
FAA cs=0.1,1,121,0.2921868739257466,16.893553569769768,0.12447476387023926,AA,1
FAA cs=0.1,1,122,0.14737968816292224,8.521144785268532,0.12546992301940918,AA,1
FAA cs=0.1,1,123,0.3256771579901643,18.829882537281243,0.1264781951904297,AA,1
FAA cs=0.1,1,124,0.3168753853759229,18.320984874734613,0.12753510475158691,AA,1
FAA cs=0.1,1,125,0.1511432867828962,8.738747150656787,0.12851881980895996,AA,1
FAA cs=0.1,1,126,0.10251523260395193,5.927188139712203,0.1295790672302246,AA,1
FAA cs=0.1,1,127,0.3148836087698605,18.205825065050348,0.1305701732635498,AA,1
FAA cs=0.1,1,128,0.28733767931293824,16.613184613214464,0.13161826133728027,AA,1
FAA cs=0.1,1,129,0.40646773420807786,23.50100245766732,0.13257741928100586,AA,1
FAA cs=0.1,1,130,0.5168642570400466,29.883868146740415,0.13355326652526855,AA,1
FAA cs=0.1,1,131,0.623468348770937,36.047464444601886,0.1345992088317871,AA,1
FAA cs=0.1,1,132,0.31412137544902885,18.16175453831818,0.13560819625854492,AA,1
FAA cs=0.1,1,133,0.15179350040278686,8.77634096338298,0.13676929473876953,AA,1
FAA cs=0.1,1,134,0.4136121429320505,23.914075262345857,0.13777542114257812,AA,1
FAA cs=0.1,1,135,0.3261775049291544,18.858811413187723,0.1386885643005371,AA,1
FAA cs=0.1,1,136,0.3679153442223802,21.271994505614174,0.13967061042785645,AA,1
FAA cs=0.1,1,137,0.2144348124158196,12.398113378942483,0.14058876037597656,AA,1
FAA cs=0.1,1,138,0.14131573440913128,8.170541329993853,0.14157485961914062,AA,1
FAA cs=0.1,1,139,0.1894885480417928,10.955779409910873,0.14256000518798828,AA,1
FAA cs=0.1,1,140,0.2232847585076362,12.909796317956618,0.14358186721801758,AA,1
FAA cs=0.1,1,141,0.3515189182456411,20.32399195892483,0.14452600479125977,AA,1
FAA cs=0.1,1,142,0.2251806624370771,13.019412996368004,0.14550018310546875,AA,1
FAA cs=0.1,1,143,0.4613769402299254,26.67572280338463,0.14650630950927734,AA,1
FAA cs=0.1,1,144,0.47663257269124454,27.557767368779817,0.14752554893493652,AA,1
FAA cs=0.1,1,145,0.5557221624476031,32.13054027746188,0.14850854873657227,AA,1
FAA cs=0.1,1,146,0.2647281787787043,15.305956799285063,0.14943623542785645,AA,1
FAA cs=0.1,1,147,0.23951231015173083,13.848034950385346,0.15041899681091309,AA,1
FAA cs=0.1,1,148,0.2633451739798018,15.22599473478984,0.15141701698303223,AA,1
FAA cs=0.1,1,149,0.18888110395609428,10.920658430434582,0.15242314338684082,AA,1
FAA cs=0.1,1,150,0.20218747418338634,11.690001266523359,0.15331125259399414,AA,1
FAA cs=0.1,1,151,0.16790908986588285,9.70810620747268,0.1542983055114746,AA,1
FAA cs=0.1,1,152,0.35786997376369156,20.691194958762644,0.15530824661254883,AA,1
FAA cs=0.1,1,153,0.18097903599455956,10.463779561693636,0.15628862380981445,AA,1
FAA cs=0.1,1,154,0.5329640316611275,30.814719014091732,0.1572737693786621,AA,1
FAA cs=0.1,1,155,0.4200633129893025,24.287066647912265,0.1583237648010254,AA,1
FAA cs=0.1,1,156,0.5447387593223546,31.4955059017496,0.15928077697753906,AA,1
FAA cs=0.1,1,157,0.0901520204404844,5.212376470824418,0.1602616310119629,AA,1
FAA cs=0.1,1,158,0.2154639945362104,12.457618253512207,0.1612248420715332,AA,1
FAA cs=0.1,1,159,0.11777710923661987,6.809593728317511,0.16216707229614258,AA,1
FAA cs=0.1,1,160,0.16848879383331233,9.74162331895958,0.16311907768249512,AA,1
FAA cs=0.1,1,161,0.27858968319370286,16.107396180343255,0.16407489776611328,AA,1
FAA cs=0.1,1,162,0.370348755473885,21.412688585338728,0.1650238037109375,AA,1
FAA cs=0.1,1,163,0.2243088374993024,12.969006141700394,0.16597485542297363,AA,1
FAA cs=0.1,1,164,0.4262501235342806,24.64477339210422,0.16690373420715332,AA,1
FAA cs=0.1,1,165,0.42965595169763526,24.841690316379484,0.1678614616394043,AA,1
FAA cs=0.1,1,166,0.426346824423668,24.6503644086792,0.1689133644104004,AA,1
FAA cs=0.1,1,167,0.29119968410802516,16.836476590762672,0.16977620124816895,AA,1
FAA cs=0.1,1,168,0.47433784245729493,27.425091497292005,0.17075109481811523,AA,1
FAA cs=0.1,1,169,0.0931730090190315,5.387042881055829,0.17171478271484375,AA,1
FAA cs=0.1,1,170,0.1815573952799362,10.497218926846525,0.17265892028808594,AA,1
FAA cs=0.1,1,171,0.1264462837974191,7.310824885216657,0.17367792129516602,AA,1
FAA cs=0.1,1,172,0.15931266852230933,9.21108146941796,0.174638032913208,AA,1
FAA cs=0.1,1,173,0.10880639699459986,6.290928376300133,0.17561793327331543,AA,1
FAA cs=0.1,1,174,0.3280022558030108,18.964314190313882,0.17656588554382324,AA,1
FAA cs=0.1,1,175,0.17705032914446367,10.236631029179877,0.17756390571594238,AA,1
FAA cs=0.1,1,176,0.20039139750301235,11.586156363404873,0.17861270904541016,AA,1
FAA cs=0.1,1,177,0.42709067071331835,24.693371840782657,0.17950963973999023,AA,1
FAA cs=0.1,1,178,0.5192547355224134,30.02207995535681,0.18039274215698242,AA,1
FAA cs=0.1,1,179,0.31889825368995917,18.43794233339323,0.18134856224060059,AA,1
FAA cs=0.1,1,180,0.3906999719107952,22.5893477571477,0.1823105812072754,AA,1
FAA cs=0.1,1,181,0.33951941003517344,19.630208791868725,0.18324947357177734,AA,1
FAA cs=0.1,1,182,0.80597490400574,46.59956155378558,0.18427348136901855,AA,1
FAA cs=0.1,1,183,0.4246935437550386,24.554775633023063,0.1852126121520996,AA,1
FAA cs=0.1,1,184,0.24402199324923168,14.10877415460325,0.18620562553405762,AA,1
FAA cs=0.1,1,185,0.9019212973637581,52.14695495391413,0.18726778030395508,AA,1
FAA cs=0.1,1,186,0.5589190959318926,32.31537940575743,0.1882936954498291,AA,1
FAA cs=0.1,1,187,0.6728632354286985,38.90335989470913,0.18930649757385254,AA,1
FAA cs=0.1,1,188,0.1727819207331354,9.989841756323099,0.19025635719299316,AA,1
FAA cs=0.1,1,189,0.11893624966513751,6.876612484707728,0.19124841690063477,AA,1
FAA cs=0.1,1,190,0.24848291052221608,14.366693834255337,0.19232654571533203,AA,1
FAA cs=0.1,1,191,0.2447750341073409,14.15231319489541,0.1933135986328125,AA,1
FAA cs=0.1,1,192,0.3505518045171646,20.268075731886412,0.19429349899291992,AA,1
FAA cs=0.1,1,193,0.44000803424710716,25.440223230464547,0.1953585147857666,AA,1
FAA cs=0.1,1,194,0.49892067449359523,28.846412668644245,0.19630122184753418,AA,1
FAA cs=0.1,1,195,0.18178498491957826,10.510377621203872,0.1973562240600586,AA,1
FAA cs=0.1,1,196,0.15642037947047815,9.043856161244857,0.198350191116333,AA,1
FAA cs=0.1,1,197,0.17139303324083305,9.909539568417301,0.19935321807861328,AA,1
FAA cs=0.1,1,198,0.13914836396604957,8.045229100208195,0.2003180980682373,AA,1
FAA cs=0.1,1,199,0.17164830043199683,9.924298513302778,0.2012498378753662,AA,1
FAA cs=0.1,1,200,0.12058536469832723,6.971960413181007,0.2022390365600586,AA,1
FAA cs=0.1,1,201,0.35652237185013624,20.613279805314797,0.20321202278137207,AA,1
FAA cs=0.1,1,202,0.2491912233409422,14.407646805162392,0.20419931411743164,AA,1
FAA cs=0.1,1,203,0.43931898980679135,25.400384311597215,0.20524048805236816,AA,1
FAA cs=0.1,1,204,0.31969093511991653,18.483773297737475,0.20627546310424805,AA,1
FAA cs=0.1,1,205,0.2860137604769701,16.536638759265053,0.20740032196044922,AA,1
FAA cs=0.1,1,206,0.3336453148450157,19.290582509429782,0.20838117599487305,AA,1
FAA cs=0.1,1,207,0.2350316270117072,13.588972455078355,0.20941424369812012,AA,1
FAA cs=0.1,1,208,0.3343554812888445,19.331642652553544,0.21048617362976074,AA,1
FAA cs=0.1,1,209,0.37166357978640807,21.48870861546537,0.21146106719970703,AA,1
FAA cs=0.1,1,210,0.4100372041168595,23.70738076039357,0.2124500274658203,AA,1
FAA cs=0.1,1,211,0.2780694273512141,16.077316218752294,0.2134106159210205,AA,1
FAA cs=0.1,1,212,0.23910268716437771,13.82435151865796,0.21448040008544922,AA,1
FAA cs=0.1,1,213,0.19242581876525242,11.125605451885269,0.21543455123901367,AA,1
FAA cs=0.1,1,214,0.11960856611542575,6.915484230779621,0.21637654304504395,AA,1
FAA cs=0.1,1,215,0.1403311959577137,8.113617646711806,0.21735858917236328,AA,1
FAA cs=0.1,1,216,0.12536629076750933,7.248382244106109,0.21841096878051758,AA,1
FAA cs=0.1,1,217,0.07495654554361778,4.333810073438803,0.2193899154663086,AA,1
FAA cs=0.1,1,218,0.11072201015638006,6.401684595882105,0.2203519344329834,AA,1
FAA cs=0.1,1,219,0.10608248565034428,6.133438268701462,0.22138309478759766,AA,1
FAA cs=0.1,1,220,0.12407333678715252,7.1736267048276545,0.22230100631713867,AA,1
FAA cs=0.1,1,221,0.08401940446243651,4.857803128237145,0.22321391105651855,AA,1
FAA cs=0.1,1,222,0.15519031315425866,8.972736637878779,0.2242140769958496,AA,1
FAA cs=0.1,1,223,0.1840373412989257,10.64060353669927,0.22516918182373047,AA,1
FAA cs=0.1,1,224,0.3691251884958384,21.34194483832467,0.2261502742767334,AA,1
FAA cs=0.1,1,225,0.18526927101155466,10.711830797235885,0.22710227966308594,AA,1
FAA cs=0.1,1,226,0.4196093355453405,24.260818746471667,0.22815203666687012,AA,1
FAA cs=0.1,1,227,0.4343784678495606,25.11473502411994,0.229050874710083,AA,1
FAA cs=0.1,1,228,0.5476038603363219,31.6611592619158,0.23001384735107422,AA,1
FAA cs=0.1,1,229,0.27370367789965094,15.824898917313496,0.23097586631774902,AA,1
FAA cs=0.1,1,230,0.20431533599411536,11.81302920068632,0.23203563690185547,AA,1
FAA cs=0.1,1,231,0.15673033424625316,9.061777012850571,0.23296046257019043,AA,1
FAA cs=0.1,1,232,0.15348819474751355,8.874324179782707,0.2339186668395996,AA,1
FAA cs=0.1,1,233,0.13610174729269062,7.869080934185435,0.2348155975341797,AA,1
FAA cs=0.1,1,234,0.171885047463599,9.937986666391653,0.23575735092163086,AA,1
FAA cs=0.1,1,235,0.17964200738595143,10.386475731715374,0.2367391586303711,AA,1
FAA cs=0.1,1,236,0.17030520779723934,9.8466440756835,0.23777508735656738,AA,1
FAA cs=0.1,1,237,0.16745898643607646,9.682082292362434,0.23878002166748047,AA,1
FAA cs=0.1,1,238,0.17575570889500988,10.161779150165577,0.23975896835327148,AA,1
FAA cs=0.1,1,239,0.19811517495879624,11.454550562737714,0.2407817840576172,AA,1
FAA cs=0.1,1,240,0.23511271139444026,13.593660562196133,0.24176883697509766,AA,1
FAA cs=0.1,1,241,0.28480430754089675,16.466711052756025,0.24272871017456055,AA,1
FAA cs=0.1,1,242,0.1582881321688375,9.15184520209696,0.24367880821228027,AA,1
FAA cs=0.1,1,243,0.35701721910649936,20.641890702587165,0.2446746826171875,AA,1
FAA cs=0.1,1,244,0.3161656978584299,18.27995242199818,0.24570155143737793,AA,1
FAA cs=0.1,1,245,0.8073403574642594,46.678508841316315,0.24668359756469727,AA,1
FAA cs=0.1,1,246,0.2246524900511702,12.988875318971656,0.24762368202209473,AA,1
FAA cs=0.1,1,247,0.1938737753086674,11.209322872535369,0.24854683876037598,AA,1
FAA cs=0.1,1,248,0.2601485393509482,15.04117288560834,0.24943089485168457,AA,1
FAA cs=0.1,1,249,0.18393351748678868,10.634600689587801,0.2503697872161865,AA,1
FAA cs=0.1,1,250,0.3143184999827495,18.17315181234895,0.2513148784637451,AA,1
FAA cs=0.1,1,251,0.31745302216690474,18.354382466971426,0.25229883193969727,AA,1
FAA cs=0.1,1,252,0.14611089158014115,8.447785969547741,0.25333571434020996,AA,1
FAA cs=0.1,1,253,0.1981721698676197,11.457845873483459,0.2543215751647949,AA,1
FAA cs=0.1,1,254,0.12749529981562205,7.371476508819578,0.2553403377532959,AA,1
FAA cs=0.1,1,255,0.24979452327117085,14.442528179376847,0.25632405281066895,AA,1
FAA cs=0.1,1,256,0.15265004954656147,8.825864607792736,0.2573370933532715,AA,1
FAA cs=0.1,1,257,0.3904211756761656,22.57322841865215,0.258317232131958,AA,1
FAA cs=0.1,1,258,0.2681457405847793,15.503552135013933,0.2592902183532715,AA,1
FAA cs=0.1,1,259,0.4095548620043464,23.679492880944313,0.2602541446685791,AA,1
FAA cs=0.1,1,260,0.19671631583552673,11.373671838727955,0.26120519638061523,AA,1
FAA cs=0.1,1,261,0.20993247031951282,12.13779861404063,0.2621181011199951,AA,1
FAA cs=0.1,1,262,0.2527163935241054,14.611463802591773,0.26308512687683105,AA,1
FAA cs=0.1,1,263,0.2985143184106622,17.25939143554888,0.26413607597351074,AA,1
FAA cs=0.1,1,264,0.2220894801785764,12.840688153679915,0.2650489807128906,AA,1
FAA cs=0.1,1,265,0.1745962577330117,10.094742427900888,0.26601696014404297,AA,1
FAA cs=0.1,1,266,0.1520317882691665,8.790118203892195,0.26696109771728516,AA,1
FAA cs=0.1,1,267,0.2773623039887298,16.03643201939021,0.26795101165771484,AA,1
FAA cs=0.1,1,268,0.1859236503231709,10.749665460399253,0.26897287368774414,AA,1
FAA cs=0.1,1,269,0.4700835851569485,27.179120408182605,0.26994991302490234,AA,1
FAA cs=0.1,1,270,0.3438932063945875,19.88309134647589,0.2709228992462158,AA,1
FAA cs=0.1,1,271,0.5889001567363078,34.04881338919717,0.27187085151672363,AA,1
FAA cs=0.1,1,272,0.17047875433288073,9.856678125664304,0.2729320526123047,AA,1
FAA cs=0.1,1,273,0.23375557351415724,13.51519406171962,0.2739429473876953,AA,1
FAA cs=0.1,1,274,0.36026431838624545,20.829630298455157,0.2749752998352051,AA,1
FAA cs=0.1,1,275,0.6039248444866229,34.91750527794887,0.27593016624450684,AA,1
FAA cs=0.1,1,276,0.2923930588400976,16.90547469356656,0.27693915367126465,AA,1
FAA cs=0.1,1,277,0.4691549564778118,27.125429295619462,0.27785706520080566,AA,1
FAA cs=0.1,1,278,0.4388116397677132,25.371050533016973,0.2788052558898926,AA,1
FAA cs=0.1,1,279,0.8853642464779897,51.18966545511476,0.2798492908477783,AA,1
FAA cs=0.1,1,280,0.5005726685613566,28.941927056083024,0.280834436416626,AA,1
FAA cs=0.1,1,281,0.2761254785181427,15.964921697714606,0.2818784713745117,AA,1
FAA cs=0.1,1,282,0.9511776951601549,54.99484330580082,0.28285765647888184,AA,1
FAA cs=0.1,1,283,0.583000910921776,33.70773295717763,0.2838926315307617,AA,1
FAA cs=0.1,1,284,0.6534498088706955,37.780921514353416,0.28490567207336426,AA,1
FAA cs=0.1,1,285,0.2283287230797584,13.201426412622752,0.2859067916870117,AA,1
FAA cs=0.1,1,286,0.15106397482604544,8.734161521008954,0.28693270683288574,AA,1
FAA cs=0.1,1,287,0.3352487064460786,19.383286817265184,0.28792381286621094,AA,1
FAA cs=0.1,1,288,0.24082906681876615,13.924166704676834,0.288928747177124,AA,1
FAA cs=0.1,1,289,0.32160449178285677,18.594410615423367,0.2899625301361084,AA,1
FAA cs=0.1,1,290,0.31921879991640084,18.456475557611085,0.2909083366394043,AA,1
FAA cs=0.1,1,291,0.2675950785377452,15.471714158634565,0.2918541431427002,AA,1
FAA cs=0.1,1,292,0.1712244346204586,9.899791595187645,0.2928311824798584,AA,1
FAA cs=0.1,1,293,0.13058479289876213,7.5501036873858665,0.2937502861022949,AA,1
FAA cs=0.1,1,294,0.12270140992608264,7.094305140481201,0.29471397399902344,AA,1
FAA cs=0.1,1,295,0.12810037615805656,7.406460590983773,0.2957301139831543,AA,1
FAA cs=0.1,1,296,0.13927579286163572,8.052596737381617,0.2967391014099121,AA,1
FAA cs=0.1,1,297,0.1590396849993985,9.195298208157803,0.2977180480957031,AA,1
FAA cs=0.1,1,298,0.16183702609806558,9.357033850379912,0.2987039089202881,AA,1
FAA cs=0.1,1,299,0.1138568455323493,6.582933358514078,0.29969286918640137,AA,1
FAA cs=0.1,1,300,0.12175295184847446,7.039467539026091,0.30069589614868164,AA,1
FAA cs=0.1,1,301,0.08553702850348012,4.945548558727141,0.3016319274902344,AA,1
FAA cs=0.1,1,302,0.2212754767049795,12.793624399232538,0.3026130199432373,AA,1
FAA cs=0.1,1,303,0.2163914370773538,12.511240786383656,0.30362963676452637,AA,1
FAA cs=0.1,1,304,0.25813533229507357,14.924774018032585,0.3046114444732666,AA,1
FAA cs=0.1,1,305,0.1086855040147043,6.283938630304241,0.3056485652923584,AA,1
FAA cs=0.1,1,306,0.11777465104370793,6.809451601420828,0.3067586421966553,AA,1
FAA cs=0.1,1,307,0.1214811061959508,7.023750066738871,0.3077418804168701,AA,1
FAA cs=0.1,1,308,0.18710277065564299,10.817839407552281,0.3087427616119385,AA,1
FAA cs=0.1,1,309,0.12708484391235506,7.347744919865204,0.3097248077392578,AA,1
FAA cs=0.1,1,310,0.2366809306852061,13.68433129028788,0.3107600212097168,AA,1
FAA cs=0.1,1,311,0.2345557393716923,13.561457757953987,0.311784029006958,AA,1
FAA cs=0.1,1,312,0.2815325691462773,16.27754688157624,0.3127329349517822,AA,1
FAA cs=0.1,1,313,0.08952618306039037,5.176192034595193,0.31369495391845703,AA,1
FAA cs=0.1,1,314,0.18397934647845102,10.637250413428212,0.31467223167419434,AA,1
FAA cs=0.1,1,315,0.17045438161847104,9.855268952996864,0.315723180770874,AA,1
FAA cs=0.1,1,316,0.23631103013974555,13.662944516144792,0.31668519973754883,AA,1
FAA cs=0.1,1,317,0.12378162871035195,7.156760834174555,0.3176250457763672,AA,1
FAA cs=0.1,1,318,0.30548030144388644,17.662148089045186,0.31858134269714355,AA,1
FAA cs=0.1,1,319,0.31897726390241143,18.442510516894043,0.3195517063140869,AA,1
FAA cs=0.1,1,320,0.2471701673006379,14.290794127882082,0.3204936981201172,AA,1
FAA cs=0.1,1,321,0.4685120394916257,27.08825735698607,0.3214256763458252,AA,1
FAA cs=0.1,1,322,0.42416243373130047,24.52406810835944,0.32237672805786133,AA,1
FAA cs=0.1,1,323,0.2273795153920824,13.146545470487524,0.3233218193054199,AA,1
FAA cs=0.1,1,324,0.362602671896129,20.964828364519946,0.3243269920349121,AA,1
FAA cs=0.1,1,325,0.2679452107807981,15.49195797631551,0.3253321647644043,AA,1
FAA cs=0.1,1,326,0.24539795641195813,14.188329088359296,0.32631587982177734,AA,1
FAA cs=0.1,1,327,0.23157961118503023,13.389385069416122,0.3273179531097412,AA,1
FAA cs=0.1,1,328,0.134061483062935,7.751117684848572,0.3283257484436035,AA,1
FAA cs=0.1,1,329,0.15606398126420223,9.023250060399198,0.329348087310791,AA,1
FAA cs=0.1,1,330,0.1266015917682909,7.319804424545319,0.33026814460754395,AA,1
FAA cs=0.1,1,331,0.2059287759491557,11.906314480568563,0.3312811851501465,AA,1
FAA cs=0.1,1,332,0.15124141601630348,8.74442075070272,0.33225512504577637,AA,1
FAA cs=0.1,1,333,0.40966139068962815,23.68565211741974,0.33327317237854004,AA,1
FAA cs=0.1,1,334,0.2568281451491425,14.849195550804405,0.33426403999328613,AA,1
FAA cs=0.1,1,335,0.3681058062892249,21.28300657157737,0.3352549076080322,AA,1
FAA cs=0.1,1,336,0.2454358008981749,14.190517166990734,0.3361988067626953,AA,1
FAA cs=0.1,1,337,0.5783516004901768,33.438920830939985,0.33712077140808105,AA,1
FAA cs=0.1,1,338,0.312932024616701,18.092989087874685,0.3381338119506836,AA,1
FAA cs=0.1,1,339,0.21828555025838894,12.620753927960152,0.33911585807800293,AA,1
FAA cs=0.1,1,340,0.5258952672036162,30.406019781882556,0.34014201164245605,AA,1
FAA cs=0.1,1,341,0.6015611950220309,34.780844659647485,0.34105682373046875,AA,1
FAA cs=0.1,1,342,0.6595113353226734,38.131384628781646,0.3420279026031494,AA,1
FAA cs=0.1,1,343,0.5272075913494009,30.4818952582852,0.34294986724853516,AA,1
FAA cs=0.1,1,344,0.3509145409138887,20.289048291904017,0.34395289421081543,AA,1
FAA cs=0.1,1,345,0.8722815711143306,50.43325612665174,0.3449747562408447,AA,1
FAA cs=0.1,1,346,0.4018280673853067,23.23274790206984,0.345902681350708,AA,1
FAA cs=0.1,1,347,0.7269165495541658,42.02859459650561,0.34688353538513184,AA,1
FAA cs=0.1,1,348,0.2830959346027329,16.36793697245511,0.3478236198425293,AA,1
FAA cs=0.1,1,349,0.4337298209549355,25.07723179574084,0.3487436771392822,AA,1
FAA cs=0.1,1,350,0.1193112961209538,6.898296783209429,0.34972071647644043,AA,1
FAA cs=0.1,1,351,0.11088507611912729,6.411112683941175,0.35074377059936523,AA,1
FAA cs=0.1,1,352,0.09923758521568694,5.737682324503879,0.35174560546875,AA,1
FAA cs=0.1,1,353,0.1773547647723489,10.254232776716053,0.3528025150299072,AA,1
FAA cs=0.1,1,354,0.17393449515546908,10.056480881774672,0.35376954078674316,AA,1
FAA cs=0.1,1,355,0.22165087609564496,12.815329103591973,0.35473036766052246,AA,1
FAA cs=0.1,1,356,0.2803760732001504,16.210681022899504,0.35568928718566895,AA,1
FAA cs=0.1,1,357,0.3376934533396304,19.524636296986305,0.356661319732666,AA,1
FAA cs=0.1,1,358,0.16896385617314835,9.769090299180736,0.35758113861083984,AA,1
FAA cs=0.1,1,359,0.23330402373888443,13.489086522337386,0.3585329055786133,AA,1
FAA cs=0.1,1,360,0.1891862035008823,10.938298564074872,0.3595387935638428,AA,1
FAA cs=0.1,1,361,0.5344855165737966,30.90268767104209,0.36055469512939453,AA,1
FAA cs=0.1,1,362,0.13038416700210176,7.538503972836141,0.3614957332611084,AA,1
FAA cs=0.1,1,363,0.36178227805348406,20.917395134057465,0.36242198944091797,AA,1
FAA cs=0.1,1,364,0.340297390631979,19.675189788830675,0.3634316921234131,AA,1
FAA cs=0.1,1,365,0.4793216258929243,27.713242061068982,0.3645167350769043,AA,1
FAA cs=0.1,1,366,0.1429600746971779,8.265613194002725,0.3655235767364502,AA,1
FAA cs=0.1,1,367,0.17080523134995906,9.875554254161141,0.36654067039489746,AA,1
FAA cs=0.1,1,368,0.10979442790578584,6.348053985340841,0.36751341819763184,AA,1
FAA cs=0.1,1,369,0.12858440049348296,7.434445732580777,0.3684084415435791,AA,1
FAA cs=0.1,1,370,0.14555233164688614,8.415491356077977,0.3693854808807373,AA,1
FAA cs=0.1,1,371,0.1715382069979175,9.917933171488102,0.37044262886047363,AA,1
FAA cs=0.1,1,372,0.1450134666463594,8.38433545700913,0.3713514804840088,AA,1
FAA cs=0.1,1,373,0.36734151139375243,21.23881684947833,0.37227749824523926,AA,1
FAA cs=0.1,1,374,0.4006019900988684,23.161859014965394,0.373232364654541,AA,1
FAA cs=0.1,1,375,0.2467158577798225,14.264527026543703,0.3742704391479492,AA,1
FAA cs=0.1,1,376,0.3379402212700606,19.53890383473026,0.3752574920654297,AA,1
FAA cs=0.1,1,377,0.2989946746619468,17.28716449720158,0.3761863708496094,AA,1
FAA cs=0.1,1,378,0.43281542681323865,25.02436369044544,0.3771491050720215,AA,1
FAA cs=0.1,1,379,0.4454620084844997,25.75555911366014,0.3780810832977295,AA,1
FAA cs=0.1,1,380,0.3554251651560237,20.54984191087738,0.37908506393432617,AA,1
FAA cs=0.1,1,381,0.4984792992214907,28.820893394956528,0.3801290988922119,AA,1
FAA cs=0.1,1,382,0.24639002520393344,14.245688158111316,0.3810563087463379,AA,1
FAA cs=0.1,1,383,0.8129649561708726,47.003709827527544,0.3819751739501953,AA,1
FAA cs=0.1,1,384,0.37810786596334667,21.861301991363238,0.38286519050598145,AA,1
FAA cs=0.1,1,385,0.6386673241918986,36.92623323400644,0.3837602138519287,AA,1
FAA cs=0.1,1,386,0.14244437633231047,8.235796734982241,0.38481712341308594,AA,1
FAA cs=0.1,1,387,0.21270849811871434,12.29830197172705,0.38578224182128906,AA,1
FAA cs=0.1,1,388,0.20700036739731156,11.96827136210503,0.3868381977081299,AA,1
FAA cs=0.1,1,389,0.25145343954162463,14.538442792193424,0.3877382278442383,AA,1
FAA cs=0.1,1,390,0.22669575194745384,13.107011886292984,0.3886382579803467,AA,1
FAA cs=0.1,1,391,0.3052046068950436,17.646208082681472,0.3896791934967041,AA,1
FAA cs=0.1,1,392,0.31001658670561544,17.924425367442883,0.3906972408294678,AA,1
FAA cs=0.1,1,393,0.22531698540632017,13.027294867831822,0.39162731170654297,AA,1
FAA cs=0.1,1,394,0.5087716811084415,29.415974558020405,0.39261651039123535,AA,1
FAA cs=0.1,1,395,0.1565941047811026,9.053900547572098,0.3936774730682373,AA,1
FAA cs=0.1,1,396,0.39509319851539987,22.84335372254876,0.39469027519226074,AA,1
FAA cs=0.1,1,397,0.29501796823639437,17.05724074282927,0.3957064151763916,AA,1
FAA cs=0.1,1,398,0.2610942803975523,15.095853394760836,0.39672040939331055,AA,1
FAA cs=0.1,1,399,0.2600649393099078,15.036339329080711,0.397749662399292,AA,1
FAA cs=0.1,1,400,0.3347747184311994,19.355881951970563,0.3986496925354004,AA,1
FAA cs=0.1,1,401,0.34128613058722485,19.732356393120924,0.3995628356933594,AA,1
FAA cs=0.1,1,402,0.5766997210578075,33.34341307144829,0.4005465507507324,AA,1
FAA cs=0.1,1,403,0.5739669530020389,33.18541088974996,0.4015507698059082,AA,1
FAA cs=0.1,1,404,0.2546377915621348,14.722554490028157,0.4025118350982666,AA,1
FAA cs=0.1,1,405,0.5284557181628161,30.554058996857712,0.40355587005615234,AA,1
FAA cs=0.1,1,406,0.4865014527527488,28.128362658542983,0.4045107364654541,AA,1
FAA cs=0.1,1,407,0.26746104131721393,15.463964443751879,0.40553951263427734,AA,1
FAA cs=0.1,1,408,0.3416487989568329,19.75332501997167,0.40656185150146484,AA,1
FAA cs=0.1,1,409,0.2871248426731457,16.600878902394413,0.407606840133667,AA,1
FAA cs=0.1,1,410,0.16125480749123433,9.323371348393872,0.4085407257080078,AA,1
FAA cs=0.1,1,411,0.22002590273269498,12.72137698935901,0.4094808101654053,AA,1
FAA cs=0.1,1,412,0.16636916700902285,9.619071512223883,0.4103968143463135,AA,1
FAA cs=0.1,1,413,0.22282660341781185,12.883306874918949,0.41140270233154297,AA,1
FAA cs=0.1,1,414,0.15376127458394176,8.890113009662507,0.41240668296813965,AA,1
FAA cs=0.1,1,415,0.19327192544819663,11.174525337922622,0.41346263885498047,AA,1
FAA cs=0.1,1,416,0.31147125595630754,18.008530900941658,0.4143695831298828,AA,1
FAA cs=0.1,1,417,0.2624712394685592,15.175465909576772,0.41529273986816406,AA,1
FAA cs=0.1,1,418,0.2459083625097585,14.217839561022483,0.416245698928833,AA,1
FAA cs=0.1,1,419,0.34303339141986644,19.83337887944963,0.4172935485839844,AA,1
FAA cs=0.1,1,420,0.3291271830288887,19.0293548202954,0.41828060150146484,AA,1
FAA cs=0.1,1,421,0.3879640293481776,22.431162032976054,0.419231653213501,AA,1
FAA cs=0.1,1,422,0.5775671827025003,33.39356765083594,0.4202127456665039,AA,1
FAA cs=0.1,1,423,0.71270136795538,41.20670643768256,0.4212198257446289,AA,1
FAA cs=0.1,1,424,0.3794868946977976,21.941034169221506,0.4222438335418701,AA,1
FAA cs=0.1,1,425,0.18075452971933156,10.450799140169714,0.4231877326965332,AA,1
FAA cs=0.1,1,426,0.3437277334630035,19.87352409317494,0.4241335391998291,AA,1
FAA cs=0.1,1,427,0.27696581320298164,16.01350786048135,0.4250915050506592,AA,1
FAA cs=0.1,1,428,0.3603593557982483,20.835125136704498,0.4260673522949219,AA,1
FAA cs=0.1,1,429,0.3705047813924888,21.421709634706183,0.42699432373046875,AA,1
FAA cs=0.1,1,430,0.361709734072225,20.913200812741458,0.4279823303222656,AA,1
FAA cs=0.1,1,431,0.49607122060844655,28.681663988436313,0.428997278213501,AA,1
FAA cs=0.1,1,432,0.1818749259931758,10.51557780122746,0.42995214462280273,AA,1
FAA cs=0.1,1,433,0.41447265487827545,23.963828026615044,0.4309401512145996,AA,1
FAA cs=0.1,1,434,0.19185481554526587,11.092591397024593,0.4318990707397461,AA,1
FAA cs=0.1,1,435,0.21749327078931438,12.574946204042886,0.43280506134033203,AA,1
FAA cs=0.1,1,436,0.2580324305648923,14.918824483517623,0.4337022304534912,AA,1
FAA cs=0.1,1,437,0.23929443923063187,13.835438169334136,0.43465638160705566,AA,1
FAA cs=0.1,1,438,0.20421227869243294,11.807070671395335,0.4356346130371094,AA,1
FAA cs=0.1,1,439,0.2006038482517144,11.59843976291531,0.43660664558410645,AA,1
FAA cs=0.1,1,440,0.1824200210378008,10.547093906702234,0.43756651878356934,AA,1
FAA cs=0.1,1,441,0.16067057979159752,9.289592685416471,0.43856072425842285,AA,1
FAA cs=0.1,1,442,0.1354890708994688,7.8336574350707675,0.4394998550415039,AA,1
FAA cs=0.1,1,443,0.1900033610958067,10.985544682352957,0.44044995307922363,AA,1
FAA cs=0.1,1,444,0.22352878559527567,12.923905386656807,0.44130897521972656,AA,1
FAA cs=0.1,1,445,0.36051226964085753,20.84396625320289,0.442169189453125,AA,1
FAA cs=0.1,1,446,0.3863641568054305,22.33866118876438,0.4431571960449219,AA,1
FAA cs=0.1,1,447,0.12708705616175534,7.347872826890086,0.4441542625427246,AA,1
FAA cs=0.1,1,448,0.09218598382022754,5.329975419924961,0.4451022148132324,AA,1
FAA cs=0.1,1,449,0.13375466573736933,7.733378233188966,0.4461362361907959,AA,1
FAA cs=0.1,1,450,0.12628637789585023,7.301579504416416,0.4471282958984375,AA,1
FAA cs=0.1,1,451,0.2814198087352523,16.27102734146615,0.44814419746398926,AA,1
FAA cs=0.1,1,452,0.28505333070064875,16.48110898252221,0.4490501880645752,AA,1
FAA cs=0.1,1,453,0.33733777813571,19.504071998425804,0.45003485679626465,AA,1
FAA cs=0.1,1,454,0.12082030160767261,6.985543909284774,0.45119380950927734,AA,1
FAA cs=0.1,1,455,0.12446023604307906,7.195996304181252,0.45241570472717285,AA,1
FAA cs=0.1,1,456,0.11966825232181429,6.918935145981435,0.4533815383911133,AA,1
FAA cs=0.1,1,457,0.20006431870751012,11.567245441503719,0.45435571670532227,AA,1
FAA cs=0.1,1,458,0.23375765098093215,13.515314175932076,0.45533180236816406,AA,1
FAA cs=0.1,1,459,0.3656671403768678,21.14200867979786,0.456341028213501,AA,1
FAA cs=0.1,1,460,0.3128016074876044,18.08544867811155,0.45736098289489746,AA,1
FAA cs=0.1,1,461,0.5735010610541901,33.15847411989113,0.45836496353149414,AA,1
FAA cs=0.1,1,462,0.48778947447297216,28.202833026213057,0.45928502082824707,AA,1
FAA cs=0.1,1,463,0.8294147392146205,47.954797353558114,0.4603440761566162,AA,1
FAA cs=0.1,1,464,0.21962714392383537,12.69832169872128,0.4613332748413086,AA,1
FAA cs=0.1,1,465,0.4172037713237358,24.121734716114002,0.46235227584838867,AA,1
FAA cs=0.1,1,466,0.35112444801981996,20.301184624009153,0.4634554386138916,AA,1
FAA cs=0.1,1,467,0.27559507152616775,15.934254820683758,0.4645054340362549,AA,1
FAA cs=0.1,1,468,0.4944043422312686,28.58528902545183,0.4655485153198242,AA,1
FAA cs=0.1,1,469,0.4964289910890408,28.702349430935477,0.4665815830230713,AA,1
FAA cs=0.1,1,470,0.3736084533431843,21.601156601839246,0.46759867668151855,AA,1
FAA cs=0.1,1,471,0.12318701949109738,7.122381936301447,0.4685325622558594,AA,1
FAA cs=0.1,1,472,0.32320484701830493,18.686939367784692,0.46952176094055176,AA,1
FAA cs=0.1,1,473,0.2501004763099998,14.46021766002273,0.47048473358154297,AA,1
FAA cs=0.1,1,474,0.3264969854477751,18.87728302070144,0.4715156555175781,AA,1
FAA cs=0.1,1,475,0.11967854617153711,6.919530312011296,0.47242164611816406,AA,1
FAA cs=0.1,1,476,0.21928344432390554,12.678449801242413,0.473360538482666,AA,1
FAA cs=0.1,1,477,0.1584673905915514,9.162209499870718,0.4743483066558838,AA,1
FAA cs=0.1,1,478,0.3017392282657713,17.44584809139718,0.47536230087280273,AA,1
FAA cs=0.1,1,479,0.2759590323052461,15.955298171591497,0.47631025314331055,AA,1
FAA cs=0.1,1,480,0.42448985608789586,24.542998894149942,0.4772002696990967,AA,1
FAA cs=0.1,1,481,0.16645900284310575,9.62426560754779,0.4782102108001709,AA,1
FAA cs=0.1,1,482,0.33678563228806385,19.472148232206564,0.47924017906188965,AA,1
FAA cs=0.1,1,483,0.3181803618812196,18.39643552795295,0.480196475982666,AA,1
FAA cs=0.1,1,484,0.9306384037078798,53.80731008169609,0.4811248779296875,AA,1
FAA cs=0.1,1,485,0.352521274591423,20.381945830691734,0.48207902908325195,AA,1
FAA cs=0.1,1,486,0.24115488647737288,13.943004826262527,0.4830758571624756,AA,1
FAA cs=0.1,1,487,0.7305278952577849,42.23739405858737,0.48409366607666016,AA,1
FAA cs=0.1,1,488,0.4870259200221514,28.158686114871465,0.4852445125579834,AA,1
FAA cs=0.1,1,489,0.4119014100182023,23.815164733835918,0.48625755310058594,AA,1
FAA cs=0.1,1,490,0.4365357384963734,25.239463307587204,0.4873487949371338,AA,1
FAA cs=0.1,1,491,0.33217473854208085,19.205557267815482,0.48826146125793457,AA,1
FAA cs=0.1,1,492,0.22904839709325642,13.243036260924457,0.4892745018005371,AA,1
FAA cs=0.1,1,493,0.1826966293033853,10.563086742005575,0.49025940895080566,AA,1
FAA cs=0.1,1,494,0.320974531148382,18.557987782383815,0.4913172721862793,AA,1
FAA cs=0.1,1,495,0.1758585636952697,10.167725971303541,0.4922642707824707,AA,1
FAA cs=0.1,1,496,0.279324049156102,16.149855482360902,0.4932112693786621,AA,1
FAA cs=0.1,1,497,0.14421004422806347,8.33788347413845,0.49419546127319336,AA,1
FAA cs=0.1,1,498,0.18728002733962706,10.828087969529934,0.495220422744751,AA,1
FAA cs=0.1,1,499,0.1463117059682694,8.45939658222806,0.4961705207824707,AA,1
FAA cs=0.1,1,500,0.5330557656266494,30.820022854883376,0.4971957206726074,AA,1
FAA cs=0.2,1,0,1.0,57.81763343025095,0.0,initial,0
FAA cs=0.2,1,1,0.26526225887283933,15.336836046390157,0.0005550384521484375,AA,0
FAA cs=0.2,1,2,0.27808449168729354,16.078187203013606,0.0016949176788330078,AA,1
FAA cs=0.2,1,3,0.327846574523422,18.955313067158663,0.0027108192443847656,AA,1
FAA cs=0.2,1,4,0.4096741192838338,23.686388054613605,0.0037240982055664062,AA,1
FAA cs=0.2,1,5,0.17817024025338402,10.301381639149898,0.004701852798461914,AA,1
FAA cs=0.2,1,6,0.3027076769010307,17.501841499586636,0.005695819854736328,AA,1
FAA cs=0.2,1,7,0.32070498028645295,18.542402989457994,0.006834983825683594,AA,1
FAA cs=0.2,1,8,0.5305107571950711,30.672876490309488,0.0077741146087646484,AA,1
FAA cs=0.2,1,9,0.5825792599158585,33.683354093881995,0.00875997543334961,AA,1
FAA cs=0.2,1,10,0.45012771266903095,26.025319087895358,0.009793996810913086,AA,1
FAA cs=0.2,1,11,0.9015232890467674,52.12394305494017,0.010857820510864258,AA,1
FAA cs=0.2,1,12,0.41998053627419746,24.28228069414176,0.01183176040649414,AA,1
FAA cs=0.2,1,13,0.5679897781290302,32.83982478399383,0.012847900390625,AA,1
FAA cs=0.2,1,14,0.3988898995440262,23.062869990866133,0.01378488540649414,AA,1
FAA cs=0.2,1,15,0.368529943531907,21.30752918319888,0.014814615249633789,AA,1
FAA cs=0.2,1,16,0.21371736657250112,12.356632358167438,0.01583576202392578,AA,1
FAA cs=0.2,1,17,0.17427750159811023,10.07631270253951,0.016865015029907227,AA,1
FAA cs=0.2,1,18,0.25638826399842285,14.823762663679219,0.01785898208618164,AA,1
FAA cs=0.2,1,19,0.37178092713691174,21.4954933615608,0.018841028213500977,AA,1
FAA cs=0.2,1,20,0.2326816348085328,13.453101467311269,0.019814014434814453,AA,1
FAA cs=0.2,1,21,0.4599038464338406,26.59055200627422,0.020832300186157227,AA,1
FAA cs=0.2,1,22,0.5533293414981663,31.99219303294312,0.02198338508605957,AA,1
FAA cs=0.2,1,23,0.41125089427417055,23.77755345300688,0.023116350173950195,AA,1
FAA cs=0.2,1,24,0.3555167791638169,20.555138815997044,0.024184226989746094,AA,1
FAA cs=0.2,1,25,0.09141936445461743,5.2856513024635845,0.025106430053710938,AA,1
FAA cs=0.2,1,26,0.4322736182953482,24.993037604168663,0.026131629943847656,AA,1
FAA cs=0.2,1,27,0.33755221063274965,19.516469977935177,0.027217626571655273,AA,1
FAA cs=0.2,1,28,0.30614822365188654,17.70076577042726,0.028203487396240234,AA,1
FAA cs=0.2,1,29,0.31176464184079106,18.025493778464334,0.02923440933227539,AA,1
FAA cs=0.2,1,30,0.27126087022026424,15.683661558366113,0.03028249740600586,AA,1
FAA cs=0.2,1,31,0.289119453598412,16.716202585707435,0.031293392181396484,AA,1
FAA cs=0.2,1,32,0.3806449859361367,22.00799226391858,0.03229022026062012,AA,1
FAA cs=0.2,1,33,0.39732360254917876,22.97231040537514,0.033289432525634766,AA,1
FAA cs=0.2,1,34,0.2064066332576551,11.933943059263347,0.03437542915344238,AA,1
FAA cs=0.2,1,35,0.20609546864380074,11.91595225768305,0.03532743453979492,AA,1
FAA cs=0.2,1,36,0.15359916446049846,8.880740185969929,0.03632664680480957,AA,1
FAA cs=0.2,1,37,0.3007341716363289,17.387738095619437,0.03741049766540527,AA,1
FAA cs=0.2,1,38,0.22995664338578656,13.295548912130348,0.03842616081237793,AA,1
FAA cs=0.2,1,39,0.4261426094795341,24.638557183898286,0.039433956146240234,AA,1
FAA cs=0.2,1,40,0.46863274593573706,27.09523631792437,0.04041481018066406,AA,1
FAA cs=0.2,1,41,0.24488384073798225,14.158604136780612,0.041353702545166016,AA,1
FAA cs=0.2,1,42,0.4595125439450293,26.567927822415783,0.042398691177368164,AA,1
FAA cs=0.2,1,43,0.45044536234160404,26.043684840223428,0.043417930603027344,AA,1
FAA cs=0.2,1,44,0.30067446305978024,17.384285887027904,0.04437375068664551,AA,1
FAA cs=0.2,1,45,0.16345149915345616,9.450378861679502,0.04537844657897949,AA,1
FAA cs=0.2,1,46,0.1838438278336161,10.629415046098183,0.04636859893798828,AA,1
FAA cs=0.2,1,47,0.192686898639041,11.140700472323994,0.04742765426635742,AA,1
FAA cs=0.2,1,48,0.13812733538991717,7.986195644271561,0.04839158058166504,AA,1
FAA cs=0.2,1,49,0.31485817800661164,18.204354718502973,0.04938149452209473,AA,1
FAA cs=0.2,1,50,0.2736232818422916,15.820250607539856,0.050359487533569336,AA,1
FAA cs=0.2,1,51,0.09345544937214005,5.40337291385777,0.0514066219329834,AA,1
FAA cs=0.2,1,52,0.18106025996264927,10.468475739306397,0.052440643310546875,AA,1
FAA cs=0.2,1,53,0.14291437207103244,8.262970776317449,0.05348563194274902,AA,1
FAA cs=0.2,1,54,0.12635859876387578,7.3057551440899315,0.05447077751159668,AA,1
FAA cs=0.2,1,55,0.22314980503018927,12.901993627267453,0.055411577224731445,AA,1
FAA cs=0.2,1,56,0.3231417209883574,18.68328957012528,0.056386709213256836,AA,1
FAA cs=0.2,1,57,0.5228954452597537,30.232577176376296,0.057405710220336914,AA,1
FAA cs=0.2,1,58,0.33959239994723256,19.634428895848263,0.05845069885253906,AA,1
FAA cs=0.2,1,59,0.21036111741186195,12.162581974497014,0.059500694274902344,AA,1
FAA cs=0.2,1,60,0.4583304261049522,26.49958056646685,0.060521841049194336,AA,1
FAA cs=0.2,1,61,0.16131443877739352,9.326819088237997,0.061585187911987305,AA,1
FAA cs=0.2,1,62,0.12308593170813383,7.116537279921784,0.06255722045898438,AA,1
FAA cs=0.2,1,63,0.08443050127506498,4.881571773054042,0.06350302696228027,AA,1
FAA cs=0.2,1,64,0.35079858671792413,20.28234409470704,0.06450700759887695,AA,1
FAA cs=0.2,1,65,0.3414902319618152,19.7441570515796,0.06548500061035156,AA,1
FAA cs=0.2,1,66,0.4520362484845641,26.135666112066357,0.06643199920654297,AA,1
FAA cs=0.2,1,67,0.578512162444351,33.448204143149276,0.0675499439239502,AA,1
FAA cs=0.2,1,68,0.6248671910789131,36.12834219639117,0.06854677200317383,AA,1
FAA cs=0.2,1,69,0.5279090628885931,30.52245268259997,0.06957268714904785,AA,1
FAA cs=0.2,1,70,0.23058180679895382,13.331694381186859,0.07054972648620605,AA,1
FAA cs=0.2,1,71,0.3361095232620255,19.433057208380195,0.07155799865722656,AA,1
FAA cs=0.2,1,72,0.19557573753353907,11.307726300565134,0.07250499725341797,AA,1
FAA cs=0.2,1,73,0.43424319702231984,25.106913985016728,0.07340097427368164,AA,1
FAA cs=0.2,1,74,0.22979852990298705,13.286407164741467,0.07440400123596191,AA,1
FAA cs=0.2,1,75,0.4857187487126102,28.083108563265874,0.07532286643981934,AA,1
FAA cs=0.2,1,76,0.38969572758872983,22.531284727060115,0.07631778717041016,AA,1
FAA cs=0.2,1,77,0.6421806110698344,37.12936316685024,0.07732892036437988,AA,1
FAA cs=0.2,1,78,0.49254259287892094,28.477647083858784,0.07832193374633789,AA,1
FAA cs=0.2,1,79,0.3750036362775432,21.68182277730615,0.07934284210205078,AA,1
FAA cs=0.2,1,80,0.23264320095954025,13.450879313118904,0.08033895492553711,AA,1
FAA cs=0.2,1,81,0.5582229924809942,32.27513235160385,0.08127713203430176,AA,1
FAA cs=0.2,1,82,0.36721921204168634,21.231745790371818,0.0822901725769043,AA,1
FAA cs=0.2,1,83,0.43564477643939065,25.187949989976314,0.08333039283752441,AA,1
FAA cs=0.2,1,84,0.1387007303930233,8.019347986371889,0.08435249328613281,AA,1
FAA cs=0.2,1,85,0.25214460069742367,14.57840409454064,0.0853586196899414,AA,1
FAA cs=0.2,1,86,0.21174607737414072,12.242657081911624,0.08640575408935547,AA,1
FAA cs=0.2,1,87,0.254433565039802,14.710746595823188,0.08743906021118164,AA,1
FAA cs=0.2,1,88,0.24918496524532077,14.40728497688378,0.08848214149475098,AA,1
FAA cs=0.2,1,89,0.17032630177947963,9.847863679816253,0.08940696716308594,AA,1
FAA cs=0.2,1,90,0.21158439707764565,12.233309109795977,0.09036898612976074,AA,1
FAA cs=0.2,1,91,0.15494582695145984,8.958601024226603,0.09139394760131836,AA,1
FAA cs=0.2,1,92,0.6736043029891103,38.94620666726408,0.09244608879089355,AA,1
FAA cs=0.2,1,93,0.35762448269249114,20.677001245997577,0.09342193603515625,AA,1
FAA cs=0.2,1,94,0.6881146017836778,39.78515780393179,0.09438276290893555,AA,1
FAA cs=0.2,1,95,0.12686541668213078,7.335058156703481,0.09539580345153809,AA,1
FAA cs=0.2,1,96,0.10571722082305209,6.112319520812118,0.09639763832092285,AA,1
FAA cs=0.2,1,97,0.21110949728229636,12.20585152751237,0.09739375114440918,AA,1
FAA cs=0.2,1,98,0.23053116179752325,13.328766207059072,0.09848380088806152,AA,1
FAA cs=0.2,1,99,0.1547589496374633,8.947796220189522,0.09947752952575684,AA,1
FAA cs=0.2,1,100,0.26012683083174337,15.03991775040264,0.10051751136779785,AA,1
FAA cs=0.2,1,101,0.27611231422473925,15.96416056942424,0.10153055191040039,AA,1
FAA cs=0.2,1,102,0.2774224275407494,16.039908220881404,0.10251665115356445,AA,1
FAA cs=0.2,1,103,0.1922078078585342,11.113000577196837,0.10359883308410645,AA,1
FAA cs=0.2,1,104,0.17684584260600042,10.224808101457588,0.10459399223327637,AA,1
FAA cs=0.2,1,105,0.22713685126531472,13.132515204959399,0.10551118850708008,AA,1
FAA cs=0.2,1,106,0.21679051591976048,12.534314580603695,0.10648036003112793,AA,1
FAA cs=0.2,1,107,0.30893421126308873,17.86184498087297,0.10744214057922363,AA,1
FAA cs=0.2,1,108,0.2709474037039716,15.665537666234446,0.10847806930541992,AA,1
FAA cs=0.2,1,109,0.4156475277296548,24.031756394463248,0.10947608947753906,AA,1
FAA cs=0.2,1,110,0.13423536498037308,7.761171125811156,0.1104590892791748,AA,1
FAA cs=0.2,1,111,0.4563892886697163,26.387348593798638,0.11151409149169922,AA,1
FAA cs=0.2,1,112,0.3581388423334434,20.70674030316947,0.1124422550201416,AA,1
FAA cs=0.2,1,113,0.4522092165559255,26.14566671661147,0.11342215538024902,AA,1
FAA cs=0.2,1,114,0.1029824267550566,5.95420019988153,0.11434817314147949,AA,1
FAA cs=0.2,1,115,0.2652243478676059,15.334644121786598,0.11539411544799805,AA,1
FAA cs=0.2,1,116,0.2137041679230116,12.35586924348948,0.11645007133483887,AA,1
FAA cs=0.2,1,117,0.3616804936996477,20.91151020359842,0.11745214462280273,AA,1
FAA cs=0.2,1,118,0.43112722001407006,24.926755568576652,0.1184682846069336,AA,1
FAA cs=0.2,1,119,0.5584986834561675,32.291072151346455,0.11941146850585938,AA,1
FAA cs=0.2,1,120,0.3513311710594044,20.313136860933437,0.1203773021697998,AA,1
FAA cs=0.2,1,121,0.2921868739257466,16.893553569769768,0.1213681697845459,AA,1
FAA cs=0.2,1,122,0.14737968816292224,8.521144785268532,0.12241005897521973,AA,1
FAA cs=0.2,1,123,0.3256771579901643,18.829882537281243,0.12337827682495117,AA,1
FAA cs=0.2,1,124,0.3168753853759229,18.320984874734613,0.12433242797851562,AA,1
FAA cs=0.2,1,125,0.1511432867828962,8.738747150656787,0.12529349327087402,AA,1
FAA cs=0.2,1,126,0.10251523260395193,5.927188139712203,0.12628436088562012,AA,1
FAA cs=0.2,1,127,0.3148836087698605,18.205825065050348,0.12721538543701172,AA,1
FAA cs=0.2,1,128,0.28733767931293824,16.613184613214464,0.12810754776000977,AA,1
FAA cs=0.2,1,129,0.40646773420807786,23.50100245766732,0.1290147304534912,AA,1
FAA cs=0.2,1,130,0.5168642570400466,29.883868146740415,0.12993955612182617,AA,1
FAA cs=0.2,1,131,0.623468348770937,36.047464444601886,0.13087964057922363,AA,1
FAA cs=0.2,1,132,0.31412137544902885,18.16175453831818,0.131821870803833,AA,1
FAA cs=0.2,1,133,0.15179350040278686,8.77634096338298,0.13277983665466309,AA,1
FAA cs=0.2,1,134,0.4136121429320505,23.914075262345857,0.13377094268798828,AA,1
FAA cs=0.2,1,135,0.3261775049291544,18.858811413187723,0.13475394248962402,AA,1
FAA cs=0.2,1,136,0.3679153442223802,21.271994505614174,0.1358170509338379,AA,1
FAA cs=0.2,1,137,0.2144348124158196,12.398113378942483,0.13677191734313965,AA,1
FAA cs=0.2,1,138,0.14131573440913128,8.170541329993853,0.13777971267700195,AA,1
FAA cs=0.2,1,139,0.1894885480417928,10.955779409910873,0.13871240615844727,AA,1
FAA cs=0.2,1,140,0.2232847585076362,12.909796317956618,0.13965344429016113,AA,1
FAA cs=0.2,1,141,0.3515189182456411,20.32399195892483,0.14066457748413086,AA,1
FAA cs=0.2,1,142,0.2251806624370771,13.019412996368004,0.14162874221801758,AA,1
FAA cs=0.2,1,143,0.4613769402299254,26.67572280338463,0.14261674880981445,AA,1
FAA cs=0.2,1,144,0.47663257269124454,27.557767368779817,0.14365696907043457,AA,1
FAA cs=0.2,1,145,0.5557221624476031,32.13054027746188,0.144622802734375,AA,1
FAA cs=0.2,1,146,0.2647281787787043,15.305956799285063,0.14556384086608887,AA,1
FAA cs=0.2,1,147,0.23951231015173083,13.848034950385346,0.14653873443603516,AA,1
FAA cs=0.2,1,148,0.2633451739798018,15.22599473478984,0.1475217342376709,AA,1
FAA cs=0.2,1,149,0.18888110395609428,10.920658430434582,0.14853739738464355,AA,1
FAA cs=0.2,1,150,0.20218747418338634,11.690001266523359,0.14955425262451172,AA,1
FAA cs=0.2,1,151,0.16790908986588285,9.70810620747268,0.15055513381958008,AA,1
FAA cs=0.2,1,152,0.35786997376369156,20.691194958762644,0.15150213241577148,AA,1
FAA cs=0.2,1,153,0.18097903599455956,10.463779561693636,0.1524519920349121,AA,1
FAA cs=0.2,1,154,0.5329640316611275,30.814719014091732,0.15343213081359863,AA,1
FAA cs=0.2,1,155,0.4200633129893025,24.287066647912265,0.15444612503051758,AA,1
FAA cs=0.2,1,156,0.5447387593223546,31.4955059017496,0.1554093360900879,AA,1
FAA cs=0.2,1,157,0.0901520204404844,5.212376470824418,0.1563253402709961,AA,1
FAA cs=0.2,1,158,0.2154639945362104,12.457618253512207,0.15730047225952148,AA,1
FAA cs=0.2,1,159,0.11777710923661987,6.809593728317511,0.15823626518249512,AA,1
FAA cs=0.2,1,160,0.16848879383331233,9.74162331895958,0.1591932773590088,AA,1
FAA cs=0.2,1,161,0.27858968319370286,16.107396180343255,0.16015052795410156,AA,1
FAA cs=0.2,1,162,0.370348755473885,21.412688585338728,0.16109633445739746,AA,1
FAA cs=0.2,1,163,0.2243088374993024,12.969006141700394,0.1620621681213379,AA,1
FAA cs=0.2,1,164,0.4262501235342806,24.64477339210422,0.16306209564208984,AA,1
FAA cs=0.2,1,165,0.42965595169763526,24.841690316379484,0.16399025917053223,AA,1
FAA cs=0.2,1,166,0.426346824423668,24.6503644086792,0.16500115394592285,AA,1
FAA cs=0.2,1,167,0.29119968410802516,16.836476590762672,0.16599011421203613,AA,1
FAA cs=0.2,1,168,0.47433784245729493,27.425091497292005,0.16691303253173828,AA,1
FAA cs=0.2,1,169,0.0931730090190315,5.387042881055829,0.16790103912353516,AA,1
FAA cs=0.2,1,170,0.1815573952799362,10.497218926846525,0.16879701614379883,AA,1
FAA cs=0.2,1,171,0.1264462837974191,7.310824885216657,0.16972970962524414,AA,1
FAA cs=0.2,1,172,0.15931266852230933,9.21108146941796,0.17071795463562012,AA,1
FAA cs=0.2,1,173,0.10880639699459986,6.290928376300133,0.17166590690612793,AA,1
FAA cs=0.2,1,174,0.3280022558030108,18.964314190313882,0.1727299690246582,AA,1
FAA cs=0.2,1,175,0.17705032914446367,10.236631029179877,0.17363595962524414,AA,1
FAA cs=0.2,1,176,0.20039139750301235,11.586156363404873,0.17455506324768066,AA,1
FAA cs=0.2,1,177,0.42709067071331835,24.693371840782657,0.1754908561706543,AA,1
FAA cs=0.2,1,178,0.5192547355224134,30.02207995535681,0.17643499374389648,AA,1
FAA cs=0.2,1,179,0.31889825368995917,18.43794233339323,0.1773979663848877,AA,1
FAA cs=0.2,1,180,0.3906999719107952,22.5893477571477,0.17839384078979492,AA,1
FAA cs=0.2,1,181,0.33951941003517344,19.630208791868725,0.17937970161437988,AA,1
FAA cs=0.2,1,182,0.80597490400574,46.59956155378558,0.18044185638427734,AA,1
FAA cs=0.2,1,183,0.4246935437550386,24.554775633023063,0.18139362335205078,AA,1
FAA cs=0.2,1,184,0.24402199324923168,14.10877415460325,0.18241667747497559,AA,1
FAA cs=0.2,1,185,0.9019212973637581,52.14695495391413,0.1834697723388672,AA,1
FAA cs=0.2,1,186,0.5589190959318926,32.31537940575743,0.18444180488586426,AA,1
FAA cs=0.2,1,187,0.6728632354286985,38.90335989470913,0.1855008602142334,AA,1
FAA cs=0.2,1,188,0.1727819207331354,9.989841756323099,0.18647503852844238,AA,1
FAA cs=0.2,1,189,0.11893624966513751,6.876612484707728,0.18744993209838867,AA,1
FAA cs=0.2,1,190,0.24848291052221608,14.366693834255337,0.18844914436340332,AA,1
FAA cs=0.2,1,191,0.2447750341073409,14.15231319489541,0.1894700527191162,AA,1
FAA cs=0.2,1,192,0.3505518045171646,20.268075731886412,0.19053196907043457,AA,1
FAA cs=0.2,1,193,0.44000803424710716,25.440223230464547,0.19154000282287598,AA,1
FAA cs=0.2,1,194,0.49892067449359523,28.846412668644245,0.19257211685180664,AA,1
FAA cs=0.2,1,195,0.18178498491957826,10.510377621203872,0.1935131549835205,AA,1
FAA cs=0.2,1,196,0.15642037947047815,9.043856161244857,0.19449734687805176,AA,1
FAA cs=0.2,1,197,0.17139303324083305,9.909539568417301,0.19552850723266602,AA,1
FAA cs=0.2,1,198,0.13914836396604957,8.045229100208195,0.1964876651763916,AA,1
FAA cs=0.2,1,199,0.17164830043199683,9.924298513302778,0.19746875762939453,AA,1
FAA cs=0.2,1,200,0.12058536469832723,6.971960413181007,0.19842767715454102,AA,1
FAA cs=0.2,1,201,0.35652237185013624,20.613279805314797,0.19948554039001465,AA,1
FAA cs=0.2,1,202,0.2491912233409422,14.407646805162392,0.20042181015014648,AA,1
FAA cs=0.2,1,203,0.43931898980679135,25.400384311597215,0.2013988494873047,AA,1
FAA cs=0.2,1,204,0.31969093511991653,18.483773297737475,0.20232391357421875,AA,1
FAA cs=0.2,1,205,0.2860137604769701,16.536638759265053,0.20331501960754395,AA,1
FAA cs=0.2,1,206,0.3336453148450157,19.290582509429782,0.20434093475341797,AA,1
FAA cs=0.2,1,207,0.2350316270117072,13.588972455078355,0.20529603958129883,AA,1
FAA cs=0.2,1,208,0.3343554812888445,19.331642652553544,0.20627188682556152,AA,1
FAA cs=0.2,1,209,0.37166357978640807,21.48870861546537,0.20723295211791992,AA,1
FAA cs=0.2,1,210,0.4100372041168595,23.70738076039357,0.20814013481140137,AA,1
FAA cs=0.2,1,211,0.2780694273512141,16.077316218752294,0.2090160846710205,AA,1
FAA cs=0.2,1,212,0.23910268716437771,13.82435151865796,0.21002745628356934,AA,1
FAA cs=0.2,1,213,0.19242581876525242,11.125605451885269,0.21102333068847656,AA,1
FAA cs=0.2,1,214,0.11960856611542575,6.915484230779621,0.21200227737426758,AA,1
FAA cs=0.2,1,215,0.1403311959577137,8.113617646711806,0.21298432350158691,AA,1
FAA cs=0.2,1,216,0.12536629076750933,7.248382244106109,0.21399998664855957,AA,1
FAA cs=0.2,1,217,0.07495654554361778,4.333810073438803,0.2149488925933838,AA,1
FAA cs=0.2,1,218,0.11072201015638006,6.401684595882105,0.21600079536437988,AA,1
FAA cs=0.2,1,219,0.10608248565034428,6.133438268701462,0.21707892417907715,AA,1
FAA cs=0.2,1,220,0.12407333678715252,7.1736267048276545,0.2180330753326416,AA,1
FAA cs=0.2,1,221,0.08401940446243651,4.857803128237145,0.21897006034851074,AA,1
FAA cs=0.2,1,222,0.15519031315425866,8.972736637878779,0.21996593475341797,AA,1
FAA cs=0.2,1,223,0.1840373412989257,10.64060353669927,0.22093486785888672,AA,1
FAA cs=0.2,1,224,0.3691251884958384,21.34194483832467,0.22192978858947754,AA,1
FAA cs=0.2,1,225,0.18526927101155466,10.711830797235885,0.22289466857910156,AA,1
FAA cs=0.2,1,226,0.4196093355453405,24.260818746471667,0.22385859489440918,AA,1
FAA cs=0.2,1,227,0.4343784678495606,25.11473502411994,0.22477960586547852,AA,1
FAA cs=0.2,1,228,0.5476038603363219,31.6611592619158,0.22574639320373535,AA,1
FAA cs=0.2,1,229,0.27370367789965094,15.824898917313496,0.2267594337463379,AA,1
FAA cs=0.2,1,230,0.20431533599411536,11.81302920068632,0.2276923656463623,AA,1
FAA cs=0.2,1,231,0.15673033424625316,9.061777012850571,0.22856736183166504,AA,1
FAA cs=0.2,1,232,0.15348819474751355,8.874324179782707,0.22952747344970703,AA,1
FAA cs=0.2,1,233,0.13610174729269062,7.869080934185435,0.23045945167541504,AA,1
FAA cs=0.2,1,234,0.171885047463599,9.937986666391653,0.23143839836120605,AA,1
FAA cs=0.2,1,235,0.17964200738595143,10.386475731715374,0.23238849639892578,AA,1
FAA cs=0.2,1,236,0.17030520779723934,9.8466440756835,0.2333815097808838,AA,1
FAA cs=0.2,1,237,0.16745898643607646,9.682082292362434,0.23431849479675293,AA,1
FAA cs=0.2,1,238,0.17575570889500988,10.161779150165577,0.2353215217590332,AA,1
FAA cs=0.2,1,239,0.19811517495879624,11.454550562737714,0.23629045486450195,AA,1
FAA cs=0.2,1,240,0.23511271139444026,13.593660562196133,0.23729538917541504,AA,1
FAA cs=0.2,1,241,0.28480430754089675,16.466711052756025,0.23826026916503906,AA,1
FAA cs=0.2,1,242,0.1582881321688375,9.15184520209696,0.23920655250549316,AA,1
FAA cs=0.2,1,243,0.35701721910649936,20.641890702587165,0.2402496337890625,AA,1
FAA cs=0.2,1,244,0.3161656978584299,18.27995242199818,0.24121546745300293,AA,1
FAA cs=0.2,1,245,0.8073403574642594,46.678508841316315,0.24217748641967773,AA,1
FAA cs=0.2,1,246,0.2246524900511702,12.988875318971656,0.24319720268249512,AA,1
FAA cs=0.2,1,247,0.1938737753086674,11.209322872535369,0.2440791130065918,AA,1
FAA cs=0.2,1,248,0.2601485393509482,15.04117288560834,0.2449800968170166,AA,1
FAA cs=0.2,1,249,0.18393351748678868,10.634600689587801,0.2459101676940918,AA,1
FAA cs=0.2,1,250,0.3143184999827495,18.17315181234895,0.246873140335083,AA,1
FAA cs=0.2,1,251,0.31745302216690474,18.354382466971426,0.2478640079498291,AA,1
FAA cs=0.2,1,252,0.14611089158014115,8.447785969547741,0.24878406524658203,AA,1
FAA cs=0.2,1,253,0.1981721698676197,11.457845873483459,0.24973201751708984,AA,1
FAA cs=0.2,1,254,0.12749529981562205,7.371476508819578,0.25063276290893555,AA,1
FAA cs=0.2,1,255,0.24979452327117085,14.442528179376847,0.2515559196472168,AA,1
FAA cs=0.2,1,256,0.15265004954656147,8.825864607792736,0.25246405601501465,AA,1
FAA cs=0.2,1,257,0.3904211756761656,22.57322841865215,0.2534658908843994,AA,1
FAA cs=0.2,1,258,0.2681457405847793,15.503552135013933,0.25440073013305664,AA,1
FAA cs=0.2,1,259,0.4095548620043464,23.679492880944313,0.2552776336669922,AA,1
FAA cs=0.2,1,260,0.19671631583552673,11.373671838727955,0.25622057914733887,AA,1
FAA cs=0.2,1,261,0.20993247031951282,12.13779861404063,0.2571296691894531,AA,1
FAA cs=0.2,1,262,0.2527163935241054,14.611463802591773,0.258070707321167,AA,1
FAA cs=0.2,1,263,0.2985143184106622,17.25939143554888,0.2590937614440918,AA,1
FAA cs=0.2,1,264,0.2220894801785764,12.840688153679915,0.26001691818237305,AA,1
FAA cs=0.2,1,265,0.1745962577330117,10.094742427900888,0.26088976860046387,AA,1
FAA cs=0.2,1,266,0.1520317882691665,8.790118203892195,0.26181483268737793,AA,1
FAA cs=0.2,1,267,0.2773623039887298,16.03643201939021,0.2627899646759033,AA,1
FAA cs=0.2,1,268,0.1859236503231709,10.749665460399253,0.26386094093322754,AA,1
FAA cs=0.2,1,269,0.4700835851569485,27.179120408182605,0.26485204696655273,AA,1
FAA cs=0.2,1,270,0.3438932063945875,19.88309134647589,0.26587700843811035,AA,1
FAA cs=0.2,1,271,0.5889001567363078,34.04881338919717,0.26678895950317383,AA,1
FAA cs=0.2,1,272,0.17047875433288073,9.856678125664304,0.26779770851135254,AA,1
FAA cs=0.2,1,273,0.23375557351415724,13.51519406171962,0.26875972747802734,AA,1
FAA cs=0.2,1,274,0.36026431838624545,20.829630298455157,0.2696807384490967,AA,1
FAA cs=0.2,1,275,0.6039248444866229,34.91750527794887,0.27058982849121094,AA,1
FAA cs=0.2,1,276,0.2923930588400976,16.90547469356656,0.2716057300567627,AA,1
FAA cs=0.2,1,277,0.4691549564778118,27.125429295619462,0.27257585525512695,AA,1
FAA cs=0.2,1,278,0.4388116397677132,25.371050533016973,0.2735452651977539,AA,1
FAA cs=0.2,1,279,0.8853642464779897,51.18966545511476,0.2744722366333008,AA,1
FAA cs=0.2,1,280,0.5005726685613566,28.941927056083024,0.2754032611846924,AA,1
FAA cs=0.2,1,281,0.2761254785181427,15.964921697714606,0.2764472961425781,AA,1
FAA cs=0.2,1,282,0.9511776951601549,54.99484330580082,0.27735209465026855,AA,1
FAA cs=0.2,1,283,0.583000910921776,33.70773295717763,0.2782278060913086,AA,1
FAA cs=0.2,1,284,0.6534498088706955,37.780921514353416,0.27918100357055664,AA,1
FAA cs=0.2,1,285,0.2283287230797584,13.201426412622752,0.28017282485961914,AA,1
FAA cs=0.2,1,286,0.15106397482604544,8.734161521008954,0.2811849117279053,AA,1
FAA cs=0.2,1,287,0.3352487064460786,19.383286817265184,0.28219056129455566,AA,1
FAA cs=0.2,1,288,0.24082906681876615,13.924166704676834,0.28311657905578613,AA,1
FAA cs=0.2,1,289,0.32160449178285677,18.594410615423367,0.2840254306793213,AA,1
FAA cs=0.2,1,290,0.31921879991640084,18.456475557611085,0.2850034236907959,AA,1
FAA cs=0.2,1,291,0.2675950785377452,15.471714158634565,0.285968542098999,AA,1
FAA cs=0.2,1,292,0.1712244346204586,9.899791595187645,0.2868967056274414,AA,1
FAA cs=0.2,1,293,0.13058479289876213,7.5501036873858665,0.28788089752197266,AA,1
FAA cs=0.2,1,294,0.12270140992608264,7.094305140481201,0.2888469696044922,AA,1
FAA cs=0.2,1,295,0.12810037615805656,7.406460590983773,0.2897987365722656,AA,1
FAA cs=0.2,1,296,0.13927579286163572,8.052596737381617,0.29076075553894043,AA,1
FAA cs=0.2,1,297,0.1590396849993985,9.195298208157803,0.2917318344116211,AA,1
FAA cs=0.2,1,298,0.16183702609806558,9.357033850379912,0.2926509380340576,AA,1
FAA cs=0.2,1,299,0.1138568455323493,6.582933358514078,0.2936110496520996,AA,1
FAA cs=0.2,1,300,0.12175295184847446,7.039467539026091,0.2946591377258301,AA,1
FAA cs=0.2,1,301,0.08553702850348012,4.945548558727141,0.29561710357666016,AA,1
FAA cs=0.2,1,302,0.2212754767049795,12.793624399232538,0.29663705825805664,AA,1
FAA cs=0.2,1,303,0.2163914370773538,12.511240786383656,0.29765939712524414,AA,1
FAA cs=0.2,1,304,0.25813533229507357,14.924774018032585,0.2985804080963135,AA,1
FAA cs=0.2,1,305,0.1086855040147043,6.283938630304241,0.2994801998138428,AA,1
FAA cs=0.2,1,306,0.11777465104370793,6.809451601420828,0.3003883361816406,AA,1
FAA cs=0.2,1,307,0.1214811061959508,7.023750066738871,0.30135226249694824,AA,1
FAA cs=0.2,1,308,0.18710277065564299,10.817839407552281,0.3023362159729004,AA,1
FAA cs=0.2,1,309,0.12708484391235506,7.347744919865204,0.30320119857788086,AA,1
FAA cs=0.2,1,310,0.2366809306852061,13.68433129028788,0.30416417121887207,AA,1
FAA cs=0.2,1,311,0.2345557393716923,13.561457757953987,0.3050999641418457,AA,1
FAA cs=0.2,1,312,0.2815325691462773,16.27754688157624,0.30608105659484863,AA,1
FAA cs=0.2,1,313,0.08952618306039037,5.176192034595193,0.3070859909057617,AA,1
FAA cs=0.2,1,314,0.18397934647845102,10.637250413428212,0.30800604820251465,AA,1
FAA cs=0.2,1,315,0.17045438161847104,9.855268952996864,0.3088829517364502,AA,1
FAA cs=0.2,1,316,0.23631103013974555,13.662944516144792,0.3098146915435791,AA,1
FAA cs=0.2,1,317,0.12378162871035195,7.156760834174555,0.3107767105102539,AA,1
FAA cs=0.2,1,318,0.30548030144388644,17.662148089045186,0.3117697238922119,AA,1
FAA cs=0.2,1,319,0.31897726390241143,18.442510516894043,0.312760591506958,AA,1
FAA cs=0.2,1,320,0.2471701673006379,14.290794127882082,0.3138277530670166,AA,1
FAA cs=0.2,1,321,0.4685120394916257,27.08825735698607,0.3147706985473633,AA,1
FAA cs=0.2,1,322,0.42416243373130047,24.52406810835944,0.31568455696105957,AA,1
FAA cs=0.2,1,323,0.2273795153920824,13.146545470487524,0.3166663646697998,AA,1
FAA cs=0.2,1,324,0.362602671896129,20.964828364519946,0.317629337310791,AA,1
FAA cs=0.2,1,325,0.2679452107807981,15.49195797631551,0.3185701370239258,AA,1
FAA cs=0.2,1,326,0.24539795641195813,14.188329088359296,0.31943678855895996,AA,1
FAA cs=0.2,1,327,0.23157961118503023,13.389385069416122,0.3204476833343506,AA,1
FAA cs=0.2,1,328,0.134061483062935,7.751117684848572,0.3213965892791748,AA,1
FAA cs=0.2,1,329,0.15606398126420223,9.023250060399198,0.32236671447753906,AA,1
FAA cs=0.2,1,330,0.1266015917682909,7.319804424545319,0.32338666915893555,AA,1
FAA cs=0.2,1,331,0.2059287759491557,11.906314480568563,0.3242945671081543,AA,1
FAA cs=0.2,1,332,0.15124141601630348,8.74442075070272,0.3252604007720947,AA,1
FAA cs=0.2,1,333,0.40966139068962815,23.68565211741974,0.32625651359558105,AA,1
FAA cs=0.2,1,334,0.2568281451491425,14.849195550804405,0.3272264003753662,AA,1
FAA cs=0.2,1,335,0.3681058062892249,21.28300657157737,0.3281574249267578,AA,1
FAA cs=0.2,1,336,0.2454358008981749,14.190517166990734,0.32915544509887695,AA,1
FAA cs=0.2,1,337,0.5783516004901768,33.438920830939985,0.3301393985748291,AA,1
FAA cs=0.2,1,338,0.312932024616701,18.092989087874685,0.33112335205078125,AA,1
FAA cs=0.2,1,339,0.21828555025838894,12.620753927960152,0.33203649520874023,AA,1
FAA cs=0.2,1,340,0.5258952672036162,30.406019781882556,0.3329434394836426,AA,1
FAA cs=0.2,1,341,0.6015611950220309,34.780844659647485,0.33388447761535645,AA,1
FAA cs=0.2,1,342,0.6595113353226734,38.131384628781646,0.33486151695251465,AA,1
FAA cs=0.2,1,343,0.5272075913494009,30.4818952582852,0.3359065055847168,AA,1
FAA cs=0.2,1,344,0.3509145409138887,20.289048291904017,0.3368513584136963,AA,1
FAA cs=0.2,1,345,0.8722815711143306,50.43325612665174,0.3377656936645508,AA,1
FAA cs=0.2,1,346,0.4018280673853067,23.23274790206984,0.33870673179626465,AA,1
FAA cs=0.2,1,347,0.7269165495541658,42.02859459650561,0.3396928310394287,AA,1
FAA cs=0.2,1,348,0.2830959346027329,16.36793697245511,0.3407149314880371,AA,1
FAA cs=0.2,1,349,0.4337298209549355,25.07723179574084,0.3417398929595947,AA,1
FAA cs=0.2,1,350,0.1193112961209538,6.898296783209429,0.3427000045776367,AA,1
FAA cs=0.2,1,351,0.11088507611912729,6.411112683941175,0.3436391353607178,AA,1
FAA cs=0.2,1,352,0.09923758521568694,5.737682324503879,0.34453916549682617,AA,1
FAA cs=0.2,1,353,0.1773547647723489,10.254232776716053,0.3455231189727783,AA,1
FAA cs=0.2,1,354,0.17393449515546908,10.056480881774672,0.3464229106903076,AA,1
FAA cs=0.2,1,355,0.22165087609564496,12.815329103591973,0.3473331928253174,AA,1
FAA cs=0.2,1,356,0.2803760732001504,16.210681022899504,0.34831905364990234,AA,1
FAA cs=0.2,1,357,0.3376934533396304,19.524636296986305,0.34933996200561523,AA,1
FAA cs=0.2,1,358,0.16896385617314835,9.769090299180736,0.3503408432006836,AA,1
FAA cs=0.2,1,359,0.23330402373888443,13.489086522337386,0.35129570960998535,AA,1
FAA cs=0.2,1,360,0.1891862035008823,10.938298564074872,0.35228967666625977,AA,1
FAA cs=0.2,1,361,0.5344855165737966,30.90268767104209,0.3533005714416504,AA,1
FAA cs=0.2,1,362,0.13038416700210176,7.538503972836141,0.35427141189575195,AA,1
FAA cs=0.2,1,363,0.36178227805348406,20.917395134057465,0.35529136657714844,AA,1
FAA cs=0.2,1,364,0.340297390631979,19.675189788830675,0.35619425773620605,AA,1
FAA cs=0.2,1,365,0.4793216258929243,27.713242061068982,0.35712122917175293,AA,1
FAA cs=0.2,1,366,0.1429600746971779,8.265613194002725,0.35809326171875,AA,1
FAA cs=0.2,1,367,0.17080523134995906,9.875554254161141,0.35899949073791504,AA,1
FAA cs=0.2,1,368,0.10979442790578584,6.348053985340841,0.35988950729370117,AA,1
FAA cs=0.2,1,369,0.12858440049348296,7.434445732580777,0.36085057258605957,AA,1
FAA cs=0.2,1,370,0.14555233164688614,8.415491356077977,0.36185145378112793,AA,1
FAA cs=0.2,1,371,0.1715382069979175,9.917933171488102,0.362743616104126,AA,1
FAA cs=0.2,1,372,0.1450134666463594,8.38433545700913,0.3636937141418457,AA,1
FAA cs=0.2,1,373,0.36734151139375243,21.23881684947833,0.3647608757019043,AA,1
FAA cs=0.2,1,374,0.4006019900988684,23.161859014965394,0.3657338619232178,AA,1
FAA cs=0.2,1,375,0.2467158577798225,14.264527026543703,0.3667449951171875,AA,1
FAA cs=0.2,1,376,0.3379402212700606,19.53890383473026,0.3676879405975342,AA,1
FAA cs=0.2,1,377,0.2989946746619468,17.28716449720158,0.368668794631958,AA,1
FAA cs=0.2,1,378,0.43281542681323865,25.02436369044544,0.3696177005767822,AA,1
FAA cs=0.2,1,379,0.4454620084844997,25.75555911366014,0.3706378936767578,AA,1
FAA cs=0.2,1,380,0.3554251651560237,20.54984191087738,0.3715388774871826,AA,1
FAA cs=0.2,1,381,0.4984792992214907,28.820893394956528,0.3725249767303467,AA,1
FAA cs=0.2,1,382,0.24639002520393344,14.245688158111316,0.37357068061828613,AA,1
FAA cs=0.2,1,383,0.8129649561708726,47.003709827527544,0.3745245933532715,AA,1
FAA cs=0.2,1,384,0.37810786596334667,21.861301991363238,0.37543463706970215,AA,1
FAA cs=0.2,1,385,0.6386673241918986,36.92623323400644,0.37637877464294434,AA,1
FAA cs=0.2,1,386,0.14244437633231047,8.235796734982241,0.37732768058776855,AA,1
FAA cs=0.2,1,387,0.21270849811871434,12.29830197172705,0.3782825469970703,AA,1
FAA cs=0.2,1,388,0.20700036739731156,11.96827136210503,0.37921571731567383,AA,1
FAA cs=0.2,1,389,0.25145343954162463,14.538442792193424,0.38016176223754883,AA,1
FAA cs=0.2,1,390,0.22669575194745384,13.107011886292984,0.3811006546020508,AA,1
FAA cs=0.2,1,391,0.3052046068950436,17.646208082681472,0.38211560249328613,AA,1
FAA cs=0.2,1,392,0.31001658670561544,17.924425367442883,0.38312530517578125,AA,1
FAA cs=0.2,1,393,0.22531698540632017,13.027294867831822,0.38407325744628906,AA,1
FAA cs=0.2,1,394,0.5087716811084415,29.415974558020405,0.38506031036376953,AA,1
FAA cs=0.2,1,395,0.1565941047811026,9.053900547572098,0.3860454559326172,AA,1
FAA cs=0.2,1,396,0.39509319851539987,22.84335372254876,0.3870065212249756,AA,1
FAA cs=0.2,1,397,0.29501796823639437,17.05724074282927,0.38797640800476074,AA,1
FAA cs=0.2,1,398,0.2610942803975523,15.095853394760836,0.3889622688293457,AA,1
FAA cs=0.2,1,399,0.2600649393099078,15.036339329080711,0.3899571895599365,AA,1
FAA cs=0.2,1,400,0.3347747184311994,19.355881951970563,0.3909642696380615,AA,1
FAA cs=0.2,1,401,0.34128613058722485,19.732356393120924,0.3918581008911133,AA,1
FAA cs=0.2,1,402,0.5766997210578075,33.34341307144829,0.3928961753845215,AA,1
FAA cs=0.2,1,403,0.5739669530020389,33.18541088974996,0.39391326904296875,AA,1
FAA cs=0.2,1,404,0.2546377915621348,14.722554490028157,0.39493632316589355,AA,1
FAA cs=0.2,1,405,0.5284557181628161,30.554058996857712,0.39582109451293945,AA,1
FAA cs=0.2,1,406,0.4865014527527488,28.128362658542983,0.39672303199768066,AA,1
FAA cs=0.2,1,407,0.26746104131721393,15.463964443751879,0.3977169990539551,AA,1
FAA cs=0.2,1,408,0.3416487989568329,19.75332501997167,0.3986670970916748,AA,1
FAA cs=0.2,1,409,0.2871248426731457,16.600878902394413,0.3996701240539551,AA,1
FAA cs=0.2,1,410,0.16125480749123433,9.323371348393872,0.4005861282348633,AA,1
FAA cs=0.2,1,411,0.22002590273269498,12.72137698935901,0.4016110897064209,AA,1
FAA cs=0.2,1,412,0.16636916700902285,9.619071512223883,0.40262603759765625,AA,1
FAA cs=0.2,1,413,0.22282660341781185,12.883306874918949,0.4036390781402588,AA,1
FAA cs=0.2,1,414,0.15376127458394176,8.890113009662507,0.4046630859375,AA,1
FAA cs=0.2,1,415,0.19327192544819663,11.174525337922622,0.40555810928344727,AA,1
FAA cs=0.2,1,416,0.31147125595630754,18.008530900941658,0.4064671993255615,AA,1
FAA cs=0.2,1,417,0.2624712394685592,15.175465909576772,0.40746021270751953,AA,1
FAA cs=0.2,1,418,0.2459083625097585,14.217839561022483,0.408428430557251,AA,1
FAA cs=0.2,1,419,0.34303339141986644,19.83337887944963,0.409454345703125,AA,1
FAA cs=0.2,1,420,0.3291271830288887,19.0293548202954,0.41040539741516113,AA,1
FAA cs=0.2,1,421,0.3879640293481776,22.431162032976054,0.4114041328430176,AA,1
FAA cs=0.2,1,422,0.5775671827025003,33.39356765083594,0.4123349189758301,AA,1
FAA cs=0.2,1,423,0.71270136795538,41.20670643768256,0.41324806213378906,AA,1
FAA cs=0.2,1,424,0.3794868946977976,21.941034169221506,0.4142191410064697,AA,1
FAA cs=0.2,1,425,0.18075452971933156,10.450799140169714,0.4151749610900879,AA,1
FAA cs=0.2,1,426,0.3437277334630035,19.87352409317494,0.4161200523376465,AA,1
FAA cs=0.2,1,427,0.27696581320298164,16.01350786048135,0.4170217514038086,AA,1
FAA cs=0.2,1,428,0.3603593557982483,20.835125136704498,0.4179868698120117,AA,1
FAA cs=0.2,1,429,0.3705047813924888,21.421709634706183,0.41890454292297363,AA,1
FAA cs=0.2,1,430,0.361709734072225,20.913200812741458,0.4199244976043701,AA,1
FAA cs=0.2,1,431,0.49607122060844655,28.681663988436313,0.42089152336120605,AA,1
FAA cs=0.2,1,432,0.1818749259931758,10.51557780122746,0.42185258865356445,AA,1
FAA cs=0.2,1,433,0.41447265487827545,23.963828026615044,0.4228487014770508,AA,1
FAA cs=0.2,1,434,0.19185481554526587,11.092591397024593,0.4238417148590088,AA,1
FAA cs=0.2,1,435,0.21749327078931438,12.574946204042886,0.4248237609863281,AA,1
FAA cs=0.2,1,436,0.2580324305648923,14.918824483517623,0.4258127212524414,AA,1
FAA cs=0.2,1,437,0.23929443923063187,13.835438169334136,0.4267737865447998,AA,1
FAA cs=0.2,1,438,0.20421227869243294,11.807070671395335,0.42775678634643555,AA,1
FAA cs=0.2,1,439,0.2006038482517144,11.59843976291531,0.4286675453186035,AA,1
FAA cs=0.2,1,440,0.1824200210378008,10.547093906702234,0.4295926094055176,AA,1
FAA cs=0.2,1,441,0.16067057979159752,9.289592685416471,0.43056154251098633,AA,1
FAA cs=0.2,1,442,0.1354890708994688,7.8336574350707675,0.431612491607666,AA,1
FAA cs=0.2,1,443,0.1900033610958067,10.985544682352957,0.43256044387817383,AA,1
FAA cs=0.2,1,444,0.22352878559527567,12.923905386656807,0.4335935115814209,AA,1
FAA cs=0.2,1,445,0.36051226964085753,20.84396625320289,0.4345362186431885,AA,1
FAA cs=0.2,1,446,0.3863641568054305,22.33866118876438,0.4355301856994629,AA,1
FAA cs=0.2,1,447,0.12708705616175534,7.347872826890086,0.43646931648254395,AA,1
FAA cs=0.2,1,448,0.09218598382022754,5.329975419924961,0.437455415725708,AA,1
FAA cs=0.2,1,449,0.13375466573736933,7.733378233188966,0.43848729133605957,AA,1
FAA cs=0.2,1,450,0.12628637789585023,7.301579504416416,0.4394092559814453,AA,1
FAA cs=0.2,1,451,0.2814198087352523,16.27102734146615,0.4403982162475586,AA,1
FAA cs=0.2,1,452,0.28505333070064875,16.48110898252221,0.4414031505584717,AA,1
FAA cs=0.2,1,453,0.33733777813571,19.504071998425804,0.44237732887268066,AA,1
FAA cs=0.2,1,454,0.12082030160767261,6.985543909284774,0.4433143138885498,AA,1
FAA cs=0.2,1,455,0.12446023604307906,7.195996304181252,0.44432735443115234,AA,1
FAA cs=0.2,1,456,0.11966825232181429,6.918935145981435,0.4453134536743164,AA,1
FAA cs=0.2,1,457,0.20006431870751012,11.567245441503719,0.44623756408691406,AA,1
FAA cs=0.2,1,458,0.23375765098093215,13.515314175932076,0.4471287727355957,AA,1
FAA cs=0.2,1,459,0.3656671403768678,21.14200867979786,0.44799089431762695,AA,1
FAA cs=0.2,1,460,0.3128016074876044,18.08544867811155,0.4489748477935791,AA,1
FAA cs=0.2,1,461,0.5735010610541901,33.15847411989113,0.4499506950378418,AA,1
FAA cs=0.2,1,462,0.48778947447297216,28.202833026213057,0.45095062255859375,AA,1
FAA cs=0.2,1,463,0.8294147392146205,47.954797353558114,0.45194268226623535,AA,1
FAA cs=0.2,1,464,0.21962714392383537,12.69832169872128,0.45293760299682617,AA,1
FAA cs=0.2,1,465,0.4172037713237358,24.121734716114002,0.453998327255249,AA,1
FAA cs=0.2,1,466,0.35112444801981996,20.301184624009153,0.4549562931060791,AA,1
FAA cs=0.2,1,467,0.27559507152616775,15.934254820683758,0.45597147941589355,AA,1
FAA cs=0.2,1,468,0.4944043422312686,28.58528902545183,0.457012414932251,AA,1
FAA cs=0.2,1,469,0.4964289910890408,28.702349430935477,0.4579453468322754,AA,1
FAA cs=0.2,1,470,0.3736084533431843,21.601156601839246,0.4589052200317383,AA,1
FAA cs=0.2,1,471,0.12318701949109738,7.122381936301447,0.45992016792297363,AA,1
FAA cs=0.2,1,472,0.32320484701830493,18.686939367784692,0.46093201637268066,AA,1
FAA cs=0.2,1,473,0.2501004763099998,14.46021766002273,0.4619100093841553,AA,1
FAA cs=0.2,1,474,0.3264969854477751,18.87728302070144,0.4629518985748291,AA,1
FAA cs=0.2,1,475,0.11967854617153711,6.919530312011296,0.4638807773590088,AA,1
FAA cs=0.2,1,476,0.21928344432390554,12.678449801242413,0.4648568630218506,AA,1
FAA cs=0.2,1,477,0.1584673905915514,9.162209499870718,0.46582508087158203,AA,1
FAA cs=0.2,1,478,0.3017392282657713,17.44584809139718,0.4667332172393799,AA,1
FAA cs=0.2,1,479,0.2759590323052461,15.955298171591497,0.4676990509033203,AA,1
FAA cs=0.2,1,480,0.42448985608789586,24.542998894149942,0.4686253070831299,AA,1
FAA cs=0.2,1,481,0.16645900284310575,9.62426560754779,0.46958327293395996,AA,1
FAA cs=0.2,1,482,0.33678563228806385,19.472148232206564,0.47050023078918457,AA,1
FAA cs=0.2,1,483,0.3181803618812196,18.39643552795295,0.47150421142578125,AA,1
FAA cs=0.2,1,484,0.9306384037078798,53.80731008169609,0.47252726554870605,AA,1
FAA cs=0.2,1,485,0.352521274591423,20.381945830691734,0.47350406646728516,AA,1
FAA cs=0.2,1,486,0.24115488647737288,13.943004826262527,0.47452878952026367,AA,1
FAA cs=0.2,1,487,0.7305278952577849,42.23739405858737,0.4754610061645508,AA,1
FAA cs=0.2,1,488,0.4870259200221514,28.158686114871465,0.47641897201538086,AA,1
FAA cs=0.2,1,489,0.4119014100182023,23.815164733835918,0.4773862361907959,AA,1
FAA cs=0.2,1,490,0.4365357384963734,25.239463307587204,0.47829222679138184,AA,1
FAA cs=0.2,1,491,0.33217473854208085,19.205557267815482,0.4791884422302246,AA,1
FAA cs=0.2,1,492,0.22904839709325642,13.243036260924457,0.48015332221984863,AA,1
FAA cs=0.2,1,493,0.1826966293033853,10.563086742005575,0.4811594486236572,AA,1
FAA cs=0.2,1,494,0.320974531148382,18.557987782383815,0.4820692539215088,AA,1
FAA cs=0.2,1,495,0.1758585636952697,10.167725971303541,0.4830801486968994,AA,1
FAA cs=0.2,1,496,0.279324049156102,16.149855482360902,0.484072208404541,AA,1
FAA cs=0.2,1,497,0.14421004422806347,8.33788347413845,0.48505425453186035,AA,1
FAA cs=0.2,1,498,0.18728002733962706,10.828087969529934,0.48600220680236816,AA,1
FAA cs=0.2,1,499,0.1463117059682694,8.45939658222806,0.4870140552520752,AA,1
FAA cs=0.2,1,500,0.5330557656266494,30.820022854883376,0.4879128932952881,AA,1
Picard,1,0,1.0,57.81763343025095,0.0,initial,0
Picard,1,1,0.26526225887283933,15.336836046390157,0.0006380081176757812,Picard,0
Picard,1,2,0.3133263578283876,18.115788500957354,0.0012669563293457031,Picard,0
Picard,1,3,0.5216381821771575,30.15988520034136,0.0018639564514160156,Picard,0
Picard,1,4,0.5310002923637979,30.701180255246147,0.0024399757385253906,Picard,0
Picard,1,5,0.8203888755326189,47.43294327580073,0.0029802322387695312,Picard,0
Picard,1,6,0.2480360173929646,14.340855531125776,0.003524303436279297,Picard,0
Picard,1,7,0.39585397184075305,22.88733983579754,0.004067182540893555,Picard,0
Picard,1,8,0.27892663025230824,16.1268776618631,0.004700183868408203,Picard,0
Picard,1,9,0.22592299032734683,13.06233263821267,0.005408287048339844,Picard,0
Picard,1,10,0.2801800385985361,16.19934676616372,0.005955219268798828,Picard,0
Picard,1,11,0.3028434590953651,17.509692104725016,0.006486177444458008,Picard,0
Picard,1,12,0.16679280917782036,9.643565499845014,0.007028102874755859,Picard,0
Picard,1,13,0.27920272898579857,16.142841037226603,0.007543325424194336,Picard,0
Picard,1,14,0.16256171767665678,9.398933802420888,0.008281230926513672,Picard,0
Picard,1,15,0.16982462625869127,9.818857988454381,0.008983373641967773,Picard,0
Picard,1,16,0.2012814521485081,11.637617216631039,0.00959467887878418,Picard,0
Picard,1,17,0.16284677196036473,9.415414966504038,0.010167598724365234,Picard,0
Picard,1,18,0.19793712025007681,11.444255860858444,0.01074361801147461,Picard,0
Picard,1,19,0.31392744740554596,18.15054207778824,0.011276721954345703,Picard,0
Picard,1,20,0.19823585196077673,11.461527821401683,0.011797666549682617,Picard,0
Picard,1,21,0.2391971664076153,13.829814084910238,0.012320518493652344,Picard,0
Picard,1,22,0.4491509909473093,25.96884734942549,0.012851476669311523,Picard,0
Picard,1,23,0.21655892838798585,12.520924737584533,0.013401508331298828,Picard,0
Picard,1,24,0.5070648381106004,29.31728893524824,0.013918399810791016,Picard,0
Picard,1,25,0.20428508653514635,11.811280248556185,0.014438629150390625,Picard,0
Picard,1,26,0.30131825429489506,17.421508372665382,0.014959573745727539,Picard,0
Picard,1,27,0.1944764827129543,11.244169988302128,0.015480518341064453,Picard,0
Picard,1,28,0.13258217559783844,7.665587628100986,0.015995502471923828,Picard,0
Picard,1,29,0.24487645672729888,14.158177210757676,0.016510725021362305,Picard,0
Picard,1,30,0.18190026838023687,10.517043038072803,0.01706099510192871,Picard,0
Picard,1,31,0.15732387791680374,9.096094303219312,0.01759195327758789,Picard,0
Picard,1,32,0.1956137060405003,11.309921549782512,0.01823282241821289,Picard,0
Picard,1,33,0.15288278048383927,8.839320559812142,0.01898193359375,Picard,0
Picard,1,34,0.2086889541415504,12.065901451498611,0.019576072692871094,Picard,0
Picard,1,35,0.2362543280706693,13.659666136700205,0.020150184631347656,Picard,0
Picard,1,36,0.20513622497765985,11.860491059023825,0.020720958709716797,Picard,0
Picard,1,37,0.39871035883983924,23.052489372245642,0.02126002311706543,Picard,0
Picard,1,38,0.3661329500568954,21.168940693125958,0.021784067153930664,Picard,0
Picard,1,39,0.16627485511664933,9.613618621802518,0.0223233699798584,Picard,0
Picard,1,40,0.22561892525284527,13.044752315196197,0.022853374481201172,Picard,0
Picard,1,41,0.24268762123088414,14.031623922386848,0.023377418518066406,Picard,0
Picard,1,42,0.28434698540202075,16.440269768970953,0.02390146255493164,Picard,0
Picard,1,43,0.35678965918346417,20.6287337263737,0.02443861961364746,Picard,0
Picard,1,44,0.1583060557568906,9.152881501540769,0.024961471557617188,Picard,0
Picard,1,45,0.187579679310094,10.845413137315044,0.025499582290649414,Picard,0
Picard,1,46,0.17989952260313255,10.401364652145062,0.026038646697998047,Picard,0
Picard,1,47,0.19310179761389906,11.164688949162924,0.02657771110534668,Picard,0
Picard,1,48,0.16518850025503973,9.550808154638803,0.027117013931274414,Picard,0
Picard,1,49,0.1836580015089198,10.618671007775202,0.027659893035888672,Picard,0
Picard,1,50,0.15652296994396972,9.049787699634628,0.028224945068359375,Picard,0
Picard,1,51,0.16462730149995394,9.51836097073574,0.028789997100830078,Picard,0
Picard,1,52,0.228705333598628,13.22320114154873,0.029321908950805664,Picard,0
Picard,1,53,0.15656404869704726,9.052162775921838,0.029889822006225586,Picard,0
Picard,1,54,0.1842906908143946,10.655251606114382,0.030431747436523438,Picard,0
Picard,1,55,0.17059208381745808,9.863230568260436,0.03099370002746582,Picard,0
Picard,1,56,0.20177939649283042,11.666407180199734,0.031561851501464844,Picard,0
Picard,1,57,0.3617497461900895,20.915514218704914,0.03213977813720703,Picard,0
Picard,1,58,0.2539689349937803,14.683882786141623,0.03267264366149902,Picard,0
Picard,1,59,0.19958571318875054,11.539573603062381,0.03320646286010742,Picard,0
Picard,1,60,0.18263359603851376,10.559442307803321,0.03374648094177246,Picard,0
Picard,1,61,0.21447262759808136,12.400299763288592,0.03428959846496582,Picard,0
Picard,1,62,0.26993916075721186,15.607243445130058,0.03490471839904785,Picard,0
Picard,1,63,0.20728604021800157,11.98478828853267,0.03550386428833008,Picard,0
Picard,1,64,0.1987877568291168,11.49343765476774,0.036032676696777344,Picard,0
Picard,1,65,0.1671421818899479,9.663765403245336,0.036545753479003906,Picard,0
Picard,1,66,0.1821525241108436,10.531627867435702,0.03705573081970215,Picard,0
Picard,1,67,0.1871931252318329,10.823063495317175,0.03760170936584473,Picard,0
Picard,1,68,0.12186121052884966,7.045726799723667,0.03817248344421387,Picard,0
Picard,1,69,0.21852559821892195,12.634632932947929,0.03871655464172363,Picard,0
Picard,1,70,0.155566228663193,8.994471182975092,0.03926372528076172,Picard,0
Picard,1,71,0.17806545437950574,10.295323167905337,0.039818763732910156,Picard,0
Picard,1,72,0.24556441173569415,14.19795314124958,0.04036593437194824,Picard,0
Picard,1,73,0.11953481169025278,6.911219924461111,0.04091787338256836,Picard,0
Picard,1,74,0.21350519503239354,12.344365101837166,0.04146170616149902,Picard,0
Picard,1,75,0.15666432203610922,9.057960343082549,0.04206585884094238,Picard,0
Picard,1,76,0.19345616570087087,11.18517767331484,0.04257774353027344,Picard,0
Picard,1,77,0.27717763648845806,16.025754981553018,0.04309678077697754,Picard,0
Picard,1,78,0.1231321898070988,7.119211813730921,0.043646812438964844,Picard,0
Picard,1,79,0.2488327581119732,14.38692119395637,0.04419994354248047,Picard,0
Picard,1,80,0.15899133136125615,9.19250251523267,0.04475712776184082,Picard,0
Picard,1,81,0.19550514142333333,11.303644600543658,0.045313358306884766,Picard,0
Picard,1,82,0.23612375693433857,13.652116822603263,0.04585456848144531,Picard,0
Picard,1,83,0.11808413252473489,6.827345088244296,0.0464024543762207,Picard,0
Picard,1,84,0.2552521344845536,14.758074343917036,0.04695940017700195,Picard,0
Picard,1,85,0.15277627289714482,8.833162543207102,0.04750633239746094,Picard,0
Picard,1,86,0.18400418986434972,10.63868679920727,0.04805135726928711,Picard,0
Picard,1,87,0.19577539226328647,11.319269864542285,0.04859352111816406,Picard,0
Picard,1,88,0.13499160267300359,7.804894999509806,0.0491025447845459,Picard,0
Picard,1,89,0.2570456825330778,14.861773047526151,0.04962754249572754,Picard,0
Picard,1,90,0.14895521682509677,8.612238123916994,0.050168752670288086,Picard,0
Picard,1,91,0.1825444868762794,10.554290226925977,0.05071377754211426,Picard,0
Picard,1,92,0.2116046558898239,12.234480426372231,0.05128288269042969,Picard,0
Picard,1,93,0.15177225001551026,8.775112316281172,0.05183601379394531,Picard,0
Picard,1,94,0.27129192908631156,15.685457308497998,0.052381038665771484,Picard,0
Picard,1,95,0.1469825389945391,8.498182560233829,0.05292916297912598,Picard,0
Picard,1,96,0.18487996331930798,10.68932194779399,0.05348920822143555,Picard,0
Picard,1,97,0.20964109866473324,12.120952194512618,0.054026126861572266,Picard,0
Picard,1,98,0.1829669078617783,10.578713608618799,0.05454397201538086,Picard,0
Picard,1,99,0.2932416596239991,16.9545387826188,0.055068016052246094,Picard,0
Picard,1,100,0.14613927866945234,8.449427243871687,0.055613040924072266,Picard,0
Picard,1,101,0.18275501782427603,10.56646262810297,0.05615806579589844,Picard,0
Picard,1,102,0.19566159520638826,11.312690388021103,0.05669903755187988,Picard,0
Picard,1,103,0.21492448418187843,12.426425041613616,0.05724596977233887,Picard,0
Picard,1,104,0.29428930439987294,17.015111124235393,0.05778932571411133,Picard,0
Picard,1,105,0.14635804366538668,8.46207571821399,0.05833244323730469,Picard,0
Picard,1,106,0.1784179298419173,10.315702464984206,0.05887436866760254,Picard,0
Picard,1,107,0.18716661771773982,10.821530893584194,0.05942249298095703,Picard,0
Picard,1,108,0.2440377921720932,14.10968761093385,0.05996537208557129,Picard,0
Picard,1,109,0.28611671825757395,16.5425915344828,0.06051230430603027,Picard,0
Picard,1,110,0.15022185166334562,8.685471952684852,0.06105828285217285,Picard,0
Picard,1,111,0.17575710127232683,10.161859654126886,0.06169247627258301,Picard,0
Picard,1,112,0.18852174210744044,10.899880978800297,0.06225228309631348,Picard,0
Picard,1,113,0.268329030762885,15.514149539343014,0.06276345252990723,Picard,0
Picard,1,114,0.2781102816983555,16.079678320419347,0.06331443786621094,Picard,0
Picard,1,115,0.1566714106639064,9.05837019076605,0.06385636329650879,Picard,0
Picard,1,116,0.17377132639669063,10.04704685029235,0.06439828872680664,Picard,0
Picard,1,117,0.19053070066548514,11.016034208285891,0.06494331359863281,Picard,0
Picard,1,118,0.2772258540571219,16.028542807262923,0.06549310684204102,Picard,0
Picard,1,119,0.25640365471198795,14.824652518314357,0.06603717803955078,Picard,0
Picard,1,120,0.16745008442668546,9.681567599246673,0.06657624244689941,Picard,0
Picard,1,121,0.17056150272967138,9.861462442136887,0.06711935997009277,Picard,0
Picard,1,122,0.1902484493464734,10.999715104988065,0.06769657135009766,Picard,0
Picard,1,123,0.2717295411119489,15.710759000180968,0.0682375431060791,Picard,0
Picard,1,124,0.22008740305894064,12.724932792677722,0.06877255439758301,Picard,0
Picard,1,125,0.1814708805879168,10.492216852097016,0.06927967071533203,Picard,0
Picard,1,126,0.16652531560085004,9.628099654266798,0.06979584693908691,Picard,0
Picard,1,127,0.18947730723053047,10.955129492805849,0.07033991813659668,Picard,0
Picard,1,128,0.2644375556387366,15.289153657112063,0.0708768367767334,Picard,0
Picard,1,129,0.1850123956367469,10.696978870977993,0.07142257690429688,Picard,0
Picard,1,130,0.1959856737170516,11.331427840553259,0.07196044921875,Picard,0
Picard,1,131,0.1632679640587976,9.439767296854946,0.07250356674194336,Picard,0
Picard,1,132,0.18982798403050055,10.975404795479012,0.0730443000793457,Picard,0
Picard,1,133,0.2596385630116462,15.011687260564472,0.07358717918395996,Picard,0
Picard,1,134,0.15793003391491417,9.131140808519607,0.0741281509399414,Picard,0
Picard,1,135,0.20991948661709853,12.137047927093873,0.07467222213745117,Picard,0
Picard,1,136,0.16069226015619867,9.290846192789616,0.07521224021911621,Picard,0
Picard,1,137,0.19010845906404197,10.991621198154647,0.07575607299804688,Picard,0
Picard,1,138,0.2511909236613399,14.523264745257498,0.07629704475402832,Picard,0
Picard,1,139,0.13505684056077136,7.808666899790527,0.07686710357666016,Picard,0
Picard,1,140,0.2238504009004832,12.942500422478854,0.07742905616760254,Picard,0
Picard,1,141,0.1578148307737741,9.124480035535157,0.0779411792755127,Picard,0
Picard,1,142,0.18913823626788187,10.93552521218059,0.0784449577331543,Picard,0
Picard,1,143,0.2397439216668596,13.861426180065287,0.07898688316345215,Picard,0
Picard,1,144,0.11927591749131568,6.896251274569748,0.07952475547790527,Picard,0
Picard,1,145,0.23699142052853447,13.702283078233256,0.08007168769836426,Picard,0
Picard,1,146,0.15475778044070101,8.947728619999712,0.08062267303466797,Picard,0
Picard,1,147,0.18782897765302528,10.859826977521413,0.08116650581359863,Picard,0
Picard,1,148,0.23018345245171867,13.30866247556307,0.08170652389526367,Picard,0
Picard,1,149,0.1161095639423523,6.713180205765209,0.08224630355834961,Picard,0
Picard,1,150,0.24980478848026533,14.443121689473356,0.08278656005859375,Picard,0
Picard,1,151,0.15204359797412714,8.790801013084529,0.08332967758178711,Picard,0
Picard,1,152,0.18683268362654368,10.80222361470955,0.08389067649841309,Picard,0
Picard,1,153,0.22165559696734505,12.8156020532214,0.08443379402160645,Picard,0
Picard,1,154,0.12665343170569698,7.322801687043312,0.08497476577758789,Picard,0
Picard,1,155,0.26307787344016537,15.210540050173435,0.08551859855651855,Picard,0
Picard,1,156,0.149581031027929,8.648421220091793,0.08605766296386719,Picard,0
Picard,1,157,0.1855387391900396,10.727410809600645,0.08661150932312012,Picard,0
Picard,1,158,0.21170405293002362,12.24022732800655,0.08714962005615234,Picard,0
Picard,1,159,0.14949447342660788,8.643416664428006,0.08769583702087402,Picard,0
Picard,1,160,0.2755687649093012,15.93273383435298,0.0882577896118164,Picard,0
Picard,1,161,0.14741073787150466,8.522940005937468,0.08877396583557129,Picard,0
Picard,1,162,0.18368028703008,10.619959503868444,0.0892791748046875,Picard,0
Picard,1,163,0.20205022773936246,11.682066001933181,0.08982110023498535,Picard,0
Picard,1,164,0.180400543333541,10.430332485076775,0.09038710594177246,Picard,0
Picard,1,165,0.28575310414694743,16.52156822712453,0.09094500541687012,Picard,0
Picard,1,166,0.1460794300942737,8.445966940890687,0.09148406982421875,Picard,0
Picard,1,167,0.18155655543624233,10.497170369071695,0.09203314781188965,Picard,0
Picard,1,168,0.19483183781292496,11.264715779209801,0.09257221221923828,Picard,0
Picard,1,169,0.21411237661511928,12.379470904012802,0.0931234359741211,Picard,0
Picard,1,170,0.29228432804305804,16.89918813620075,0.09366536140441895,Picard,0
Picard,1,171,0.14636824850595684,8.462665737945288,0.0942234992980957,Picard,0
Picard,1,172,0.17922882169309018,10.362586312786897,0.09476661682128906,Picard,0
Picard,1,173,0.1905714596716412,11.018390797562803,0.09531164169311523,Picard,0
Picard,1,174,0.2446971179384118,14.147808266401979,0.095855712890625,Picard,0
Picard,1,175,0.2916644471466027,16.86334808975908,0.09639453887939453,Picard,0
Picard,1,176,0.14934842957455366,8.634972754525194,0.09693741798400879,Picard,0
Picard,1,177,0.1765900766823224,10.210020321038423,0.09747767448425293,Picard,0
Picard,1,178,0.18907800660549295,10.93204287563896,0.09801864624023438,Picard,0
Picard,1,179,0.2659370119914379,15.375848674857208,0.0985567569732666,Picard,0
Picard,1,180,0.2795741419026236,16.164315253102853,0.09909772872924805,Picard,0
Picard,1,181,0.1561277310797099,9.026935923863466,0.09963560104370117,Picard,0
Picard,1,182,0.17361659445106578,10.038100615380262,0.10020160675048828,Picard,0
Picard,1,183,0.18931324973440122,10.945644076633164,0.10077381134033203,Picard,0
Picard,1,184,0.27472409318096125,15.88389691399492,0.10127687454223633,Picard,0
Picard,1,185,0.2550365068103194,14.745607262090747,0.1018218994140625,Picard,0
Picard,1,186,0.16693873776102955,9.652002745175999,0.10237789154052734,Picard,0
Picard,1,187,0.1703458149577381,9.84899188560386,0.10291886329650879,Picard,0
Picard,1,188,0.18986042991735158,10.977280739871285,0.10347175598144531,Picard,0
Picard,1,189,0.2732595678132469,15.799221523135111,0.10402059555053711,Picard,0
Picard,1,190,0.222459141988454,12.86206112469658,0.10456371307373047,Picard,0
Picard,1,191,0.18053395118864976,10.438045811540169,0.10510683059692383,Picard,0
Picard,1,192,0.16695179877139274,9.652757901885407,0.10565185546875,Picard,0
Picard,1,193,0.19007789384687998,10.98985398963306,0.10619997978210449,Picard,0
Picard,1,194,0.2668218648022555,15.427008770312788,0.10674810409545898,Picard,0
Picard,1,195,0.18898050949192308,10.92640582326607,0.10729312896728516,Picard,0
Picard,1,196,0.1949669892930394,11.272529917944615,0.10783505439758301,Picard,0
Picard,1,197,0.16372254098359995,9.46604985885902,0.10838103294372559,Picard,0
Picard,1,198,0.19004567811799358,10.987991352429617,0.10892224311828613,Picard,0
Picard,1,199,0.2590850482125278,14.979684344810828,0.10947108268737793,Picard,0
Picard,1,200,0.15944353335499162,9.218647764342895,0.11002016067504883,Picard,0
Picard,1,201,0.20910603873888192,12.090016295856529,0.1105642318725586,Picard,0
Picard,1,202,0.16074163588120463,9.293700980358363,0.11109709739685059,Picard,0
Picard,1,203,0.1897677832259195,10.971924127427538,0.11163616180419922,Picard,0
Picard,1,204,0.2505516610222533,14.486304092325136,0.11219310760498047,Picard,0
Picard,1,205,0.13563818177802212,7.842278673187427,0.11273694038391113,Picard,0
Picard,1,206,0.2228206065368448,12.88296014945347,0.11327195167541504,Picard,0
Picard,1,207,0.15785887038557042,9.127026301666408,0.11383223533630371,Picard,0
Picard,1,208,0.18909987583262164,10.93330730259649,0.11437129974365234,Picard,0
Picard,1,209,0.24112920534365304,13.94152000388704,0.11493539810180664,Picard,0
Picard,1,210,0.11989042762269193,6.931780796084835,0.11546945571899414,Picard,0
Picard,1,211,0.23615620871084395,13.653993107521412,0.11600756645202637,Picard,0
Picard,1,212,0.15500771032922117,8.962178974677434,0.11653637886047363,Picard,0
Picard,1,213,0.1881110997409334,10.876138608982663,0.11707139015197754,Picard,0
Picard,1,214,0.2314641207347132,13.382707684894996,0.11762642860412598,Picard,0
Picard,1,215,0.11588368491287224,6.70012041483915,0.11818075180053711,Picard,0
Picard,1,216,0.24923303755523393,14.410064404076484,0.11871552467346191,Picard,0
Picard,1,217,0.1522643363278592,8.803563582304607,0.11926126480102539,Picard,0
Picard,1,218,0.1869389988281401,10.808370508063517,0.11983609199523926,Picard,0
Picard,1,219,0.2218035835227251,12.82415828563297,0.12037801742553711,Picard,0
Picard,1,220,0.12567826419348802,7.266419809289324,0.12092399597167969,Picard,0
Picard,1,221,0.26218607629530405,15.158978449757697,0.12147784233093262,Picard,0
Picard,1,222,0.1497107094390635,8.655918918930585,0.12203001976013184,Picard,0
Picard,1,223,0.18553313225826262,10.727086630074496,0.12258005142211914,Picard,0
Picard,1,224,0.2120384735758935,12.259562738320962,0.12311816215515137,Picard,0
Picard,1,225,0.1478284883046122,8.547093347344209,0.12366104125976562,Picard,0
Picard,1,226,0.2745982084795175,15.876618558472371,0.12419605255126953,Picard,0
Picard,1,227,0.14751973445517969,8.52924193045754,0.12473535537719727,Picard,0
Picard,1,228,0.18380141490230686,10.626962830783043,0.12530136108398438,Picard,0
Picard,1,229,0.2027969857400284,11.725241782276791,0.12584137916564941,Picard,0
Picard,1,230,0.17831038404015506,10.309484421240954,0.12639117240905762,Picard,0
Picard,1,231,0.28528900237849947,16.494734961202074,0.12696218490600586,Picard,0
Picard,1,232,0.14612262516451865,8.448464377628103,0.12746715545654297,Picard,0
Picard,1,233,0.18174437877444458,10.508029869989517,0.128021240234375,Picard,0
Picard,1,234,0.1953248767503799,11.293222123762412,0.12855148315429688,Picard,0
Picard,1,235,0.21198777046443668,12.25663120440898,0.12909364700317383,Picard,0
Picard,1,236,0.292182072061952,16.893275937369108,0.12963175773620605,Picard,0
Picard,1,237,0.14627713512026075,8.457397777610524,0.1301708221435547,Picard,0
Picard,1,238,0.1793864543353078,10.371700259111279,0.13071179389953613,Picard,0
Picard,1,239,0.1906923705229523,11.025381576841648,0.1312577724456787,Picard,0
Picard,1,240,0.2428983516539743,14.043807856741676,0.13179278373718262,Picard,0
Picard,1,241,0.29191261849517347,16.877696769818634,0.13233470916748047,Picard,0
Picard,1,242,0.14906418653538975,8.618538494681713,0.1328749656677246,Picard,0
Picard,1,243,0.17674421728858394,10.21893236610797,0.1334381103515625,Picard,0
Picard,1,244,0.18905848577445605,10.930914227385815,0.13397526741027832,Picard,0
Picard,1,245,0.26493666437238667,15.318010942916079,0.13451218605041504,Picard,0
Picard,1,246,0.2806486122664254,16.226438586728815,0.1350572109222412,Picard,0
Picard,1,247,0.15557944229717532,8.995235164020963,0.13559603691101074,Picard,0
Picard,1,248,0.17381366696044073,10.049494881486483,0.13613605499267578,Picard,0
Picard,1,249,0.18929515867135818,10.944598094181776,0.13668322563171387,Picard,0
Picard,1,250,0.27459540352085077,15.876456382400391,0.13724327087402344,Picard,0
Picard,1,251,0.2569835921871422,14.858183130665289,0.13779616355895996,Picard,0
Picard,1,252,0.16614050162517288,9.605850620882258,0.13833332061767578,Picard,0
Picard,1,253,0.170575063424719,9.86224648943221,0.13887834548950195,Picard,0
Picard,1,254,0.18985743960761617,10.977107847239159,0.13941645622253418,Picard,0
Picard,1,255,0.27356931287363373,15.817130249493388,0.13995623588562012,Picard,0
Picard,1,256,0.22467496217370891,12.990174603915,0.14049530029296875,Picard,0
Picard,1,257,0.17962160931191998,10.38529636334834,0.14103937149047852,Picard,0
Picard,1,258,0.16716685761866668,9.665192095483023,0.14158034324645996,Picard,0
Picard,1,259,0.19006464861299197,10.989088181555424,0.14212250709533691,Picard,0
Picard,1,260,0.2672266880301098,15.450414691304916,0.14266037940979004,Picard,0
Picard,1,261,0.19097389940977116,11.041658910819768,0.14321136474609375,Picard,0
Picard,1,262,0.19405608531650248,11.219863605739045,0.1437544822692871,Picard,0
Picard,1,263,0.1639105447529865,9.476919791880917,0.14430475234985352,Picard,0
Picard,1,264,0.19003993889967025,10.987659524408423,0.1448535919189453,Picard,0
Picard,1,265,0.2595912936688088,15.00895425902781,0.14540481567382812,Picard,0
Picard,1,266,0.16114576023894117,9.31706649433421,0.14603567123413086,Picard,0
Picard,1,267,0.2082180241529306,12.03867339404528,0.14655661582946777,Picard,0
Picard,1,268,0.16092599516853479,9.304360198052679,0.14709162712097168,Picard,0
Picard,1,269,0.1898019219591085,10.973897948188833,0.14763569831848145,Picard,0
Picard,1,270,0.2511697948009397,14.522043124552084,0.14821577072143555,Picard,0
Picard,1,271,0.1369666143787849,7.919085502335125,0.14880681037902832,Picard,0
Picard,1,272,0.2219624485241111,12.833343484048001,0.1493666172027588,Picard,0
Picard,1,273,0.1580467114528473,9.13788682763737,0.1499156951904297,Picard,0
Picard,1,274,0.18916132578645972,10.936860193501804,0.15045881271362305,Picard,0
Picard,1,275,0.24174272627560725,13.976992332232555,0.150986909866333,Picard,0
Picard,1,276,0.12058602781295505,6.971998752899481,0.15149879455566406,Picard,0
Picard,1,277,0.2353220830180563,13.605765933981061,0.1520400047302246,Picard,0
Picard,1,278,0.1551868612344055,8.972537056042079,0.15260887145996094,Picard,0
Picard,1,279,0.1881761853040641,10.879901702213354,0.1531529426574707,Picard,0
Picard,1,280,0.23205019661933718,13.416593205554495,0.15368866920471191,Picard,0
Picard,1,281,0.11573342062269501,6.691432489192025,0.15422654151916504,Picard,0
Picard,1,282,0.2483984642557281,14.36181135097498,0.15476751327514648,Picard,0
Picard,1,283,0.15243196959399993,8.813255741037047,0.15532732009887695,Picard,0
Picard,1,284,0.18701571834839922,10.812806249162803,0.1558692455291748,Picard,0
Picard,1,285,0.22242468981984054,12.86006918184081,0.15641021728515625,Picard,0
Picard,1,286,0.12465439172732144,7.207221926361178,0.15694546699523926,Picard,0
Picard,1,287,0.26136688799128044,15.11161492068531,0.15749669075012207,Picard,0
Picard,1,288,0.1498652991522147,8.664856930297647,0.15803194046020508,Picard,0
Picard,1,289,0.1856340532408281,10.732921642449888,0.15857291221618652,Picard,0
Picard,1,290,0.21266815627796984,12.295969501966983,0.15911316871643066,Picard,0
Picard,1,291,0.14611866466348233,8.448235390830984,0.1596510410308838,Picard,0
Picard,1,292,0.27385063935134674,15.83339588065602,0.16021084785461426,Picard,0
Picard,1,293,0.14764199631444505,8.536310821819045,0.16075778007507324,Picard,0
Picard,1,294,0.18392291133736163,10.633987467128122,0.16130590438842773,Picard,0
Picard,1,295,0.20334440295828485,11.75689215033535,0.16189098358154297,Picard,0
Picard,1,296,0.17621735808674996,10.188470613906977,0.16244125366210938,Picard,0
Picard,1,297,0.28469483615948865,16.460381676554668,0.1629793643951416,Picard,0
Picard,1,298,0.14617513809993862,8.45150055127856,0.1635143756866455,Picard,0
Picard,1,299,0.18188324686554347,10.516058894375833,0.16406536102294922,Picard,0
Picard,1,300,0.19571900379603918,11.316009616813288,0.16460919380187988,Picard,0
Picard,1,301,0.2098602027561728,12.133620274554538,0.16516733169555664,Picard,0
Picard,1,302,0.29190979811773504,16.877533702269762,0.16571831703186035,Picard,0
Picard,1,303,0.1462018263368445,8.453043601976885,0.1662893295288086,Picard,0
Picard,1,304,0.1795445110185519,10.380838722484286,0.16683626174926758,Picard,0
Picard,1,305,0.19089296212181842,11.036979308374077,0.16739821434020996,Picard,0
Picard,1,306,0.24113928658970263,13.942102877675655,0.16792631149291992,Picard,0
Picard,1,307,0.29222187821498985,16.89557743493372,0.16842913627624512,Picard,0
Picard,1,308,0.14878543047308795,8.602421478855089,0.16893625259399414,Picard,0
Picard,1,309,0.17692114150752833,10.229161705743829,0.169478178024292,Picard,0
Picard,1,310,0.18909111265468506,10.932800636386867,0.17002534866333008,Picard,0
Picard,1,311,0.263891978099228,15.257609654924977,0.17056727409362793,Picard,0
Picard,1,312,0.2817462281437051,16.289900139168594,0.17110610008239746,Picard,0
Picard,1,313,0.1550407579143943,8.96408970784273,0.1716461181640625,Picard,0
Picard,1,314,0.17400965641665192,10.060826528021895,0.17218708992004395,Picard,0
Picard,1,315,0.18925677135266425,10.94237863026116,0.17276716232299805,Picard,0
Picard,1,316,0.2743432189040716,15.861875664670704,0.1733100414276123,Picard,0
Picard,1,317,0.2588128803443956,14.963948242779667,0.17393803596496582,Picard,0
Picard,1,318,0.16536264621930558,9.560876862164083,0.17447423934936523,Picard,0
Picard,1,319,0.17078867256755456,9.874596864550027,0.17501115798950195,Picard,0
Picard,1,320,0.189830274399948,10.975537219220145,0.17556524276733398,Picard,0
Picard,1,321,0.27385224762128313,15.83348886701766,0.1761031150817871,Picard,0
Picard,1,322,0.22684722175387032,13.115769512036122,0.17664122581481934,Picard,0
Picard,1,323,0.17871582034658745,10.332925788985577,0.17718935012817383,Picard,0
Picard,1,324,0.1673822008051929,9.677642728903297,0.17772340774536133,Picard,0
Picard,1,325,0.19006067580438252,10.988858483163554,0.17826223373413086,Picard,0
Picard,1,326,0.267692435591073,15.47734311305572,0.17879533767700195,Picard,0
Picard,1,327,0.19303542993858966,11.160851727240267,0.17933416366577148,Picard,0
Picard,1,328,0.1931402212696213,11.166910514004522,0.1798853874206543,Picard,0
Picard,1,329,0.16410899637969426,9.488393795287543,0.18042540550231934,Picard,0
Picard,1,330,0.19004639129314072,10.988032586528846,0.18096661567687988,Picard,0
Picard,1,331,0.26009485234470253,15.038068829961258,0.18152165412902832,Picard,0
Picard,1,332,0.1628873480527602,9.41776098014019,0.18207669258117676,Picard,0
Picard,1,333,0.2073306843165579,11.987369504657824,0.18262958526611328,Picard,0
Picard,1,334,0.1611106915173455,9.315038903844123,0.18315362930297852,Picard,0
Picard,1,335,0.18982773147485998,10.975390193309565,0.18371057510375977,Picard,0
Picard,1,336,0.2517381347578643,14.554903195845313,0.18422365188598633,Picard,0
Picard,1,337,0.13830675677799037,7.996569364316723,0.18476366996765137,Picard,0
Picard,1,338,0.2210995605791669,12.783453345155836,0.18532752990722656,Picard,0
Picard,1,339,0.15822948908947426,9.148454598031115,0.1858813762664795,Picard,0
Picard,1,340,0.18921428712667365,10.939922292856268,0.18642234802246094,Picard,0
Picard,1,341,0.24235886024081524,14.012615739976876,0.18697118759155273,Picard,0
Picard,1,342,0.12132381976189065,7.01465613735083,0.18750929832458496,Picard,0
Picard,1,343,0.23448297860816208,13.55725090280009,0.18804621696472168,Picard,0
Picard,1,344,0.15536671172763206,8.9829355859317,0.18858599662780762,Picard,0
Picard,1,345,0.18824496643080552,10.883878464186209,0.18912887573242188,Picard,0
Picard,1,346,0.23266342811511828,13.452048799385452,0.18967485427856445,Picard,0
Picard,1,347,0.11563851833133455,6.685945463298456,0.1902179718017578,Picard,0
Picard,1,348,0.24757044732810093,14.31393737177939,0.19077396392822266,Picard,0
Picard,1,349,0.15260241078581493,8.823110247386822,0.19134211540222168,Picard,0
Picard,1,350,0.18709475667470535,10.81737605814011,0.1918783187866211,Picard,0
Picard,1,351,0.2230408911673499,12.895696485470333,0.19241833686828613,Picard,0
Picard,1,352,0.12368305302046265,7.151061421071402,0.19295549392700195,Picard,0
Picard,1,353,0.2605483451898222,15.064288713043627,0.1934976577758789,Picard,0
Picard,1,354,0.15002104396801474,8.673861726966237,0.1940455436706543,Picard,0
Picard,1,355,0.1857311456975048,10.738535298518864,0.19461846351623535,Picard,0
Picard,1,356,0.21328691607664535,12.331744729188179,0.1951735019683838,Picard,0
Picard,1,357,0.1444467502720841,8.35156925742236,0.19572854042053223,Picard,0
Picard,1,358,0.27308958837626324,15.78939371435691,0.19626259803771973,Picard,0
Picard,1,359,0.14776682844669772,8.543528320281947,0.19681477546691895,Picard,0
Picard,1,360,0.1840418778506116,10.640865829381683,0.1973733901977539,Picard,0
Picard,1,361,0.2039009223789642,11.789068786197005,0.19791650772094727,Picard,0
Picard,1,362,0.17413985060436024,10.068354047841565,0.1984233856201172,Picard,0
Picard,1,363,0.28408626215803734,16.425195368023576,0.19898629188537598,Picard,0
Picard,1,364,0.14623350312011174,8.454875078620079,0.19957542419433594,Picard,0
Picard,1,365,0.18202209673083508,10.524086864989103,0.20008420944213867,Picard,0
Picard,1,366,0.19612941169975162,11.339738430547012,0.2006242275238037,Picard,0
Picard,1,367,0.20772392112340277,12.010105526207264,0.2011730670928955,Picard,0
Picard,1,368,0.29161512610623486,16.86049646392669,0.20171284675598145,Picard,0
Picard,1,369,0.1461365724965407,8.449270779358283,0.20224976539611816,Picard,0
Picard,1,370,0.17970190099071479,10.389938638200398,0.20278668403625488,Picard,0
Picard,1,371,0.1911057338497998,11.049281266146826,0.20332670211791992,Picard,0
Picard,1,372,0.23934321248976842,13.838258123752091,0.20386290550231934,Picard,0
Picard,1,373,0.292485879336624,16.910841355009538,0.20440387725830078,Picard,0
Picard,1,374,0.14852188955792187,8.587184166828143,0.20494675636291504,Picard,0
Picard,1,375,0.17709632977645903,10.239290676858145,0.20550751686096191,Picard,0
Picard,1,376,0.18913023578347282,10.935062643105763,0.2060546875,Picard,0
Picard,1,377,0.2627941390461751,15.19413519899015,0.20659375190734863,Picard,0
Picard,1,378,0.2827882091300925,16.350145013880834,0.20713353157043457,Picard,0
Picard,1,379,0.15451939144065277,8.933945532181118,0.2076735496520996,Picard,0
Picard,1,380,0.17420404618878838,10.072065684609871,0.20821166038513184,Picard,0
Picard,1,381,0.18921971471377783,10.940236103097869,0.20879554748535156,Picard,0
Picard,1,382,0.2740469744188289,15.844747509617209,0.20933079719543457,Picard,0
Picard,1,383,0.26060517289072815,15.067574356223293,0.20990681648254395,Picard,0
Picard,1,384,0.16459733442439564,9.516628345346133,0.21044301986694336,Picard,0
Picard,1,385,0.17100178193090332,9.886918343600678,0.21098923683166504,Picard,0
Picard,1,386,0.1898021407087272,10.9739105957741,0.21155047416687012,Picard,0
Picard,1,387,0.2741140156750435,15.848623676393728,0.21209144592285156,Picard,0
Picard,1,388,0.2290147815797374,13.241092691486244,0.21262860298156738,Picard,0
Picard,1,389,0.17781389990191807,10.280778883332435,0.21317052841186523,Picard,0
Picard,1,390,0.16759835722231436,9.690140381392023,0.21371054649353027,Picard,0
Picard,1,391,0.19005581094140034,10.988577208298963,0.2142333984375,Picard,0
Picard,1,392,0.2681523975752029,15.503937026445998,0.21474123001098633,Picard,0
Picard,1,393,0.19511256031154994,11.280946489730924,0.21530842781066895,Picard,0
Picard,1,394,0.19222302305477626,11.113880283835732,0.21585559844970703,Picard,0
Picard,1,395,0.1643084739064697,9.499927113808218,0.2163996696472168,Picard,0
Picard,1,396,0.19005169535324945,10.988339254731905,0.21693634986877441,Picard,0
Picard,1,397,0.2605946978534663,15.066968714358719,0.21747541427612305,Picard,0
Picard,1,398,0.16465027699660317,9.519689359578882,0.21801352500915527,Picard,0
Picard,1,399,0.20644158797030954,11.935964058026261,0.21857118606567383,Picard,0
Picard,1,400,0.1612957124900068,9.325736378618362,0.21910905838012695,Picard,0
Picard,1,401,0.18985182659744523,10.976783316274656,0.21966099739074707,Picard,0
Picard,1,402,0.2523029083834454,14.587557070300234,0.22020506858825684,Picard,0
Picard,1,403,0.13967711652191184,8.075800321658347,0.22076988220214844,Picard,0
Picard,1,404,0.22023511872091947,12.733473362673921,0.22130393981933594,Picard,0
Picard,1,405,0.15841238688269527,9.159029315594768,0.2218620777130127,Picard,0
Picard,1,406,0.18926600378101546,10.942912427419243,0.2224140167236328,Picard,0
Picard,1,407,0.24297439982526045,14.048204782032139,0.22295522689819336,Picard,0
Picard,1,408,0.12210806489765745,7.059999335130052,0.22349023818969727,Picard,0
Picard,1,409,0.23364276120258343,13.508671520842627,0.22404122352600098,Picard,0
Picard,1,410,0.15554702708720428,8.993360993293292,0.22458624839782715,Picard,0
Picard,1,411,0.18831309574113775,10.887817539676854,0.2251293659210205,Picard,0
Picard,1,412,0.23327655568745487,13.487498384608788,0.22566628456115723,Picard,0
Picard,1,413,0.11560054263347921,6.683749798320598,0.22621631622314453,Picard,0
Picard,1,414,0.2467420844680894,14.26604339159201,0.22675228118896484,Picard,0
Picard,1,415,0.15277352390992338,8.83300360327163,0.22728896141052246,Picard,0
Picard,1,416,0.18717282712077177,10.821889906572515,0.22782468795776367,Picard,0
Picard,1,417,0.22365601490935108,12.931261484499602,0.22836971282958984,Picard,0
Picard,1,418,0.12276418896714046,7.097934876064185,0.22891545295715332,Picard,0
Picard,1,419,0.2597281474463258,15.016866820569835,0.22946619987487793,Picard,0
Picard,1,420,0.15017800459355235,8.682936818876554,0.23000741004943848,Picard,0
Picard,1,421,0.18582689290504223,10.744071175466233,0.23055648803710938,Picard,0
Picard,1,422,0.21390723123691424,12.367609883735833,0.2311244010925293,Picard,0
Picard,1,423,0.14281123203858553,8.25700746372945,0.23167133331298828,Picard,0
Picard,1,424,0.27232266474853506,15.745052005179922,0.2323002815246582,Picard,0
Picard,1,425,0.14789448047235143,8.550908858307823,0.23283934593200684,Picard,0
Picard,1,426,0.18415955826199087,10.64766983226873,0.23337554931640625,Picard,0
Picard,1,427,0.2044641039368156,11.821630611063535,0.23392271995544434,Picard,0
Picard,1,428,0.17207831751353883,9.94916108329212,0.2344658374786377,Picard,0
Picard,1,429,0.28346423718618113,16.38923135621633,0.2350161075592041,Picard,0
Picard,1,430,0.14629755972340203,8.458578679827903,0.23555231094360352,Picard,0
Picard,1,431,0.18215972173803197,10.532044017206047,0.23610734939575195,Picard,0
Picard,1,432,0.19655107613236342,11.364118070142334,0.23664116859436035,Picard,0
Picard,1,433,0.20557990152514832,11.886143387008113,0.2371830940246582,Picard,0
Picard,1,434,0.29129374916435075,16.8419152097079,0.23771905899047852,Picard,0
Picard,1,435,0.14608131142583472,8.446075715029242,0.23827123641967773,Picard,0
Picard,1,436,0.17985811320080744,10.398970458500864,0.23883533477783203,Picard,0
Picard,1,437,0.1913313060368272,11.062323316168435,0.23938226699829102,Picard,0
Picard,1,438,0.23751342362620298,13.732464061983709,0.23993611335754395,Picard,0
Picard,1,439,0.2927064479596156,16.92359411079988,0.24049019813537598,Picard,0
Picard,1,440,0.14827317909010115,8.57280431616942,0.24098849296569824,Picard,0
Picard,1,441,0.1772703853609438,10.249354158838374,0.24150443077087402,Picard,0
Picard,1,442,0.18917800104437485,10.937824317451296,0.24204134941101074,Picard,0
Picard,1,443,0.2616451191750483,15.127701589277265,0.24257755279541016,Picard,0
Picard,1,444,0.28377789555584215,16.40736634085572,0.2431647777557373,Picard,0
Picard,1,445,0.1540150563714934,8.904786072026441,0.24370193481445312,Picard,0
Picard,1,446,0.17439715246932908,10.083230632751253,0.2442622184753418,Picard,0
Picard,1,447,0.18918434025403918,10.938190835551907,0.24480628967285156,Picard,0
Picard,1,448,0.27370381906850605,15.824907079362612,0.24534320831298828,Picard,0
Picard,1,449,0.262357782414106,15.168906091192321,0.24592924118041992,Picard,0
Picard,1,450,0.16384513449461488,9.473137925539808,0.24643230438232422,Picard,0
Picard,1,451,0.1712139705693853,9.899186588518495,0.24695754051208496,Picard,0
Picard,1,452,0.18977229597961082,10.972185044166224,0.24749374389648438,Picard,0
Picard,1,453,0.2743516907658105,15.862365487667196,0.2480628490447998,Picard,0
Picard,1,454,0.23117354874632778,13.365907500185429,0.24862074851989746,Picard,0
Picard,1,455,0.17691656274534975,10.228896972550624,0.2491617202758789,Picard,0
Picard,1,456,0.16781502766252313,9.702667753479185,0.24970769882202148,Picard,0
Picard,1,457,0.19004994534009534,10.988238073112862,0.2502448558807373,Picard,0
Picard,1,458,0.26860745856849766,15.530247576144717,0.25079774856567383,Picard,0
Picard,1,459,0.19720524311745077,11.401940457088289,0.25133776664733887,Picard,0
Picard,1,460,0.19130456350410868,11.06077712621472,0.2518746852874756,Picard,0
Picard,1,461,0.1645092151365261,9.511533496661958,0.2524147033691406,Picard,0
Picard,1,462,0.19005634821983286,10.988608272466424,0.2529475688934326,Picard,0
Picard,1,463,0.2610919602540767,15.09571924955586,0.2534925937652588,Picard,0
Picard,1,464,0.166435346802629,9.622897871271093,0.2540297508239746,Picard,0
Picard,1,465,0.20555074926351505,11.884457872231339,0.2545785903930664,Picard,0
Picard,1,466,0.16148123371541287,9.336462776822422,0.2551565170288086,Picard,0
Picard,1,467,0.18987425392166155,10.978080011085016,0.25570154190063477,Picard,0
Picard,1,468,0.25286291249251547,14.619935182597882,0.2562375068664551,Picard,0
Picard,1,469,0.14107655479934533,8.156712530991259,0.2567775249481201,Picard,0
Picard,1,470,0.21936912061449454,12.683403401605352,0.25733256340026855,Picard,0
Picard,1,471,0.1585952709186606,9.169603237746458,0.2578763961791992,Picard,0
Picard,1,472,0.18931615541700633,10.94581207632489,0.25841331481933594,Picard,0
Picard,1,473,0.24358857369108033,14.083714861468554,0.25896739959716797,Picard,0
Picard,1,474,0.1229374727157692,7.107953732321821,0.2595393657684326,Picard,0
Picard,1,475,0.23280119561060683,13.460014189938212,0.26007533073425293,Picard,0
Picard,1,476,0.1557277255178778,9.003808548919396,0.26062440872192383,Picard,0
Picard,1,477,0.18838056696801556,10.891718566339565,0.2611663341522217,Picard,0
Picard,1,478,0.2338903493269561,13.52298648025929,0.2617044448852539,Picard,0
Picard,1,479,0.11561917472558264,6.684827061791872,0.2622416019439697,Picard,0
Picard,1,480,0.24591344889662534,14.218133643873834,0.26278042793273926,Picard,0
Picard,1,481,0.15294535021170802,8.842938193401888,0.2633073329925537,Picard,0
Picard,1,482,0.1872501041689122,10.82635788261447,0.2638077735900879,Picard,0
Picard,1,483,0.22427031834690947,12.966779055467295,0.2643775939941406,Picard,0
Picard,1,484,0.12189846241643539,7.047880615704684,0.2649214267730713,Picard,0
Picard,1,485,0.2589066608996151,14.969370412544235,0.26549744606018066,Picard,0
Picard,1,486,0.1503361373490083,8.69207968056482,0.26604151725769043,Picard,0
Picard,1,487,0.18592128564091492,10.7495287400674,0.26657748222351074,Picard,0
Picard,1,488,0.21452846562587083,12.40352818591079,0.2671213150024414,Picard,0
Picard,1,489,0.1412133809754107,8.164623496682669,0.26766228675842285,Picard,0
Picard,1,490,0.2715500821153695,15.70038310570098,0.26819443702697754,Picard,0
Picard,1,491,0.1480248034745264,8.558443825875104,0.2687523365020752,Picard,0
Picard,1,492,0.18427588256438004,10.654395428143298,0.26929736137390137,Picard,0
Picard,1,493,0.2050335132135628,11.854552507898289,0.2698373794555664,Picard,0
Picard,1,494,0.1700341716998914,9.830973409960672,0.2703986167907715,Picard,0
Picard,1,495,0.2828292664743401,16.35251885236016,0.27095842361450195,Picard,0
Picard,1,496,0.1463670816236398,8.462598271571226,0.271484375,Picard,0
Picard,1,497,0.18229613433744143,10.539931070873973,0.2719864845275879,Picard,0
Picard,1,498,0.19698389738672786,11.389142770768,0.2725026607513428,Picard,0
Picard,1,499,0.20342981045211364,11.76183020950574,0.2730536460876465,Picard,0
Picard,1,500,0.29094681083446805,16.82185605652784,0.2735915184020996,Picard,0
GlobalAndersonSolver,3,0,1.0,57.81763343025095,0.0,initial,0
GlobalAndersonSolver,3,1,0.26526225887283933,15.336836046390157,0.0007429122924804688,AA,0
GlobalAndersonSolver,3,2,0.27808449168729354,16.078187203013606,0.0015139579772949219,AA,1
GlobalAndersonSolver,3,3,0.3515596443447439,20.326346645593798,0.0026111602783203125,AA,2
GlobalAndersonSolver,3,4,0.30973481913474366,17.908134233317686,0.0037882328033447266,AA,3
GlobalAndersonSolver,3,5,0.27714594365892764,16.02392257715286,0.004969120025634766,AA,3
GlobalAndersonSolver,3,6,0.35845567327241806,20.72505871825847,0.006609916687011719,KM,3
GlobalAndersonSolver,3,7,0.1302938062643922,7.533279528826762,0.007194042205810547,AA,0
GlobalAndersonSolver,3,8,0.1852017741590022,10.707928288957312,0.007861852645874023,AA,1
GlobalAndersonSolver,3,9,0.18631278310650556,10.772164197021791,0.008851766586303711,AA,2
GlobalAndersonSolver,3,10,0.09307471038994544,5.381359486952635,0.00994873046875,AA,3
GlobalAndersonSolver,3,11,0.12714881680833115,7.351443681314221,0.011013031005859375,AA,3
GlobalAndersonSolver,3,12,0.17553251777615786,10.148874767870904,0.012547969818115234,KM,3
GlobalAndersonSolver,3,13,0.15377312459088344,8.890798149020007,0.013746023178100586,KM,0
GlobalAndersonSolver,3,14,0.13615389893033109,7.872096218453319,0.014878273010253906,KM,0
GlobalAndersonSolver,3,15,0.11111439709828447,6.424371480251951,0.016138315200805664,KM,0
GlobalAndersonSolver,3,16,0.10015236234151104,5.7905725730351545,0.016739368438720703,AA,0
GlobalAndersonSolver,3,17,0.10604502503206588,6.131272384405771,0.01802349090576172,KM,1
GlobalAndersonSolver,3,18,0.06086126635509959,3.5188543882200136,0.018671274185180664,AA,0
GlobalAndersonSolver,3,19,0.05747066302706841,3.3228177278925175,0.01931619644165039,AA,1
GlobalAndersonSolver,3,20,0.07806861284703485,4.513742439998041,0.02032303810119629,AA,2
GlobalAndersonSolver,3,21,0.11657051696177588,6.739831418470809,0.02192997932434082,KM,3
GlobalAndersonSolver,3,22,0.1083120464836487,6.262346199671902,0.023091793060302734,KM,0
GlobalAndersonSolver,3,23,0.06514712089967178,3.766652355213464,0.023682832717895508,AA,0
GlobalAndersonSolver,3,24,0.06517615910550177,3.7683312755536145,0.024912118911743164,KM,1
GlobalAndersonSolver,3,25,0.07335712086284951,4.241335123546848,0.02605295181274414,KM,0
GlobalAndersonSolver,3,26,0.0481432760371306,2.7835302860462017,0.026637792587280273,AA,0
GlobalAndersonSolver,3,27,0.05560594939628621,3.21500439873556,0.027284860610961914,AA,1
GlobalAndersonSolver,3,28,0.035513241677318806,2.0532915892191292,0.028262853622436523,AA,2
GlobalAndersonSolver,3,29,0.05218487435578134,3.0172059361062686,0.029279708862304688,AA,3
GlobalAndersonSolver,3,30,0.05096013465141141,2.946394384831534,0.03019094467163086,AA,3
GlobalAndersonSolver,3,31,0.03965955469215188,2.293021595197826,0.03177309036254883,KM,3
GlobalAndersonSolver,3,32,0.03600057706736517,2.081468168158418,0.03299593925476074,KM,0
GlobalAndersonSolver,3,33,0.032102343780852395,1.85608154497322,0.033592939376831055,AA,0
GlobalAndersonSolver,3,34,0.028017156959285836,1.6198857108297928,0.03424787521362305,AA,1
GlobalAndersonSolver,3,35,0.005360468623922612,0.3099296099123193,0.035243988037109375,AA,2
GlobalAndersonSolver,3,36,0.011993638999552476,0.6934438231708868,0.03621482849121094,AA,3
GlobalAndersonSolver,3,37,0.013730780126997296,0.7938812120941042,0.03720879554748535,AA,3
GlobalAndersonSolver,3,38,0.012187272687248455,0.7046392647458406,0.038196563720703125,AA,3
GlobalAndersonSolver,3,39,0.009048925691812999,0.523187468586824,0.03966951370239258,KM,3
GlobalAndersonSolver,3,40,0.00833488117340989,0.4819031043689129,0.04084968566894531,KM,0
GlobalAndersonSolver,3,41,0.007530666811244913,0.43540533317791524,0.0420069694519043,KM,0
GlobalAndersonSolver,3,42,0.0051857881528189044,0.2998299984666216,0.04260396957397461,AA,0
GlobalAndersonSolver,3,43,0.005543074869034903,0.32048747085429635,0.0432429313659668,AA,1
GlobalAndersonSolver,3,44,0.0009413177211178328,0.05442476294099005,0.04412674903869629,AA,2
GlobalAndersonSolver,3,45,0.001071769761766888,0.06196719120746532,0.04512953758239746,AA,3
GlobalAndersonSolver,3,46,0.0012201090914277337,0.07054382019308525,0.046117544174194336,AA,3
GlobalAndersonSolver,3,47,0.0014758392762085838,0.08532953427379478,0.0470273494720459,AA,3
GlobalAndersonSolver,3,48,0.0007795500393110934,0.045071738413426515,0.04801630973815918,AA,3
GlobalAndersonSolver,3,49,0.000637326104713014,0.03684868709782677,0.04900050163269043,AA,3
GlobalAndersonSolver,3,50,0.0005108510913567508,0.02953620113750826,0.049979448318481445,AA,3
GlobalAndersonSolver,3,51,0.0004170109872154049,0.024110588395207345,0.05091547966003418,AA,3
GlobalAndersonSolver,3,52,0.00033727143895436655,0.019500236423956825,0.05189847946166992,AA,3
GlobalAndersonSolver,3,53,0.00015474781461333135,0.008947152419446023,0.05285453796386719,AA,3
GlobalAndersonSolver,3,54,8.081088262845568e-05,0.004672293988987085,0.05390048027038574,AA,3
GlobalAndersonSolver,3,55,6.008965416822108e-05,0.003474241597648757,0.05483651161193848,AA,3
GlobalAndersonSolver,3,56,3.10688147521002e-05,0.0017963253424493023,0.05579853057861328,AA,3
GlobalAndersonSolver,3,57,2.2306616746875853e-05,0.001289715790139965,0.056766510009765625,AA,3
GlobalAndersonSolver,3,58,1.0105030801592572e-05,0.0005842489666878743,0.057738542556762695,AA,3
GlobalAndersonSolver,3,59,4.994818694563536e-06,0.0002887885963328391,0.05870223045349121,AA,3
GlobalAndersonSolver,3,60,3.4047903056819783e-06,0.0001968569178007927,0.05967235565185547,AA,3
GlobalAndersonSolver,3,61,1.9800362682278103e-06,0.00011448101113499758,0.06060028076171875,AA,3
GlobalAndersonSolver,3,62,1.2732476471316375e-06,7.361616572778652e-05,0.06151318550109863,AA,3
GlobalAndersonSolver,3,63,9.10529051464673e-07,5.264463492517857e-05,0.06248641014099121,AA,3
GlobalAndersonSolver,3,64,1.5069859307808019e-06,8.713036013042994e-05,0.06346917152404785,AA,3
GlobalAndersonSolver,3,65,1.5842690969097053e-06,9.159868990000006e-05,0.06443309783935547,AA,3
GlobalAndersonSolver,3,66,8.287679288459856e-07,4.79174003087655e-05,0.06548285484313965,AA,3
GlobalAndersonSolver,3,67,5.771962020101976e-07,3.337211842515868e-05,0.06643080711364746,AA,3
GlobalAndersonSolver,3,68,4.01895381099382e-07,2.3236639821715075e-05,0.06734681129455566,AA,3
GlobalAndersonSolver,3,69,4.3114263664355384e-07,2.4927646921608876e-05,0.06830382347106934,AA,3
GlobalAndersonSolver,3,70,4.718528507094367e-07,2.7281415155337135e-05,0.06927490234375,AA,3
GlobalAndersonSolver,3,71,4.6019353529367316e-07,2.6607301130580847e-05,0.07081174850463867,KM,3
GlobalAndersonSolver,3,72,4.929237935178251e-07,2.8499687202662325e-05,0.07195591926574707,KM,0
GlobalAndersonSolver,3,73,4.656687128320039e-07,2.69238629384576e-05,0.0731208324432373,KM,0
GlobalAndersonSolver,3,74,4.5746851477398513e-07,2.6449746893083612e-05,0.07370877265930176,AA,0
GlobalAndersonSolver,3,75,4.751225706940798e-07,2.74704626268288e-05,0.07491087913513184,KM,1
GlobalAndersonSolver,3,76,4.7035015405635046e-07,2.7194532791092133e-05,0.07605814933776855,KM,0
GlobalAndersonSolver,3,77,4.1496579312117675e-07,2.399234011277355e-05,0.07665228843688965,AA,0
GlobalAndersonSolver,3,78,4.0473068793163174e-07,2.3400570552804376e-05,0.07730937004089355,AA,1
GlobalAndersonSolver,3,79,1.5412040533788016e-08,8.910877099947247e-07,0.0781562328338623,AA,2
GlobalAndersonSolver,3,80,9.046897302207393e-09,5.230701919001533e-07,0.07906532287597656,AA,3
GlobalAndersonSolver,3,81,6.3400907043493975e-09,3.6656904025861503e-07,0.08001208305358887,AA,3
GlobalAndersonSolver,3,82,2.5992975023549062e-09,1.5028523016732282e-07,0.08097600936889648,AA,3
GlobalAndersonSolver,3,83,1.8220567633220364e-09,1.0534701003086302e-07,0.08194899559020996,AA,3
GlobalAndersonSolver,3,84,1.3157676326772731e-09,7.607457066552366e-08,0.08291387557983398,AA,3
GlobalAndersonSolver,3,85,6.301464226413985e-10,3.643357487166437e-08,0.08386898040771484,AA,3
GlobalAndersonSolver,3,86,5.033655568150911e-10,2.9103405245349098e-08,0.08484506607055664,AA,3
GlobalAndersonSolver,3,87,3.0852207971441496e-10,1.7838016510066706e-08,0.08582091331481934,AA,3
GlobalAndersonSolver,3,88,2.454611207815772e-10,1.4191981102727785e-08,0.08677363395690918,AA,3
GlobalAndersonSolver,3,89,1.5404514358567414e-10,8.906525643546881e-09,0.08769893646240234,AA,3
GlobalAndersonSolver,3,90,1.1562847801550323e-10,6.6853649559981965e-09,0.08871102333068848,AA,3
GlobalAndersonSolver,3,91,1.293185539018463e-10,7.476892745227098e-09,0.08966398239135742,AA,3
GlobalAndersonSolver,3,92,4.019858177494272e-11,2.3241868654796047e-09,0.09063386917114258,AA,3
GlobalAndersonSolver eta=1e-10,3,0,1.0,57.81763343025095,0.0,initial,0
GlobalAndersonSolver eta=1e-10,3,1,0.26526225887283933,15.336836046390157,0.0006301403045654297,AA,0
GlobalAndersonSolver eta=1e-10,3,2,0.27808449168729354,16.078187203013606,0.0013239383697509766,AA,1
GlobalAndersonSolver eta=1e-10,3,3,0.35155964442309856,20.32634665012408,0.0022089481353759766,AA,2
GlobalAndersonSolver eta=1e-10,3,4,0.3097348198791741,17.908134276358894,0.0029408931732177734,AA,3
GlobalAndersonSolver eta=1e-10,3,5,0.277145944343649,16.023922616741828,0.003699779510498047,AA,3
GlobalAndersonSolver eta=1e-10,3,6,0.35845567305841414,20.72505870588527,0.00540471076965332,KM,3
GlobalAndersonSolver eta=1e-10,3,7,0.1302938066724042,7.533279552417052,0.0060117244720458984,AA,0
GlobalAndersonSolver eta=1e-10,3,8,0.18520177344940397,10.707928247930022,0.006643772125244141,AA,1
GlobalAndersonSolver eta=1e-10,3,9,0.18631278243625973,10.772164158269764,0.007341623306274414,AA,2
GlobalAndersonSolver eta=1e-10,3,10,0.09307470998480036,5.3813594635281055,0.008006572723388672,AA,3
GlobalAndersonSolver eta=1e-10,3,11,0.12714881734266636,7.351443712208219,0.008730649948120117,AA,3
GlobalAndersonSolver eta=1e-10,3,12,0.17553251684494126,10.148874714030164,0.009988546371459961,KM,3
GlobalAndersonSolver eta=1e-10,3,13,0.15377312406571997,8.890798118656297,0.011119604110717773,KM,0
GlobalAndersonSolver eta=1e-10,3,14,0.13615389870482086,7.872096205414853,0.012349605560302734,KM,0
GlobalAndersonSolver eta=1e-10,3,15,0.11111439665263806,6.424371454485731,0.013465642929077148,KM,0
GlobalAndersonSolver eta=1e-10,3,16,0.10015236145850114,5.790572521981612,0.014133453369140625,AA,0
GlobalAndersonSolver eta=1e-10,3,17,0.10604502440852615,6.131272348354179,0.015338420867919922,KM,1
GlobalAndersonSolver eta=1e-10,3,18,0.06086126628820379,3.518854384352257,0.015932321548461914,AA,0
GlobalAndersonSolver eta=1e-10,3,19,0.05747066296757792,3.3228177244529182,0.01656818389892578,AA,1
GlobalAndersonSolver eta=1e-10,3,20,0.07806861362394395,4.513742484917087,0.017310380935668945,AA,2
GlobalAndersonSolver eta=1e-10,3,21,0.11657051713604578,6.739831428546682,0.018555402755737305,KM,3
GlobalAndersonSolver eta=1e-10,3,22,0.10831204530553747,6.262346131556298,0.019713640213012695,KM,0
GlobalAndersonSolver eta=1e-10,3,23,0.06514711883999959,3.7666522361280914,0.020307540893554688,AA,0
GlobalAndersonSolver eta=1e-10,3,24,0.06517615921866365,3.7683312820963666,0.02153635025024414,KM,1
GlobalAndersonSolver eta=1e-10,3,25,0.07335712004947699,4.241335076519573,0.022704601287841797,KM,0
GlobalAndersonSolver eta=1e-10,3,26,0.048143275195367125,2.7835302373774296,0.023316621780395508,AA,0
GlobalAndersonSolver eta=1e-10,3,27,0.05560594885609729,3.2150043675031155,0.02394556999206543,AA,1
GlobalAndersonSolver eta=1e-10,3,28,0.03551324177506177,2.0532915948703963,0.02462029457092285,AA,2
GlobalAndersonSolver eta=1e-10,3,29,0.05218487184871426,3.0172057911535832,0.02529144287109375,AA,3
GlobalAndersonSolver eta=1e-10,3,30,0.05096013400151263,2.9463943472559246,0.02598428726196289,AA,3
GlobalAndersonSolver eta=1e-10,3,31,0.03965955397209247,2.2930215535656955,0.027227163314819336,KM,3
GlobalAndersonSolver eta=1e-10,3,32,0.03600057668458775,2.0814681460271336,0.028377294540405273,KM,0
GlobalAndersonSolver eta=1e-10,3,33,0.032102344321447554,1.8560815762291527,0.028960227966308594,AA,0
GlobalAndersonSolver eta=1e-10,3,34,0.028017155448609162,1.6198856234860426,0.029612302780151367,AA,1
GlobalAndersonSolver eta=1e-10,3,35,0.005360468588173355,0.30992960784538187,0.0303037166595459,AA,2
GlobalAndersonSolver eta=1e-10,3,36,0.011993638571126723,0.6934437984003237,0.030954599380493164,AA,3
GlobalAndersonSolver eta=1e-10,3,37,0.013730779947736424,0.7938812017296649,0.031621456146240234,AA,3
GlobalAndersonSolver eta=1e-10,3,38,0.012187271839780616,0.7046392157472557,0.03231334686279297,AA,3
GlobalAndersonSolver eta=1e-10,3,39,0.009048925239061175,0.523187442409785,0.03357815742492676,KM,3
GlobalAndersonSolver eta=1e-10,3,40,0.00833488086739579,0.4819030866759018,0.034722328186035156,KM,0
GlobalAndersonSolver eta=1e-10,3,41,0.007530666784470602,0.4354053316298879,0.035849571228027344,KM,0
GlobalAndersonSolver eta=1e-10,3,42,0.005185788486505558,0.2998300177595942,0.03643059730529785,AA,0
GlobalAndersonSolver eta=1e-10,3,43,0.0055430743837615835,0.3204874427969414,0.037073373794555664,AA,1
GlobalAndersonSolver eta=1e-10,3,44,0.0009413176253821462,0.05442475740577922,0.03777933120727539,AA,2
GlobalAndersonSolver eta=1e-10,3,45,0.001071769736829253,0.06196718976563028,0.038468122482299805,AA,3
GlobalAndersonSolver eta=1e-10,3,46,0.0012201090192094724,0.0705438160175963,0.03913235664367676,AA,3
GlobalAndersonSolver eta=1e-10,3,47,0.0014758391825541385,0.0853295288589164,0.03978729248046875,AA,3
GlobalAndersonSolver eta=1e-10,3,48,0.0007795500605624125,0.04507173964212749,0.04048323631286621,AA,3
GlobalAndersonSolver eta=1e-10,3,49,0.0006373260305041221,0.03684868280724427,0.04117536544799805,AA,3
GlobalAndersonSolver eta=1e-10,3,50,0.0005108510309492922,0.029536197644891956,0.04187440872192383,AA,3
GlobalAndersonSolver eta=1e-10,3,51,0.0004170109457906165,0.024110586000124116,0.042562246322631836,AA,3
GlobalAndersonSolver eta=1e-10,3,52,0.0003372714575762729,0.019500237500631384,0.04324913024902344,AA,3
GlobalAndersonSolver eta=1e-10,3,53,0.00015474771887312897,0.008947146883974097,0.04394817352294922,AA,3
GlobalAndersonSolver eta=1e-10,3,54,8.081047813152074e-05,0.004672270601931577,0.04468703269958496,AA,3
GlobalAndersonSolver eta=1e-10,3,55,6.0089536632607187e-05,0.0034742348020177184,0.045330047607421875,AA,3
GlobalAndersonSolver eta=1e-10,3,56,3.106886417251529e-05,0.0017963281998207461,0.04601883888244629,AA,3
GlobalAndersonSolver eta=1e-10,3,57,2.2306613586190347e-05,0.001289715607396609,0.046713829040527344,AA,3
GlobalAndersonSolver eta=1e-10,3,58,1.010505289846372e-05,0.0005842502442766702,0.04739856719970703,AA,3
GlobalAndersonSolver eta=1e-10,3,59,4.99484222928603e-06,0.00028878995705479714,0.04809975624084473,AA,3
GlobalAndersonSolver eta=1e-10,3,60,3.4048010279362226e-06,0.00019685753773615814,0.048790931701660156,AA,3
GlobalAndersonSolver eta=1e-10,3,61,1.9799696957344042e-06,0.0001144771620709773,0.049484968185424805,AA,3
GlobalAndersonSolver eta=1e-10,3,62,1.273215161060732e-06,7.361428746004733e-05,0.05015206336975098,AA,3
GlobalAndersonSolver eta=1e-10,3,63,9.105066329877753e-07,5.264333874189923e-05,0.05083107948303223,AA,3
GlobalAndersonSolver eta=1e-10,3,64,1.506971143293652e-06,8.712950515291856e-05,0.05147099494934082,AA,3
GlobalAndersonSolver eta=1e-10,3,65,1.5842436267164758e-06,9.159721727370452e-05,0.052115678787231445,AA,3
GlobalAndersonSolver eta=1e-10,3,66,8.287669135956597e-07,4.791734160939431e-05,0.052803754806518555,AA,3
GlobalAndersonSolver eta=1e-10,3,67,5.771925960960241e-07,3.337190993973482e-05,0.05350375175476074,AA,3
GlobalAndersonSolver eta=1e-10,3,68,4.0189162080955635e-07,2.3236422410656345e-05,0.05420565605163574,AA,3
GlobalAndersonSolver eta=1e-10,3,69,4.3116192473033504e-07,2.4928762113139963e-05,0.05489158630371094,AA,3
GlobalAndersonSolver eta=1e-10,3,70,4.7189954923720934e-07,2.7284115153697628e-05,0.05557560920715332,AA,3
GlobalAndersonSolver eta=1e-10,3,71,4.6024215639300776e-07,2.661011228747915e-05,0.05681967735290527,KM,3
GlobalAndersonSolver eta=1e-10,3,72,4.929766277062674e-07,2.8502741950402263e-05,0.05795550346374512,KM,0
GlobalAndersonSolver eta=1e-10,3,73,4.6571654631219827e-07,2.692662855708117e-05,0.05908060073852539,KM,0
GlobalAndersonSolver eta=1e-10,3,74,4.575168037517728e-07,2.645253884750006e-05,0.059671878814697266,AA,0
GlobalAndersonSolver eta=1e-10,3,75,4.7517532793492637e-07,2.7473512925640857e-05,0.06085371971130371,KM,1
GlobalAndersonSolver eta=1e-10,3,76,4.7039979155720105e-07,2.7197402713920707e-05,0.06194281578063965,KM,0
GlobalAndersonSolver eta=1e-10,3,77,4.150087405948705e-07,2.399482323406433e-05,0.06251978874206543,AA,0
GlobalAndersonSolver eta=1e-10,3,78,4.047774965534802e-07,2.3403276916543786e-05,0.06315970420837402,AA,1
GlobalAndersonSolver eta=1e-10,3,79,1.5412732245965286e-08,8.911277031558293e-07,0.0638585090637207,AA,2
GlobalAndersonSolver eta=1e-10,3,80,9.046273140617794e-09,5.230341043541646e-07,0.06454944610595703,AA,3
GlobalAndersonSolver eta=1e-10,3,81,6.340807104065338e-09,3.666104607947808e-07,0.0652315616607666,AA,3
GlobalAndersonSolver eta=1e-10,3,82,2.599176966754465e-09,1.5027826108416123e-07,0.06592130661010742,AA,3
GlobalAndersonSolver eta=1e-10,3,83,1.8230586326374468e-09,1.0540493574368643e-07,0.0666053295135498,AA,3
GlobalAndersonSolver eta=1e-10,3,84,1.3142748085056759e-09,7.598825910479443e-08,0.06729722023010254,AA,3
GlobalAndersonSolver eta=1e-10,3,85,6.291642589774751e-10,3.637678849297513e-08,0.06799602508544922,AA,3
GlobalAndersonSolver eta=1e-10,3,86,5.010454330853214e-10,2.8969261182028442e-08,0.06864595413208008,AA,3
GlobalAndersonSolver eta=1e-10,3,87,3.096150966789672e-10,1.7901212164256233e-08,0.06928586959838867,AA,3
GlobalAndersonSolver eta=1e-10,3,88,2.456342796128198e-10,1.420199273655778e-08,0.06998586654663086,AA,3
GlobalAndersonSolver eta=1e-10,3,89,1.636647149183402e-10,9.462706492615118e-09,0.0706930160522461,AA,3
GlobalAndersonSolver eta=1e-10,3,90,9.99711054634511e-11,5.780092729302774e-09,0.07139277458190918,AA,3
AA_pure,3,0,1.0,57.81763343025095,0.0,initial,0
AA_pure,3,1,0.26526225887283933,15.336836046390157,0.0006420612335205078,AA,1
AA_pure,3,2,0.27808449168729354,16.078187203013606,0.0013442039489746094,AA,2
AA_pure,3,3,0.3515596443447438,20.326346645593794,0.0023272037506103516,AA,3
AA_pure,3,4,0.3097348191347437,17.90813423331769,0.003439188003540039,AA,3
AA_pure,3,5,0.2771459436589278,16.02392257715287,0.004656314849853516,AA,3
AA_pure,3,6,0.3887180008774097,22.47475488247004,0.005673408508300781,AA,3
AA_pure,3,7,0.6038779518560482,34.91479405702373,0.006682395935058594,AA,3
AA_pure,3,8,0.3596116810204732,20.79189635047805,0.0077021121978759766,AA,3
AA_pure,3,9,0.5590947336414729,32.32553436246647,0.008738040924072266,AA,3
AA_pure,3,10,0.49087770533538033,28.38138722616376,0.009773969650268555,AA,3
AA_pure,3,11,0.2463147922819509,14.241338368606243,0.010751008987426758,AA,3
AA_pure,3,12,0.2734908922170138,15.812596152715575,0.011733055114746094,AA,3
AA_pure,3,13,0.4270567503597253,24.691410646212788,0.012765169143676758,AA,3
AA_pure,3,14,0.33647782616893407,19.45435161084313,0.01384425163269043,AA,3
AA_pure,3,15,0.32197729164882344,18.615965021416674,0.014876127243041992,AA,3
AA_pure,3,16,0.23361574832230148,13.50710970003259,0.015998125076293945,AA,3
AA_pure,3,17,0.2708030607767346,15.657192099779211,0.01705312728881836,AA,3
AA_pure,3,18,0.46064885366654573,26.63362656135765,0.018024921417236328,AA,3
AA_pure,3,19,0.3975514248167994,22.985482549731678,0.019044876098632812,AA,3
AA_pure,3,20,0.410142388071536,23.7134622477278,0.02010178565979004,AA,3
AA_pure,3,21,0.5727927596742984,33.11752181035042,0.021092891693115234,AA,3
AA_pure,3,22,0.5384929753517677,31.134389453653665,0.022092819213867188,AA,3
AA_pure,3,23,0.1731641202809495,10.011939629675823,0.02322697639465332,AA,3
AA_pure,3,24,0.18000586143363126,10.407512911666238,0.024260282516479492,AA,3
AA_pure,3,25,0.36285633634851444,20.97949464284225,0.025278329849243164,AA,3
AA_pure,3,26,0.3685328324149645,21.30769621158052,0.026290178298950195,AA,3
AA_pure,3,27,0.30751728252423904,17.77992151445337,0.02730536460876465,AA,3
AA_pure,3,28,0.4015536133992144,23.216879622108486,0.028322219848632812,AA,3
AA_pure,3,29,0.5408861686858519,31.27275822857147,0.029340028762817383,AA,3
AA_pure,3,30,0.33184948698247996,19.18675199236986,0.03042912483215332,AA,3
AA_pure,3,31,0.18105969446978754,10.468443043847412,0.03162503242492676,AA,3
AA_pure,3,32,0.36994726844587683,21.38947555552635,0.03299307823181152,AA,3
AA_pure,3,33,0.22293035229613922,12.889305389534881,0.03406119346618652,AA,3
AA_pure,3,34,0.24302463485235187,14.05110925241387,0.035253047943115234,AA,3
AA_pure,3,35,0.38335116201448355,22.164456960414153,0.03635001182556152,AA,3
AA_pure,3,36,0.43586088786886373,25.200445041385677,0.037387847900390625,AA,3
AA_pure,3,37,0.40984272303477043,23.696136324480225,0.038399696350097656,AA,3
AA_pure,3,38,0.23725944777432775,13.717779779279851,0.03939652442932129,AA,3
AA_pure,3,39,0.3637690398438057,21.032264998963512,0.040407419204711914,AA,3
AA_pure,3,40,0.4151200801107659,24.00126062138067,0.04176759719848633,AA,3
AA_pure,3,41,0.4710517856399501,27.235099468795784,0.04310965538024902,AA,3
AA_pure,3,42,0.5175741800465948,29.924914214896724,0.04422450065612793,AA,3
AA_pure,3,43,0.368711189818123,21.318008414535914,0.04524946212768555,AA,3
AA_pure,3,44,0.26616149393145394,15.388827689376768,0.04626917839050293,AA,3
AA_pure,3,45,0.44263934748760564,25.592359534843855,0.04727530479431152,AA,3
AA_pure,3,46,0.3027165231311168,17.502352967674994,0.04827237129211426,AA,3
AA_pure,3,47,0.29806011272578675,17.233130337758816,0.04928135871887207,AA,3
AA_pure,3,48,0.3036883036801484,17.55853901923355,0.05027151107788086,AA,3
AA_pure,3,49,0.5048984386781035,29.192032846996625,0.05119156837463379,AA,3
AA_pure,3,50,0.3601691876435446,20.824130064045733,0.05223965644836426,AA,3
AA_pure,3,51,0.3867439466405477,22.36061973823172,0.05330085754394531,AA,3
AA_pure,3,52,0.8614683147066238,49.80805923148364,0.05430293083190918,AA,3
AA_pure,3,53,0.44229414454009086,25.572400717365404,0.05532503128051758,AA,3
AA_pure,3,54,0.23649369361414294,13.673505685948596,0.05633187294006348,AA,3
AA_pure,3,55,0.2071167514554643,11.97500041291643,0.057326555252075195,AA,3
AA_pure,3,56,0.21229169653148777,12.274203490343638,0.05832362174987793,AA,3
AA_pure,3,57,0.14482155662171142,8.373239673552444,0.05931830406188965,AA,3
AA_pure,3,58,0.3192596993782682,18.45884026770483,0.060227394104003906,AA,3
AA_pure,3,59,0.29454424705936744,17.029851305467776,0.061272382736206055,AA,3
AA_pure,3,60,0.4175188027199586,24.13994908589983,0.06229233741760254,AA,3
AA_pure,3,61,0.12053564966301053,6.969086007493094,0.06328225135803223,AA,3
AA_pure,3,62,0.1832803812993524,10.596837900922578,0.0642693042755127,AA,3
AA_pure,3,63,0.19689968240652278,11.384273659913166,0.06526637077331543,AA,3
AA_pure,3,64,0.2717806244440482,15.71371251755068,0.06627559661865234,AA,3
AA_pure,3,65,0.2780470115416656,16.076020189692777,0.06734466552734375,AA,3
AA_pure,3,66,0.2660130333244028,15.380244048419451,0.06834554672241211,AA,3
AA_pure,3,67,0.225463496167881,13.035765773337333,0.06937050819396973,AA,3
AA_pure,3,68,0.20445434856312175,11.821066578443329,0.07038259506225586,AA,3
AA_pure,3,69,0.08278673416420179,4.786533048793452,0.07140755653381348,AA,3
AA_pure,3,70,0.3255400919455123,18.82195770295582,0.0724024772644043,AA,3
AA_pure,3,71,0.23650733491841286,13.674294393878386,0.0733942985534668,AA,3
AA_pure,3,72,0.21948978250274276,12.690379786429089,0.07444548606872559,AA,3
AA_pure,3,73,0.3135387904693499,18.128070853521134,0.07550358772277832,AA,3
AA_pure,3,74,0.3070898303900631,17.755207243650606,0.07652664184570312,AA,3
AA_pure,3,75,0.31457749362786297,18.188126211982887,0.07752037048339844,AA,3
AA_pure,3,76,0.08105863678376612,4.686618547919646,0.07853245735168457,AA,3
AA_pure,3,77,0.1312393007355003,7.587945781567621,0.07944822311401367,AA,3
AA_pure,3,78,0.11391350289153478,6.586209152938589,0.08050227165222168,AA,3
AA_pure,3,79,0.09752021085206303,5.638387803085361,0.08149147033691406,AA,3
AA_pure,3,80,0.12663148430426835,7.3215327402327635,0.08248758316040039,AA,3
AA_pure,3,81,0.18237272905880175,10.544359596396275,0.08353686332702637,AA,3
AA_pure,3,82,0.1931043478515158,11.164836397866608,0.08454513549804688,AA,3
AA_pure,3,83,0.3089400689923202,17.862183660914408,0.08558511734008789,AA,3
AA_pure,3,84,0.14698020966850026,8.498047884114774,0.08663010597229004,AA,3
AA_pure,3,85,0.1640691393341885,9.486089355240878,0.0876162052154541,AA,3
AA_pure,3,86,0.058244369043693,3.367551578744498,0.08861017227172852,AA,3
AA_pure,3,87,0.2228248827044748,12.88320738734599,0.0895993709564209,AA,3
AA_pure,3,88,0.19157147617391782,11.076209385115634,0.09061646461486816,AA,3
AA_pure,3,89,0.10996751797815735,6.358061643695633,0.09156656265258789,AA,3
AA_pure,3,90,0.09558852178174171,5.5267021125163005,0.09263086318969727,AA,3
AA_pure,3,91,0.10286406295375602,5.947356685006523,0.09364080429077148,AA,3
AA_pure,3,92,0.05084700213448865,2.9398533304390524,0.09467577934265137,AA,3
AA_pure,3,93,0.029221564505941853,1.6895217048629783,0.09568977355957031,AA,3
AA_pure,3,94,0.07079287965955547,4.093076765628047,0.09668469429016113,AA,3
AA_pure,3,95,0.12978669782767327,7.50395971912316,0.097625732421875,AA,3
AA_pure,3,96,0.12274508296969038,7.096830212507297,0.09858584403991699,AA,3
AA_pure,3,97,0.09766804081546522,5.646934981719356,0.09950804710388184,AA,3
AA_pure,3,98,0.1084636593690118,6.271112097901129,0.10050320625305176,AA,3
AA_pure,3,99,0.11515036411984292,6.657721542040999,0.10154342651367188,AA,3
AA_pure,3,100,0.14361095411145128,8.303245501384481,0.10256528854370117,AA,3
AA_pure,3,101,0.07114127345378654,4.113220070312273,0.10360026359558105,AA,3
AA_pure,3,102,0.07981378015383288,4.614643883616948,0.1045842170715332,AA,3
AA_pure,3,103,0.08429229408067213,4.873580960151213,0.10557341575622559,AA,3
AA_pure,3,104,0.09761036845996521,5.643600502609997,0.10660457611083984,AA,3
AA_pure,3,105,0.0827751907897381,4.785865638200162,0.10765266418457031,AA,3
AA_pure,3,106,0.0847170276358003,4.898138049147141,0.1086578369140625,AA,3
AA_pure,3,107,0.07646443771834793,4.420992830449695,0.10970091819763184,AA,3
AA_pure,3,108,0.10425007816624927,6.027492804491208,0.11069178581237793,AA,3
AA_pure,3,109,0.13316909103336777,7.699521689606976,0.11167383193969727,AA,3
AA_pure,3,110,0.11557408121758664,6.682219861876476,0.11268186569213867,AA,3
AA_pure,3,111,0.06275250561573814,3.628201366520512,0.11362814903259277,AA,3
AA_pure,3,112,0.12073785767592261,6.980777196260305,0.11461710929870605,AA,3
AA_pure,3,113,0.11016999495025584,6.36976838304649,0.11562299728393555,AA,3
AA_pure,3,114,0.10947617626317936,6.329653428530045,0.11663389205932617,AA,3
AA_pure,3,115,0.1235101009618562,7.1410617423458875,0.11771082878112793,AA,3
AA_pure,3,116,0.20238592602740446,11.701475282494355,0.11876893043518066,AA,3
AA_pure,3,117,0.33365019121716494,19.290864449727177,0.11976504325866699,AA,3
AA_pure,3,118,0.3376096457536031,19.519790740698703,0.12076401710510254,AA,3
AA_pure,3,119,0.2478279486427164,14.328825488395635,0.12180376052856445,AA,3
AA_pure,3,120,0.3281458918034907,18.972618883937013,0.12280678749084473,AA,3
AA_pure,3,121,0.22874180960022034,13.225310097637797,0.12370967864990234,AA,3
AA_pure,3,122,0.1636350835757824,9.460993278513065,0.1247415542602539,AA,3
AA_pure,3,123,0.16948677377687957,9.799324157507492,0.12578368186950684,AA,3
AA_pure,3,124,0.1181537763390093,6.831371728768698,0.12680578231811523,AA,3
AA_pure,3,125,0.11178138924156679,6.462935387493106,0.12784242630004883,AA,3
AA_pure,3,126,0.14218912825327593,8.221038895114846,0.12883448600769043,AA,3
AA_pure,3,127,0.07699704982576591,4.451787202036901,0.12983942031860352,AA,3
AA_pure,3,128,0.18299846687328242,10.580538275977364,0.13087964057922363,AA,3
AA_pure,3,129,0.24687008572907154,14.273444121578084,0.1318836212158203,AA,3
AA_pure,3,130,0.2194441796162706,12.687743135455682,0.1327836513519287,AA,3
AA_pure,3,131,0.25681111997426376,14.84821119548418,0.13370966911315918,AA,3
AA_pure,3,132,0.2695115901479342,15.582522324377292,0.13477587699890137,AA,3
AA_pure,3,133,0.40675417033379935,23.517563516585465,0.13570499420166016,AA,3
AA_pure,3,134,0.24182343531522518,13.981658737899691,0.13673901557922363,AA,3
AA_pure,3,135,0.24475675302370803,14.151256225903216,0.13773798942565918,AA,3
AA_pure,3,136,0.2120567120611782,12.260617244377476,0.13874292373657227,AA,3
AA_pure,3,137,0.24637936891872717,14.245072036919531,0.13973593711853027,AA,3
AA_pure,3,138,0.23050123859787391,13.327036118470685,0.14074468612670898,AA,3
AA_pure,3,139,0.2402455384379451,13.890428474658375,0.14178466796875,AA,3
AA_pure,3,140,0.11265734458500878,6.513581052441505,0.1428377628326416,AA,3
AA_pure,3,141,0.2666588424696733,15.417583204846606,0.14375567436218262,AA,3
AA_pure,3,142,0.16929614571347254,9.788302494015905,0.1447887420654297,AA,3
AA_pure,3,143,0.17216054117899218,9.953915061040593,0.14582395553588867,AA,3
AA_pure,3,144,0.16882770413629,9.761218310622878,0.14683008193969727,AA,3
AA_pure,3,145,0.14312296270235955,8.275030992976504,0.14782309532165527,AA,3
AA_pure,3,146,0.20466433111667443,11.833207272751386,0.14885592460632324,AA,3
AA_pure,3,147,0.24941221045384432,14.420423757048974,0.14986610412597656,AA,3
AA_pure,3,148,0.10985501954928219,6.35155725077345,0.1508791446685791,AA,3
AA_pure,3,149,0.10824795853845512,6.258640786349401,0.15195202827453613,AA,3
AA_pure,3,150,0.09722029319900469,5.6210472741615725,0.15294194221496582,AA,3
AA_pure,3,151,0.43757524248215846,25.299564967986612,0.15395903587341309,AA,3
AA_pure,3,152,0.23013942789866096,13.306117080092449,0.15499615669250488,AA,3
AA_pure,3,153,0.15781887489556395,9.12471385708635,0.15601539611816406,AA,3
AA_pure,3,154,0.22628578230656285,13.083308411878416,0.15691637992858887,AA,3
AA_pure,3,155,0.21426933381777266,12.388545798020052,0.15791940689086914,AA,3
AA_pure,3,156,0.34665631598111074,20.042847803677105,0.15894532203674316,AA,3
AA_pure,3,157,0.3538540535611885,20.45900395660918,0.1599893569946289,AA,3
AA_pure,3,158,0.3946634314470504,22.818505607730536,0.1610264778137207,AA,3
AA_pure,3,159,0.23853399118383858,13.79147086292189,0.162123441696167,AA,3
AA_pure,3,160,0.25735548637241473,14.879685172344217,0.1630995273590088,AA,3
AA_pure,3,161,0.33862035558321657,19.578227591131647,0.16408967971801758,AA,3
AA_pure,3,162,0.2535139077831209,14.657574189674927,0.16507863998413086,AA,3
AA_pure,3,163,0.28476761082607993,16.464589335550652,0.1661057472229004,AA,3
AA_pure,3,164,0.2443938623355408,14.130274745119513,0.1671457290649414,AA,3
AA_pure,3,165,0.15040517920521287,8.6960715172982,0.16817069053649902,AA,3
AA_pure,3,166,0.21983221339723624,12.710178330362107,0.16917967796325684,AA,3
AA_pure,3,167,0.1602544179271656,9.265531191291098,0.1702120304107666,AA,3
AA_pure,3,168,0.1476968408832263,8.53948180499248,0.1712479591369629,AA,3
AA_pure,3,169,0.2862256578763087,16.548890165424837,0.17226791381835938,AA,3
AA_pure,3,170,0.4440075847623973,25.671467776043364,0.17327213287353516,AA,3
AA_pure,3,171,0.21794876495217194,12.601281798580603,0.17430996894836426,AA,3
AA_pure,3,172,0.25251143307411933,14.599613474426778,0.17537879943847656,AA,3
AA_pure,3,173,0.43087099186636507,24.911941063458134,0.1763770580291748,AA,3
AA_pure,3,174,0.3915376489305434,22.637780260008444,0.17736124992370605,AA,3
AA_pure,3,175,0.1774560191843203,10.26008706719061,0.17824816703796387,AA,3
AA_pure,3,176,0.38153502522587307,22.059452229311077,0.17928385734558105,AA,3
AA_pure,3,177,0.3562161128668244,20.595572635682952,0.18031883239746094,AA,3
AA_pure,3,178,0.20164759793653125,11.658786899584992,0.1813809871673584,AA,3
AA_pure,3,179,0.11536265679962728,6.669995802380697,0.18237519264221191,AA,3
AA_pure,3,180,0.2404306995606337,13.901134052575518,0.1833791732788086,AA,3
AA_pure,3,181,0.14419492212878293,8.337009150145553,0.1844322681427002,AA,3
AA_pure,3,182,0.18670385664523206,10.79477514352815,0.18544936180114746,AA,3
AA_pure,3,183,0.21176542033212672,12.243775445965914,0.18644022941589355,AA,3
AA_pure,3,184,0.49674401383140226,28.720563300375524,0.18736624717712402,AA,3
AA_pure,3,185,0.3995932156710168,23.10353406488206,0.1884021759033203,AA,3
AA_pure,3,186,0.3501715418881056,20.246089846592255,0.18944430351257324,AA,3
AA_pure,3,187,0.42335985593124165,24.47766495931638,0.1904463768005371,AA,3
AA_pure,3,188,0.26661286588824634,15.414924947715285,0.1914200782775879,AA,3
AA_pure,3,189,0.15695372938060506,9.074693190838632,0.19237399101257324,AA,3
AA_pure,3,190,0.17515041199703585,10.126782316002046,0.1934189796447754,AA,3
AA_pure,3,191,0.1739752146872653,10.058835188737516,0.19442200660705566,AA,3
AA_pure,3,192,0.08404732560879347,4.859417462842164,0.19536280632019043,AA,3
AA_pure,3,193,0.35377962322720974,20.45470057084311,0.1963636875152588,AA,3
AA_pure,3,194,0.29488364667312256,17.04947458792224,0.19745588302612305,AA,3
AA_pure,3,195,0.17561686007127736,10.15375123977279,0.1984848976135254,AA,3
AA_pure,3,196,0.24736740948570848,14.302198204235475,0.1994788646697998,AA,3
AA_pure,3,197,0.4325110469173737,25.006765165202783,0.20054006576538086,AA,3
AA_pure,3,198,0.39163636530900575,22.643487807391946,0.20159912109375,AA,3
AA_pure,3,199,0.38099544199432706,22.028254803824442,0.20258426666259766,AA,3
AA_pure,3,200,0.3220697653374257,18.621311631246222,0.2036123275756836,AA,3
AA_pure,3,201,0.2846349692819059,16.456920315371974,0.20464634895324707,AA,3
AA_pure,3,202,0.25600150367866426,14.80140109728605,0.20567560195922852,AA,3
AA_pure,3,203,0.17155769746783053,9.919060064332918,0.20668673515319824,AA,3
AA_pure,3,204,0.1760973627823412,10.18153276938332,0.2076575756072998,AA,3
AA_pure,3,205,0.20342159561705442,11.761355247183596,0.20873761177062988,AA,3
AA_pure,3,206,0.19565460365584667,11.31228615311478,0.2097766399383545,AA,3
AA_pure,3,207,0.3231743650514272,18.68517697259752,0.21079659461975098,AA,3
AA_pure,3,208,0.31923207510416657,18.457243097551043,0.21178436279296875,AA,3
AA_pure,3,209,0.14399744266732448,8.325591355032945,0.21277952194213867,AA,3
AA_pure,3,210,0.1284811386383948,7.428475376495963,0.21381139755249023,AA,3
AA_pure,3,211,0.1373908782117849,7.9436154331092315,0.21488618850708008,AA,3
AA_pure,3,212,0.18655784326976974,10.786332995709756,0.21587324142456055,AA,3
AA_pure,3,213,0.06775352212784981,3.9173483059964167,0.21691083908081055,AA,3
AA_pure,3,214,0.21433386918685174,12.392277080332754,0.21797585487365723,AA,3
AA_pure,3,215,0.1837165580718418,10.622056609665162,0.21900200843811035,AA,3
AA_pure,3,216,0.19775215640605517,11.43356168912695,0.21997880935668945,AA,3
AA_pure,3,217,0.2878304737018607,16.64167681854967,0.22101902961730957,AA,3
AA_pure,3,218,0.32866435685809264,19.002595306410385,0.2220771312713623,AA,3
AA_pure,3,219,0.32183261601794244,18.607600218824107,0.2231290340423584,AA,3
AA_pure,3,220,0.42801270378197054,24.746681610756557,0.2241230010986328,AA,3
AA_pure,3,221,0.13150753828145742,7.603454641671998,0.22513270378112793,AA,3
AA_pure,3,222,0.08112958388945488,4.690720541669295,0.22616887092590332,AA,3
AA_pure,3,223,0.056101741393223506,3.2436699186721327,0.22720670700073242,AA,3
AA_pure,3,224,0.060359463678028094,3.489841344982775,0.22819066047668457,AA,3
AA_pure,3,225,0.0625337942179465,3.615555991095977,0.22918963432312012,AA,3
AA_pure,3,226,0.11717910931328124,6.7750187879586,0.2302255630493164,AA,3
AA_pure,3,227,0.12657152447759096,7.318066004953389,0.23127365112304688,AA,3
AA_pure,3,228,0.09856186631677369,5.698613856904619,0.23228859901428223,AA,3
AA_pure,3,229,0.15978679965694584,9.238494609558243,0.23331570625305176,AA,3
AA_pure,3,230,0.2727304211446835,15.768627515021274,0.23439669609069824,AA,3
AA_pure,3,231,0.16788598381390107,9.706770270229176,0.2354295253753662,AA,3
AA_pure,3,232,0.1429697924327114,8.266175050473574,0.23642945289611816,AA,3
AA_pure,3,233,0.16966861196097843,9.809837610979343,0.23741436004638672,AA,3
AA_pure,3,234,0.12593358129678642,7.281181639976304,0.23835229873657227,AA,3
AA_pure,3,235,0.15271329365263114,8.829521232334097,0.239302396774292,AA,3
AA_pure,3,236,0.10408320933464384,6.017844843554511,0.24033832550048828,AA,3
AA_pure,3,237,0.04212137503078511,2.435358221108059,0.24123740196228027,AA,3
AA_pure,3,238,0.13464872093445937,7.785070388840729,0.24222517013549805,AA,3
AA_pure,3,239,0.11526507214350917,6.6643536885048436,0.24324917793273926,AA,3
AA_pure,3,240,0.07468437766966997,4.318073971071398,0.24449396133422852,AA,3
AA_pure,3,241,0.10388767560372704,6.006539545977114,0.2456221580505371,AA,3
AA_pure,3,242,0.14045727045155232,8.12090697558147,0.2466421127319336,AA,3
AA_pure,3,243,0.115793656754887,6.694915199802358,0.24766206741333008,AA,3
AA_pure,3,244,0.17284813959168654,9.993670374012979,0.24866032600402832,AA,3
AA_pure,3,245,0.2941841811533192,17.00903314690115,0.24971818923950195,AA,3
AA_pure,3,246,0.41846665152337176,24.194751460562873,0.25072646141052246,AA,3
AA_pure,3,247,0.1891016046056816,10.933407256163553,0.2517414093017578,AA,3
AA_pure,3,248,0.5089690073448346,29.42738349402235,0.25274658203125,AA,3
AA_pure,3,249,0.2887153470251637,16.69283809998861,0.25376272201538086,AA,3
AA_pure,3,250,0.3163127731908774,18.288455969656262,0.2546706199645996,AA,3
AA_pure,3,251,0.2881450014429823,16.65986206818948,0.25566649436950684,AA,3
AA_pure,3,252,0.4395128700288945,25.41159400720815,0.2566795349121094,AA,3
AA_pure,3,253,0.29562734629018683,17.09247353976388,0.257671594619751,AA,3
AA_pure,3,254,0.43562845938075584,25.187006576261506,0.25867176055908203,AA,3
AA_pure,3,255,0.22264195439606033,12.872630905466066,0.2596726417541504,AA,3
AA_pure,3,256,0.4151996657097765,24.005862072370594,0.26066160202026367,AA,3
AA_pure,3,257,0.2665719500784134,15.412559292420863,0.2616446018218994,AA,3
AA_pure,3,258,0.21560821611324382,12.465956803785858,0.26264286041259766,AA,3
AA_pure,3,259,0.44183847550098787,25.54605501189703,0.2636289596557617,AA,3
AA_pure,3,260,0.23648735814381325,13.673139384047467,0.26462292671203613,AA,3
AA_pure,3,261,0.34778792256704444,20.108274618449876,0.26560282707214355,AA,3
AA_pure,3,262,0.15403945355543158,8.90619665946411,0.26662588119506836,AA,3
AA_pure,3,263,0.24561261996621753,14.2007404270503,0.26760387420654297,AA,3
AA_pure,3,264,0.28133837281471263,16.266318909264335,0.2686457633972168,AA,3
AA_pure,3,265,0.13490174238300043,7.7996994902024674,0.26965761184692383,AA,3
AA_pure,3,266,0.13789246608690645,7.972616057006068,0.27072763442993164,AA,3
AA_pure,3,267,0.09776832548269668,5.652733203848019,0.2716946601867676,AA,3
AA_pure,3,268,0.15598466700641517,9.018664297716672,0.27269959449768066,AA,3
AA_pure,3,269,0.11244039925931773,6.501037787126293,0.2736074924468994,AA,3
AA_pure,3,270,0.04725400771078743,2.7321148959325594,0.27451539039611816,AA,3
AA_pure,3,271,0.06299463832348776,3.6422009066586534,0.2754642963409424,AA,3
AA_pure,3,272,0.10191423528486873,5.892439897024888,0.27639341354370117,AA,3
AA_pure,3,273,0.06094796997753316,3.5238673864789525,0.27738237380981445,AA,3
AA_pure,3,274,0.05511675524029895,3.186720350348468,0.27837538719177246,AA,3
AA_pure,3,275,0.05727871352997218,3.311719662232287,0.27941346168518066,AA,3
AA_pure,3,276,0.08508248780005556,4.919268090957411,0.2804265022277832,AA,3
AA_pure,3,277,0.07438860637618672,4.300973174845592,0.28142476081848145,AA,3
AA_pure,3,278,0.052149856743053544,3.0151813006099704,0.282376766204834,AA,3
AA_pure,3,279,0.03194007657990854,1.8466996394312958,0.28336000442504883,AA,3
AA_pure,3,280,0.07528132870155435,4.3525882670086995,0.28430628776550293,AA,3
AA_pure,3,281,0.06447423881120626,3.7277479052807823,0.2853124141693115,AA,3
AA_pure,3,282,0.05724862543550785,3.3099800398159336,0.2863283157348633,AA,3
AA_pure,3,283,0.05064286222227386,2.9280504438261343,0.2873654365539551,AA,3
AA_pure,3,284,0.0952738249053421,5.508507083874983,0.288372278213501,AA,3
AA_pure,3,285,0.07088599683259454,4.098460580204881,0.28934597969055176,AA,3
AA_pure,3,286,0.11003932979847349,6.36221363319863,0.2903439998626709,AA,3
AA_pure,3,287,0.06285147156116043,3.6339233432750158,0.2913477420806885,AA,3
AA_pure,3,288,0.22365564286902118,12.931239974008186,0.2923564910888672,AA,3
AA_pure,3,289,0.1503900692118572,8.69519789324123,0.29339051246643066,AA,3
AA_pure,3,290,0.07026642640356014,4.062638484254746,0.2944455146789551,AA,3
AA_pure,3,291,0.059028575732124576,3.412892553589786,0.29543471336364746,AA,3
AA_pure,3,292,0.09794097922409273,5.662715634578418,0.29642772674560547,AA,3
AA_pure,3,293,0.11510211900058817,6.65493212342113,0.2974128723144531,AA,3
AA_pure,3,294,0.12115599135879052,7.004952696261202,0.29846715927124023,AA,3
AA_pure,3,295,0.06096484845848568,3.5248432603035247,0.2995171546936035,AA,3
AA_pure,3,296,0.2217347037293224,12.820175818987261,0.30057191848754883,AA,3
AA_pure,3,297,0.1321411856477566,7.640090632820729,0.30157899856567383,AA,3
AA_pure,3,298,0.1138360579731778,6.58173147103799,0.30258607864379883,AA,3
AA_pure,3,299,0.1579103982361452,9.130005520042388,0.3035733699798584,AA,3
AA_pure,3,300,0.13918940840712152,8.047602192656441,0.3045156002044678,AA,3
AA_pure,3,301,0.20770709227429388,12.009132521978433,0.30547165870666504,AA,3
AA_pure,3,302,0.13284335742562747,7.680688543278735,0.30648183822631836,AA,3
AA_pure,3,303,0.09525717813130034,5.507544606795641,0.3074486255645752,AA,3
AA_pure,3,304,0.1711348702420565,9.894613194788786,0.30844640731811523,AA,3
AA_pure,3,305,0.09167142816640955,5.300225029753049,0.30948328971862793,AA,3
AA_pure,3,306,0.070173259548829,4.057251797200053,0.310441255569458,AA,3
AA_pure,3,307,0.14145117790463474,8.178372352367385,0.31146240234375,AA,3
AA_pure,3,308,0.24216940270843235,14.001661753818963,0.31245851516723633,AA,3
AA_pure,3,309,0.06701621577771101,3.8747189977182956,0.31337642669677734,AA,3
AA_pure,3,310,0.14011666669615933,8.101214072507192,0.31443238258361816,AA,3
AA_pure,3,311,0.28343381128896894,16.38747220284453,0.31540751457214355,AA,3
AA_pure,3,312,0.09692716912532989,5.6040995339202615,0.31632566452026367,AA,3
AA_pure,3,313,0.09611575370722716,5.557185414716744,0.3173539638519287,AA,3
AA_pure,3,314,0.34250515185534086,19.802837317944533,0.31839990615844727,AA,3
AA_pure,3,315,0.3203361191030404,18.521076308768798,0.31940293312072754,AA,3
AA_pure,3,316,0.2626583105540258,15.186281917021677,0.32040905952453613,AA,3
AA_pure,3,317,0.27411528409235236,15.848697013280729,0.3214428424835205,AA,3
AA_pure,3,318,0.4872287915941814,28.170415669056517,0.32244873046875,AA,3
AA_pure,3,319,0.14384255233892998,8.31663596280394,0.3234565258026123,AA,3
AA_pure,3,320,0.23005580225810351,13.301282043461327,0.32450056076049805,AA,3
AA_pure,3,321,0.3820435466463557,22.088853734391975,0.32553863525390625,AA,3
AA_pure,3,322,0.1363751070617166,7.884885949105557,0.32656049728393555,AA,3
AA_pure,3,323,0.16669621803936924,9.637980828809436,0.32753539085388184,AA,3
AA_pure,3,324,0.2833264431939471,16.381264433684454,0.32847023010253906,AA,3
AA_pure,3,325,0.1503601624448626,8.693468754750052,0.329517126083374,AA,3
AA_pure,3,326,0.11644780741924401,6.7327366431223075,0.3305549621582031,AA,3
AA_pure,3,327,0.08871887506368782,5.129515396776535,0.33159589767456055,AA,3
AA_pure,3,328,0.27939326983267887,16.153857658065018,0.33260011672973633,AA,3
AA_pure,3,329,0.2780922362954355,16.078634977928218,0.33354997634887695,AA,3
AA_pure,3,330,0.22814250308198258,13.190659613053967,0.3345060348510742,AA,3
AA_pure,3,331,0.22351487684088095,12.923101215393743,0.3355553150177002,AA,3
AA_pure,3,332,0.3330002533768661,19.253286581924332,0.33648133277893066,AA,3
AA_pure,3,333,0.41194707172734335,23.817804785796834,0.33746814727783203,AA,3
AA_pure,3,334,0.27164647912491435,15.705956552662615,0.3385050296783447,AA,3
AA_pure,3,335,0.19103946704481198,11.045449876307446,0.33954691886901855,AA,3
AA_pure,3,336,0.17133225537254054,9.906025535907693,0.3405478000640869,AA,3
AA_pure,3,337,0.22827428907685232,13.198279167396587,0.34154391288757324,AA,3
AA_pure,3,338,0.21169869432259805,12.239917506006723,0.342587947845459,AA,3
AA_pure,3,339,0.2091092739946546,12.090203350688848,0.343580961227417,AA,3
AA_pure,3,340,0.3440148467983981,19.890124306753723,0.34459495544433594,AA,3
AA_pure,3,341,0.25056922925857816,14.487319846172982,0.34562206268310547,AA,3
AA_pure,3,342,0.13753999119737498,7.952236793049769,0.3466920852661133,AA,3
AA_pure,3,343,0.12217203241000621,7.063697785310477,0.34776997566223145,AA,3
AA_pure,3,344,0.30803680394101757,17.809959013287834,0.34871792793273926,AA,3
AA_pure,3,345,0.21351517061109931,12.34494186619003,0.34974193572998047,AA,3
AA_pure,3,346,0.18671693673814932,10.795531403545674,0.35084009170532227,AA,3
AA_pure,3,347,0.3130883686020899,18.102028527110924,0.3526880741119385,AA,3
AA_pure,3,348,0.13019467121130396,7.527547774667219,0.35394716262817383,AA,3
AA_pure,3,349,0.14307022445267165,8.271981792188296,0.3551032543182373,AA,3
AA_pure,3,350,0.2339523558312394,13.526571549594234,0.3562171459197998,AA,3
AA_pure,3,351,0.2687930191373198,15.540976249091985,0.3573343753814697,AA,3
AA_pure,3,352,0.3153380129559942,18.232097639713395,0.35844850540161133,AA,3
AA_pure,3,353,0.3131014611366871,18.102785506476938,0.35958433151245117,AA,3
AA_pure,3,354,0.23613327393374242,13.652667072986151,0.3607015609741211,AA,3
AA_pure,3,355,0.46542594046903196,26.90982641496829,0.36181163787841797,AA,3
AA_pure,3,356,0.10821631780095345,6.256811393787067,0.3629326820373535,AA,3
AA_pure,3,357,0.1471057861565527,8.505308419468449,0.3643789291381836,AA,3
AA_pure,3,358,0.1101635077625408,6.369393309205189,0.3660140037536621,AA,3
AA_pure,3,359,0.08840201064475942,5.111195045955842,0.3672947883605957,AA,3
AA_pure,3,360,0.19302668835591977,11.160346309617859,0.3685157299041748,AA,3
AA_pure,3,361,0.13017580585158298,7.526457024214341,0.36966371536254883,AA,3
AA_pure,3,362,0.12996156368815764,7.514070049344112,0.3706526756286621,AA,3
AA_pure,3,363,0.15411804857299044,8.910740837378771,0.3716926574707031,AA,3
AA_pure,3,364,0.17740525434738214,10.257151964457375,0.3726766109466553,AA,3
AA_pure,3,365,0.23867551716298505,13.799653560105039,0.37366485595703125,AA,3
AA_pure,3,366,0.20290826295949416,11.731675567761,0.3751108646392822,AA,3
AA_pure,3,367,0.09826078999911124,5.681206336735483,0.3761577606201172,AA,3
AA_pure,3,368,0.10307201091624887,5.959379744074502,0.37717390060424805,AA,3
AA_pure,3,369,0.07959753257895502,4.602140960602479,0.37821102142333984,AA,3
AA_pure,3,370,0.1632152134729712,9.436717382820405,0.3792140483856201,AA,3
AA_pure,3,371,0.16112889375740339,9.3160913142874,0.3802049160003662,AA,3
AA_pure,3,372,0.09872395105400335,5.707985212826403,0.38127660751342773,AA,3
AA_pure,3,373,0.10240629909309719,5.920889861913333,0.3822977542877197,AA,3
AA_pure,3,374,0.07623243947456358,4.407579241034109,0.3833274841308594,AA,3
AA_pure,3,375,0.07620546577782511,4.406019685723826,0.38428425788879395,AA,3
AA_pure,3,376,0.05502354926229078,3.1813314012784835,0.38519954681396484,AA,3
AA_pure,3,377,0.057319999309631574,3.314106708306516,0.38610243797302246,AA,3
AA_pure,3,378,0.04368959906769599,2.5260292236106805,0.38713669776916504,AA,3
AA_pure,3,379,0.07412790723016789,4.285900167185496,0.3881876468658447,AA,3
AA_pure,3,380,0.04245628481730505,2.454721912377272,0.38913774490356445,AA,3
AA_pure,3,381,0.04279943872016057,2.4745622589427327,0.3901338577270508,AA,3
AA_pure,3,382,0.04237747176369216,2.4501651281339636,0.3911857604980469,AA,3
AA_pure,3,383,0.039770706707531245,2.2994481416780643,0.3921387195587158,AA,3
AA_pure,3,384,0.05506201896594632,3.1835556285026096,0.39313364028930664,AA,3
AA_pure,3,385,0.027553701005527505,1.5930897843843264,0.39415574073791504,AA,3
AA_pure,3,386,0.04275314358949064,2.471885584048053,0.3951077461242676,AA,3
AA_pure,3,387,0.025103477501844957,1.4514236600262236,0.3961465358734131,AA,3
AA_pure,3,388,0.045453529615356585,2.6280155134117424,0.39707350730895996,AA,3
AA_pure,3,389,0.05181342551174855,2.9957296430038904,0.39809751510620117,AA,3
AA_pure,3,390,0.05222269730410772,3.0193927694678546,0.3991386890411377,AA,3
AA_pure,3,391,0.015813490309747352,0.9142985859817979,0.40018272399902344,AA,3
AA_pure,3,392,0.014752938218562947,0.852979973940012,0.40122556686401367,AA,3
AA_pure,3,393,0.011052964723923538,0.639056262725306,0.4022185802459717,AA,3
AA_pure,3,394,0.010102560851616359,0.5841061600255585,0.40318751335144043,AA,3
AA_pure,3,395,0.015858057088791653,0.9168753316757484,0.4042387008666992,AA,3
AA_pure,3,396,0.015137537998264216,0.8752166230201351,0.40518760681152344,AA,3
AA_pure,3,397,0.009021451298066937,0.5215989641604958,0.40613865852355957,AA,3
AA_pure,3,398,0.004852664200839266,0.28056955992422633,0.4070584774017334,AA,3
AA_pure,3,399,0.0015646688780335304,0.09046545162986469,0.4079554080963135,AA,3
AA_pure,3,400,0.0018080333161017508,0.10453620750005208,0.40887451171875,AA,3
AA_pure,3,401,0.0016268760333405306,0.09406212213214352,0.4098353385925293,AA,3
AA_pure,3,402,0.00038784946145278815,0.022424537988397553,0.41078615188598633,AA,3
AA_pure,3,403,0.0010774672560592922,0.06229660684393449,0.41181135177612305,AA,3
AA_pure,3,404,0.0008892925590639544,0.05141679119220951,0.4127192497253418,AA,3
AA_pure,3,405,0.000922049508855042,0.053310720507523744,0.413668155670166,AA,3
AA_pure,3,406,0.0009229900752044293,0.05336510182792945,0.41461730003356934,AA,3
AA_pure,3,407,0.0016366755879303465,0.09462870918719724,0.4156053066253662,AA,3
AA_pure,3,408,0.00024183169771724435,0.01398213645043089,0.4165763854980469,AA,3
AA_pure,3,409,0.0001398991030743282,0.008088635058772402,0.4175574779510498,AA,3
AA_pure,3,410,6.665158039322691e-05,0.003853636642722495,0.41848254203796387,AA,3
AA_pure,3,411,2.6957407917358847e-05,0.0015586135291955985,0.41945338249206543,AA,3
AA_pure,3,412,5.9050549076973915e-06,0.00034141630003875213,0.4203824996948242,AA,3
AA_pure,3,413,5.606807581649776e-06,0.00032417234546977856,0.42128658294677734,AA,3
AA_pure,3,414,5.638204990648744e-06,0.00032598766935394057,0.4222226142883301,AA,3
AA_pure,3,415,5.761624624193588e-06,0.00033312350048433226,0.4231846332550049,AA,3
AA_pure,3,416,8.808325894069788e-06,0.0005092765576775144,0.4241495132446289,AA,3
AA_pure,3,417,4.972890980661036e-06,0.0002875207878084609,0.4250814914703369,AA,3
AA_pure,3,418,5.210903121997875e-06,0.0003012820865482234,0.4260551929473877,AA,3
AA_pure,3,419,6.533731412328801e-06,0.00037776488772974247,0.4269702434539795,AA,3
AA_pure,3,420,2.3324567842644285e-06,0.00013485713134450266,0.4278843402862549,AA,3
AA_pure,3,421,3.1309490358171255e-06,0.0001810240636416722,0.4288504123687744,AA,3
AA_pure,3,422,1.9761579167893467e-06,0.0001142567740332148,0.42983126640319824,AA,3
AA_pure,3,423,1.2194133986014216e-06,7.050359688027348e-05,0.4307892322540283,AA,3
AA_pure,3,424,8.969945440754792e-07,5.186210173829113e-05,0.431760311126709,AA,3
AA_pure,3,425,6.421324873449984e-07,3.7126580766968374e-05,0.43268537521362305,AA,3
AA_pure,3,426,3.622360651769735e-07,2.0943632031618745e-05,0.4335966110229492,AA,3
AA_pure,3,427,2.047290782394751e-07,1.183695079816314e-05,0.4345829486846924,AA,3
AA_pure,3,428,9.438633924126658e-08,5.457194763074862e-06,0.4354851245880127,AA,3
AA_pure,3,429,3.5099264454459276e-08,2.0293564058993636e-06,0.4363982677459717,AA,3
AA_pure,3,430,4.6784833802574724e-08,2.704988370892479e-06,0.4373593330383301,AA,3
AA_pure,3,431,4.1305903976396575e-08,2.3882096146124423e-06,0.43830037117004395,AA,3
AA_pure,3,432,3.92905880016594e-08,2.2716888143389594e-06,0.4392530918121338,AA,3
AA_pure,3,433,4.6179160419085774e-08,2.6699697692274552e-06,0.44020605087280273,AA,3
AA_pure,3,434,4.616175094050421e-08,2.6689631943766144e-06,0.4411628246307373,AA,3
AA_pure,3,435,3.152038674446037e-08,1.822434166370951e-06,0.44207191467285156,AA,3
AA_pure,3,436,2.709706446816293e-08,1.5666881404561223e-06,0.44301795959472656,AA,3
AA_pure,3,437,1.4147612938636764e-08,8.179814987991759e-07,0.44396400451660156,AA,3
AA_pure,3,438,5.381474559581031e-09,3.111441234000772e-07,0.4449141025543213,AA,3
AA_pure,3,439,7.221222019387641e-09,4.1751396763541116e-07,0.44584107398986816,AA,3
AA_pure,3,440,6.398536565046304e-09,3.6994824160790424e-07,0.4467430114746094,AA,3
AA_pure,3,441,2.762254832750113e-09,1.5970703736088518e-07,0.44765496253967285,AA,3
AA_pure,3,442,1.0131885443329224e-09,5.858016385197047e-08,0.4486112594604492,AA,3
AA_pure,3,443,1.6484738222800345e-09,9.531085517595168e-08,0.44956517219543457,AA,3
AA_pure,3,444,1.0394367475647285e-09,6.009777284462976e-08,0.4505131244659424,AA,3
AA_pure,3,445,7.753411590443402e-10,4.482839091701156e-08,0.4514272212982178,AA,3
AA_pure,3,446,3.5408035993877337e-10,2.0472088455791312e-08,0.45232152938842773,AA,3
AA_pure,3,447,2.1820308090760209e-10,1.2615985745267127e-08,0.45327162742614746,AA,3
AA_pure,3,448,2.3490770276418636e-10,1.3581807448362076e-08,0.45421886444091797,AA,3
AA_pure,3,449,1.9101436542724067e-10,1.1043998560184201e-08,0.4551689624786377,AA,3
AA_pure,3,450,2.2505912905862413e-10,1.301238622404307e-08,0.4561131000518799,AA,3
AA_pure,3,451,8.464993430578174e-11,4.894258871586513e-09,0.45701098442077637,AA,3
FAA cs=0.1,3,0,1.0,57.81763343025095,0.0,initial,0
FAA cs=0.1,3,1,0.26526225887283933,15.336836046390157,0.0006940364837646484,AA,0
FAA cs=0.1,3,2,0.27808449168729354,16.078187203013606,0.0019969940185546875,AA,1
FAA cs=0.1,3,3,0.3515596443447438,20.326346645593794,0.0033457279205322266,AA,2
FAA cs=0.1,3,4,0.3097348191347437,17.90813423331769,0.004776954650878906,AA,3
FAA cs=0.1,3,5,0.2771459436589264,16.023922577152792,0.006233930587768555,AA,3
FAA cs=0.1,3,6,0.38871800087651026,22.474754882418036,0.007832050323486328,AA,3
FAA cs=0.1,3,7,0.6038779518540538,34.91479405690841,0.009312868118286133,AA,3
FAA cs=0.1,3,8,0.35961168102150437,20.791896350537673,0.01083517074584961,AA,3
FAA cs=0.1,3,9,0.5590947336394079,32.32553436234708,0.012169122695922852,AA,3
FAA cs=0.1,3,10,0.49087770533468256,28.38138722612342,0.013459205627441406,AA,3
FAA cs=0.1,3,11,0.24631479227851252,14.241338368407444,0.014810323715209961,AA,3
FAA cs=0.1,3,12,0.27349089221794715,15.81259615276954,0.016286134719848633,AA,3
FAA cs=0.1,3,13,0.42705675035491475,24.691410645934653,0.017651081085205078,AA,3
FAA cs=0.1,3,14,0.33647782617127725,19.45435161097861,0.01924920082092285,AA,3
FAA cs=0.1,3,15,0.32197729164841216,18.615965021392896,0.020734071731567383,AA,3
FAA cs=0.1,3,16,0.23361574831982312,13.507109699889298,0.021934986114501953,AA,3
FAA cs=0.1,3,17,0.270803060779762,15.657192099954248,0.023300647735595703,AA,3
FAA cs=0.1,3,18,0.46064885367058794,26.633626561591363,0.02481675148010254,AA,3
FAA cs=0.1,3,19,0.3975514248136108,22.98548254954732,0.026193857192993164,AA,3
FAA cs=0.1,3,20,0.4101423880571062,23.7134622468935,0.027611732482910156,AA,3
FAA cs=0.1,3,21,0.5727927596253795,33.11752180752204,0.028932571411132812,AA,3
FAA cs=0.1,3,22,0.5384929754172851,31.13438945744173,0.030267715454101562,AA,3
FAA cs=0.1,3,23,0.1731641201315643,10.011939621038723,0.031508684158325195,AA,3
FAA cs=0.1,3,24,0.1800058613458795,10.40751290659264,0.03292655944824219,AA,3
FAA cs=0.1,3,25,0.362856335842493,20.979494613585288,0.03419041633605957,AA,3
FAA cs=0.1,3,26,0.3685328319222318,21.307696183091885,0.03552651405334473,AA,3
FAA cs=0.1,3,27,0.3075172827181998,17.77992152566772,0.03682231903076172,AA,3
FAA cs=0.1,3,28,0.4015536136045912,23.216879633982884,0.038068294525146484,AA,3
FAA cs=0.1,3,29,0.5408861688656682,31.27275823896802,0.03948807716369629,AA,3
FAA cs=0.1,3,30,0.3318494871279524,19.186752000780736,0.0407862663269043,AA,3
FAA cs=0.1,3,31,0.18105969348407752,10.46844298685599,0.042124271392822266,AA,3
FAA cs=0.1,3,32,0.36994726979339876,21.38947563343688,0.04349708557128906,AA,3
FAA cs=0.1,3,33,0.22293035042219425,12.889305281187818,0.0447239875793457,AA,3
FAA cs=0.1,3,34,0.24302463330132096,14.051109162736934,0.04604387283325195,AA,3
FAA cs=0.1,3,35,0.38335117908809496,22.164457947569957,0.04738903045654297,AA,3
FAA cs=0.1,3,36,0.43586088486503155,25.20044486771121,0.04880690574645996,AA,3
FAA cs=0.1,3,37,0.40984272923187404,23.69613668278209,0.04998302459716797,AA,3
FAA cs=0.1,3,38,0.2372594478174639,13.717779781773881,0.05116534233093262,AA,3
FAA cs=0.1,3,39,0.3637690457898104,21.03226534274743,0.0524754524230957,AA,3
FAA cs=0.1,3,40,0.4151200828986988,24.001260782572352,0.05376839637756348,AA,3
FAA cs=0.1,3,41,0.4710518178758186,27.235101332597413,0.05509138107299805,AA,3
FAA cs=0.1,3,42,0.5175741833672164,29.924914406887208,0.05627322196960449,AA,3
FAA cs=0.1,3,43,0.3687111825311719,21.318007993221645,0.057538509368896484,AA,3
FAA cs=0.1,3,44,0.2661614881269149,15.388827353772058,0.0587615966796875,AA,3
FAA cs=0.1,3,45,0.44263928930200847,25.592356170690326,0.060028791427612305,AA,3
FAA cs=0.1,3,46,0.30271641709906344,17.5023468371526,0.0612950325012207,AA,3
FAA cs=0.1,3,47,0.29806004771414657,17.233126578939633,0.06259393692016602,AA,3
FAA cs=0.1,3,48,0.3036883102757195,17.558539400573864,0.06392312049865723,AA,3
FAA cs=0.1,3,49,0.504898427793122,29.192032217652756,0.06519627571105957,AA,3
FAA cs=0.1,3,50,0.36016911049786066,20.824125603664857,0.06645727157592773,AA,3
FAA cs=0.1,3,51,0.3867439938670954,22.360622468758944,0.06779861450195312,AA,3
FAA cs=0.1,3,52,0.8614683928047524,49.80806374693261,0.0690314769744873,AA,3
FAA cs=0.1,3,53,0.4422942170972151,25.572404912446615,0.07024168968200684,AA,3
FAA cs=0.1,3,54,0.2364936437979021,13.673502805691445,0.07161760330200195,AA,3
FAA cs=0.1,3,55,0.20711692727147402,11.975010578182031,0.07283163070678711,AA,3
FAA cs=0.1,3,56,0.21229167922539496,12.274202489746306,0.07413864135742188,AA,3
FAA cs=0.1,3,57,0.14482164800667677,8.37324495721487,0.07543754577636719,AA,3
FAA cs=0.1,3,58,0.31925985012849106,18.458848983725954,0.0768423080444336,AA,3
FAA cs=0.1,3,59,0.2945442287461855,17.02985024664294,0.07805037498474121,AA,3
FAA cs=0.1,3,60,0.41751892152433606,24.139955954887775,0.0792853832244873,AA,3
FAA cs=0.1,3,61,0.12053576466852944,6.969092656840029,0.08063673973083496,AA,3
FAA cs=0.1,3,62,0.18328004263972636,10.596818320424463,0.08204269409179688,AA,3
FAA cs=0.1,3,63,0.19689934588446573,11.38425420300423,0.08327078819274902,AA,3
FAA cs=0.1,3,64,0.27177853078176006,15.713591466951979,0.08452987670898438,AA,3
FAA cs=0.1,3,65,0.27804520658995385,16.07591583165635,0.08605790138244629,AA,3
FAA cs=0.1,3,66,0.26601145438697793,15.38015275799421,0.08728885650634766,AA,3
FAA cs=0.1,3,67,0.22546871809412486,13.0360676927547,0.08855581283569336,AA,3
FAA cs=0.1,3,68,0.2044457062300369,11.820566899197047,0.08993077278137207,AA,3
FAA cs=0.1,3,69,0.0827844739292732,4.7864023673588845,0.09111666679382324,AA,3
FAA cs=0.1,3,70,0.3255360230033255,18.821722446348016,0.09232640266418457,AA,3
FAA cs=0.1,3,71,0.23650946721599378,13.674417678278283,0.09348535537719727,AA,3
FAA cs=0.1,3,72,0.21949294494942218,12.690562631611943,0.0947563648223877,AA,3
FAA cs=0.1,3,73,0.3135403700964881,18.128162183823967,0.09613752365112305,AA,3
FAA cs=0.1,3,74,0.3070864086164175,17.755009404796283,0.0973196029663086,AA,3
FAA cs=0.1,3,75,0.31456882792512864,18.187625181558776,0.0985574722290039,AA,3
FAA cs=0.1,3,76,0.08105739286017294,4.686546627201319,0.09973978996276855,AA,3
FAA cs=0.1,3,77,0.1312442890483431,7.588234194011,0.10092687606811523,AA,3
FAA cs=0.1,3,78,0.11391831181629909,6.586487193587806,0.10222864151000977,AA,3
FAA cs=0.1,3,79,0.09752070478129925,5.638416360904881,0.10345935821533203,AA,3
FAA cs=0.1,3,80,0.12662960988502434,7.321424365748019,0.10469818115234375,AA,3
FAA cs=0.1,3,81,0.18235477386028998,10.543321469310554,0.10583710670471191,AA,3
FAA cs=0.1,3,82,0.19310904209827667,11.16510780810506,0.10704421997070312,AA,3
FAA cs=0.1,3,83,0.3089431944467043,17.86236436729029,0.10826516151428223,AA,3
FAA cs=0.1,3,84,0.14697417656317024,8.497699064242358,0.10950422286987305,AA,3
FAA cs=0.1,3,85,0.1640686812898293,9.486062872200023,0.11064505577087402,AA,3
FAA cs=0.1,3,86,0.05824343996535592,3.367497861633777,0.11194705963134766,AA,3
FAA cs=0.1,3,87,0.22282833360448454,12.883406910217756,0.11319303512573242,AA,3
FAA cs=0.1,3,88,0.19157567668854197,11.076452248930392,0.11442303657531738,AA,3
FAA cs=0.1,3,89,0.10997263761669951,6.358357649080158,0.11574506759643555,AA,3
FAA cs=0.1,3,90,0.0955924514793891,5.5269293183343695,0.11704802513122559,AA,3
FAA cs=0.1,3,91,0.10285442902300414,5.946799673929817,0.11837506294250488,AA,3
FAA cs=0.1,3,92,0.05087489055858217,2.941465773120239,0.11968493461608887,AA,3
FAA cs=0.1,3,93,0.029228935017554875,1.6899478504016134,0.12101411819458008,AA,3
FAA cs=0.1,3,94,0.07077164150685916,4.091848825900716,0.12230634689331055,AA,3
FAA cs=0.1,3,95,0.12980092383191807,7.504782233021764,0.12350606918334961,AA,3
FAA cs=0.1,3,96,0.12271170778759255,7.094900538463097,0.12468910217285156,AA,3
FAA cs=0.1,3,97,0.0976839701657002,5.647855979052024,0.12592124938964844,AA,3
FAA cs=0.1,3,98,0.10846105421710711,6.270961474183273,0.1271371841430664,AA,3
FAA cs=0.1,3,99,0.11545235600170489,6.675181997965407,0.12833333015441895,AA,3
FAA cs=0.1,3,100,0.14443256451881906,8.35074907074015,0.1294264793395996,AA,3
FAA cs=0.1,3,101,0.0677564430730528,3.9175171881354327,0.1305863857269287,AA,3
FAA cs=0.1,3,102,0.07900841057721104,4.56807932065995,0.131927490234375,AA,3
FAA cs=0.1,3,103,0.08332405971186953,4.817599940341214,0.13332557678222656,AA,3
FAA cs=0.1,3,104,0.09741787139972712,5.63247077814475,0.13459062576293945,AA,3
FAA cs=0.1,3,105,0.08234467187526237,4.760974053418215,0.13583850860595703,AA,3
FAA cs=0.1,3,106,0.08419847217838719,4.868156399797174,0.1371445655822754,AA,3
FAA cs=0.1,3,107,0.07634084126593864,4.413846776071015,0.13840150833129883,AA,3
FAA cs=0.1,3,108,0.10069193664423957,5.821769482278697,0.13969755172729492,AA,3
FAA cs=0.1,3,109,0.12413099578045812,7.176960411366555,0.14107060432434082,AA,3
FAA cs=0.1,3,110,0.11562080316416636,6.68492121425697,0.14231467247009277,AA,3
FAA cs=0.1,3,111,0.07115576527508936,4.114057953124097,0.14359354972839355,AA,3
FAA cs=0.1,3,112,0.10924626415665144,6.316360454633636,0.14486241340637207,AA,3
FAA cs=0.1,3,113,0.10348688750598964,5.983366926658926,0.14605951309204102,AA,3
FAA cs=0.1,3,114,0.11063186701166959,6.396472732584985,0.14724183082580566,AA,3
FAA cs=0.1,3,115,0.07678928502198469,4.439774732772171,0.14847898483276367,AA,3
FAA cs=0.1,3,116,0.07333528239362268,4.240072474938413,0.14968299865722656,AA,3
FAA cs=0.1,3,117,0.044272467359027276,2.5597292888169894,0.1509230136871338,AA,3
FAA cs=0.1,3,118,0.039930820141849975,2.3087055215307632,0.15218210220336914,AA,3
FAA cs=0.1,3,119,0.027536600572492582,1.5921010778156146,0.1534421443939209,AA,3
FAA cs=0.1,3,120,0.04784881754065971,2.7665053926368253,0.15478801727294922,AA,3
FAA cs=0.1,3,121,0.039146991096796646,2.263386381131886,0.15621614456176758,AA,3
FAA cs=0.1,3,122,0.06372284950082768,3.6843043535699045,0.15755915641784668,AA,3
FAA cs=0.1,3,123,0.048743594322432686,2.8182392686072744,0.1588442325592041,AA,3
FAA cs=0.1,3,124,0.05237571759932104,3.028240040803887,0.16007113456726074,AA,3
FAA cs=0.1,3,125,0.03774416259983346,2.1822781573289585,0.16132402420043945,AA,3
FAA cs=0.1,3,126,0.029959965974572317,1.7322143303006134,0.16257214546203613,AA,3
FAA cs=0.1,3,127,0.005129674156911861,0.29658562002096156,0.1638500690460205,AA,3
FAA cs=0.1,3,128,0.00646193156329628,0.37361359037803277,0.16521096229553223,AA,3
FAA cs=0.1,3,129,0.009299517612561807,0.537676100401261,0.1664891242980957,AA,3
FAA cs=0.1,3,130,0.010356624562746958,0.5987955225436367,0.16774487495422363,AA,3
FAA cs=0.1,3,131,0.012571585280147467,0.726859309364705,0.1689901351928711,AA,3
FAA cs=0.1,3,132,0.009615529232982803,0.5559471444304618,0.17015838623046875,AA,3
FAA cs=0.1,3,133,0.008067067226534594,0.4664187357609684,0.17133831977844238,AA,3
FAA cs=0.1,3,134,0.012637023866791133,0.7306428135794621,0.17259836196899414,AA,3
FAA cs=0.1,3,135,0.009811494892489522,0.5672774150967387,0.17388248443603516,AA,3
FAA cs=0.1,3,136,0.009321212539628239,0.538930449741684,0.1751847267150879,AA,3
FAA cs=0.1,3,137,0.0033397115508545672,0.19309421821008427,0.17633867263793945,AA,3
FAA cs=0.1,3,138,0.0013316919343102848,0.07699527609997388,0.17748379707336426,AA,3
FAA cs=0.1,3,139,0.0007535073094883952,0.04356600940701469,0.17868876457214355,AA,3
FAA cs=0.1,3,140,0.0015233162606538093,0.08807454115682256,0.1799147129058838,AA,3
FAA cs=0.1,3,141,0.0016370024550497128,0.09464760787048515,0.18116068840026855,AA,3
FAA cs=0.1,3,142,0.0016561819017279094,0.09575651808792017,0.182539701461792,AA,3
FAA cs=0.1,3,143,0.0017775486640183252,0.10277365706064384,0.18378758430480957,AA,3
FAA cs=0.1,3,144,0.0011861264873753187,0.06857902644897736,0.1850261688232422,AA,3
FAA cs=0.1,3,145,0.0005918914226421714,0.0342217613048348,0.18648815155029297,AA,3
FAA cs=0.1,3,146,0.0007252081964247077,0.04192982166149718,0.1878373622894287,AA,3
FAA cs=0.1,3,147,0.0004462360196820362,0.025800310609350216,0.18915843963623047,AA,3
FAA cs=0.1,3,148,0.0004507834263537756,0.026063230901355122,0.19036149978637695,AA,3
FAA cs=0.1,3,149,0.000361382042528773,0.020894254463203955,0.1916797161102295,AA,3
FAA cs=0.1,3,150,0.00022189943655624955,0.012829700281188464,0.1929168701171875,AA,3
FAA cs=0.1,3,151,0.0003434185222246492,0.01985564623114326,0.19422316551208496,AA,3
FAA cs=0.1,3,152,0.00025252799406881566,0.01460057099194737,0.19550323486328125,AA,3
FAA cs=0.1,3,153,3.247108048640009e-05,0.0018774010286468554,0.19670939445495605,AA,3
FAA cs=0.1,3,154,2.752308702736383e-05,0.0015913197566170174,0.1979825496673584,AA,3
FAA cs=0.1,3,155,2.151125033564458e-05,0.001243729586532661,0.19921469688415527,AA,3
FAA cs=0.1,3,156,1.3021296569482413e-05,0.0007528605518409184,0.2005157470703125,AA,3
FAA cs=0.1,3,157,1.2372126762545974e-05,0.0007153270899094806,0.20187783241271973,AA,3
FAA cs=0.1,3,158,5.837207253540627e-06,0.0003374935092416139,0.20302486419677734,AA,3
FAA cs=0.1,3,159,6.2331507701767764e-06,0.00036038602634556725,0.20423293113708496,AA,3
FAA cs=0.1,3,160,9.216430618768577e-06,0.0005328722070513025,0.20548415184020996,AA,3
FAA cs=0.1,3,161,8.008681384914756e-06,0.00046304300457267585,0.2067723274230957,AA,3
FAA cs=0.1,3,162,2.226912047714565e-06,0.00012875478445617024,0.208085298538208,AA,3
FAA cs=0.1,3,163,1.2487392761085464e-06,7.219914971600086e-05,0.20941519737243652,AA,3
FAA cs=0.1,3,164,6.417102885433489e-07,3.710217023141991e-05,0.21062922477722168,AA,3
FAA cs=0.1,3,165,5.857370003291058e-07,3.386592717156302e-05,0.21181225776672363,AA,3
FAA cs=0.1,3,166,1.3639632191546805e-07,7.886112541743035e-06,0.21307611465454102,AA,3
FAA cs=0.1,3,167,1.3639360912923185e-07,7.885955694862857e-06,0.21421432495117188,AA,3
FAA cs=0.1,3,168,1.5918882830574964e-07,9.203921321172989e-06,0.2154383659362793,AA,3
FAA cs=0.1,3,169,1.844114977407358e-07,1.0662236376697413e-05,0.21669316291809082,AA,3
FAA cs=0.1,3,170,1.594032209971699e-07,9.216316999215651e-06,0.21795010566711426,AA,3
FAA cs=0.1,3,171,1.709391383112621e-07,9.883296437763518e-06,0.2192401885986328,AA,3
FAA cs=0.1,3,172,1.7647871784139942e-07,1.020358181639472e-05,0.22042155265808105,AA,3
FAA cs=0.1,3,173,1.0718798826567758e-07,6.197355813670986e-06,0.22161340713500977,AA,3
FAA cs=0.1,3,174,5.279823814066085e-08,3.0526691785798235e-06,0.22292065620422363,AA,3
FAA cs=0.1,3,175,3.705739759482916e-08,2.1425710300168955e-06,0.2241535186767578,AA,3
FAA cs=0.1,3,176,1.5818319771423245e-08,9.145778140266401e-07,0.22536849975585938,AA,3
FAA cs=0.1,3,177,1.47879013558289e-08,8.550014597940263e-07,0.22666358947753906,AA,3
FAA cs=0.1,3,178,1.6716144133030106e-08,9.664878938507747e-07,0.22797942161560059,AA,3
FAA cs=0.1,3,179,2.3808589642561235e-08,1.376556308444875e-06,0.2291874885559082,AA,3
FAA cs=0.1,3,180,2.399750654412368e-08,1.3874790366081913e-06,0.2304244041442871,AA,3
FAA cs=0.1,3,181,1.9164445217043072e-08,1.1080428684531225e-06,0.2317066192626953,AA,3
FAA cs=0.1,3,182,2.1982360391410375e-08,1.270968055042233e-06,0.2330174446105957,AA,3
FAA cs=0.1,3,183,1.5058579554126344e-08,8.706514326407488e-07,0.23416852951049805,AA,3
FAA cs=0.1,3,184,3.0019490185123162e-09,1.7356558792864673e-07,0.23542237281799316,AA,3
FAA cs=0.1,3,185,9.785124284607499e-10,5.6575272895688296e-08,0.23667240142822266,AA,3
FAA cs=0.1,3,186,8.604134741967549e-10,4.974707084955666e-08,0.2379133701324463,AA,3
FAA cs=0.1,3,187,6.600816712967983e-10,3.816436010506568e-08,0.2391374111175537,AA,3
FAA cs=0.1,3,188,6.718492765769967e-10,3.884473519350808e-08,0.2403874397277832,AA,3
FAA cs=0.1,3,189,6.455191273069114e-10,3.73223882748465e-08,0.24182653427124023,AA,3
FAA cs=0.1,3,190,6.372622631291518e-10,3.684499592853343e-08,0.24316740036010742,AA,3
FAA cs=0.1,3,191,5.699487909663854e-10,3.295309027010919e-08,0.2444474697113037,AA,3
FAA cs=0.1,3,192,4.661413655632702e-10,2.695119060081376e-08,0.24576854705810547,AA,3
FAA cs=0.1,3,193,1.5438504159638517e-10,8.926177742133843e-09,0.24704551696777344,AA,3
FAA cs=0.1,3,194,8.027123490499042e-11,4.641092834730301e-09,0.24837064743041992,AA,3
FAA cs=0.2,3,0,1.0,57.81763343025095,0.0,initial,0
FAA cs=0.2,3,1,0.26526225887283933,15.336836046390157,0.0005571842193603516,AA,0
FAA cs=0.2,3,2,0.27808449168729354,16.078187203013606,0.0017573833465576172,AA,1
FAA cs=0.2,3,3,0.3515596443447438,20.326346645593794,0.003113269805908203,AA,2
FAA cs=0.2,3,4,0.3097348191347437,17.90813423331769,0.004609107971191406,AA,3
FAA cs=0.2,3,5,0.2771459436589264,16.023922577152792,0.006034135818481445,AA,3
FAA cs=0.2,3,6,0.38871800087651026,22.474754882418036,0.0073392391204833984,AA,3
FAA cs=0.2,3,7,0.6038779518540538,34.91479405690841,0.008594989776611328,AA,3
FAA cs=0.2,3,8,0.35961168102150437,20.791896350537673,0.009942054748535156,AA,3
FAA cs=0.2,3,9,0.5590947336394079,32.32553436234708,0.011469125747680664,AA,3
FAA cs=0.2,3,10,0.49087770533468256,28.38138722612342,0.012777090072631836,AA,3
FAA cs=0.2,3,11,0.24631479227851252,14.241338368407444,0.014127254486083984,AA,3
FAA cs=0.2,3,12,0.27349089221794715,15.81259615276954,0.015371084213256836,AA,3
FAA cs=0.2,3,13,0.42705675035491475,24.691410645934653,0.016737937927246094,AA,3
FAA cs=0.2,3,14,0.33647782617127725,19.45435161097861,0.017984867095947266,AA,3
FAA cs=0.2,3,15,0.32197729164841216,18.615965021392896,0.01917576789855957,AA,3
FAA cs=0.2,3,16,0.23361574831982312,13.507109699889298,0.020544767379760742,AA,3
FAA cs=0.2,3,17,0.270803060779762,15.657192099954248,0.02175760269165039,AA,3
FAA cs=0.2,3,18,0.46064885367058794,26.633626561591363,0.023039817810058594,AA,3
FAA cs=0.2,3,19,0.3975514248136108,22.98548254954732,0.024277210235595703,AA,3
FAA cs=0.2,3,20,0.4101423880571062,23.7134622468935,0.02551102638244629,AA,3
FAA cs=0.2,3,21,0.5727927596253795,33.11752180752204,0.026694059371948242,AA,3
FAA cs=0.2,3,22,0.5384929754172851,31.13438945744173,0.028011083602905273,AA,3
FAA cs=0.2,3,23,0.1731641201315643,10.011939621038723,0.029394865036010742,AA,3
FAA cs=0.2,3,24,0.1800058613458795,10.40751290659264,0.03082895278930664,AA,3
FAA cs=0.2,3,25,0.362856335842493,20.979494613585288,0.03216886520385742,AA,3
FAA cs=0.2,3,26,0.3685328319222318,21.307696183091885,0.03343081474304199,AA,3
FAA cs=0.2,3,27,0.3075172827181998,17.77992152566772,0.03488492965698242,AA,3
FAA cs=0.2,3,28,0.4015536136045912,23.216879633982884,0.036154985427856445,AA,3
FAA cs=0.2,3,29,0.5408861688656682,31.27275823896802,0.03742790222167969,AA,3
FAA cs=0.2,3,30,0.3318494871279524,19.186752000780736,0.03872489929199219,AA,3
FAA cs=0.2,3,31,0.18105969348407752,10.46844298685599,0.04017066955566406,AA,3
FAA cs=0.2,3,32,0.36994726979339876,21.38947563343688,0.041504621505737305,AA,3
FAA cs=0.2,3,33,0.22293035042219425,12.889305281187818,0.04280281066894531,AA,3
FAA cs=0.2,3,34,0.24302463330132096,14.051109162736934,0.044058799743652344,AA,3
FAA cs=0.2,3,35,0.38335117908809496,22.164457947569957,0.045393943786621094,AA,3
FAA cs=0.2,3,36,0.43586088486503155,25.20044486771121,0.04660367965698242,AA,3
FAA cs=0.2,3,37,0.40984272923187404,23.69613668278209,0.047850608825683594,AA,3
FAA cs=0.2,3,38,0.2372594478174639,13.717779781773881,0.049248695373535156,AA,3
FAA cs=0.2,3,39,0.3637690457898104,21.03226534274743,0.050505638122558594,AA,3
FAA cs=0.2,3,40,0.4151200828986988,24.001260782572352,0.05178666114807129,AA,3
FAA cs=0.2,3,41,0.4710518178758186,27.235101332597413,0.05300450325012207,AA,3
FAA cs=0.2,3,42,0.5175741833672164,29.924914406887208,0.05437040328979492,AA,3
FAA cs=0.2,3,43,0.3687111825311719,21.318007993221645,0.055594444274902344,AA,3
FAA cs=0.2,3,44,0.2661614881269149,15.388827353772058,0.0569453239440918,AA,3
FAA cs=0.2,3,45,0.44263928930200847,25.592356170690326,0.05817532539367676,AA,3
FAA cs=0.2,3,46,0.30271641709906344,17.5023468371526,0.059472084045410156,AA,3
FAA cs=0.2,3,47,0.29806004771414657,17.233126578939633,0.060793161392211914,AA,3
FAA cs=0.2,3,48,0.3036883102757195,17.558539400573864,0.062223196029663086,AA,3
FAA cs=0.2,3,49,0.504898427793122,29.192032217652756,0.0635373592376709,AA,3
FAA cs=0.2,3,50,0.36016911049786066,20.824125603664857,0.06483626365661621,AA,3
FAA cs=0.2,3,51,0.3867439938670954,22.360622468758944,0.06621503829956055,AA,3
FAA cs=0.2,3,52,0.8614683928047524,49.80806374693261,0.06752610206604004,AA,3
FAA cs=0.2,3,53,0.4422942170972151,25.572404912446615,0.06889104843139648,AA,3
FAA cs=0.2,3,54,0.2364936437979021,13.673502805691445,0.07016515731811523,AA,3
FAA cs=0.2,3,55,0.20711692727147402,11.975010578182031,0.07151961326599121,AA,3
FAA cs=0.2,3,56,0.21229167922539496,12.274202489746306,0.07289457321166992,AA,3
FAA cs=0.2,3,57,0.14482164800667677,8.37324495721487,0.07420134544372559,AA,3
FAA cs=0.2,3,58,0.31925985012849106,18.458848983725954,0.07542729377746582,AA,3
FAA cs=0.2,3,59,0.2945442287461855,17.02985024664294,0.07664060592651367,AA,3
FAA cs=0.2,3,60,0.41751892152433606,24.139955954887775,0.07788372039794922,AA,3
FAA cs=0.2,3,61,0.12053576466852944,6.969092656840029,0.07919955253601074,AA,3
FAA cs=0.2,3,62,0.18328004263972636,10.596818320424463,0.0805196762084961,AA,3
FAA cs=0.2,3,63,0.19689934588446573,11.38425420300423,0.08183431625366211,AA,3
FAA cs=0.2,3,64,0.27177853078176006,15.713591466951979,0.08314013481140137,AA,3
FAA cs=0.2,3,65,0.27804520658995385,16.07591583165635,0.0844111442565918,AA,3
FAA cs=0.2,3,66,0.26601145438697793,15.38015275799421,0.08559226989746094,AA,3
FAA cs=0.2,3,67,0.22546871809412486,13.0360676927547,0.08687329292297363,AA,3
FAA cs=0.2,3,68,0.2044457062300369,11.820566899197047,0.08809518814086914,AA,3
FAA cs=0.2,3,69,0.0827844739292732,4.7864023673588845,0.08942627906799316,AA,3
FAA cs=0.2,3,70,0.3255360230033255,18.821722446348016,0.09072518348693848,AA,3
FAA cs=0.2,3,71,0.23650946721599378,13.674417678278283,0.0919492244720459,AA,3
FAA cs=0.2,3,72,0.21949294494942218,12.690562631611943,0.09320616722106934,AA,3
FAA cs=0.2,3,73,0.3135403700964881,18.128162183823967,0.0945742130279541,AA,3
FAA cs=0.2,3,74,0.3070864086164175,17.755009404796283,0.09580421447753906,AA,3
FAA cs=0.2,3,75,0.31456882792512864,18.187625181558776,0.09705424308776855,AA,3
FAA cs=0.2,3,76,0.08105739286017294,4.686546627201319,0.09841132164001465,AA,3
FAA cs=0.2,3,77,0.1312442890483431,7.588234194011,0.09967231750488281,AA,3
FAA cs=0.2,3,78,0.11391831181629909,6.586487193587806,0.10109353065490723,AA,3
FAA cs=0.2,3,79,0.09752070478129925,5.638416360904881,0.10238170623779297,AA,3
FAA cs=0.2,3,80,0.12662960988502434,7.321424365748019,0.1037588119506836,AA,3
FAA cs=0.2,3,81,0.18235477386028998,10.543321469310554,0.10512185096740723,AA,3
FAA cs=0.2,3,82,0.19310904209827667,11.16510780810506,0.10633611679077148,AA,3
FAA cs=0.2,3,83,0.3089431944467043,17.86236436729029,0.10758519172668457,AA,3
FAA cs=0.2,3,84,0.14697417656317024,8.497699064242358,0.1088871955871582,AA,3
FAA cs=0.2,3,85,0.1640686812898293,9.486062872200023,0.11023426055908203,AA,3
FAA cs=0.2,3,86,0.05824343996535592,3.367497861633777,0.11144423484802246,AA,3
FAA cs=0.2,3,87,0.22282833360448454,12.883406910217756,0.11268019676208496,AA,3
FAA cs=0.2,3,88,0.19157567668854197,11.076452248930392,0.11384105682373047,AA,3
FAA cs=0.2,3,89,0.10997263761669951,6.358357649080158,0.11519289016723633,AA,3
FAA cs=0.2,3,90,0.0955924514793891,5.5269293183343695,0.1164560317993164,AA,3
FAA cs=0.2,3,91,0.10285442902300414,5.946799673929817,0.11775708198547363,AA,3
FAA cs=0.2,3,92,0.05087489055858217,2.941465773120239,0.11900520324707031,AA,3
FAA cs=0.2,3,93,0.029228935017554875,1.6899478504016134,0.12025618553161621,AA,3
FAA cs=0.2,3,94,0.07077164150685916,4.091848825900716,0.12155318260192871,AA,3
FAA cs=0.2,3,95,0.12291881312914169,7.106874879182231,0.12286019325256348,AA,2
FAA cs=0.2,3,96,0.11544951443693557,6.675017705415206,0.12417912483215332,AA,3
FAA cs=0.2,3,97,0.08892754204402038,5.1415800277544,0.12540006637573242,AA,3
FAA cs=0.2,3,98,0.11824363892485755,6.836567370816367,0.12654328346252441,AA,3
FAA cs=0.2,3,99,0.1588921536827926,9.186768296574801,0.12771940231323242,AA,3
FAA cs=0.2,3,100,0.14984117879107842,8.663462348099266,0.12897634506225586,AA,3
FAA cs=0.2,3,101,0.1614176762063987,9.332788032064501,0.13019633293151855,AA,3
FAA cs=0.2,3,102,0.08138148114666383,4.705284644948688,0.1315312385559082,AA,3
FAA cs=0.2,3,103,0.1911625732745597,11.05256758717198,0.13286685943603516,AA,3
FAA cs=0.2,3,104,0.18226676940812223,10.53823326015489,0.13415956497192383,AA,3
FAA cs=0.2,3,105,0.16316473897987538,9.433799067081013,0.13530969619750977,AA,3
FAA cs=0.2,3,106,0.08566360562903631,4.952866948573203,0.13648462295532227,AA,3
FAA cs=0.2,3,107,0.20386045260440877,11.786728919606754,0.13771557807922363,AA,3
FAA cs=0.2,3,108,0.18371414021127785,10.621916814689389,0.13898348808288574,AA,3
FAA cs=0.2,3,109,0.05291914247836039,3.059659581257063,0.140228271484375,AA,3
FAA cs=0.2,3,110,0.04112788659017773,2.3779170706318298,0.14143729209899902,AA,3
FAA cs=0.2,3,111,0.08450283845470488,4.88575413758984,0.14275455474853516,AA,3
FAA cs=0.2,3,112,0.03510730391900758,2.0298212287135926,0.14398837089538574,AA,3
FAA cs=0.2,3,113,0.040951051904966354,2.3676929076245243,0.14525628089904785,AA,3
FAA cs=0.2,3,114,0.02377810380408702,1.374793689411159,0.14643335342407227,AA,3
FAA cs=0.2,3,115,0.05499557982430283,3.179714274565646,0.14766621589660645,AA,3
FAA cs=0.2,3,116,0.053934166482514846,3.1183458670521707,0.1488335132598877,AA,3
FAA cs=0.2,3,117,0.035000012040953044,2.0236178662381925,0.1499955654144287,AA,3
FAA cs=0.2,3,118,0.02919514921019505,1.687994434976538,0.15118765830993652,AA,3
FAA cs=0.2,3,119,0.028880502804693106,1.6698023244430804,0.1524808406829834,AA,3
FAA cs=0.2,3,120,0.012775563900519624,0.7386528704649906,0.15378975868225098,AA,3
FAA cs=0.2,3,121,0.015921240771985697,0.9205284627094348,0.15503501892089844,AA,3
FAA cs=0.2,3,122,0.011684165607672624,0.6755508040427611,0.15636110305786133,AA,3
FAA cs=0.2,3,123,0.00728930012613856,0.4214500826561613,0.15760207176208496,AA,3
FAA cs=0.2,3,124,0.004184653787511085,0.24194677871882717,0.15886282920837402,AA,3
FAA cs=0.2,3,125,0.004892040380750301,0.28284619746020623,0.16003179550170898,AA,3
FAA cs=0.2,3,126,0.002839229848965293,0.1641575506317021,0.16118550300598145,AA,3
FAA cs=0.2,3,127,0.006359711632551079,0.3677034758929411,0.1624755859375,AA,3
FAA cs=0.2,3,128,0.001313774936108375,0.07595935766576539,0.16380047798156738,AA,3
FAA cs=0.2,3,129,0.0007055908227121531,0.040795591539320455,0.16507244110107422,AA,3
FAA cs=0.2,3,130,0.0002106951755078931,0.012181896423037752,0.16632437705993652,AA,3
FAA cs=0.2,3,131,0.0003584404084135888,0.02072417614024632,0.16754817962646484,AA,3
FAA cs=0.2,3,132,0.00024142754425330503,0.01395876925360328,0.1688082218170166,AA,3
FAA cs=0.2,3,133,0.00031328222782341905,0.018113237008506807,0.17012596130371094,AA,3
FAA cs=0.2,3,134,0.0003697917634895157,0.021380484626962876,0.17139291763305664,AA,3
FAA cs=0.2,3,135,0.0002709731738772672,0.01566702763666749,0.17257285118103027,AA,3
FAA cs=0.2,3,136,0.0001636834065700109,0.00946378719967962,0.17377495765686035,AA,3
FAA cs=0.2,3,137,9.95468966866946e-05,0.005755565981750371,0.17511391639709473,AA,3
FAA cs=0.2,3,138,4.6728687261048734e-05,0.002701742110736153,0.17635273933410645,AA,3
FAA cs=0.2,3,139,4.031541418803604e-05,0.002330941839112606,0.17762374877929688,AA,3
FAA cs=0.2,3,140,2.900267622788448e-05,0.0016768661026400782,0.17906880378723145,AA,3
FAA cs=0.2,3,141,4.5390254475720604e-05,0.0026243570945830214,0.18031883239746094,AA,3
FAA cs=0.2,3,142,1.1981122097454396e-05,0.0006927201255136977,0.18162965774536133,AA,3
FAA cs=0.2,3,143,5.368076831686009e-06,0.0003103694984798446,0.1830124855041504,AA,3
FAA cs=0.2,3,144,2.9675192116206434e-06,0.00017157493797470964,0.18426728248596191,AA,3
FAA cs=0.2,3,145,1.6808411444789652e-06,9.718225714596829e-05,0.18551039695739746,AA,3
FAA cs=0.2,3,146,6.279782505081666e-07,3.6308216290051474e-05,0.18680548667907715,AA,3
FAA cs=0.2,3,147,4.598288552625664e-07,2.6586216194222985e-05,0.1880486011505127,AA,3
FAA cs=0.2,3,148,3.9125712260670017e-07,2.2621560891848943e-05,0.18925738334655762,AA,3
FAA cs=0.2,3,149,1.4841573952079702e-07,8.581046822893051e-06,0.19034814834594727,AA,3
FAA cs=0.2,3,150,1.0516666621407752e-07,6.080487756247091e-06,0.19161701202392578,AA,3
FAA cs=0.2,3,151,4.054473537422412e-08,2.3442006473934187e-06,0.19289493560791016,AA,3
FAA cs=0.2,3,152,3.021308186469495e-08,1.7468488920510954e-06,0.19409775733947754,AA,3
FAA cs=0.2,3,153,7.218047251132614e-09,4.1733041004821597e-07,0.1953887939453125,AA,3
FAA cs=0.2,3,154,4.137580418304491e-09,2.3922510791371344e-07,0.19663095474243164,AA,3
FAA cs=0.2,3,155,2.1293326250140415e-09,1.2311297316413585e-07,0.1979060173034668,AA,3
FAA cs=0.2,3,156,1.8125085639974448e-09,1.0479495574239481e-07,0.1991586685180664,AA,3
FAA cs=0.2,3,157,7.496223426791427e-10,4.334138982014864e-08,0.20049667358398438,AA,3
FAA cs=0.2,3,158,6.206144666041089e-10,3.588245973162709e-08,0.2017197608947754,AA,3
FAA cs=0.2,3,159,4.3409368652931646e-10,2.5098269642138285e-08,0.2029438018798828,AA,3
FAA cs=0.2,3,160,1.5525613337873643e-10,8.976542207489931e-09,0.20424580574035645,AA,3
FAA cs=0.2,3,161,6.605174982879304e-11,3.818955859027796e-09,0.20549678802490234,AA,3
Picard,3,0,1.0,57.81763343025095,0.0,initial,0
Picard,3,1,0.26526225887283933,15.336836046390157,0.0006380081176757812,Picard,0
Picard,3,2,0.3133263578283876,18.115788500957354,0.0012669563293457031,Picard,0
Picard,3,3,0.5216381821771575,30.15988520034136,0.0018639564514160156,Picard,0
Picard,3,4,0.5310002923637979,30.701180255246147,0.0024399757385253906,Picard,0
Picard,3,5,0.8203888755326189,47.43294327580073,0.0029802322387695312,Picard,0
Picard,3,6,0.2480360173929646,14.340855531125776,0.003524303436279297,Picard,0
Picard,3,7,0.39585397184075305,22.88733983579754,0.004067182540893555,Picard,0
Picard,3,8,0.27892663025230824,16.1268776618631,0.004700183868408203,Picard,0
Picard,3,9,0.22592299032734683,13.06233263821267,0.005408287048339844,Picard,0
Picard,3,10,0.2801800385985361,16.19934676616372,0.005955219268798828,Picard,0
Picard,3,11,0.3028434590953651,17.509692104725016,0.006486177444458008,Picard,0
Picard,3,12,0.16679280917782036,9.643565499845014,0.007028102874755859,Picard,0
Picard,3,13,0.27920272898579857,16.142841037226603,0.007543325424194336,Picard,0
Picard,3,14,0.16256171767665678,9.398933802420888,0.008281230926513672,Picard,0
Picard,3,15,0.16982462625869127,9.818857988454381,0.008983373641967773,Picard,0
Picard,3,16,0.2012814521485081,11.637617216631039,0.00959467887878418,Picard,0
Picard,3,17,0.16284677196036473,9.415414966504038,0.010167598724365234,Picard,0
Picard,3,18,0.19793712025007681,11.444255860858444,0.01074361801147461,Picard,0
Picard,3,19,0.31392744740554596,18.15054207778824,0.011276721954345703,Picard,0
Picard,3,20,0.19823585196077673,11.461527821401683,0.011797666549682617,Picard,0
Picard,3,21,0.2391971664076153,13.829814084910238,0.012320518493652344,Picard,0
Picard,3,22,0.4491509909473093,25.96884734942549,0.012851476669311523,Picard,0
Picard,3,23,0.21655892838798585,12.520924737584533,0.013401508331298828,Picard,0
Picard,3,24,0.5070648381106004,29.31728893524824,0.013918399810791016,Picard,0
Picard,3,25,0.20428508653514635,11.811280248556185,0.014438629150390625,Picard,0
Picard,3,26,0.30131825429489506,17.421508372665382,0.014959573745727539,Picard,0
Picard,3,27,0.1944764827129543,11.244169988302128,0.015480518341064453,Picard,0
Picard,3,28,0.13258217559783844,7.665587628100986,0.015995502471923828,Picard,0
Picard,3,29,0.24487645672729888,14.158177210757676,0.016510725021362305,Picard,0
Picard,3,30,0.18190026838023687,10.517043038072803,0.01706099510192871,Picard,0
Picard,3,31,0.15732387791680374,9.096094303219312,0.01759195327758789,Picard,0
Picard,3,32,0.1956137060405003,11.309921549782512,0.01823282241821289,Picard,0
Picard,3,33,0.15288278048383927,8.839320559812142,0.01898193359375,Picard,0
Picard,3,34,0.2086889541415504,12.065901451498611,0.019576072692871094,Picard,0
Picard,3,35,0.2362543280706693,13.659666136700205,0.020150184631347656,Picard,0
Picard,3,36,0.20513622497765985,11.860491059023825,0.020720958709716797,Picard,0
Picard,3,37,0.39871035883983924,23.052489372245642,0.02126002311706543,Picard,0
Picard,3,38,0.3661329500568954,21.168940693125958,0.021784067153930664,Picard,0
Picard,3,39,0.16627485511664933,9.613618621802518,0.0223233699798584,Picard,0
Picard,3,40,0.22561892525284527,13.044752315196197,0.022853374481201172,Picard,0
Picard,3,41,0.24268762123088414,14.031623922386848,0.023377418518066406,Picard,0
Picard,3,42,0.28434698540202075,16.440269768970953,0.02390146255493164,Picard,0
Picard,3,43,0.35678965918346417,20.6287337263737,0.02443861961364746,Picard,0
Picard,3,44,0.1583060557568906,9.152881501540769,0.024961471557617188,Picard,0
Picard,3,45,0.187579679310094,10.845413137315044,0.025499582290649414,Picard,0
Picard,3,46,0.17989952260313255,10.401364652145062,0.026038646697998047,Picard,0
Picard,3,47,0.19310179761389906,11.164688949162924,0.02657771110534668,Picard,0
Picard,3,48,0.16518850025503973,9.550808154638803,0.027117013931274414,Picard,0
Picard,3,49,0.1836580015089198,10.618671007775202,0.027659893035888672,Picard,0
Picard,3,50,0.15652296994396972,9.049787699634628,0.028224945068359375,Picard,0
Picard,3,51,0.16462730149995394,9.51836097073574,0.028789997100830078,Picard,0
Picard,3,52,0.228705333598628,13.22320114154873,0.029321908950805664,Picard,0
Picard,3,53,0.15656404869704726,9.052162775921838,0.029889822006225586,Picard,0
Picard,3,54,0.1842906908143946,10.655251606114382,0.030431747436523438,Picard,0
Picard,3,55,0.17059208381745808,9.863230568260436,0.03099370002746582,Picard,0
Picard,3,56,0.20177939649283042,11.666407180199734,0.031561851501464844,Picard,0
Picard,3,57,0.3617497461900895,20.915514218704914,0.03213977813720703,Picard,0
Picard,3,58,0.2539689349937803,14.683882786141623,0.03267264366149902,Picard,0
Picard,3,59,0.19958571318875054,11.539573603062381,0.03320646286010742,Picard,0
Picard,3,60,0.18263359603851376,10.559442307803321,0.03374648094177246,Picard,0
Picard,3,61,0.21447262759808136,12.400299763288592,0.03428959846496582,Picard,0
Picard,3,62,0.26993916075721186,15.607243445130058,0.03490471839904785,Picard,0
Picard,3,63,0.20728604021800157,11.98478828853267,0.03550386428833008,Picard,0
Picard,3,64,0.1987877568291168,11.49343765476774,0.036032676696777344,Picard,0
Picard,3,65,0.1671421818899479,9.663765403245336,0.036545753479003906,Picard,0
Picard,3,66,0.1821525241108436,10.531627867435702,0.03705573081970215,Picard,0
Picard,3,67,0.1871931252318329,10.823063495317175,0.03760170936584473,Picard,0
Picard,3,68,0.12186121052884966,7.045726799723667,0.03817248344421387,Picard,0
Picard,3,69,0.21852559821892195,12.634632932947929,0.03871655464172363,Picard,0
Picard,3,70,0.155566228663193,8.994471182975092,0.03926372528076172,Picard,0
Picard,3,71,0.17806545437950574,10.295323167905337,0.039818763732910156,Picard,0
Picard,3,72,0.24556441173569415,14.19795314124958,0.04036593437194824,Picard,0
Picard,3,73,0.11953481169025278,6.911219924461111,0.04091787338256836,Picard,0
Picard,3,74,0.21350519503239354,12.344365101837166,0.04146170616149902,Picard,0
Picard,3,75,0.15666432203610922,9.057960343082549,0.04206585884094238,Picard,0
Picard,3,76,0.19345616570087087,11.18517767331484,0.04257774353027344,Picard,0
Picard,3,77,0.27717763648845806,16.025754981553018,0.04309678077697754,Picard,0
Picard,3,78,0.1231321898070988,7.119211813730921,0.043646812438964844,Picard,0
Picard,3,79,0.2488327581119732,14.38692119395637,0.04419994354248047,Picard,0
Picard,3,80,0.15899133136125615,9.19250251523267,0.04475712776184082,Picard,0
Picard,3,81,0.19550514142333333,11.303644600543658,0.045313358306884766,Picard,0
Picard,3,82,0.23612375693433857,13.652116822603263,0.04585456848144531,Picard,0
Picard,3,83,0.11808413252473489,6.827345088244296,0.0464024543762207,Picard,0
Picard,3,84,0.2552521344845536,14.758074343917036,0.04695940017700195,Picard,0
Picard,3,85,0.15277627289714482,8.833162543207102,0.04750633239746094,Picard,0
Picard,3,86,0.18400418986434972,10.63868679920727,0.04805135726928711,Picard,0
Picard,3,87,0.19577539226328647,11.319269864542285,0.04859352111816406,Picard,0
Picard,3,88,0.13499160267300359,7.804894999509806,0.0491025447845459,Picard,0
Picard,3,89,0.2570456825330778,14.861773047526151,0.04962754249572754,Picard,0
Picard,3,90,0.14895521682509677,8.612238123916994,0.050168752670288086,Picard,0
Picard,3,91,0.1825444868762794,10.554290226925977,0.05071377754211426,Picard,0
Picard,3,92,0.2116046558898239,12.234480426372231,0.05128288269042969,Picard,0
Picard,3,93,0.15177225001551026,8.775112316281172,0.05183601379394531,Picard,0
Picard,3,94,0.27129192908631156,15.685457308497998,0.052381038665771484,Picard,0
Picard,3,95,0.1469825389945391,8.498182560233829,0.05292916297912598,Picard,0
Picard,3,96,0.18487996331930798,10.68932194779399,0.05348920822143555,Picard,0
Picard,3,97,0.20964109866473324,12.120952194512618,0.054026126861572266,Picard,0
Picard,3,98,0.1829669078617783,10.578713608618799,0.05454397201538086,Picard,0
Picard,3,99,0.2932416596239991,16.9545387826188,0.055068016052246094,Picard,0
Picard,3,100,0.14613927866945234,8.449427243871687,0.055613040924072266,Picard,0
Picard,3,101,0.18275501782427603,10.56646262810297,0.05615806579589844,Picard,0
Picard,3,102,0.19566159520638826,11.312690388021103,0.05669903755187988,Picard,0
Picard,3,103,0.21492448418187843,12.426425041613616,0.05724596977233887,Picard,0
Picard,3,104,0.29428930439987294,17.015111124235393,0.05778932571411133,Picard,0
Picard,3,105,0.14635804366538668,8.46207571821399,0.05833244323730469,Picard,0
Picard,3,106,0.1784179298419173,10.315702464984206,0.05887436866760254,Picard,0
Picard,3,107,0.18716661771773982,10.821530893584194,0.05942249298095703,Picard,0
Picard,3,108,0.2440377921720932,14.10968761093385,0.05996537208557129,Picard,0
Picard,3,109,0.28611671825757395,16.5425915344828,0.06051230430603027,Picard,0
Picard,3,110,0.15022185166334562,8.685471952684852,0.06105828285217285,Picard,0
Picard,3,111,0.17575710127232683,10.161859654126886,0.06169247627258301,Picard,0
Picard,3,112,0.18852174210744044,10.899880978800297,0.06225228309631348,Picard,0
Picard,3,113,0.268329030762885,15.514149539343014,0.06276345252990723,Picard,0
Picard,3,114,0.2781102816983555,16.079678320419347,0.06331443786621094,Picard,0
Picard,3,115,0.1566714106639064,9.05837019076605,0.06385636329650879,Picard,0
Picard,3,116,0.17377132639669063,10.04704685029235,0.06439828872680664,Picard,0
Picard,3,117,0.19053070066548514,11.016034208285891,0.06494331359863281,Picard,0
Picard,3,118,0.2772258540571219,16.028542807262923,0.06549310684204102,Picard,0
Picard,3,119,0.25640365471198795,14.824652518314357,0.06603717803955078,Picard,0
Picard,3,120,0.16745008442668546,9.681567599246673,0.06657624244689941,Picard,0
Picard,3,121,0.17056150272967138,9.861462442136887,0.06711935997009277,Picard,0
Picard,3,122,0.1902484493464734,10.999715104988065,0.06769657135009766,Picard,0
Picard,3,123,0.2717295411119489,15.710759000180968,0.0682375431060791,Picard,0
Picard,3,124,0.22008740305894064,12.724932792677722,0.06877255439758301,Picard,0
Picard,3,125,0.1814708805879168,10.492216852097016,0.06927967071533203,Picard,0
Picard,3,126,0.16652531560085004,9.628099654266798,0.06979584693908691,Picard,0
Picard,3,127,0.18947730723053047,10.955129492805849,0.07033991813659668,Picard,0
Picard,3,128,0.2644375556387366,15.289153657112063,0.0708768367767334,Picard,0
Picard,3,129,0.1850123956367469,10.696978870977993,0.07142257690429688,Picard,0
Picard,3,130,0.1959856737170516,11.331427840553259,0.07196044921875,Picard,0
Picard,3,131,0.1632679640587976,9.439767296854946,0.07250356674194336,Picard,0
Picard,3,132,0.18982798403050055,10.975404795479012,0.0730443000793457,Picard,0
Picard,3,133,0.2596385630116462,15.011687260564472,0.07358717918395996,Picard,0
Picard,3,134,0.15793003391491417,9.131140808519607,0.0741281509399414,Picard,0
Picard,3,135,0.20991948661709853,12.137047927093873,0.07467222213745117,Picard,0
Picard,3,136,0.16069226015619867,9.290846192789616,0.07521224021911621,Picard,0
Picard,3,137,0.19010845906404197,10.991621198154647,0.07575607299804688,Picard,0
Picard,3,138,0.2511909236613399,14.523264745257498,0.07629704475402832,Picard,0
Picard,3,139,0.13505684056077136,7.808666899790527,0.07686710357666016,Picard,0
Picard,3,140,0.2238504009004832,12.942500422478854,0.07742905616760254,Picard,0
Picard,3,141,0.1578148307737741,9.124480035535157,0.0779411792755127,Picard,0
Picard,3,142,0.18913823626788187,10.93552521218059,0.0784449577331543,Picard,0
Picard,3,143,0.2397439216668596,13.861426180065287,0.07898688316345215,Picard,0
Picard,3,144,0.11927591749131568,6.896251274569748,0.07952475547790527,Picard,0
Picard,3,145,0.23699142052853447,13.702283078233256,0.08007168769836426,Picard,0
Picard,3,146,0.15475778044070101,8.947728619999712,0.08062267303466797,Picard,0
Picard,3,147,0.18782897765302528,10.859826977521413,0.08116650581359863,Picard,0
Picard,3,148,0.23018345245171867,13.30866247556307,0.08170652389526367,Picard,0
Picard,3,149,0.1161095639423523,6.713180205765209,0.08224630355834961,Picard,0
Picard,3,150,0.24980478848026533,14.443121689473356,0.08278656005859375,Picard,0
Picard,3,151,0.15204359797412714,8.790801013084529,0.08332967758178711,Picard,0
Picard,3,152,0.18683268362654368,10.80222361470955,0.08389067649841309,Picard,0
Picard,3,153,0.22165559696734505,12.8156020532214,0.08443379402160645,Picard,0
Picard,3,154,0.12665343170569698,7.322801687043312,0.08497476577758789,Picard,0
Picard,3,155,0.26307787344016537,15.210540050173435,0.08551859855651855,Picard,0
Picard,3,156,0.149581031027929,8.648421220091793,0.08605766296386719,Picard,0
Picard,3,157,0.1855387391900396,10.727410809600645,0.08661150932312012,Picard,0
Picard,3,158,0.21170405293002362,12.24022732800655,0.08714962005615234,Picard,0
Picard,3,159,0.14949447342660788,8.643416664428006,0.08769583702087402,Picard,0
Picard,3,160,0.2755687649093012,15.93273383435298,0.0882577896118164,Picard,0
Picard,3,161,0.14741073787150466,8.522940005937468,0.08877396583557129,Picard,0
Picard,3,162,0.18368028703008,10.619959503868444,0.0892791748046875,Picard,0
Picard,3,163,0.20205022773936246,11.682066001933181,0.08982110023498535,Picard,0
Picard,3,164,0.180400543333541,10.430332485076775,0.09038710594177246,Picard,0
Picard,3,165,0.28575310414694743,16.52156822712453,0.09094500541687012,Picard,0
Picard,3,166,0.1460794300942737,8.445966940890687,0.09148406982421875,Picard,0
Picard,3,167,0.18155655543624233,10.497170369071695,0.09203314781188965,Picard,0
Picard,3,168,0.19483183781292496,11.264715779209801,0.09257221221923828,Picard,0
Picard,3,169,0.21411237661511928,12.379470904012802,0.0931234359741211,Picard,0
Picard,3,170,0.29228432804305804,16.89918813620075,0.09366536140441895,Picard,0
Picard,3,171,0.14636824850595684,8.462665737945288,0.0942234992980957,Picard,0
Picard,3,172,0.17922882169309018,10.362586312786897,0.09476661682128906,Picard,0
Picard,3,173,0.1905714596716412,11.018390797562803,0.09531164169311523,Picard,0
Picard,3,174,0.2446971179384118,14.147808266401979,0.095855712890625,Picard,0
Picard,3,175,0.2916644471466027,16.86334808975908,0.09639453887939453,Picard,0
Picard,3,176,0.14934842957455366,8.634972754525194,0.09693741798400879,Picard,0
Picard,3,177,0.1765900766823224,10.210020321038423,0.09747767448425293,Picard,0
Picard,3,178,0.18907800660549295,10.93204287563896,0.09801864624023438,Picard,0
Picard,3,179,0.2659370119914379,15.375848674857208,0.0985567569732666,Picard,0
Picard,3,180,0.2795741419026236,16.164315253102853,0.09909772872924805,Picard,0
Picard,3,181,0.1561277310797099,9.026935923863466,0.09963560104370117,Picard,0
Picard,3,182,0.17361659445106578,10.038100615380262,0.10020160675048828,Picard,0
Picard,3,183,0.18931324973440122,10.945644076633164,0.10077381134033203,Picard,0
Picard,3,184,0.27472409318096125,15.88389691399492,0.10127687454223633,Picard,0
Picard,3,185,0.2550365068103194,14.745607262090747,0.1018218994140625,Picard,0
Picard,3,186,0.16693873776102955,9.652002745175999,0.10237789154052734,Picard,0
Picard,3,187,0.1703458149577381,9.84899188560386,0.10291886329650879,Picard,0
Picard,3,188,0.18986042991735158,10.977280739871285,0.10347175598144531,Picard,0
Picard,3,189,0.2732595678132469,15.799221523135111,0.10402059555053711,Picard,0
Picard,3,190,0.222459141988454,12.86206112469658,0.10456371307373047,Picard,0
Picard,3,191,0.18053395118864976,10.438045811540169,0.10510683059692383,Picard,0
Picard,3,192,0.16695179877139274,9.652757901885407,0.10565185546875,Picard,0
Picard,3,193,0.19007789384687998,10.98985398963306,0.10619997978210449,Picard,0
Picard,3,194,0.2668218648022555,15.427008770312788,0.10674810409545898,Picard,0
Picard,3,195,0.18898050949192308,10.92640582326607,0.10729312896728516,Picard,0
Picard,3,196,0.1949669892930394,11.272529917944615,0.10783505439758301,Picard,0
Picard,3,197,0.16372254098359995,9.46604985885902,0.10838103294372559,Picard,0
Picard,3,198,0.19004567811799358,10.987991352429617,0.10892224311828613,Picard,0
Picard,3,199,0.2590850482125278,14.979684344810828,0.10947108268737793,Picard,0
Picard,3,200,0.15944353335499162,9.218647764342895,0.11002016067504883,Picard,0
Picard,3,201,0.20910603873888192,12.090016295856529,0.1105642318725586,Picard,0
Picard,3,202,0.16074163588120463,9.293700980358363,0.11109709739685059,Picard,0
Picard,3,203,0.1897677832259195,10.971924127427538,0.11163616180419922,Picard,0
Picard,3,204,0.2505516610222533,14.486304092325136,0.11219310760498047,Picard,0
Picard,3,205,0.13563818177802212,7.842278673187427,0.11273694038391113,Picard,0
Picard,3,206,0.2228206065368448,12.88296014945347,0.11327195167541504,Picard,0
Picard,3,207,0.15785887038557042,9.127026301666408,0.11383223533630371,Picard,0
Picard,3,208,0.18909987583262164,10.93330730259649,0.11437129974365234,Picard,0
Picard,3,209,0.24112920534365304,13.94152000388704,0.11493539810180664,Picard,0
Picard,3,210,0.11989042762269193,6.931780796084835,0.11546945571899414,Picard,0
Picard,3,211,0.23615620871084395,13.653993107521412,0.11600756645202637,Picard,0
Picard,3,212,0.15500771032922117,8.962178974677434,0.11653637886047363,Picard,0
Picard,3,213,0.1881110997409334,10.876138608982663,0.11707139015197754,Picard,0
Picard,3,214,0.2314641207347132,13.382707684894996,0.11762642860412598,Picard,0
Picard,3,215,0.11588368491287224,6.70012041483915,0.11818075180053711,Picard,0
Picard,3,216,0.24923303755523393,14.410064404076484,0.11871552467346191,Picard,0
Picard,3,217,0.1522643363278592,8.803563582304607,0.11926126480102539,Picard,0
Picard,3,218,0.1869389988281401,10.808370508063517,0.11983609199523926,Picard,0
Picard,3,219,0.2218035835227251,12.82415828563297,0.12037801742553711,Picard,0
Picard,3,220,0.12567826419348802,7.266419809289324,0.12092399597167969,Picard,0
Picard,3,221,0.26218607629530405,15.158978449757697,0.12147784233093262,Picard,0
Picard,3,222,0.1497107094390635,8.655918918930585,0.12203001976013184,Picard,0
Picard,3,223,0.18553313225826262,10.727086630074496,0.12258005142211914,Picard,0
Picard,3,224,0.2120384735758935,12.259562738320962,0.12311816215515137,Picard,0
Picard,3,225,0.1478284883046122,8.547093347344209,0.12366104125976562,Picard,0
Picard,3,226,0.2745982084795175,15.876618558472371,0.12419605255126953,Picard,0
Picard,3,227,0.14751973445517969,8.52924193045754,0.12473535537719727,Picard,0
Picard,3,228,0.18380141490230686,10.626962830783043,0.12530136108398438,Picard,0
Picard,3,229,0.2027969857400284,11.725241782276791,0.12584137916564941,Picard,0
Picard,3,230,0.17831038404015506,10.309484421240954,0.12639117240905762,Picard,0
Picard,3,231,0.28528900237849947,16.494734961202074,0.12696218490600586,Picard,0
Picard,3,232,0.14612262516451865,8.448464377628103,0.12746715545654297,Picard,0
Picard,3,233,0.18174437877444458,10.508029869989517,0.128021240234375,Picard,0
Picard,3,234,0.1953248767503799,11.293222123762412,0.12855148315429688,Picard,0
Picard,3,235,0.21198777046443668,12.25663120440898,0.12909364700317383,Picard,0
Picard,3,236,0.292182072061952,16.893275937369108,0.12963175773620605,Picard,0
Picard,3,237,0.14627713512026075,8.457397777610524,0.1301708221435547,Picard,0
Picard,3,238,0.1793864543353078,10.371700259111279,0.13071179389953613,Picard,0
Picard,3,239,0.1906923705229523,11.025381576841648,0.1312577724456787,Picard,0
Picard,3,240,0.2428983516539743,14.043807856741676,0.13179278373718262,Picard,0
Picard,3,241,0.29191261849517347,16.877696769818634,0.13233470916748047,Picard,0
Picard,3,242,0.14906418653538975,8.618538494681713,0.1328749656677246,Picard,0
Picard,3,243,0.17674421728858394,10.21893236610797,0.1334381103515625,Picard,0
Picard,3,244,0.18905848577445605,10.930914227385815,0.13397526741027832,Picard,0
Picard,3,245,0.26493666437238667,15.318010942916079,0.13451218605041504,Picard,0
Picard,3,246,0.2806486122664254,16.226438586728815,0.1350572109222412,Picard,0
Picard,3,247,0.15557944229717532,8.995235164020963,0.13559603691101074,Picard,0
Picard,3,248,0.17381366696044073,10.049494881486483,0.13613605499267578,Picard,0
Picard,3,249,0.18929515867135818,10.944598094181776,0.13668322563171387,Picard,0
Picard,3,250,0.27459540352085077,15.876456382400391,0.13724327087402344,Picard,0
Picard,3,251,0.2569835921871422,14.858183130665289,0.13779616355895996,Picard,0
Picard,3,252,0.16614050162517288,9.605850620882258,0.13833332061767578,Picard,0
Picard,3,253,0.170575063424719,9.86224648943221,0.13887834548950195,Picard,0
Picard,3,254,0.18985743960761617,10.977107847239159,0.13941645622253418,Picard,0
Picard,3,255,0.27356931287363373,15.817130249493388,0.13995623588562012,Picard,0
Picard,3,256,0.22467496217370891,12.990174603915,0.14049530029296875,Picard,0
Picard,3,257,0.17962160931191998,10.38529636334834,0.14103937149047852,Picard,0
Picard,3,258,0.16716685761866668,9.665192095483023,0.14158034324645996,Picard,0
Picard,3,259,0.19006464861299197,10.989088181555424,0.14212250709533691,Picard,0
Picard,3,260,0.2672266880301098,15.450414691304916,0.14266037940979004,Picard,0
Picard,3,261,0.19097389940977116,11.041658910819768,0.14321136474609375,Picard,0
Picard,3,262,0.19405608531650248,11.219863605739045,0.1437544822692871,Picard,0
Picard,3,263,0.1639105447529865,9.476919791880917,0.14430475234985352,Picard,0
Picard,3,264,0.19003993889967025,10.987659524408423,0.1448535919189453,Picard,0
Picard,3,265,0.2595912936688088,15.00895425902781,0.14540481567382812,Picard,0
Picard,3,266,0.16114576023894117,9.31706649433421,0.14603567123413086,Picard,0
Picard,3,267,0.2082180241529306,12.03867339404528,0.14655661582946777,Picard,0
Picard,3,268,0.16092599516853479,9.304360198052679,0.14709162712097168,Picard,0
Picard,3,269,0.1898019219591085,10.973897948188833,0.14763569831848145,Picard,0
Picard,3,270,0.2511697948009397,14.522043124552084,0.14821577072143555,Picard,0
Picard,3,271,0.1369666143787849,7.919085502335125,0.14880681037902832,Picard,0
Picard,3,272,0.2219624485241111,12.833343484048001,0.1493666172027588,Picard,0
Picard,3,273,0.1580467114528473,9.13788682763737,0.1499156951904297,Picard,0
Picard,3,274,0.18916132578645972,10.936860193501804,0.15045881271362305,Picard,0
Picard,3,275,0.24174272627560725,13.976992332232555,0.150986909866333,Picard,0
Picard,3,276,0.12058602781295505,6.971998752899481,0.15149879455566406,Picard,0
Picard,3,277,0.2353220830180563,13.605765933981061,0.1520400047302246,Picard,0
Picard,3,278,0.1551868612344055,8.972537056042079,0.15260887145996094,Picard,0
Picard,3,279,0.1881761853040641,10.879901702213354,0.1531529426574707,Picard,0
Picard,3,280,0.23205019661933718,13.416593205554495,0.15368866920471191,Picard,0
Picard,3,281,0.11573342062269501,6.691432489192025,0.15422654151916504,Picard,0
Picard,3,282,0.2483984642557281,14.36181135097498,0.15476751327514648,Picard,0
Picard,3,283,0.15243196959399993,8.813255741037047,0.15532732009887695,Picard,0
Picard,3,284,0.18701571834839922,10.812806249162803,0.1558692455291748,Picard,0
Picard,3,285,0.22242468981984054,12.86006918184081,0.15641021728515625,Picard,0
Picard,3,286,0.12465439172732144,7.207221926361178,0.15694546699523926,Picard,0
Picard,3,287,0.26136688799128044,15.11161492068531,0.15749669075012207,Picard,0
Picard,3,288,0.1498652991522147,8.664856930297647,0.15803194046020508,Picard,0
Picard,3,289,0.1856340532408281,10.732921642449888,0.15857291221618652,Picard,0
Picard,3,290,0.21266815627796984,12.295969501966983,0.15911316871643066,Picard,0
Picard,3,291,0.14611866466348233,8.448235390830984,0.1596510410308838,Picard,0
Picard,3,292,0.27385063935134674,15.83339588065602,0.16021084785461426,Picard,0
Picard,3,293,0.14764199631444505,8.536310821819045,0.16075778007507324,Picard,0
Picard,3,294,0.18392291133736163,10.633987467128122,0.16130590438842773,Picard,0
Picard,3,295,0.20334440295828485,11.75689215033535,0.16189098358154297,Picard,0
Picard,3,296,0.17621735808674996,10.188470613906977,0.16244125366210938,Picard,0
Picard,3,297,0.28469483615948865,16.460381676554668,0.1629793643951416,Picard,0
Picard,3,298,0.14617513809993862,8.45150055127856,0.1635143756866455,Picard,0
Picard,3,299,0.18188324686554347,10.516058894375833,0.16406536102294922,Picard,0
Picard,3,300,0.19571900379603918,11.316009616813288,0.16460919380187988,Picard,0
Picard,3,301,0.2098602027561728,12.133620274554538,0.16516733169555664,Picard,0
Picard,3,302,0.29190979811773504,16.877533702269762,0.16571831703186035,Picard,0
Picard,3,303,0.1462018263368445,8.453043601976885,0.1662893295288086,Picard,0
Picard,3,304,0.1795445110185519,10.380838722484286,0.16683626174926758,Picard,0
Picard,3,305,0.19089296212181842,11.036979308374077,0.16739821434020996,Picard,0
Picard,3,306,0.24113928658970263,13.942102877675655,0.16792631149291992,Picard,0
Picard,3,307,0.29222187821498985,16.89557743493372,0.16842913627624512,Picard,0
Picard,3,308,0.14878543047308795,8.602421478855089,0.16893625259399414,Picard,0
Picard,3,309,0.17692114150752833,10.229161705743829,0.169478178024292,Picard,0
Picard,3,310,0.18909111265468506,10.932800636386867,0.17002534866333008,Picard,0
Picard,3,311,0.263891978099228,15.257609654924977,0.17056727409362793,Picard,0
Picard,3,312,0.2817462281437051,16.289900139168594,0.17110610008239746,Picard,0
Picard,3,313,0.1550407579143943,8.96408970784273,0.1716461181640625,Picard,0
Picard,3,314,0.17400965641665192,10.060826528021895,0.17218708992004395,Picard,0
Picard,3,315,0.18925677135266425,10.94237863026116,0.17276716232299805,Picard,0
Picard,3,316,0.2743432189040716,15.861875664670704,0.1733100414276123,Picard,0
Picard,3,317,0.2588128803443956,14.963948242779667,0.17393803596496582,Picard,0
Picard,3,318,0.16536264621930558,9.560876862164083,0.17447423934936523,Picard,0
Picard,3,319,0.17078867256755456,9.874596864550027,0.17501115798950195,Picard,0
Picard,3,320,0.189830274399948,10.975537219220145,0.17556524276733398,Picard,0
Picard,3,321,0.27385224762128313,15.83348886701766,0.1761031150817871,Picard,0
Picard,3,322,0.22684722175387032,13.115769512036122,0.17664122581481934,Picard,0
Picard,3,323,0.17871582034658745,10.332925788985577,0.17718935012817383,Picard,0
Picard,3,324,0.1673822008051929,9.677642728903297,0.17772340774536133,Picard,0
Picard,3,325,0.19006067580438252,10.988858483163554,0.17826223373413086,Picard,0
Picard,3,326,0.267692435591073,15.47734311305572,0.17879533767700195,Picard,0
Picard,3,327,0.19303542993858966,11.160851727240267,0.17933416366577148,Picard,0
Picard,3,328,0.1931402212696213,11.166910514004522,0.1798853874206543,Picard,0
Picard,3,329,0.16410899637969426,9.488393795287543,0.18042540550231934,Picard,0
Picard,3,330,0.19004639129314072,10.988032586528846,0.18096661567687988,Picard,0
Picard,3,331,0.26009485234470253,15.038068829961258,0.18152165412902832,Picard,0
Picard,3,332,0.1628873480527602,9.41776098014019,0.18207669258117676,Picard,0
Picard,3,333,0.2073306843165579,11.987369504657824,0.18262958526611328,Picard,0
Picard,3,334,0.1611106915173455,9.315038903844123,0.18315362930297852,Picard,0
Picard,3,335,0.18982773147485998,10.975390193309565,0.18371057510375977,Picard,0
Picard,3,336,0.2517381347578643,14.554903195845313,0.18422365188598633,Picard,0
Picard,3,337,0.13830675677799037,7.996569364316723,0.18476366996765137,Picard,0
Picard,3,338,0.2210995605791669,12.783453345155836,0.18532752990722656,Picard,0
Picard,3,339,0.15822948908947426,9.148454598031115,0.1858813762664795,Picard,0
Picard,3,340,0.18921428712667365,10.939922292856268,0.18642234802246094,Picard,0
Picard,3,341,0.24235886024081524,14.012615739976876,0.18697118759155273,Picard,0
Picard,3,342,0.12132381976189065,7.01465613735083,0.18750929832458496,Picard,0
Picard,3,343,0.23448297860816208,13.55725090280009,0.18804621696472168,Picard,0
Picard,3,344,0.15536671172763206,8.9829355859317,0.18858599662780762,Picard,0
Picard,3,345,0.18824496643080552,10.883878464186209,0.18912887573242188,Picard,0
Picard,3,346,0.23266342811511828,13.452048799385452,0.18967485427856445,Picard,0
Picard,3,347,0.11563851833133455,6.685945463298456,0.1902179718017578,Picard,0
Picard,3,348,0.24757044732810093,14.31393737177939,0.19077396392822266,Picard,0
Picard,3,349,0.15260241078581493,8.823110247386822,0.19134211540222168,Picard,0
Picard,3,350,0.18709475667470535,10.81737605814011,0.1918783187866211,Picard,0
Picard,3,351,0.2230408911673499,12.895696485470333,0.19241833686828613,Picard,0
Picard,3,352,0.12368305302046265,7.151061421071402,0.19295549392700195,Picard,0
Picard,3,353,0.2605483451898222,15.064288713043627,0.1934976577758789,Picard,0
Picard,3,354,0.15002104396801474,8.673861726966237,0.1940455436706543,Picard,0
Picard,3,355,0.1857311456975048,10.738535298518864,0.19461846351623535,Picard,0
Picard,3,356,0.21328691607664535,12.331744729188179,0.1951735019683838,Picard,0
Picard,3,357,0.1444467502720841,8.35156925742236,0.19572854042053223,Picard,0
Picard,3,358,0.27308958837626324,15.78939371435691,0.19626259803771973,Picard,0
Picard,3,359,0.14776682844669772,8.543528320281947,0.19681477546691895,Picard,0
Picard,3,360,0.1840418778506116,10.640865829381683,0.1973733901977539,Picard,0
Picard,3,361,0.2039009223789642,11.789068786197005,0.19791650772094727,Picard,0
Picard,3,362,0.17413985060436024,10.068354047841565,0.1984233856201172,Picard,0
Picard,3,363,0.28408626215803734,16.425195368023576,0.19898629188537598,Picard,0
Picard,3,364,0.14623350312011174,8.454875078620079,0.19957542419433594,Picard,0
Picard,3,365,0.18202209673083508,10.524086864989103,0.20008420944213867,Picard,0
Picard,3,366,0.19612941169975162,11.339738430547012,0.2006242275238037,Picard,0
Picard,3,367,0.20772392112340277,12.010105526207264,0.2011730670928955,Picard,0
Picard,3,368,0.29161512610623486,16.86049646392669,0.20171284675598145,Picard,0
Picard,3,369,0.1461365724965407,8.449270779358283,0.20224976539611816,Picard,0
Picard,3,370,0.17970190099071479,10.389938638200398,0.20278668403625488,Picard,0
Picard,3,371,0.1911057338497998,11.049281266146826,0.20332670211791992,Picard,0
Picard,3,372,0.23934321248976842,13.838258123752091,0.20386290550231934,Picard,0
Picard,3,373,0.292485879336624,16.910841355009538,0.20440387725830078,Picard,0
Picard,3,374,0.14852188955792187,8.587184166828143,0.20494675636291504,Picard,0
Picard,3,375,0.17709632977645903,10.239290676858145,0.20550751686096191,Picard,0
Picard,3,376,0.18913023578347282,10.935062643105763,0.2060546875,Picard,0
Picard,3,377,0.2627941390461751,15.19413519899015,0.20659375190734863,Picard,0
Picard,3,378,0.2827882091300925,16.350145013880834,0.20713353157043457,Picard,0
Picard,3,379,0.15451939144065277,8.933945532181118,0.2076735496520996,Picard,0
Picard,3,380,0.17420404618878838,10.072065684609871,0.20821166038513184,Picard,0
Picard,3,381,0.18921971471377783,10.940236103097869,0.20879554748535156,Picard,0
Picard,3,382,0.2740469744188289,15.844747509617209,0.20933079719543457,Picard,0
Picard,3,383,0.26060517289072815,15.067574356223293,0.20990681648254395,Picard,0
Picard,3,384,0.16459733442439564,9.516628345346133,0.21044301986694336,Picard,0
Picard,3,385,0.17100178193090332,9.886918343600678,0.21098923683166504,Picard,0
Picard,3,386,0.1898021407087272,10.9739105957741,0.21155047416687012,Picard,0
Picard,3,387,0.2741140156750435,15.848623676393728,0.21209144592285156,Picard,0
Picard,3,388,0.2290147815797374,13.241092691486244,0.21262860298156738,Picard,0
Picard,3,389,0.17781389990191807,10.280778883332435,0.21317052841186523,Picard,0
Picard,3,390,0.16759835722231436,9.690140381392023,0.21371054649353027,Picard,0
Picard,3,391,0.19005581094140034,10.988577208298963,0.2142333984375,Picard,0
Picard,3,392,0.2681523975752029,15.503937026445998,0.21474123001098633,Picard,0
Picard,3,393,0.19511256031154994,11.280946489730924,0.21530842781066895,Picard,0
Picard,3,394,0.19222302305477626,11.113880283835732,0.21585559844970703,Picard,0
Picard,3,395,0.1643084739064697,9.499927113808218,0.2163996696472168,Picard,0
Picard,3,396,0.19005169535324945,10.988339254731905,0.21693634986877441,Picard,0
Picard,3,397,0.2605946978534663,15.066968714358719,0.21747541427612305,Picard,0
Picard,3,398,0.16465027699660317,9.519689359578882,0.21801352500915527,Picard,0
Picard,3,399,0.20644158797030954,11.935964058026261,0.21857118606567383,Picard,0
Picard,3,400,0.1612957124900068,9.325736378618362,0.21910905838012695,Picard,0
Picard,3,401,0.18985182659744523,10.976783316274656,0.21966099739074707,Picard,0
Picard,3,402,0.2523029083834454,14.587557070300234,0.22020506858825684,Picard,0
Picard,3,403,0.13967711652191184,8.075800321658347,0.22076988220214844,Picard,0
Picard,3,404,0.22023511872091947,12.733473362673921,0.22130393981933594,Picard,0
Picard,3,405,0.15841238688269527,9.159029315594768,0.2218620777130127,Picard,0
Picard,3,406,0.18926600378101546,10.942912427419243,0.2224140167236328,Picard,0
Picard,3,407,0.24297439982526045,14.048204782032139,0.22295522689819336,Picard,0
Picard,3,408,0.12210806489765745,7.059999335130052,0.22349023818969727,Picard,0
Picard,3,409,0.23364276120258343,13.508671520842627,0.22404122352600098,Picard,0
Picard,3,410,0.15554702708720428,8.993360993293292,0.22458624839782715,Picard,0
Picard,3,411,0.18831309574113775,10.887817539676854,0.2251293659210205,Picard,0
Picard,3,412,0.23327655568745487,13.487498384608788,0.22566628456115723,Picard,0
Picard,3,413,0.11560054263347921,6.683749798320598,0.22621631622314453,Picard,0
Picard,3,414,0.2467420844680894,14.26604339159201,0.22675228118896484,Picard,0
Picard,3,415,0.15277352390992338,8.83300360327163,0.22728896141052246,Picard,0
Picard,3,416,0.18717282712077177,10.821889906572515,0.22782468795776367,Picard,0
Picard,3,417,0.22365601490935108,12.931261484499602,0.22836971282958984,Picard,0
Picard,3,418,0.12276418896714046,7.097934876064185,0.22891545295715332,Picard,0
Picard,3,419,0.2597281474463258,15.016866820569835,0.22946619987487793,Picard,0
Picard,3,420,0.15017800459355235,8.682936818876554,0.23000741004943848,Picard,0
Picard,3,421,0.18582689290504223,10.744071175466233,0.23055648803710938,Picard,0
Picard,3,422,0.21390723123691424,12.367609883735833,0.2311244010925293,Picard,0
Picard,3,423,0.14281123203858553,8.25700746372945,0.23167133331298828,Picard,0
Picard,3,424,0.27232266474853506,15.745052005179922,0.2323002815246582,Picard,0
Picard,3,425,0.14789448047235143,8.550908858307823,0.23283934593200684,Picard,0
Picard,3,426,0.18415955826199087,10.64766983226873,0.23337554931640625,Picard,0
Picard,3,427,0.2044641039368156,11.821630611063535,0.23392271995544434,Picard,0
Picard,3,428,0.17207831751353883,9.94916108329212,0.2344658374786377,Picard,0
Picard,3,429,0.28346423718618113,16.38923135621633,0.2350161075592041,Picard,0
Picard,3,430,0.14629755972340203,8.458578679827903,0.23555231094360352,Picard,0
Picard,3,431,0.18215972173803197,10.532044017206047,0.23610734939575195,Picard,0
Picard,3,432,0.19655107613236342,11.364118070142334,0.23664116859436035,Picard,0
Picard,3,433,0.20557990152514832,11.886143387008113,0.2371830940246582,Picard,0
Picard,3,434,0.29129374916435075,16.8419152097079,0.23771905899047852,Picard,0
Picard,3,435,0.14608131142583472,8.446075715029242,0.23827123641967773,Picard,0
Picard,3,436,0.17985811320080744,10.398970458500864,0.23883533477783203,Picard,0
Picard,3,437,0.1913313060368272,11.062323316168435,0.23938226699829102,Picard,0
Picard,3,438,0.23751342362620298,13.732464061983709,0.23993611335754395,Picard,0
Picard,3,439,0.2927064479596156,16.92359411079988,0.24049019813537598,Picard,0
Picard,3,440,0.14827317909010115,8.57280431616942,0.24098849296569824,Picard,0
Picard,3,441,0.1772703853609438,10.249354158838374,0.24150443077087402,Picard,0
Picard,3,442,0.18917800104437485,10.937824317451296,0.24204134941101074,Picard,0
Picard,3,443,0.2616451191750483,15.127701589277265,0.24257755279541016,Picard,0
Picard,3,444,0.28377789555584215,16.40736634085572,0.2431647777557373,Picard,0
Picard,3,445,0.1540150563714934,8.904786072026441,0.24370193481445312,Picard,0
Picard,3,446,0.17439715246932908,10.083230632751253,0.2442622184753418,Picard,0
Picard,3,447,0.18918434025403918,10.938190835551907,0.24480628967285156,Picard,0
Picard,3,448,0.27370381906850605,15.824907079362612,0.24534320831298828,Picard,0
Picard,3,449,0.262357782414106,15.168906091192321,0.24592924118041992,Picard,0
Picard,3,450,0.16384513449461488,9.473137925539808,0.24643230438232422,Picard,0
Picard,3,451,0.1712139705693853,9.899186588518495,0.24695754051208496,Picard,0
Picard,3,452,0.18977229597961082,10.972185044166224,0.24749374389648438,Picard,0
Picard,3,453,0.2743516907658105,15.862365487667196,0.2480628490447998,Picard,0
Picard,3,454,0.23117354874632778,13.365907500185429,0.24862074851989746,Picard,0
Picard,3,455,0.17691656274534975,10.228896972550624,0.2491617202758789,Picard,0
Picard,3,456,0.16781502766252313,9.702667753479185,0.24970769882202148,Picard,0
Picard,3,457,0.19004994534009534,10.988238073112862,0.2502448558807373,Picard,0
Picard,3,458,0.26860745856849766,15.530247576144717,0.25079774856567383,Picard,0
Picard,3,459,0.19720524311745077,11.401940457088289,0.25133776664733887,Picard,0
Picard,3,460,0.19130456350410868,11.06077712621472,0.2518746852874756,Picard,0
Picard,3,461,0.1645092151365261,9.511533496661958,0.2524147033691406,Picard,0
Picard,3,462,0.19005634821983286,10.988608272466424,0.2529475688934326,Picard,0
Picard,3,463,0.2610919602540767,15.09571924955586,0.2534925937652588,Picard,0
Picard,3,464,0.166435346802629,9.622897871271093,0.2540297508239746,Picard,0
Picard,3,465,0.20555074926351505,11.884457872231339,0.2545785903930664,Picard,0
Picard,3,466,0.16148123371541287,9.336462776822422,0.2551565170288086,Picard,0
Picard,3,467,0.18987425392166155,10.978080011085016,0.25570154190063477,Picard,0
Picard,3,468,0.25286291249251547,14.619935182597882,0.2562375068664551,Picard,0
Picard,3,469,0.14107655479934533,8.156712530991259,0.2567775249481201,Picard,0
Picard,3,470,0.21936912061449454,12.683403401605352,0.25733256340026855,Picard,0
Picard,3,471,0.1585952709186606,9.169603237746458,0.2578763961791992,Picard,0
Picard,3,472,0.18931615541700633,10.94581207632489,0.25841331481933594,Picard,0
Picard,3,473,0.24358857369108033,14.083714861468554,0.25896739959716797,Picard,0
Picard,3,474,0.1229374727157692,7.107953732321821,0.2595393657684326,Picard,0
Picard,3,475,0.23280119561060683,13.460014189938212,0.26007533073425293,Picard,0
Picard,3,476,0.1557277255178778,9.003808548919396,0.26062440872192383,Picard,0
Picard,3,477,0.18838056696801556,10.891718566339565,0.2611663341522217,Picard,0
Picard,3,478,0.2338903493269561,13.52298648025929,0.2617044448852539,Picard,0
Picard,3,479,0.11561917472558264,6.684827061791872,0.2622416019439697,Picard,0
Picard,3,480,0.24591344889662534,14.218133643873834,0.26278042793273926,Picard,0
Picard,3,481,0.15294535021170802,8.842938193401888,0.2633073329925537,Picard,0
Picard,3,482,0.1872501041689122,10.82635788261447,0.2638077735900879,Picard,0
Picard,3,483,0.22427031834690947,12.966779055467295,0.2643775939941406,Picard,0
Picard,3,484,0.12189846241643539,7.047880615704684,0.2649214267730713,Picard,0
Picard,3,485,0.2589066608996151,14.969370412544235,0.26549744606018066,Picard,0
Picard,3,486,0.1503361373490083,8.69207968056482,0.26604151725769043,Picard,0
Picard,3,487,0.18592128564091492,10.7495287400674,0.26657748222351074,Picard,0
Picard,3,488,0.21452846562587083,12.40352818591079,0.2671213150024414,Picard,0
Picard,3,489,0.1412133809754107,8.164623496682669,0.26766228675842285,Picard,0
Picard,3,490,0.2715500821153695,15.70038310570098,0.26819443702697754,Picard,0
Picard,3,491,0.1480248034745264,8.558443825875104,0.2687523365020752,Picard,0
Picard,3,492,0.18427588256438004,10.654395428143298,0.26929736137390137,Picard,0
Picard,3,493,0.2050335132135628,11.854552507898289,0.2698373794555664,Picard,0
Picard,3,494,0.1700341716998914,9.830973409960672,0.2703986167907715,Picard,0
Picard,3,495,0.2828292664743401,16.35251885236016,0.27095842361450195,Picard,0
Picard,3,496,0.1463670816236398,8.462598271571226,0.271484375,Picard,0
Picard,3,497,0.18229613433744143,10.539931070873973,0.2719864845275879,Picard,0
Picard,3,498,0.19698389738672786,11.389142770768,0.2725026607513428,Picard,0
Picard,3,499,0.20342981045211364,11.76183020950574,0.2730536460876465,Picard,0
Picard,3,500,0.29094681083446805,16.82185605652784,0.2735915184020996,Picard,0
GlobalAndersonSolver,5,0,1.0,57.81763343025095,0.0,initial,0
GlobalAndersonSolver,5,1,0.26526225887283933,15.336836046390157,0.0005950927734375,AA,0
GlobalAndersonSolver,5,2,0.27808449168729354,16.078187203013606,0.0012302398681640625,AA,1
GlobalAndersonSolver,5,3,0.3515596443447439,20.326346645593798,0.0021762847900390625,AA,2
GlobalAndersonSolver,5,4,0.30973481913474366,17.908134233317686,0.0031943321228027344,AA,3
GlobalAndersonSolver,5,5,0.30579121724192826,17.68012450468404,0.004336357116699219,AA,4
GlobalAndersonSolver,5,6,0.2941751188048569,17.00850918335974,0.0054972171783447266,AA,5
GlobalAndersonSolver,5,7,0.3598779072729447,20.80728892235296,0.007246971130371094,KM,5
GlobalAndersonSolver,5,8,0.1420734314311166,8.214349578662192,0.00813913345336914,AA,0
GlobalAndersonSolver,5,9,0.16576041648356601,9.583874997492547,0.009347200393676758,AA,1
GlobalAndersonSolver,5,10,0.17163475511701823,9.923515355246648,0.010422468185424805,AA,2
GlobalAndersonSolver,5,11,0.09584300343666165,5.5414156395551855,0.011454582214355469,AA,3
GlobalAndersonSolver,5,12,0.0939814444059249,5.433784701907275,0.012563467025756836,AA,4
GlobalAndersonSolver,5,13,0.1910645735641244,11.04690147583776,0.013794422149658203,AA,5
GlobalAndersonSolver,5,14,0.09306461338421375,5.380775701976497,0.014923334121704102,AA,5
GlobalAndersonSolver,5,15,0.1494632382244322,8.641610718958493,0.01679825782775879,KM,5
GlobalAndersonSolver,5,16,0.1559971228620441,9.019384465811486,0.017941951751708984,KM,0
GlobalAndersonSolver,5,17,0.1373125688450319,7.939087770848151,0.019048213958740234,KM,0
GlobalAndersonSolver,5,18,0.11870729737887319,6.863375005347479,0.019600391387939453,AA,0
GlobalAndersonSolver,5,19,0.20124574106942572,11.635552486551255,0.020817279815673828,KM,1
GlobalAndersonSolver,5,20,0.07504574884553178,4.338967597249635,0.021418094635009766,AA,0
GlobalAndersonSolver,5,21,0.08249513259801082,4.769673336331735,0.022129058837890625,AA,1
GlobalAndersonSolver,5,22,0.0809311617490517,4.679248243091019,0.02299213409423828,AA,2
GlobalAndersonSolver,5,23,0.09973183442320742,5.76625864400749,0.02415013313293457,AA,3
GlobalAndersonSolver,5,24,0.08671237635193633,5.0135043897822165,0.025294780731201172,AA,4
GlobalAndersonSolver,5,25,0.07640541451165207,4.417580248321076,0.026535749435424805,AA,5
GlobalAndersonSolver,5,26,0.0653094704891565,3.776039024265843,0.027844667434692383,AA,5
GlobalAndersonSolver,5,27,0.037189981160228106,2.1502366980000076,0.029053688049316406,AA,5
GlobalAndersonSolver,5,28,0.04610177012778437,2.66549524573393,0.030263900756835938,AA,5
GlobalAndersonSolver,5,29,0.032959564302117515,1.9056440068406155,0.031398773193359375,AA,5
GlobalAndersonSolver,5,30,0.01221893615933276,0.7064699717679399,0.03264594078063965,AA,5
GlobalAndersonSolver,5,31,0.009058755329047465,0.5237557949491987,0.033757925033569336,AA,5
GlobalAndersonSolver,5,32,0.008156541347816675,0.47159191770674946,0.03487682342529297,AA,5
GlobalAndersonSolver,5,33,0.0065425391355935425,0.37827412944481836,0.03607368469238281,AA,5
GlobalAndersonSolver,5,34,0.007013072315131342,0.4054792443361053,0.03726673126220703,AA,5
GlobalAndersonSolver,5,35,0.006317140966307761,0.3652421407172034,0.03846168518066406,AA,5
GlobalAndersonSolver,5,36,0.007603096166281931,0.439593027077035,0.03960752487182617,AA,5
GlobalAndersonSolver,5,37,0.007699222329898739,0.44515081436808795,0.04069852828979492,AA,5
GlobalAndersonSolver,5,38,0.0037499093328444318,0.21681088320307626,0.04187750816345215,AA,5
GlobalAndersonSolver,5,39,0.003217041882313851,0.18600174828138674,0.043042659759521484,AA,5
GlobalAndersonSolver,5,40,0.003443171492276824,0.19907602717795156,0.04422187805175781,AA,5
GlobalAndersonSolver,5,41,0.00586035211293,0.33883169023758336,0.045395851135253906,AA,5
GlobalAndersonSolver,5,42,0.005789024252667882,0.334707682159584,0.04652070999145508,AA,5
GlobalAndersonSolver,5,43,0.005339222576807616,0.3087012137483826,0.04773879051208496,AA,5
GlobalAndersonSolver,5,44,0.008188317136803003,0.47342911862631804,0.04950070381164551,KM,5
GlobalAndersonSolver,5,45,0.009344094008662584,0.5402534021306574,0.050656795501708984,KM,0
GlobalAndersonSolver,5,46,0.009761240852414858,0.5643718454293126,0.051816701889038086,KM,0
GlobalAndersonSolver,5,47,0.009706167650456973,0.5611876432266814,0.052916526794433594,KM,0
GlobalAndersonSolver,5,48,0.008594666589082431,0.4969232823027933,0.05408978462219238,KM,0
GlobalAndersonSolver,5,49,0.007902950933532629,0.45692992009224903,0.0552825927734375,KM,0
GlobalAndersonSolver,5,50,0.007956546982643583,0.46002871681305596,0.05643653869628906,KM,0
GlobalAndersonSolver,5,51,0.0073341966398098295,0.424045892825903,0.05757546424865723,KM,0
GlobalAndersonSolver,5,52,0.0058395319093246184,0.33762791533758424,0.058150529861450195,AA,0
GlobalAndersonSolver,5,53,0.005617731978556656,0.3248039682455871,0.05885052680969238,AA,1
GlobalAndersonSolver,5,54,0.001955046882245905,0.11303618397664873,0.059725284576416016,AA,2
GlobalAndersonSolver,5,55,0.0016703494670169453,0.0965756531844008,0.06071615219116211,AA,3
GlobalAndersonSolver,5,56,0.0010555742119391365,0.06103080284432302,0.06178903579711914,AA,4
GlobalAndersonSolver,5,57,0.0006795783561853327,0.03929161228505608,0.06291627883911133,AA,5
GlobalAndersonSolver,5,58,0.0005599256847871695,0.03237357799120681,0.06406927108764648,AA,5
GlobalAndersonSolver,5,59,0.0006002022249848055,0.03470227222819249,0.06523919105529785,AA,5
GlobalAndersonSolver,5,60,0.00016077737211047375,0.009295767164562424,0.06643843650817871,AA,5
GlobalAndersonSolver,5,61,6.849023331264208e-05,0.003959943203222702,0.06761527061462402,AA,5
GlobalAndersonSolver,5,62,2.9271122827733405e-05,0.0016923870497457406,0.06882929801940918,AA,5
GlobalAndersonSolver,5,63,1.1518670890060644e-05,0.0006659822911252287,0.06996345520019531,AA,5
GlobalAndersonSolver,5,64,4.394423674039177e-06,0.00025407517712281374,0.07121968269348145,AA,5
GlobalAndersonSolver,5,65,1.01337095743791e-06,5.859071054600752e-05,0.07243156433105469,AA,5
GlobalAndersonSolver,5,66,3.903844301558061e-07,2.2571103879625802e-05,0.07361459732055664,AA,5
GlobalAndersonSolver,5,67,1.5930443987779974e-07,9.210605708666077e-06,0.0748143196105957,AA,5
GlobalAndersonSolver,5,68,8.921567991082153e-08,5.158239477314483e-06,0.07600927352905273,AA,5
GlobalAndersonSolver,5,69,1.522986957924725e-07,8.805550165234477e-06,0.07721328735351562,AA,5
GlobalAndersonSolver,5,70,1.3474723338568563e-07,7.790766145634044e-06,0.07836127281188965,AA,5
GlobalAndersonSolver,5,71,2.5367546949223045e-08,1.4666915305348588e-06,0.07953834533691406,AA,5
GlobalAndersonSolver,5,72,2.449195003430977e-08,1.4160665890757446e-06,0.08074951171875,AA,5
GlobalAndersonSolver,5,73,5.1458671629028984e-09,2.9752186130548525e-07,0.08193516731262207,AA,5
GlobalAndersonSolver,5,74,6.263630101661954e-09,3.6214826916057634e-07,0.08331489562988281,AA,5
GlobalAndersonSolver,5,75,2.8666130480740465e-09,1.6574078239991957e-07,0.0844419002532959,AA,5
GlobalAndersonSolver,5,76,1.482426770361823e-09,8.571040759597069e-08,0.08557009696960449,AA,5
GlobalAndersonSolver,5,77,1.3680703016135737e-09,7.909858720550646e-08,0.08673906326293945,AA,5
GlobalAndersonSolver,5,78,1.3885601434914227e-09,8.028326137224374e-08,0.08794021606445312,AA,5
GlobalAndersonSolver,5,79,1.3405210127596457e-09,7.750575252128596e-08,0.08911824226379395,AA,5
GlobalAndersonSolver,5,80,9.361367480332276e-10,5.4125211338372346e-08,0.09026718139648438,AA,5
GlobalAndersonSolver,5,81,6.53667120738452e-10,3.7793485972263406e-08,0.09145236015319824,AA,5
GlobalAndersonSolver,5,82,7.430395761958992e-10,4.2960789840663517e-08,0.09263348579406738,AA,5
GlobalAndersonSolver,5,83,5.3873252498313e-10,3.1148239646428125e-08,0.09388065338134766,AA,5
GlobalAndersonSolver,5,84,5.652115467214056e-10,3.267919401888339e-08,0.09499788284301758,AA,5
GlobalAndersonSolver,5,85,5.375627868541746e-10,3.108060815607879e-08,0.09621381759643555,AA,5
GlobalAndersonSolver,5,86,3.867890372663168e-10,2.2363226771503578e-08,0.09747576713562012,AA,5
GlobalAndersonSolver,5,87,3.145677437633021e-10,1.818756249788771e-08,0.09877681732177734,AA,5
GlobalAndersonSolver,5,88,2.6959850477895846e-10,1.558754752265358e-08,0.09995079040527344,AA,5
GlobalAndersonSolver,5,89,2.195675201285937e-11,1.2694874391984278e-09,0.10111498832702637,AA,5
GlobalAndersonSolver eta=1e-10,5,0,1.0,57.81763343025095,0.0,initial,0
GlobalAndersonSolver eta=1e-10,5,1,0.26526225887283933,15.336836046390157,0.0010280609130859375,AA,0
GlobalAndersonSolver eta=1e-10,5,2,0.27808449168729354,16.078187203013606,0.0017940998077392578,AA,1
GlobalAndersonSolver eta=1e-10,5,3,0.35155964442309856,20.32634665012408,0.002630949020385742,AA,2
GlobalAndersonSolver eta=1e-10,5,4,0.3097348198791741,17.908134276358894,0.003409862518310547,AA,3
GlobalAndersonSolver eta=1e-10,5,5,0.3057912180765437,17.68012455293953,0.0043489933013916016,AA,4
GlobalAndersonSolver eta=1e-10,5,6,0.29417511715512396,17.008509087976083,0.005200862884521484,AA,5
GlobalAndersonSolver eta=1e-10,5,7,0.3598779063434032,20.80728886860907,0.006562948226928711,KM,5
GlobalAndersonSolver eta=1e-10,5,8,0.14207343139953774,8.214349576836378,0.0071370601654052734,AA,0
GlobalAndersonSolver eta=1e-10,5,9,0.16576041578510348,9.583874957109096,0.00776219367980957,AA,1
GlobalAndersonSolver eta=1e-10,5,10,0.17163475500876393,9.92351534898764,0.00846409797668457,AA,2
GlobalAndersonSolver eta=1e-10,5,11,0.0958430029515325,5.541415611506166,0.009208202362060547,AA,3
GlobalAndersonSolver eta=1e-10,5,12,0.09398144634582332,5.433784814067611,0.009941577911376953,AA,4
GlobalAndersonSolver eta=1e-10,5,13,0.1910645586944848,11.046900616110388,0.01065373420715332,AA,5
GlobalAndersonSolver eta=1e-10,5,14,0.0930646150621591,5.380775798991326,0.011360883712768555,AA,5
GlobalAndersonSolver eta=1e-10,5,15,0.14946323384758614,8.641610465899612,0.012623786926269531,KM,5
GlobalAndersonSolver eta=1e-10,5,16,0.1559971179933674,9.019384184316122,0.013828754425048828,KM,0
GlobalAndersonSolver eta=1e-10,5,17,0.13731256858646468,7.939087755898406,0.015027999877929688,KM,0
GlobalAndersonSolver eta=1e-10,5,18,0.11870729562614546,6.86337490400891,0.015595674514770508,AA,0
GlobalAndersonSolver eta=1e-10,5,19,0.2012457328987959,11.635552014144777,0.016812801361083984,KM,1
GlobalAndersonSolver eta=1e-10,5,20,0.07504574702810558,4.338967492170354,0.017438650131225586,AA,0
GlobalAndersonSolver eta=1e-10,5,21,0.08249513116804556,4.7696732536545285,0.01809072494506836,AA,1
GlobalAndersonSolver eta=1e-10,5,22,0.08093115957121091,4.679248117173418,0.01881575584411621,AA,2
GlobalAndersonSolver eta=1e-10,5,23,0.0997318367588307,5.766258779047701,0.019646883010864258,AA,3
GlobalAndersonSolver eta=1e-10,5,24,0.08671236698925987,5.0135038484544205,0.020459890365600586,AA,4
GlobalAndersonSolver eta=1e-10,5,25,0.0764054121976824,4.417580114532826,0.021165132522583008,AA,5
GlobalAndersonSolver eta=1e-10,5,26,0.06530945606971679,3.7760381905679634,0.02187037467956543,AA,5
GlobalAndersonSolver eta=1e-10,5,27,0.03718997928108491,2.150236589352395,0.022565126419067383,AA,5
GlobalAndersonSolver eta=1e-10,5,28,0.046101761845591296,2.665494766877127,0.02325916290283203,AA,5
GlobalAndersonSolver eta=1e-10,5,29,0.032959563418119675,1.9056439557299525,0.02397608757019043,AA,5
GlobalAndersonSolver eta=1e-10,5,30,0.012218928794022059,0.7064695459231057,0.02470111846923828,AA,5
GlobalAndersonSolver eta=1e-10,5,31,0.009058754579050522,0.5237557515861503,0.0254518985748291,AA,5
GlobalAndersonSolver eta=1e-10,5,32,0.008156544569175759,0.4715921039581082,0.02622199058532715,AA,5
GlobalAndersonSolver eta=1e-10,5,33,0.006542540679942294,0.37827421873540834,0.02697587013244629,AA,5
GlobalAndersonSolver eta=1e-10,5,34,0.007013066166994667,0.4054788888653928,0.02774190902709961,AA,5
GlobalAndersonSolver eta=1e-10,5,35,0.0063171741538005505,0.36524405953949596,0.028429746627807617,AA,5
GlobalAndersonSolver eta=1e-10,5,36,0.007603087993001657,0.4395925545173122,0.02911686897277832,AA,5
GlobalAndersonSolver eta=1e-10,5,37,0.007699243472727854,0.4451520367964314,0.02985072135925293,AA,5
GlobalAndersonSolver eta=1e-10,5,38,0.0037499475752031278,0.21681309428575285,0.0305478572845459,AA,5
GlobalAndersonSolver eta=1e-10,5,39,0.003217074521714113,0.1860036354142665,0.03125,AA,5
GlobalAndersonSolver eta=1e-10,5,40,0.003443212927912398,0.19907842288834013,0.03198671340942383,AA,5
GlobalAndersonSolver eta=1e-10,5,41,0.005860412717049568,0.3388351942243529,0.03273177146911621,AA,5
GlobalAndersonSolver eta=1e-10,5,42,0.005789102972273883,0.33471223354090757,0.033472537994384766,AA,5
GlobalAndersonSolver eta=1e-10,5,43,0.005339262157622473,0.30870350221742693,0.034174442291259766,AA,5
GlobalAndersonSolver eta=1e-10,5,44,0.008188394795818624,0.47343360868681583,0.035428524017333984,KM,5
GlobalAndersonSolver eta=1e-10,5,45,0.009344177237573609,0.5402582142293259,0.0365903377532959,KM,0
GlobalAndersonSolver eta=1e-10,5,46,0.009761311640090942,0.5643759382052198,0.037752389907836914,KM,0
GlobalAndersonSolver eta=1e-10,5,47,0.009706239751411347,0.5611918119332313,0.0389103889465332,KM,0
GlobalAndersonSolver eta=1e-10,5,48,0.008594743596543277,0.49692773469193585,0.040096282958984375,KM,0
GlobalAndersonSolver eta=1e-10,5,49,0.007903015869540241,0.4569336745385337,0.041207075119018555,KM,0
GlobalAndersonSolver eta=1e-10,5,50,0.007956602343809729,0.4600319176646665,0.04231905937194824,KM,0
GlobalAndersonSolver eta=1e-10,5,51,0.0073342538019578775,0.4240491978060249,0.04347681999206543,KM,0
GlobalAndersonSolver eta=1e-10,5,52,0.0058395759702701945,0.3376304628371841,0.044081687927246094,AA,0
GlobalAndersonSolver eta=1e-10,5,53,0.005617737018758251,0.3248042596581154,0.044753313064575195,AA,1
GlobalAndersonSolver eta=1e-10,5,54,0.0019550911811037322,0.11303874523177197,0.04546618461608887,AA,2
GlobalAndersonSolver eta=1e-10,5,55,0.001670376577810359,0.09657722066631638,0.046175241470336914,AA,3
GlobalAndersonSolver eta=1e-10,5,56,0.0010556064524996477,0.06103266691723224,0.0469510555267334,AA,4
GlobalAndersonSolver eta=1e-10,5,57,0.0006795879585062022,0.039292167468524195,0.04769086837768555,AA,5
GlobalAndersonSolver eta=1e-10,5,58,0.0005599711728956134,0.03237620800598626,0.048416852951049805,AA,5
GlobalAndersonSolver eta=1e-10,5,59,0.0006002152277733234,0.03470302401865259,0.049106597900390625,AA,5
GlobalAndersonSolver eta=1e-10,5,60,0.00016078187826981818,0.009296027700031578,0.04982471466064453,AA,5
GlobalAndersonSolver eta=1e-10,5,61,6.848996060681558e-05,0.003959927436017191,0.05050969123840332,AA,5
GlobalAndersonSolver eta=1e-10,5,62,2.927227054773088e-05,0.0016924534081998353,0.051262855529785156,AA,5
GlobalAndersonSolver eta=1e-10,5,63,1.1519703263409912e-05,0.0006660419805090999,0.05199170112609863,AA,5
GlobalAndersonSolver eta=1e-10,5,64,4.394621842847479e-06,0.00025408663477432945,0.05272984504699707,AA,5
GlobalAndersonSolver eta=1e-10,5,65,1.0135133198454226e-06,5.859894160349933e-05,0.05342984199523926,AA,5
GlobalAndersonSolver eta=1e-10,5,66,3.90424710637081e-07,2.2573432801726548e-05,0.05413174629211426,AA,5
GlobalAndersonSolver eta=1e-10,5,67,1.5929518508724943e-07,9.210070618578566e-06,0.054863691329956055,AA,5
GlobalAndersonSolver eta=1e-10,5,68,8.921538405548874e-08,5.158222371659303e-06,0.05559253692626953,AA,5
GlobalAndersonSolver eta=1e-10,5,69,1.5229840904692306e-07,8.805533586285412e-06,0.05629253387451172,AA,5
GlobalAndersonSolver eta=1e-10,5,70,1.3472592859102e-07,7.78953435282576e-06,0.05697751045227051,AA,5
GlobalAndersonSolver eta=1e-10,5,71,2.536824424181567e-08,1.4667318463423728e-06,0.05765938758850098,AA,5
GlobalAndersonSolver eta=1e-10,5,72,2.4492199016089397e-08,1.4160809846130097e-06,0.058414459228515625,AA,5
GlobalAndersonSolver eta=1e-10,5,73,5.151649448466438e-09,2.97856179372587e-07,0.05915260314941406,AA,5
GlobalAndersonSolver eta=1e-10,5,74,6.261973212246762e-09,3.620524717357343e-07,0.05990242958068848,AA,5
GlobalAndersonSolver eta=1e-10,5,75,2.868700356963272e-09,1.658614656601325e-07,0.06060957908630371,AA,5
GlobalAndersonSolver eta=1e-10,5,76,1.4820763855720258e-09,8.569014917663466e-08,0.06129169464111328,AA,5
GlobalAndersonSolver eta=1e-10,5,77,1.366768827766073e-09,7.90233390676726e-08,0.061995744705200195,AA,5
GlobalAndersonSolver eta=1e-10,5,78,1.3879957449747085e-09,8.025062918569577e-08,0.06268668174743652,AA,5
GlobalAndersonSolver eta=1e-10,5,79,1.344261592078458e-09,7.772202396515782e-08,0.06341886520385742,AA,5
GlobalAndersonSolver eta=1e-10,5,80,8.642519165073699e-10,4.9969000500014966e-08,0.06415581703186035,AA,5
GlobalAndersonSolver eta=1e-10,5,81,5.681201744791391e-10,3.2847363992365076e-08,0.06489086151123047,AA,5
GlobalAndersonSolver eta=1e-10,5,82,5.23824713512563e-10,3.028630526757559e-08,0.06565690040588379,AA,5
GlobalAndersonSolver eta=1e-10,5,83,4.369552984058767e-10,2.5263721268636897e-08,0.06635093688964844,AA,5
GlobalAndersonSolver eta=1e-10,5,84,5.144741352677135e-10,2.9745676962254002e-08,0.06704115867614746,AA,5
GlobalAndersonSolver eta=1e-10,5,85,3.9998130905405563e-10,2.3125972705839304e-08,0.06778430938720703,AA,5
GlobalAndersonSolver eta=1e-10,5,86,3.919313405847285e-10,2.266054257975467e-08,0.06851434707641602,AA,5
GlobalAndersonSolver eta=1e-10,5,87,5.010802266018505e-10,2.8971272860812872e-08,0.06924319267272949,AA,5
GlobalAndersonSolver eta=1e-10,5,88,3.847423439905502e-10,2.2244891809941146e-08,0.0699763298034668,AA,5
GlobalAndersonSolver eta=1e-10,5,89,4.5308584874877776e-10,2.619635151539096e-08,0.07068133354187012,AA,5
GlobalAndersonSolver eta=1e-10,5,90,3.4475853878273695e-10,1.993312281728924e-08,0.07136416435241699,AA,5
GlobalAndersonSolver eta=1e-10,5,91,1.2469848789775774e-10,7.209771462579141e-09,0.07209110260009766,AA,5
GlobalAndersonSolver eta=1e-10,5,92,6.890238780647533e-11,3.983773000663783e-09,0.0728299617767334,AA,5
AA_pure,5,0,1.0,57.81763343025095,0.0,initial,0
AA_pure,5,1,0.26526225887283933,15.336836046390157,0.0006618499755859375,AA,1
AA_pure,5,2,0.27808449168729354,16.078187203013606,0.0013577938079833984,AA,2
AA_pure,5,3,0.3515596443447438,20.326346645593794,0.002384662628173828,AA,3
AA_pure,5,4,0.3097348191347437,17.90813423331769,0.0034935474395751953,AA,4
AA_pure,5,5,0.3057912172419734,17.680124504686653,0.0050106048583984375,AA,5
AA_pure,5,6,0.2941751188048448,17.008509183359042,0.006258487701416016,AA,5
AA_pure,5,7,0.5364745338768805,31.01768794435822,0.0074923038482666016,AA,5
AA_pure,5,8,0.21206364536417346,12.261018111548518,0.00875711441040039,AA,5
AA_pure,5,9,0.569752511489874,32.94174185528638,0.009934186935424805,AA,5
AA_pure,5,10,0.2261906667977722,13.077809058257627,0.01114034652709961,AA,5
AA_pure,5,11,0.2192174805086171,12.674635929550407,0.012250423431396484,AA,5
AA_pure,5,12,0.1828001831784486,10.569073981994267,0.01355743408203125,AA,5
AA_pure,5,13,0.2591719686472173,14.984709878641304,0.01480555534362793,AA,5
AA_pure,5,14,0.10484905976347732,6.062124502911206,0.016080617904663086,AA,5
AA_pure,5,15,0.18879805514792636,10.91585674488711,0.01731562614440918,AA,5
AA_pure,5,16,0.08579144842058702,4.960258516231782,0.018601655960083008,AA,5
AA_pure,5,17,0.1547008559672824,8.944437381662384,0.019924640655517578,AA,5
AA_pure,5,18,0.1716317827754852,9.923343501493461,0.02109694480895996,AA,5
AA_pure,5,19,0.13692408450027932,7.916626525409855,0.022211790084838867,AA,5
AA_pure,5,20,0.09787502754494311,5.658902464569235,0.023427724838256836,AA,5
AA_pure,5,21,0.153555151883264,8.878195482913066,0.02463388442993164,AA,5
AA_pure,5,22,0.10000147942638493,5.781848879957506,0.02581167221069336,AA,5
AA_pure,5,23,0.1957492775477043,11.31775997348962,0.027092933654785156,AA,5
AA_pure,5,24,0.15013409190140484,8.680397890939032,0.028204917907714844,AA,5
AA_pure,5,25,0.18106071515967057,10.468502057720913,0.029417753219604492,AA,5
AA_pure,5,26,0.13615980687217577,7.872437801669222,0.03059864044189453,AA,5
AA_pure,5,27,0.0657865441550725,3.8036222946010003,0.03177356719970703,AA,5
AA_pure,5,28,0.06697770512627975,3.8724924029906824,0.032961368560791016,AA,5
AA_pure,5,29,0.061874336069510746,3.577427681607127,0.03418421745300293,AA,5
AA_pure,5,30,0.0713946030535591,4.127866988248956,0.03538227081298828,AA,5
AA_pure,5,31,0.08704885692996762,5.032958900499228,0.03654742240905762,AA,5
AA_pure,5,32,0.13938807493920585,8.059088621383353,0.03771352767944336,AA,5
AA_pure,5,33,0.06840924075548213,3.955260405242249,0.03887462615966797,AA,5
AA_pure,5,34,0.07431964062321707,4.296985738221152,0.04000067710876465,AA,5
AA_pure,5,35,0.03488132980903581,2.016755940458518,0.04114556312561035,AA,5
AA_pure,5,36,0.023386112463102623,1.3521296777502907,0.04228854179382324,AA,5
AA_pure,5,37,0.039847614260820424,2.3038947544021555,0.04346656799316406,AA,5
AA_pure,5,38,0.035294431840151394,2.040640522262851,0.04463458061218262,AA,5
AA_pure,5,39,0.0375958655091208,2.1737039704993615,0.04578661918640137,AA,5
AA_pure,5,40,0.03955213713662359,2.2868109663483183,0.04695272445678711,AA,5
AA_pure,5,41,0.017474917368254895,1.010358366621687,0.048120737075805664,AA,5
AA_pure,5,42,0.025904228489984554,1.49772118712739,0.04929065704345703,AA,5
AA_pure,5,43,0.024855990615401745,1.4371145539470558,0.050394535064697266,AA,5
AA_pure,5,44,0.024803446944684476,1.434076603254445,0.051503658294677734,AA,5
AA_pure,5,45,0.027280174546246004,1.577275131828114,0.052678585052490234,AA,5
AA_pure,5,46,0.017930079592223664,1.0366747692384113,0.05386066436767578,AA,5
AA_pure,5,47,0.006151881486985187,0.3556872287208567,0.055022478103637695,AA,5
AA_pure,5,48,0.005533533761977495,0.31993582662393233,0.05619168281555176,AA,5
AA_pure,5,49,0.006645703786845134,0.38423886543384256,0.05732369422912598,AA,5
AA_pure,5,50,0.0025913265403117746,0.1498243680058266,0.058420658111572266,AA,5
AA_pure,5,51,0.0022484071286705035,0.12999757916743426,0.05957436561584473,AA,5
AA_pure,5,52,0.0016500390375280807,0.09540135221740266,0.060759544372558594,AA,5
AA_pure,5,53,0.001677787130784608,0.09700568130169697,0.061937570571899414,AA,5
AA_pure,5,54,0.0010057830113563743,0.05815199346097678,0.06312346458435059,AA,5
AA_pure,5,55,0.0006436148416109763,0.03721228698253245,0.06422257423400879,AA,5
AA_pure,5,56,0.000597355525850706,0.034537682821170916,0.06531739234924316,AA,5
AA_pure,5,57,0.0003410061998874171,0.019716171462533565,0.0664663314819336,AA,5
AA_pure,5,58,0.00010906433486578751,0.00630584173358424,0.06763148307800293,AA,5
AA_pure,5,59,8.300295672291582e-05,0.004799034525432531,0.06878852844238281,AA,5
AA_pure,5,60,2.2001348979075403e-05,0.0012720659302432075,0.06995368003845215,AA,5
AA_pure,5,61,4.948881434689525e-06,0.00028613261268065337,0.07110977172851562,AA,5
AA_pure,5,62,1.825426443114984e-06,0.00010554183694190898,0.07227277755737305,AA,5
AA_pure,5,63,9.844670282607319e-07,5.69195537641475e-05,0.07346057891845703,AA,5
AA_pure,5,64,1.1354155326403158e-06,6.56470390572109e-05,0.0745704174041748,AA,5
AA_pure,5,65,1.1319466585609566e-06,6.544647696727482e-05,0.07568359375,AA,5
AA_pure,5,66,1.3579953365595019e-06,7.851607656918755e-05,0.07683968544006348,AA,5
AA_pure,5,67,1.832386088940464e-06,0.00010594422719305097,0.07800865173339844,AA,5
AA_pure,5,68,1.3294320475810233e-06,7.686461479746755e-05,0.07919883728027344,AA,5
AA_pure,5,69,1.2850515781780672e-06,7.429864108606496e-05,0.08030581474304199,AA,5
AA_pure,5,70,1.527207993342142e-06,8.82995519308051e-05,0.08141088485717773,AA,5
AA_pure,5,71,1.9165756393116207e-06,0.00011081186775506814,0.08254408836364746,AA,5
AA_pure,5,72,1.6945865118388728e-06,9.797698175734756e-05,0.08370184898376465,AA,5
AA_pure,5,73,1.6828463160712756e-06,9.729819142205724e-05,0.08485579490661621,AA,5
AA_pure,5,74,1.57894414486709e-06,9.129081377476646e-05,0.08603668212890625,AA,5
AA_pure,5,75,1.2750384411457562e-06,7.371970519964394e-05,0.08729267120361328,AA,5
AA_pure,5,76,6.807399585006155e-07,3.935877338191283e-05,0.08841371536254883,AA,5
AA_pure,5,77,2.567446075323272e-07,1.4844365603497743e-05,0.08951687812805176,AA,5
AA_pure,5,78,2.4148588233954223e-07,1.3962142223688365e-05,0.09069609642028809,AA,5
AA_pure,5,79,1.0468244688897789e-07,6.052491340808637e-06,0.09186506271362305,AA,5
AA_pure,5,80,8.92898976151969e-08,5.162530569340093e-06,0.09305596351623535,AA,5
AA_pure,5,81,4.1025012331150187e-08,2.3719691244339665e-06,0.09419965744018555,AA,5
AA_pure,5,82,4.6630945884735596e-08,2.696090935669512e-06,0.09529781341552734,AA,5
AA_pure,5,83,2.100790189363168e-08,1.2146271708246714e-06,0.09638690948486328,AA,5
AA_pure,5,84,1.4434682405827835e-09,8.345791760222466e-08,0.09757089614868164,AA,5
AA_pure,5,85,1.7047792684016739e-09,9.856630281993938e-08,0.09872865676879883,AA,5
AA_pure,5,86,8.464422699545543e-10,4.893928888410194e-08,0.09988737106323242,AA,5
AA_pure,5,87,3.782929657167485e-10,2.1872004021053454e-08,0.10106039047241211,AA,5
AA_pure,5,88,1.3826670220883948e-10,7.99425350392035e-09,0.10216426849365234,AA,5
AA_pure,5,89,8.148579606843968e-11,4.71131588685723e-09,0.10325431823730469,AA,5
FAA cs=0.1,5,0,1.0,57.81763343025095,0.0,initial,0
FAA cs=0.1,5,1,0.26526225887283933,15.336836046390157,0.0006661415100097656,AA,0
FAA cs=0.1,5,2,0.27808449168729354,16.078187203013606,0.0018062591552734375,AA,1
FAA cs=0.1,5,3,0.3515596443447438,20.326346645593794,0.0030732154846191406,AA,2
FAA cs=0.1,5,4,0.3097348191347437,17.90813423331769,0.004682302474975586,AA,3
FAA cs=0.1,5,5,0.3057912172419422,17.680124504684848,0.00623631477355957,AA,4
FAA cs=0.1,5,6,0.2941751188036051,17.008509183287362,0.0077741146087646484,AA,5
FAA cs=0.1,5,7,0.5364745338784033,31.017687944446262,0.009315252304077148,AA,5
FAA cs=0.1,5,8,0.21206364536303493,12.26101811148269,0.010969161987304688,AA,5
FAA cs=0.1,5,9,0.5697525114902022,32.94174185530535,0.01242208480834961,AA,5
FAA cs=0.1,5,10,0.22619066679549715,13.077809058126089,0.013810873031616211,AA,5
FAA cs=0.1,5,11,0.21921748050471213,12.67463592932463,0.015398740768432617,AA,5
FAA cs=0.1,5,12,0.1828001831762509,10.569073981867202,0.017035961151123047,AA,5
FAA cs=0.1,5,13,0.259171968648023,14.984709878687886,0.01844501495361328,AA,5
FAA cs=0.1,5,14,0.10484905976463305,6.062124502978027,0.019972801208496094,AA,5
FAA cs=0.1,5,15,0.18879805514757056,10.915856744866538,0.02150893211364746,AA,5
FAA cs=0.1,5,16,0.08579144842074381,4.960258516240847,0.022899150848388672,AA,5
FAA cs=0.1,5,17,0.154700855958855,8.944437381175131,0.024296998977661133,AA,5
FAA cs=0.1,5,18,0.17163178278432858,9.923343502004766,0.025933027267456055,AA,5
FAA cs=0.1,5,19,0.13692408450715773,7.9166265258075486,0.027344226837158203,AA,5
FAA cs=0.1,5,20,0.09787502755792907,5.658902465320053,0.02876114845275879,AA,5
FAA cs=0.1,5,21,0.15355515185135715,8.878195481068289,0.030337095260620117,AA,5
FAA cs=0.1,5,22,0.10000147945029123,5.7818488813397115,0.031846046447753906,AA,5
FAA cs=0.1,5,23,0.1957492775820746,11.31775997547683,0.03341102600097656,AA,5
FAA cs=0.1,5,24,0.1501340917606494,8.680397882800886,0.03486990928649902,AA,5
FAA cs=0.1,5,25,0.18106071531972662,10.468502066974976,0.03641176223754883,AA,5
FAA cs=0.1,5,26,0.13615980704515132,7.87243781167026,0.03797173500061035,AA,5
FAA cs=0.1,5,27,0.06578654419226032,3.803622296751112,0.03948068618774414,AA,5
FAA cs=0.1,5,28,0.06697770517183645,3.872492405624663,0.04090547561645508,AA,5
FAA cs=0.1,5,29,0.06187433606637824,3.5774276814260126,0.042383432388305664,AA,5
FAA cs=0.1,5,30,0.0713946032936251,4.127867002129003,0.04395341873168945,AA,5
FAA cs=0.1,5,31,0.0870488568266234,5.03295889452411,0.04536151885986328,AA,5
FAA cs=0.1,5,32,0.13938807517514856,8.059088635025002,0.04679465293884277,AA,5
FAA cs=0.1,5,33,0.06840924037239776,3.955260383093218,0.04837465286254883,AA,5
FAA cs=0.1,5,34,0.0743196399130744,4.296985697162383,0.0498814582824707,AA,5
FAA cs=0.1,5,35,0.03488132948577772,2.0167559217685,0.051354408264160156,AA,5
FAA cs=0.1,5,36,0.023386112856164987,1.3521297004762263,0.05276751518249512,AA,5
FAA cs=0.1,5,37,0.03984761473891122,2.303894782044234,0.05430459976196289,AA,5
FAA cs=0.1,5,38,0.03529443230150157,2.040640548937026,0.055701494216918945,AA,5
FAA cs=0.1,5,39,0.03759586420180682,2.173703894913561,0.05717968940734863,AA,5
FAA cs=0.1,5,40,0.03955213654219102,2.286810931979634,0.05865478515625,AA,5
FAA cs=0.1,5,41,0.017474920717045633,1.0103585602408425,0.060156822204589844,AA,5
FAA cs=0.1,5,42,0.025904228841839006,1.4977212074707817,0.061560869216918945,AA,5
FAA cs=0.1,5,43,0.02485598840206207,1.437114425976994,0.06297183036804199,AA,5
FAA cs=0.1,5,44,0.024803447906969846,1.4340766588915077,0.0644688606262207,AA,5
FAA cs=0.1,5,45,0.027280187135534775,1.5772758597109973,0.06594705581665039,AA,5
FAA cs=0.1,5,46,0.017930089093553737,1.0366753185828306,0.06738519668579102,AA,5
FAA cs=0.1,5,47,0.006151873831892616,0.35568678612152055,0.06898212432861328,AA,5
FAA cs=0.1,5,48,0.005533529408162674,0.319935574896663,0.0703432559967041,AA,5
FAA cs=0.1,5,49,0.006645696085633604,0.38423842016801735,0.07186317443847656,AA,5
FAA cs=0.1,5,50,0.002591327053505721,0.14982439767748607,0.07324838638305664,AA,5
FAA cs=0.1,5,51,0.00224840650796256,0.12999754327956992,0.07471847534179688,AA,5
FAA cs=0.1,5,52,0.0016500378717889874,0.09540128481712709,0.07621932029724121,AA,5
FAA cs=0.1,5,53,0.001677785615741263,0.09700559370547623,0.07776021957397461,AA,5
FAA cs=0.1,5,54,0.0010057819856820682,0.05815193415891572,0.07927918434143066,AA,5
FAA cs=0.1,5,55,0.0006436144837289161,0.03721226629063869,0.08076000213623047,AA,5
FAA cs=0.1,5,56,0.000597355043825404,0.034537654951608696,0.08220171928405762,AA,5
FAA cs=0.1,5,57,0.0003410057977638317,0.01971614821269951,0.08363747596740723,AA,5
FAA cs=0.1,5,58,0.00010906415771229485,0.006305831490988541,0.08515357971191406,AA,5
FAA cs=0.1,5,59,8.30028547859574e-05,0.004799028631678836,0.08661866188049316,AA,5
FAA cs=0.1,5,60,2.2001212129007578e-05,0.0012720580178961513,0.08808660507202148,AA,5
FAA cs=0.1,5,61,4.948855842030161e-06,0.00028613113297365576,0.0895228385925293,AA,5
FAA cs=0.1,5,62,1.8253831163909337e-06,0.00010553933189326012,0.0908968448638916,AA,5
FAA cs=0.1,5,63,9.844462848256755e-07,5.6918354427823326e-05,0.09232854843139648,AA,5
FAA cs=0.1,5,64,1.1353819965338117e-06,6.564510007889837e-05,0.09375166893005371,AA,5
FAA cs=0.1,5,65,1.1319164617712364e-06,6.544473106035602e-05,0.09515976905822754,AA,5
FAA cs=0.1,5,66,1.3579641363877733e-06,7.851427264909558e-05,0.09663677215576172,AA,5
FAA cs=0.1,5,67,1.8323100006789916e-06,0.00010593982794984081,0.09838485717773438,AA,5
FAA cs=0.1,5,68,1.3293370838361965e-06,7.685912421847999e-05,0.09979486465454102,AA,5
FAA cs=0.1,5,69,1.2850546607911957e-06,7.429881931546084e-05,0.10119867324829102,AA,5
FAA cs=0.1,5,70,1.5271210789599356e-06,8.829452674691488e-05,0.10273075103759766,AA,5
FAA cs=0.1,5,71,1.916951076053197e-06,0.00011083357461896885,0.10414862632751465,AA,5
FAA cs=0.1,5,72,1.6961753273203027e-06,9.806884330844118e-05,0.10545063018798828,AA,5
FAA cs=0.1,5,73,1.684859579923915e-06,9.741459357348752e-05,0.10677862167358398,AA,5
FAA cs=0.1,5,74,1.579756131919305e-06,9.133776094450154e-05,0.10814452171325684,AA,5
FAA cs=0.1,5,75,1.2798244089237022e-06,7.39964185302382e-05,0.10954546928405762,AA,5
FAA cs=0.1,5,76,6.966496751694187e-07,4.0278635548248845e-05,0.1109004020690918,AA,5
FAA cs=0.1,5,77,2.625082943523341e-07,1.5177608335263667e-05,0.11256742477416992,AA,5
FAA cs=0.1,5,78,2.48432294423877e-07,1.43637673312359e-05,0.11407351493835449,AA,5
FAA cs=0.1,5,79,1.0718777240291168e-07,6.197343332996716e-06,0.11545729637145996,AA,5
FAA cs=0.1,5,80,9.182452470769752e-08,5.309076709456677e-06,0.11692047119140625,AA,5
FAA cs=0.1,5,81,4.2546994746767025e-08,2.459966545827389e-06,0.11847448348999023,AA,5
FAA cs=0.1,5,82,4.877175079750532e-08,2.8198672093617117e-06,0.1198735237121582,AA,5
FAA cs=0.1,5,83,2.1744813795906148e-08,1.2572336730607654e-06,0.12127876281738281,AA,5
FAA cs=0.1,5,84,1.5096083812359143e-09,8.728198400953262e-08,0.12285971641540527,AA,5
FAA cs=0.1,5,85,1.7659756820487383e-09,1.0210453463143136e-07,0.1242518424987793,AA,5
FAA cs=0.1,5,86,8.763589132979706e-10,5.066899840239514e-08,0.12580585479736328,AA,5
FAA cs=0.1,5,87,3.994048496696263e-10,2.309264318846294e-08,0.1272716522216797,AA,5
FAA cs=0.1,5,88,1.4633908910677115e-10,8.460979810492125e-09,0.12870383262634277,AA,5
FAA cs=0.1,5,89,8.736989541578726e-11,5.051520585989351e-09,0.13020086288452148,AA,5
FAA cs=0.2,5,0,1.0,57.81763343025095,0.0,initial,0
FAA cs=0.2,5,1,0.26526225887283933,15.336836046390157,0.0006940364837646484,AA,0
FAA cs=0.2,5,2,0.27808449168729354,16.078187203013606,0.0017480850219726562,AA,1
FAA cs=0.2,5,3,0.3515596443447438,20.326346645593794,0.0032510757446289062,AA,2
FAA cs=0.2,5,4,0.3097348191347437,17.90813423331769,0.004750251770019531,AA,3
FAA cs=0.2,5,5,0.3057912172419422,17.680124504684848,0.006213188171386719,AA,4
FAA cs=0.2,5,6,0.2941751188036051,17.008509183287362,0.007639408111572266,AA,5
FAA cs=0.2,5,7,0.5364745338784033,31.017687944446262,0.009012460708618164,AA,5
FAA cs=0.2,5,8,0.6833014497052632,39.506872741417965,0.010547399520874023,AA,4
FAA cs=0.2,5,9,0.6846743909793614,39.58625295672504,0.012056589126586914,AA,5
FAA cs=0.2,5,10,0.6684963231716486,38.65087536260896,0.013471841812133789,AA,5
FAA cs=0.2,5,11,0.4288510312598999,24.795151721569983,0.015120744705200195,AA,5
FAA cs=0.2,5,12,0.1297359398267017,7.501025011629334,0.016679763793945312,AA,5
FAA cs=0.2,5,13,0.30544358619596573,17.660025300299605,0.01822495460510254,AA,5
FAA cs=0.2,5,14,0.25849130204317816,14.945355346440754,0.01974010467529297,AA,5
FAA cs=0.2,5,15,0.13400074293161685,7.747605834201513,0.02118206024169922,AA,5
FAA cs=0.2,5,16,0.22979230070904708,13.28604700748968,0.0225372314453125,AA,5
FAA cs=0.2,5,17,0.10409590427914181,6.018578835201913,0.023942232131958008,AA,5
FAA cs=0.2,5,18,0.11784731056156099,6.813652602789275,0.025512218475341797,AA,5
FAA cs=0.2,5,19,0.11479825429248493,6.637363385115626,0.0269773006439209,AA,5
FAA cs=0.2,5,20,0.09431052443820521,5.452811330582873,0.0286715030670166,AA,5
FAA cs=0.2,5,21,0.08897485633308683,5.144315627975656,0.030197620391845703,AA,5
FAA cs=0.2,5,22,0.15233900364959788,8.807880670142112,0.03172659873962402,AA,5
FAA cs=0.2,5,23,0.1750905199986994,10.123319502396825,0.03325653076171875,AA,5
FAA cs=0.2,5,24,0.32847343328958467,18.991556557513196,0.03494858741760254,AA,5
FAA cs=0.2,5,25,0.1325407806608108,7.663194270806052,0.0364384651184082,AA,5
FAA cs=0.2,5,26,0.1733457406397717,10.022440489005675,0.03775215148925781,AA,5
FAA cs=0.2,5,27,0.1391017065579991,8.042531479292727,0.0391690731048584,AA,5
FAA cs=0.2,5,28,0.14705290483299788,8.50225094648785,0.04062819480895996,AA,5
FAA cs=0.2,5,29,0.14445752042171103,8.35219196198548,0.04214143753051758,AA,5
FAA cs=0.2,5,30,0.2684795095148357,15.522849864662343,0.04363536834716797,AA,5
FAA cs=0.2,5,31,0.2248723300650339,13.00158594830653,0.045107364654541016,AA,5
FAA cs=0.2,5,32,0.21588204408199643,12.481788888906147,0.046552181243896484,AA,5
FAA cs=0.2,5,33,0.31180388438228435,18.027762689343266,0.04801034927368164,AA,5
FAA cs=0.2,5,34,0.2520562148459952,14.573293833782328,0.04948544502258301,AA,5
FAA cs=0.2,5,35,0.3403972209435997,19.68096174119319,0.05124354362487793,AA,5
FAA cs=0.2,5,36,0.19443711773251593,11.241893998293152,0.052736520767211914,AA,5
FAA cs=0.2,5,37,0.1898532391037875,10.976864984048571,0.0541226863861084,AA,5
FAA cs=0.2,5,38,0.09771692398191774,5.649761290718218,0.0556488037109375,AA,5
FAA cs=0.2,5,39,0.09100737151221439,5.261830845543875,0.05722475051879883,AA,5
FAA cs=0.2,5,40,0.08044184557667539,4.6509571400050715,0.05857276916503906,AA,5
FAA cs=0.2,5,41,0.1533915103597369,8.868734117291808,0.060051918029785156,AA,5
FAA cs=0.2,5,42,0.11828831042820245,6.83915017142154,0.06157684326171875,AA,5
FAA cs=0.2,5,43,0.18019048855680708,10.4181876149953,0.06297492980957031,AA,5
FAA cs=0.2,5,44,0.17974726128060428,10.392561262813519,0.06431007385253906,AA,5
FAA cs=0.2,5,45,0.16760114638602178,9.690301644236836,0.0656898021697998,AA,4
FAA cs=0.2,5,46,0.12290353127862035,7.105991318750653,0.0670769214630127,AA,5
FAA cs=0.2,5,47,0.10529580761581088,6.087954406473179,0.06855511665344238,AA,4
FAA cs=0.2,5,48,0.1083572249529564,6.264958311849274,0.0699002742767334,AA,5
FAA cs=0.2,5,49,0.23884286154391068,13.80932901617801,0.07133126258850098,AA,5
FAA cs=0.2,5,50,0.08345903027671461,4.825403618983301,0.07288408279418945,AA,5
FAA cs=0.2,5,51,0.08949167118953083,5.174196639896843,0.0744028091430664,AA,5
FAA cs=0.2,5,52,0.14088761614100592,8.145788544902587,0.07591509819030762,AA,5
FAA cs=0.2,5,53,0.11636398265978261,6.727890093907389,0.07730388641357422,AA,5
FAA cs=0.2,5,54,0.11887072826058712,6.872824192157598,0.07866287231445312,AA,5
FAA cs=0.2,5,55,0.1117057522960755,6.458562238304907,0.08001470565795898,AA,5
FAA cs=0.2,5,56,0.2057856896944802,11.898041571946827,0.08141684532165527,AA,4
FAA cs=0.2,5,57,0.22183506641342565,12.825978551866818,0.08274984359741211,AA,4
FAA cs=0.2,5,58,0.12575307737874153,7.27074533061006,0.08419585227966309,AA,5
FAA cs=0.2,5,59,0.11101844837830846,6.418823952332277,0.08579015731811523,AA,5
FAA cs=0.2,5,60,0.08213641749265696,4.748933277864492,0.08742499351501465,AA,5
FAA cs=0.2,5,61,0.24466443842194363,14.145918814098144,0.08894896507263184,AA,5
FAA cs=0.2,5,62,0.2658157065376839,15.368835080598966,0.09033083915710449,AA,5
FAA cs=0.2,5,63,0.10138971884936336,5.862113598028696,0.09162092208862305,AA,5
FAA cs=0.2,5,64,0.13960460610524608,8.071607940967692,0.09295892715454102,AA,5
FAA cs=0.2,5,65,0.1396518757498435,8.074340959951403,0.09454512596130371,AA,5
FAA cs=0.2,5,66,0.07229823790522713,4.180113016857496,0.09601020812988281,AA,5
FAA cs=0.2,5,67,0.06447330449151745,3.727693885127508,0.0976858139038086,AA,5
FAA cs=0.2,5,68,0.051698345669575194,2.9890759988739,0.09921383857727051,AA,5
FAA cs=0.2,5,69,0.06850459296785136,3.9607734445037766,0.10078072547912598,AA,5
FAA cs=0.2,5,70,0.15669127191827162,9.059518521490403,0.10217070579528809,AA,4
FAA cs=0.2,5,71,0.15617822623708646,9.029855434362666,0.10347461700439453,AA,5
FAA cs=0.2,5,72,0.13154671687884273,7.605719855453935,0.10487651824951172,AA,5
FAA cs=0.2,5,73,0.10314788307344426,5.963766492646787,0.1063547134399414,AA,4
FAA cs=0.2,5,74,0.10814739038874206,6.252826173934533,0.10783267021179199,AA,5
FAA cs=0.2,5,75,0.10467424447892115,6.052017096870733,0.10923361778259277,AA,5
FAA cs=0.2,5,76,0.08416820164052269,4.866406228935188,0.11069655418395996,AA,5
FAA cs=0.2,5,77,0.07590258024866556,4.388507561227551,0.11219358444213867,AA,5
FAA cs=0.2,5,78,0.1219486372941946,7.050781608394374,0.11369848251342773,AA,5
FAA cs=0.2,5,79,0.11774544713961162,6.807763100799055,0.11510062217712402,AA,5
FAA cs=0.2,5,80,0.0730338203370505,4.222642652258393,0.11652874946594238,AA,5
FAA cs=0.2,5,81,0.47866919808757036,27.675520229379323,0.11798858642578125,AA,5
FAA cs=0.2,5,82,0.7477240538636841,43.231635253271705,0.11934947967529297,AA,5
FAA cs=0.2,5,83,0.8408670545356081,48.61694312271462,0.12083148956298828,AA,5
FAA cs=0.2,5,84,0.6775735275554016,39.17569783824025,0.12227439880371094,AA,5
FAA cs=0.2,5,85,0.180369238758098,10.428522528609122,0.12359619140625,AA,3
FAA cs=0.2,5,86,0.17035567438497073,9.84956193435343,0.12490391731262207,AA,4
FAA cs=0.2,5,87,0.1332540483276003,7.704433719302138,0.12623190879821777,AA,5
FAA cs=0.2,5,88,0.13020649005302787,7.528231112125582,0.12764716148376465,AA,5
FAA cs=0.2,5,89,0.20090208928607264,11.615683353713695,0.1289830207824707,AA,5
FAA cs=0.2,5,90,0.1424926598958592,8.238588376360207,0.1304018497467041,AA,5
FAA cs=0.2,5,91,0.14580441987018825,8.430066500564942,0.1318366527557373,AA,5
FAA cs=0.2,5,92,0.17886253242452715,10.341408334127685,0.13329172134399414,AA,5
FAA cs=0.2,5,93,0.22541411513402265,13.032910678823304,0.13475489616394043,AA,5
FAA cs=0.2,5,94,0.1995352787659021,11.536657604089864,0.13611602783203125,AA,5
FAA cs=0.2,5,95,0.19921256260182604,11.517998919213298,0.13762211799621582,AA,5
FAA cs=0.2,5,96,0.186260542934158,10.769143793886666,0.13901114463806152,AA,5
FAA cs=0.2,5,97,0.25262513130918685,14.606187237303576,0.14046716690063477,AA,5
FAA cs=0.2,5,98,0.1772736035585061,10.249540227405337,0.14195013046264648,AA,5
FAA cs=0.2,5,99,0.23650497112219332,13.67415772477506,0.1435232162475586,AA,5
FAA cs=0.2,5,100,0.11048654307472258,6.388070446469942,0.14498043060302734,AA,5
FAA cs=0.2,5,101,0.10073435064850848,5.824221759629825,0.14639949798583984,AA,5
FAA cs=0.2,5,102,0.15772220151843966,9.119124431205314,0.14793658256530762,AA,5
FAA cs=0.2,5,103,0.1166757580132885,6.745916207008979,0.1494588851928711,AA,5
FAA cs=0.2,5,104,0.13302962197853152,7.69145791891959,0.15101385116577148,AA,5
FAA cs=0.2,5,105,0.2161951035890055,12.499889248724251,0.15231776237487793,AA,5
FAA cs=0.2,5,106,0.22541867674027527,13.033174420101473,0.15371084213256836,AA,5
FAA cs=0.2,5,107,0.22907410011808643,13.244522348992128,0.15515756607055664,AA,5
FAA cs=0.2,5,108,0.2434403521740641,14.075145044131233,0.1565096378326416,AA,5
FAA cs=0.2,5,109,0.16501482927358563,9.540766909495618,0.15798068046569824,AA,5
FAA cs=0.2,5,110,0.14528622177017625,8.400105512774196,0.1593637466430664,AA,5
FAA cs=0.2,5,111,0.4005577921118479,23.15930359195349,0.16086077690124512,AA,5
FAA cs=0.2,5,112,0.4929521306121789,28.50132558639615,0.16231751441955566,AA,5
FAA cs=0.2,5,113,0.2320719513151104,13.4178510105801,0.16373062133789062,AA,5
FAA cs=0.2,5,114,0.24090040504983323,13.928291312370233,0.16517877578735352,AA,4
FAA cs=0.2,5,115,0.22716198438206053,13.133968342290368,0.16666674613952637,AA,5
FAA cs=0.2,5,116,0.23142543692292558,13.380471078445375,0.16808366775512695,AA,5
FAA cs=0.2,5,117,0.19449102373742044,11.245010715924412,0.16947364807128906,AA,5
FAA cs=0.2,5,118,0.14616752281326797,8.451060253425371,0.1710047721862793,AA,5
FAA cs=0.2,5,119,0.19433841219647216,11.236187077792637,0.1724226474761963,AA,5
FAA cs=0.2,5,120,0.21366653117491027,12.35369317578425,0.17383575439453125,AA,5
FAA cs=0.2,5,121,0.19508884721280625,11.279575454480266,0.17519283294677734,AA,5
FAA cs=0.2,5,122,0.16269143397290076,9.406433691687052,0.1766219139099121,AA,5
FAA cs=0.2,5,123,0.06926977206693989,4.005014289163367,0.178056001663208,AA,5
FAA cs=0.2,5,124,0.10180055598139326,5.885867228727936,0.17936921119689941,AA,5
FAA cs=0.2,5,125,0.13106542521677741,7.5778927105636065,0.18075823783874512,AA,5
FAA cs=0.2,5,126,0.12186318473257364,7.045840943510897,0.18229126930236816,AA,5
FAA cs=0.2,5,127,0.0506585872391434,2.9289596270871816,0.18374228477478027,AA,5
FAA cs=0.2,5,128,0.029413352547116314,1.7006104355239091,0.18517017364501953,AA,5
FAA cs=0.2,5,129,0.07735667752841861,4.472580024720238,0.1866321563720703,AA,5
FAA cs=0.2,5,130,0.04827292615779105,2.7910263491967355,0.1881091594696045,AA,5
FAA cs=0.2,5,131,0.047969705338911796,2.773494839042354,0.18955111503601074,AA,5
FAA cs=0.2,5,132,0.03523902046988481,2.0374367679689094,0.1909773349761963,AA,5
FAA cs=0.2,5,133,0.05385380590466308,3.113699608619694,0.19237637519836426,AA,4
FAA cs=0.2,5,134,0.0568433493912124,3.286547938048797,0.19378232955932617,AA,5
FAA cs=0.2,5,135,0.04980103962132771,2.8793782532713292,0.19514226913452148,AA,5
FAA cs=0.2,5,136,0.029985878203740546,1.7337125140680227,0.19663023948669434,AA,5
FAA cs=0.2,5,137,0.022776376243864714,1.316876172537246,0.1979992389678955,AA,5
FAA cs=0.2,5,138,0.013123048213424264,0.7587435910912738,0.19952940940856934,AA,5
FAA cs=0.2,5,139,0.016883665293120537,0.9761735708766937,0.2009434700012207,AA,5
FAA cs=0.2,5,140,0.02164947345196429,1.251721320003621,0.202406644821167,AA,5
FAA cs=0.2,5,141,0.01608299096029514,0.9298804758043842,0.20387864112854004,AA,5
FAA cs=0.2,5,142,0.007773012536743445,0.44941718949817755,0.20535874366760254,AA,5
FAA cs=0.2,5,143,0.005741163630167844,0.33194049423213323,0.20684576034545898,AA,5
FAA cs=0.2,5,144,0.0060020893531529795,0.347026602036211,0.2082986831665039,AA,5
FAA cs=0.2,5,145,0.010899657539064888,0.6301924041089249,0.20960474014282227,AA,5
FAA cs=0.2,5,146,0.006504409263992118,0.3760695505058247,0.21094274520874023,AA,4
FAA cs=0.2,5,147,0.005877149311958567,0.33980286453367203,0.21238470077514648,AA,4
FAA cs=0.2,5,148,0.004786490606352729,0.2767435592954417,0.2139286994934082,AA,5
FAA cs=0.2,5,149,0.004698130498789884,0.2716347869865156,0.21555280685424805,AA,5
FAA cs=0.2,5,150,0.002114803199469555,0.12227291616405261,0.21703076362609863,AA,5
FAA cs=0.2,5,151,0.0011714442828546483,0.06773013613005327,0.21839094161987305,AA,4
FAA cs=0.2,5,152,0.0012064021337344596,0.06975131633773157,0.21994805335998535,AA,5
FAA cs=0.2,5,153,0.0012881994657041385,0.07448064449312701,0.2214369773864746,AA,5
FAA cs=0.2,5,154,0.0006852898583578295,0.03962183782400158,0.22286391258239746,AA,4
FAA cs=0.2,5,155,0.000836147782134962,0.04834408596099657,0.2243328094482422,AA,4
FAA cs=0.2,5,156,0.000330249753245753,0.019094259173593777,0.22584199905395508,AA,4
FAA cs=0.2,5,157,6.644837657198973e-05,0.003841887878674578,0.22739672660827637,AA,5
FAA cs=0.2,5,158,4.512954025686123e-05,0.002609283215446956,0.22890973091125488,AA,4
FAA cs=0.2,5,159,1.3244834408005823e-05,0.0007657849806464556,0.2303617000579834,AA,4
FAA cs=0.2,5,160,3.22368861881802e-06,0.00018638604685609228,0.23172688484191895,AA,5
FAA cs=0.2,5,161,3.3034986170204183e-06,0.0001910004720762275,0.2331399917602539,AA,5
FAA cs=0.2,5,162,8.927431299586159e-07,5.161629503532214e-05,0.23455095291137695,AA,5
FAA cs=0.2,5,163,8.244674663162805e-07,4.7668757742642475e-05,0.23603582382202148,AA,4
FAA cs=0.2,5,164,4.803328153541022e-07,2.7771706642663897e-05,0.23743271827697754,AA,5
FAA cs=0.2,5,165,4.892786331408075e-08,2.828893265618944e-06,0.2389357089996338,AA,5
FAA cs=0.2,5,166,3.331912915812871e-08,1.9264331958798717e-06,0.2403726577758789,AA,5
FAA cs=0.2,5,167,8.758187074862534e-09,5.063776498079638e-07,0.24180340766906738,AA,5
FAA cs=0.2,5,168,1.0553412647712444e-08,6.101733439036122e-07,0.24318957328796387,AA,5
FAA cs=0.2,5,169,9.16868283627449e-09,5.30111543265952e-07,0.2445673942565918,AA,5
FAA cs=0.2,5,170,4.5146586000539865e-09,2.610268760006513e-07,0.24598431587219238,AA,5
FAA cs=0.2,5,171,3.689460497825908e-09,2.1331587461868954e-07,0.24731922149658203,AA,5
FAA cs=0.2,5,172,4.436640541181447e-09,2.565160564718191e-07,0.24879240989685059,AA,5
FAA cs=0.2,5,173,2.1993485877726495e-09,1.2716113043317917e-07,0.25045037269592285,AA,5
FAA cs=0.2,5,174,1.2077283340266663e-09,6.982799410008147e-08,0.251880407333374,AA,5
FAA cs=0.2,5,175,9.460424001565647e-10,5.469793270172704e-08,0.25319838523864746,AA,5
FAA cs=0.2,5,176,5.921264562717017e-10,3.423535039307077e-08,0.2547464370727539,AA,5
FAA cs=0.2,5,177,6.511246322164408e-10,3.764648530289714e-08,0.25604939460754395,AA,5
FAA cs=0.2,5,178,4.106615439491578e-10,2.3743478611953296e-08,0.2574915885925293,AA,5
FAA cs=0.2,5,179,6.390541815237925e-11,3.6948600409411686e-09,0.25905847549438477,AA,5
Picard,5,0,1.0,57.81763343025095,0.0,initial,0
Picard,5,1,0.26526225887283933,15.336836046390157,0.0006380081176757812,Picard,0
Picard,5,2,0.3133263578283876,18.115788500957354,0.0012669563293457031,Picard,0
Picard,5,3,0.5216381821771575,30.15988520034136,0.0018639564514160156,Picard,0
Picard,5,4,0.5310002923637979,30.701180255246147,0.0024399757385253906,Picard,0
Picard,5,5,0.8203888755326189,47.43294327580073,0.0029802322387695312,Picard,0
Picard,5,6,0.2480360173929646,14.340855531125776,0.003524303436279297,Picard,0
Picard,5,7,0.39585397184075305,22.88733983579754,0.004067182540893555,Picard,0
Picard,5,8,0.27892663025230824,16.1268776618631,0.004700183868408203,Picard,0
Picard,5,9,0.22592299032734683,13.06233263821267,0.005408287048339844,Picard,0
Picard,5,10,0.2801800385985361,16.19934676616372,0.005955219268798828,Picard,0
Picard,5,11,0.3028434590953651,17.509692104725016,0.006486177444458008,Picard,0
Picard,5,12,0.16679280917782036,9.643565499845014,0.007028102874755859,Picard,0
Picard,5,13,0.27920272898579857,16.142841037226603,0.007543325424194336,Picard,0
Picard,5,14,0.16256171767665678,9.398933802420888,0.008281230926513672,Picard,0
Picard,5,15,0.16982462625869127,9.818857988454381,0.008983373641967773,Picard,0
Picard,5,16,0.2012814521485081,11.637617216631039,0.00959467887878418,Picard,0
Picard,5,17,0.16284677196036473,9.415414966504038,0.010167598724365234,Picard,0
Picard,5,18,0.19793712025007681,11.444255860858444,0.01074361801147461,Picard,0
Picard,5,19,0.31392744740554596,18.15054207778824,0.011276721954345703,Picard,0
Picard,5,20,0.19823585196077673,11.461527821401683,0.011797666549682617,Picard,0
Picard,5,21,0.2391971664076153,13.829814084910238,0.012320518493652344,Picard,0
Picard,5,22,0.4491509909473093,25.96884734942549,0.012851476669311523,Picard,0
Picard,5,23,0.21655892838798585,12.520924737584533,0.013401508331298828,Picard,0
Picard,5,24,0.5070648381106004,29.31728893524824,0.013918399810791016,Picard,0
Picard,5,25,0.20428508653514635,11.811280248556185,0.014438629150390625,Picard,0
Picard,5,26,0.30131825429489506,17.421508372665382,0.014959573745727539,Picard,0
Picard,5,27,0.1944764827129543,11.244169988302128,0.015480518341064453,Picard,0
Picard,5,28,0.13258217559783844,7.665587628100986,0.015995502471923828,Picard,0
Picard,5,29,0.24487645672729888,14.158177210757676,0.016510725021362305,Picard,0
Picard,5,30,0.18190026838023687,10.517043038072803,0.01706099510192871,Picard,0
Picard,5,31,0.15732387791680374,9.096094303219312,0.01759195327758789,Picard,0
Picard,5,32,0.1956137060405003,11.309921549782512,0.01823282241821289,Picard,0
Picard,5,33,0.15288278048383927,8.839320559812142,0.01898193359375,Picard,0
Picard,5,34,0.2086889541415504,12.065901451498611,0.019576072692871094,Picard,0
Picard,5,35,0.2362543280706693,13.659666136700205,0.020150184631347656,Picard,0
Picard,5,36,0.20513622497765985,11.860491059023825,0.020720958709716797,Picard,0
Picard,5,37,0.39871035883983924,23.052489372245642,0.02126002311706543,Picard,0
Picard,5,38,0.3661329500568954,21.168940693125958,0.021784067153930664,Picard,0
Picard,5,39,0.16627485511664933,9.613618621802518,0.0223233699798584,Picard,0
Picard,5,40,0.22561892525284527,13.044752315196197,0.022853374481201172,Picard,0
Picard,5,41,0.24268762123088414,14.031623922386848,0.023377418518066406,Picard,0
Picard,5,42,0.28434698540202075,16.440269768970953,0.02390146255493164,Picard,0
Picard,5,43,0.35678965918346417,20.6287337263737,0.02443861961364746,Picard,0
Picard,5,44,0.1583060557568906,9.152881501540769,0.024961471557617188,Picard,0
Picard,5,45,0.187579679310094,10.845413137315044,0.025499582290649414,Picard,0
Picard,5,46,0.17989952260313255,10.401364652145062,0.026038646697998047,Picard,0
Picard,5,47,0.19310179761389906,11.164688949162924,0.02657771110534668,Picard,0
Picard,5,48,0.16518850025503973,9.550808154638803,0.027117013931274414,Picard,0
Picard,5,49,0.1836580015089198,10.618671007775202,0.027659893035888672,Picard,0
Picard,5,50,0.15652296994396972,9.049787699634628,0.028224945068359375,Picard,0
Picard,5,51,0.16462730149995394,9.51836097073574,0.028789997100830078,Picard,0
Picard,5,52,0.228705333598628,13.22320114154873,0.029321908950805664,Picard,0
Picard,5,53,0.15656404869704726,9.052162775921838,0.029889822006225586,Picard,0
Picard,5,54,0.1842906908143946,10.655251606114382,0.030431747436523438,Picard,0
Picard,5,55,0.17059208381745808,9.863230568260436,0.03099370002746582,Picard,0
Picard,5,56,0.20177939649283042,11.666407180199734,0.031561851501464844,Picard,0
Picard,5,57,0.3617497461900895,20.915514218704914,0.03213977813720703,Picard,0
Picard,5,58,0.2539689349937803,14.683882786141623,0.03267264366149902,Picard,0
Picard,5,59,0.19958571318875054,11.539573603062381,0.03320646286010742,Picard,0
Picard,5,60,0.18263359603851376,10.559442307803321,0.03374648094177246,Picard,0
Picard,5,61,0.21447262759808136,12.400299763288592,0.03428959846496582,Picard,0
Picard,5,62,0.26993916075721186,15.607243445130058,0.03490471839904785,Picard,0
Picard,5,63,0.20728604021800157,11.98478828853267,0.03550386428833008,Picard,0
Picard,5,64,0.1987877568291168,11.49343765476774,0.036032676696777344,Picard,0
Picard,5,65,0.1671421818899479,9.663765403245336,0.036545753479003906,Picard,0
Picard,5,66,0.1821525241108436,10.531627867435702,0.03705573081970215,Picard,0
Picard,5,67,0.1871931252318329,10.823063495317175,0.03760170936584473,Picard,0
Picard,5,68,0.12186121052884966,7.045726799723667,0.03817248344421387,Picard,0
Picard,5,69,0.21852559821892195,12.634632932947929,0.03871655464172363,Picard,0
Picard,5,70,0.155566228663193,8.994471182975092,0.03926372528076172,Picard,0
Picard,5,71,0.17806545437950574,10.295323167905337,0.039818763732910156,Picard,0
Picard,5,72,0.24556441173569415,14.19795314124958,0.04036593437194824,Picard,0
Picard,5,73,0.11953481169025278,6.911219924461111,0.04091787338256836,Picard,0
Picard,5,74,0.21350519503239354,12.344365101837166,0.04146170616149902,Picard,0
Picard,5,75,0.15666432203610922,9.057960343082549,0.04206585884094238,Picard,0
Picard,5,76,0.19345616570087087,11.18517767331484,0.04257774353027344,Picard,0
Picard,5,77,0.27717763648845806,16.025754981553018,0.04309678077697754,Picard,0
Picard,5,78,0.1231321898070988,7.119211813730921,0.043646812438964844,Picard,0
Picard,5,79,0.2488327581119732,14.38692119395637,0.04419994354248047,Picard,0
Picard,5,80,0.15899133136125615,9.19250251523267,0.04475712776184082,Picard,0
Picard,5,81,0.19550514142333333,11.303644600543658,0.045313358306884766,Picard,0
Picard,5,82,0.23612375693433857,13.652116822603263,0.04585456848144531,Picard,0
Picard,5,83,0.11808413252473489,6.827345088244296,0.0464024543762207,Picard,0
Picard,5,84,0.2552521344845536,14.758074343917036,0.04695940017700195,Picard,0
Picard,5,85,0.15277627289714482,8.833162543207102,0.04750633239746094,Picard,0
Picard,5,86,0.18400418986434972,10.63868679920727,0.04805135726928711,Picard,0
Picard,5,87,0.19577539226328647,11.319269864542285,0.04859352111816406,Picard,0
Picard,5,88,0.13499160267300359,7.804894999509806,0.0491025447845459,Picard,0
Picard,5,89,0.2570456825330778,14.861773047526151,0.04962754249572754,Picard,0
Picard,5,90,0.14895521682509677,8.612238123916994,0.050168752670288086,Picard,0
Picard,5,91,0.1825444868762794,10.554290226925977,0.05071377754211426,Picard,0
Picard,5,92,0.2116046558898239,12.234480426372231,0.05128288269042969,Picard,0
Picard,5,93,0.15177225001551026,8.775112316281172,0.05183601379394531,Picard,0
Picard,5,94,0.27129192908631156,15.685457308497998,0.052381038665771484,Picard,0
Picard,5,95,0.1469825389945391,8.498182560233829,0.05292916297912598,Picard,0
Picard,5,96,0.18487996331930798,10.68932194779399,0.05348920822143555,Picard,0
Picard,5,97,0.20964109866473324,12.120952194512618,0.054026126861572266,Picard,0
Picard,5,98,0.1829669078617783,10.578713608618799,0.05454397201538086,Picard,0
Picard,5,99,0.2932416596239991,16.9545387826188,0.055068016052246094,Picard,0
Picard,5,100,0.14613927866945234,8.449427243871687,0.055613040924072266,Picard,0
Picard,5,101,0.18275501782427603,10.56646262810297,0.05615806579589844,Picard,0
Picard,5,102,0.19566159520638826,11.312690388021103,0.05669903755187988,Picard,0
Picard,5,103,0.21492448418187843,12.426425041613616,0.05724596977233887,Picard,0
Picard,5,104,0.29428930439987294,17.015111124235393,0.05778932571411133,Picard,0
Picard,5,105,0.14635804366538668,8.46207571821399,0.05833244323730469,Picard,0
Picard,5,106,0.1784179298419173,10.315702464984206,0.05887436866760254,Picard,0
Picard,5,107,0.18716661771773982,10.821530893584194,0.05942249298095703,Picard,0
Picard,5,108,0.2440377921720932,14.10968761093385,0.05996537208557129,Picard,0
Picard,5,109,0.28611671825757395,16.5425915344828,0.06051230430603027,Picard,0
Picard,5,110,0.15022185166334562,8.685471952684852,0.06105828285217285,Picard,0
Picard,5,111,0.17575710127232683,10.161859654126886,0.06169247627258301,Picard,0
Picard,5,112,0.18852174210744044,10.899880978800297,0.06225228309631348,Picard,0
Picard,5,113,0.268329030762885,15.514149539343014,0.06276345252990723,Picard,0
Picard,5,114,0.2781102816983555,16.079678320419347,0.06331443786621094,Picard,0
Picard,5,115,0.1566714106639064,9.05837019076605,0.06385636329650879,Picard,0
Picard,5,116,0.17377132639669063,10.04704685029235,0.06439828872680664,Picard,0
Picard,5,117,0.19053070066548514,11.016034208285891,0.06494331359863281,Picard,0
Picard,5,118,0.2772258540571219,16.028542807262923,0.06549310684204102,Picard,0
Picard,5,119,0.25640365471198795,14.824652518314357,0.06603717803955078,Picard,0
Picard,5,120,0.16745008442668546,9.681567599246673,0.06657624244689941,Picard,0
Picard,5,121,0.17056150272967138,9.861462442136887,0.06711935997009277,Picard,0
Picard,5,122,0.1902484493464734,10.999715104988065,0.06769657135009766,Picard,0
Picard,5,123,0.2717295411119489,15.710759000180968,0.0682375431060791,Picard,0
Picard,5,124,0.22008740305894064,12.724932792677722,0.06877255439758301,Picard,0
Picard,5,125,0.1814708805879168,10.492216852097016,0.06927967071533203,Picard,0
Picard,5,126,0.16652531560085004,9.628099654266798,0.06979584693908691,Picard,0
Picard,5,127,0.18947730723053047,10.955129492805849,0.07033991813659668,Picard,0
Picard,5,128,0.2644375556387366,15.289153657112063,0.0708768367767334,Picard,0
Picard,5,129,0.1850123956367469,10.696978870977993,0.07142257690429688,Picard,0
Picard,5,130,0.1959856737170516,11.331427840553259,0.07196044921875,Picard,0
Picard,5,131,0.1632679640587976,9.439767296854946,0.07250356674194336,Picard,0
Picard,5,132,0.18982798403050055,10.975404795479012,0.0730443000793457,Picard,0
Picard,5,133,0.2596385630116462,15.011687260564472,0.07358717918395996,Picard,0
Picard,5,134,0.15793003391491417,9.131140808519607,0.0741281509399414,Picard,0
Picard,5,135,0.20991948661709853,12.137047927093873,0.07467222213745117,Picard,0
Picard,5,136,0.16069226015619867,9.290846192789616,0.07521224021911621,Picard,0
Picard,5,137,0.19010845906404197,10.991621198154647,0.07575607299804688,Picard,0
Picard,5,138,0.2511909236613399,14.523264745257498,0.07629704475402832,Picard,0
Picard,5,139,0.13505684056077136,7.808666899790527,0.07686710357666016,Picard,0
Picard,5,140,0.2238504009004832,12.942500422478854,0.07742905616760254,Picard,0
Picard,5,141,0.1578148307737741,9.124480035535157,0.0779411792755127,Picard,0
Picard,5,142,0.18913823626788187,10.93552521218059,0.0784449577331543,Picard,0
Picard,5,143,0.2397439216668596,13.861426180065287,0.07898688316345215,Picard,0
Picard,5,144,0.11927591749131568,6.896251274569748,0.07952475547790527,Picard,0
Picard,5,145,0.23699142052853447,13.702283078233256,0.08007168769836426,Picard,0
Picard,5,146,0.15475778044070101,8.947728619999712,0.08062267303466797,Picard,0
Picard,5,147,0.18782897765302528,10.859826977521413,0.08116650581359863,Picard,0
Picard,5,148,0.23018345245171867,13.30866247556307,0.08170652389526367,Picard,0
Picard,5,149,0.1161095639423523,6.713180205765209,0.08224630355834961,Picard,0
Picard,5,150,0.24980478848026533,14.443121689473356,0.08278656005859375,Picard,0
Picard,5,151,0.15204359797412714,8.790801013084529,0.08332967758178711,Picard,0
Picard,5,152,0.18683268362654368,10.80222361470955,0.08389067649841309,Picard,0
Picard,5,153,0.22165559696734505,12.8156020532214,0.08443379402160645,Picard,0
Picard,5,154,0.12665343170569698,7.322801687043312,0.08497476577758789,Picard,0
Picard,5,155,0.26307787344016537,15.210540050173435,0.08551859855651855,Picard,0
Picard,5,156,0.149581031027929,8.648421220091793,0.08605766296386719,Picard,0
Picard,5,157,0.1855387391900396,10.727410809600645,0.08661150932312012,Picard,0
Picard,5,158,0.21170405293002362,12.24022732800655,0.08714962005615234,Picard,0
Picard,5,159,0.14949447342660788,8.643416664428006,0.08769583702087402,Picard,0
Picard,5,160,0.2755687649093012,15.93273383435298,0.0882577896118164,Picard,0
Picard,5,161,0.14741073787150466,8.522940005937468,0.08877396583557129,Picard,0
Picard,5,162,0.18368028703008,10.619959503868444,0.0892791748046875,Picard,0
Picard,5,163,0.20205022773936246,11.682066001933181,0.08982110023498535,Picard,0
Picard,5,164,0.180400543333541,10.430332485076775,0.09038710594177246,Picard,0
Picard,5,165,0.28575310414694743,16.52156822712453,0.09094500541687012,Picard,0
Picard,5,166,0.1460794300942737,8.445966940890687,0.09148406982421875,Picard,0
Picard,5,167,0.18155655543624233,10.497170369071695,0.09203314781188965,Picard,0
Picard,5,168,0.19483183781292496,11.264715779209801,0.09257221221923828,Picard,0
Picard,5,169,0.21411237661511928,12.379470904012802,0.0931234359741211,Picard,0
Picard,5,170,0.29228432804305804,16.89918813620075,0.09366536140441895,Picard,0
Picard,5,171,0.14636824850595684,8.462665737945288,0.0942234992980957,Picard,0
Picard,5,172,0.17922882169309018,10.362586312786897,0.09476661682128906,Picard,0
Picard,5,173,0.1905714596716412,11.018390797562803,0.09531164169311523,Picard,0
Picard,5,174,0.2446971179384118,14.147808266401979,0.095855712890625,Picard,0
Picard,5,175,0.2916644471466027,16.86334808975908,0.09639453887939453,Picard,0
Picard,5,176,0.14934842957455366,8.634972754525194,0.09693741798400879,Picard,0
Picard,5,177,0.1765900766823224,10.210020321038423,0.09747767448425293,Picard,0
Picard,5,178,0.18907800660549295,10.93204287563896,0.09801864624023438,Picard,0
Picard,5,179,0.2659370119914379,15.375848674857208,0.0985567569732666,Picard,0
Picard,5,180,0.2795741419026236,16.164315253102853,0.09909772872924805,Picard,0
Picard,5,181,0.1561277310797099,9.026935923863466,0.09963560104370117,Picard,0
Picard,5,182,0.17361659445106578,10.038100615380262,0.10020160675048828,Picard,0
Picard,5,183,0.18931324973440122,10.945644076633164,0.10077381134033203,Picard,0
Picard,5,184,0.27472409318096125,15.88389691399492,0.10127687454223633,Picard,0
Picard,5,185,0.2550365068103194,14.745607262090747,0.1018218994140625,Picard,0
Picard,5,186,0.16693873776102955,9.652002745175999,0.10237789154052734,Picard,0
Picard,5,187,0.1703458149577381,9.84899188560386,0.10291886329650879,Picard,0
Picard,5,188,0.18986042991735158,10.977280739871285,0.10347175598144531,Picard,0
Picard,5,189,0.2732595678132469,15.799221523135111,0.10402059555053711,Picard,0
Picard,5,190,0.222459141988454,12.86206112469658,0.10456371307373047,Picard,0
Picard,5,191,0.18053395118864976,10.438045811540169,0.10510683059692383,Picard,0
Picard,5,192,0.16695179877139274,9.652757901885407,0.10565185546875,Picard,0
Picard,5,193,0.19007789384687998,10.98985398963306,0.10619997978210449,Picard,0
Picard,5,194,0.2668218648022555,15.427008770312788,0.10674810409545898,Picard,0
Picard,5,195,0.18898050949192308,10.92640582326607,0.10729312896728516,Picard,0
Picard,5,196,0.1949669892930394,11.272529917944615,0.10783505439758301,Picard,0
Picard,5,197,0.16372254098359995,9.46604985885902,0.10838103294372559,Picard,0
Picard,5,198,0.19004567811799358,10.987991352429617,0.10892224311828613,Picard,0
Picard,5,199,0.2590850482125278,14.979684344810828,0.10947108268737793,Picard,0
Picard,5,200,0.15944353335499162,9.218647764342895,0.11002016067504883,Picard,0
Picard,5,201,0.20910603873888192,12.090016295856529,0.1105642318725586,Picard,0
Picard,5,202,0.16074163588120463,9.293700980358363,0.11109709739685059,Picard,0
Picard,5,203,0.1897677832259195,10.971924127427538,0.11163616180419922,Picard,0
Picard,5,204,0.2505516610222533,14.486304092325136,0.11219310760498047,Picard,0
Picard,5,205,0.13563818177802212,7.842278673187427,0.11273694038391113,Picard,0
Picard,5,206,0.2228206065368448,12.88296014945347,0.11327195167541504,Picard,0
Picard,5,207,0.15785887038557042,9.127026301666408,0.11383223533630371,Picard,0
Picard,5,208,0.18909987583262164,10.93330730259649,0.11437129974365234,Picard,0
Picard,5,209,0.24112920534365304,13.94152000388704,0.11493539810180664,Picard,0
Picard,5,210,0.11989042762269193,6.931780796084835,0.11546945571899414,Picard,0
Picard,5,211,0.23615620871084395,13.653993107521412,0.11600756645202637,Picard,0
Picard,5,212,0.15500771032922117,8.962178974677434,0.11653637886047363,Picard,0
Picard,5,213,0.1881110997409334,10.876138608982663,0.11707139015197754,Picard,0
Picard,5,214,0.2314641207347132,13.382707684894996,0.11762642860412598,Picard,0
Picard,5,215,0.11588368491287224,6.70012041483915,0.11818075180053711,Picard,0
Picard,5,216,0.24923303755523393,14.410064404076484,0.11871552467346191,Picard,0
Picard,5,217,0.1522643363278592,8.803563582304607,0.11926126480102539,Picard,0
Picard,5,218,0.1869389988281401,10.808370508063517,0.11983609199523926,Picard,0
Picard,5,219,0.2218035835227251,12.82415828563297,0.12037801742553711,Picard,0
Picard,5,220,0.12567826419348802,7.266419809289324,0.12092399597167969,Picard,0
Picard,5,221,0.26218607629530405,15.158978449757697,0.12147784233093262,Picard,0
Picard,5,222,0.1497107094390635,8.655918918930585,0.12203001976013184,Picard,0
Picard,5,223,0.18553313225826262,10.727086630074496,0.12258005142211914,Picard,0
Picard,5,224,0.2120384735758935,12.259562738320962,0.12311816215515137,Picard,0
Picard,5,225,0.1478284883046122,8.547093347344209,0.12366104125976562,Picard,0
Picard,5,226,0.2745982084795175,15.876618558472371,0.12419605255126953,Picard,0
Picard,5,227,0.14751973445517969,8.52924193045754,0.12473535537719727,Picard,0
Picard,5,228,0.18380141490230686,10.626962830783043,0.12530136108398438,Picard,0
Picard,5,229,0.2027969857400284,11.725241782276791,0.12584137916564941,Picard,0
Picard,5,230,0.17831038404015506,10.309484421240954,0.12639117240905762,Picard,0
Picard,5,231,0.28528900237849947,16.494734961202074,0.12696218490600586,Picard,0
Picard,5,232,0.14612262516451865,8.448464377628103,0.12746715545654297,Picard,0
Picard,5,233,0.18174437877444458,10.508029869989517,0.128021240234375,Picard,0
Picard,5,234,0.1953248767503799,11.293222123762412,0.12855148315429688,Picard,0
Picard,5,235,0.21198777046443668,12.25663120440898,0.12909364700317383,Picard,0
Picard,5,236,0.292182072061952,16.893275937369108,0.12963175773620605,Picard,0
Picard,5,237,0.14627713512026075,8.457397777610524,0.1301708221435547,Picard,0
Picard,5,238,0.1793864543353078,10.371700259111279,0.13071179389953613,Picard,0
Picard,5,239,0.1906923705229523,11.025381576841648,0.1312577724456787,Picard,0
Picard,5,240,0.2428983516539743,14.043807856741676,0.13179278373718262,Picard,0
Picard,5,241,0.29191261849517347,16.877696769818634,0.13233470916748047,Picard,0
Picard,5,242,0.14906418653538975,8.618538494681713,0.1328749656677246,Picard,0
Picard,5,243,0.17674421728858394,10.21893236610797,0.1334381103515625,Picard,0
Picard,5,244,0.18905848577445605,10.930914227385815,0.13397526741027832,Picard,0
Picard,5,245,0.26493666437238667,15.318010942916079,0.13451218605041504,Picard,0
Picard,5,246,0.2806486122664254,16.226438586728815,0.1350572109222412,Picard,0
Picard,5,247,0.15557944229717532,8.995235164020963,0.13559603691101074,Picard,0
Picard,5,248,0.17381366696044073,10.049494881486483,0.13613605499267578,Picard,0
Picard,5,249,0.18929515867135818,10.944598094181776,0.13668322563171387,Picard,0
Picard,5,250,0.27459540352085077,15.876456382400391,0.13724327087402344,Picard,0
Picard,5,251,0.2569835921871422,14.858183130665289,0.13779616355895996,Picard,0
Picard,5,252,0.16614050162517288,9.605850620882258,0.13833332061767578,Picard,0
Picard,5,253,0.170575063424719,9.86224648943221,0.13887834548950195,Picard,0
Picard,5,254,0.18985743960761617,10.977107847239159,0.13941645622253418,Picard,0
Picard,5,255,0.27356931287363373,15.817130249493388,0.13995623588562012,Picard,0
Picard,5,256,0.22467496217370891,12.990174603915,0.14049530029296875,Picard,0
Picard,5,257,0.17962160931191998,10.38529636334834,0.14103937149047852,Picard,0
Picard,5,258,0.16716685761866668,9.665192095483023,0.14158034324645996,Picard,0
Picard,5,259,0.19006464861299197,10.989088181555424,0.14212250709533691,Picard,0
Picard,5,260,0.2672266880301098,15.450414691304916,0.14266037940979004,Picard,0
Picard,5,261,0.19097389940977116,11.041658910819768,0.14321136474609375,Picard,0
Picard,5,262,0.19405608531650248,11.219863605739045,0.1437544822692871,Picard,0
Picard,5,263,0.1639105447529865,9.476919791880917,0.14430475234985352,Picard,0
Picard,5,264,0.19003993889967025,10.987659524408423,0.1448535919189453,Picard,0
Picard,5,265,0.2595912936688088,15.00895425902781,0.14540481567382812,Picard,0
Picard,5,266,0.16114576023894117,9.31706649433421,0.14603567123413086,Picard,0
Picard,5,267,0.2082180241529306,12.03867339404528,0.14655661582946777,Picard,0
Picard,5,268,0.16092599516853479,9.304360198052679,0.14709162712097168,Picard,0
Picard,5,269,0.1898019219591085,10.973897948188833,0.14763569831848145,Picard,0
Picard,5,270,0.2511697948009397,14.522043124552084,0.14821577072143555,Picard,0
Picard,5,271,0.1369666143787849,7.919085502335125,0.14880681037902832,Picard,0
Picard,5,272,0.2219624485241111,12.833343484048001,0.1493666172027588,Picard,0
Picard,5,273,0.1580467114528473,9.13788682763737,0.1499156951904297,Picard,0
Picard,5,274,0.18916132578645972,10.936860193501804,0.15045881271362305,Picard,0
Picard,5,275,0.24174272627560725,13.976992332232555,0.150986909866333,Picard,0
Picard,5,276,0.12058602781295505,6.971998752899481,0.15149879455566406,Picard,0
Picard,5,277,0.2353220830180563,13.605765933981061,0.1520400047302246,Picard,0
Picard,5,278,0.1551868612344055,8.972537056042079,0.15260887145996094,Picard,0
Picard,5,279,0.1881761853040641,10.879901702213354,0.1531529426574707,Picard,0
Picard,5,280,0.23205019661933718,13.416593205554495,0.15368866920471191,Picard,0
Picard,5,281,0.11573342062269501,6.691432489192025,0.15422654151916504,Picard,0
Picard,5,282,0.2483984642557281,14.36181135097498,0.15476751327514648,Picard,0
Picard,5,283,0.15243196959399993,8.813255741037047,0.15532732009887695,Picard,0
Picard,5,284,0.18701571834839922,10.812806249162803,0.1558692455291748,Picard,0
Picard,5,285,0.22242468981984054,12.86006918184081,0.15641021728515625,Picard,0
Picard,5,286,0.12465439172732144,7.207221926361178,0.15694546699523926,Picard,0
Picard,5,287,0.26136688799128044,15.11161492068531,0.15749669075012207,Picard,0
Picard,5,288,0.1498652991522147,8.664856930297647,0.15803194046020508,Picard,0
Picard,5,289,0.1856340532408281,10.732921642449888,0.15857291221618652,Picard,0
Picard,5,290,0.21266815627796984,12.295969501966983,0.15911316871643066,Picard,0
Picard,5,291,0.14611866466348233,8.448235390830984,0.1596510410308838,Picard,0
Picard,5,292,0.27385063935134674,15.83339588065602,0.16021084785461426,Picard,0
Picard,5,293,0.14764199631444505,8.536310821819045,0.16075778007507324,Picard,0
Picard,5,294,0.18392291133736163,10.633987467128122,0.16130590438842773,Picard,0
Picard,5,295,0.20334440295828485,11.75689215033535,0.16189098358154297,Picard,0
Picard,5,296,0.17621735808674996,10.188470613906977,0.16244125366210938,Picard,0
Picard,5,297,0.28469483615948865,16.460381676554668,0.1629793643951416,Picard,0
Picard,5,298,0.14617513809993862,8.45150055127856,0.1635143756866455,Picard,0
Picard,5,299,0.18188324686554347,10.516058894375833,0.16406536102294922,Picard,0
Picard,5,300,0.19571900379603918,11.316009616813288,0.16460919380187988,Picard,0
Picard,5,301,0.2098602027561728,12.133620274554538,0.16516733169555664,Picard,0
Picard,5,302,0.29190979811773504,16.877533702269762,0.16571831703186035,Picard,0
Picard,5,303,0.1462018263368445,8.453043601976885,0.1662893295288086,Picard,0
Picard,5,304,0.1795445110185519,10.380838722484286,0.16683626174926758,Picard,0
Picard,5,305,0.19089296212181842,11.036979308374077,0.16739821434020996,Picard,0
Picard,5,306,0.24113928658970263,13.942102877675655,0.16792631149291992,Picard,0
Picard,5,307,0.29222187821498985,16.89557743493372,0.16842913627624512,Picard,0
Picard,5,308,0.14878543047308795,8.602421478855089,0.16893625259399414,Picard,0
Picard,5,309,0.17692114150752833,10.229161705743829,0.169478178024292,Picard,0
Picard,5,310,0.18909111265468506,10.932800636386867,0.17002534866333008,Picard,0
Picard,5,311,0.263891978099228,15.257609654924977,0.17056727409362793,Picard,0
Picard,5,312,0.2817462281437051,16.289900139168594,0.17110610008239746,Picard,0
Picard,5,313,0.1550407579143943,8.96408970784273,0.1716461181640625,Picard,0
Picard,5,314,0.17400965641665192,10.060826528021895,0.17218708992004395,Picard,0
Picard,5,315,0.18925677135266425,10.94237863026116,0.17276716232299805,Picard,0
Picard,5,316,0.2743432189040716,15.861875664670704,0.1733100414276123,Picard,0
Picard,5,317,0.2588128803443956,14.963948242779667,0.17393803596496582,Picard,0
Picard,5,318,0.16536264621930558,9.560876862164083,0.17447423934936523,Picard,0
Picard,5,319,0.17078867256755456,9.874596864550027,0.17501115798950195,Picard,0
Picard,5,320,0.189830274399948,10.975537219220145,0.17556524276733398,Picard,0
Picard,5,321,0.27385224762128313,15.83348886701766,0.1761031150817871,Picard,0
Picard,5,322,0.22684722175387032,13.115769512036122,0.17664122581481934,Picard,0
Picard,5,323,0.17871582034658745,10.332925788985577,0.17718935012817383,Picard,0
Picard,5,324,0.1673822008051929,9.677642728903297,0.17772340774536133,Picard,0
Picard,5,325,0.19006067580438252,10.988858483163554,0.17826223373413086,Picard,0
Picard,5,326,0.267692435591073,15.47734311305572,0.17879533767700195,Picard,0
Picard,5,327,0.19303542993858966,11.160851727240267,0.17933416366577148,Picard,0
Picard,5,328,0.1931402212696213,11.166910514004522,0.1798853874206543,Picard,0
Picard,5,329,0.16410899637969426,9.488393795287543,0.18042540550231934,Picard,0
Picard,5,330,0.19004639129314072,10.988032586528846,0.18096661567687988,Picard,0
Picard,5,331,0.26009485234470253,15.038068829961258,0.18152165412902832,Picard,0
Picard,5,332,0.1628873480527602,9.41776098014019,0.18207669258117676,Picard,0
Picard,5,333,0.2073306843165579,11.987369504657824,0.18262958526611328,Picard,0
Picard,5,334,0.1611106915173455,9.315038903844123,0.18315362930297852,Picard,0
Picard,5,335,0.18982773147485998,10.975390193309565,0.18371057510375977,Picard,0
Picard,5,336,0.2517381347578643,14.554903195845313,0.18422365188598633,Picard,0
Picard,5,337,0.13830675677799037,7.996569364316723,0.18476366996765137,Picard,0
Picard,5,338,0.2210995605791669,12.783453345155836,0.18532752990722656,Picard,0
Picard,5,339,0.15822948908947426,9.148454598031115,0.1858813762664795,Picard,0
Picard,5,340,0.18921428712667365,10.939922292856268,0.18642234802246094,Picard,0
Picard,5,341,0.24235886024081524,14.012615739976876,0.18697118759155273,Picard,0
Picard,5,342,0.12132381976189065,7.01465613735083,0.18750929832458496,Picard,0
Picard,5,343,0.23448297860816208,13.55725090280009,0.18804621696472168,Picard,0
Picard,5,344,0.15536671172763206,8.9829355859317,0.18858599662780762,Picard,0
Picard,5,345,0.18824496643080552,10.883878464186209,0.18912887573242188,Picard,0
Picard,5,346,0.23266342811511828,13.452048799385452,0.18967485427856445,Picard,0
Picard,5,347,0.11563851833133455,6.685945463298456,0.1902179718017578,Picard,0
Picard,5,348,0.24757044732810093,14.31393737177939,0.19077396392822266,Picard,0
Picard,5,349,0.15260241078581493,8.823110247386822,0.19134211540222168,Picard,0
Picard,5,350,0.18709475667470535,10.81737605814011,0.1918783187866211,Picard,0
Picard,5,351,0.2230408911673499,12.895696485470333,0.19241833686828613,Picard,0
Picard,5,352,0.12368305302046265,7.151061421071402,0.19295549392700195,Picard,0
Picard,5,353,0.2605483451898222,15.064288713043627,0.1934976577758789,Picard,0
Picard,5,354,0.15002104396801474,8.673861726966237,0.1940455436706543,Picard,0
Picard,5,355,0.1857311456975048,10.738535298518864,0.19461846351623535,Picard,0
Picard,5,356,0.21328691607664535,12.331744729188179,0.1951735019683838,Picard,0
Picard,5,357,0.1444467502720841,8.35156925742236,0.19572854042053223,Picard,0
Picard,5,358,0.27308958837626324,15.78939371435691,0.19626259803771973,Picard,0
Picard,5,359,0.14776682844669772,8.543528320281947,0.19681477546691895,Picard,0
Picard,5,360,0.1840418778506116,10.640865829381683,0.1973733901977539,Picard,0
Picard,5,361,0.2039009223789642,11.789068786197005,0.19791650772094727,Picard,0
Picard,5,362,0.17413985060436024,10.068354047841565,0.1984233856201172,Picard,0
Picard,5,363,0.28408626215803734,16.425195368023576,0.19898629188537598,Picard,0
Picard,5,364,0.14623350312011174,8.454875078620079,0.19957542419433594,Picard,0
Picard,5,365,0.18202209673083508,10.524086864989103,0.20008420944213867,Picard,0
Picard,5,366,0.19612941169975162,11.339738430547012,0.2006242275238037,Picard,0
Picard,5,367,0.20772392112340277,12.010105526207264,0.2011730670928955,Picard,0
Picard,5,368,0.29161512610623486,16.86049646392669,0.20171284675598145,Picard,0
Picard,5,369,0.1461365724965407,8.449270779358283,0.20224976539611816,Picard,0
Picard,5,370,0.17970190099071479,10.389938638200398,0.20278668403625488,Picard,0
Picard,5,371,0.1911057338497998,11.049281266146826,0.20332670211791992,Picard,0
Picard,5,372,0.23934321248976842,13.838258123752091,0.20386290550231934,Picard,0
Picard,5,373,0.292485879336624,16.910841355009538,0.20440387725830078,Picard,0
Picard,5,374,0.14852188955792187,8.587184166828143,0.20494675636291504,Picard,0
Picard,5,375,0.17709632977645903,10.239290676858145,0.20550751686096191,Picard,0
Picard,5,376,0.18913023578347282,10.935062643105763,0.2060546875,Picard,0
Picard,5,377,0.2627941390461751,15.19413519899015,0.20659375190734863,Picard,0
Picard,5,378,0.2827882091300925,16.350145013880834,0.20713353157043457,Picard,0
Picard,5,379,0.15451939144065277,8.933945532181118,0.2076735496520996,Picard,0
Picard,5,380,0.17420404618878838,10.072065684609871,0.20821166038513184,Picard,0
Picard,5,381,0.18921971471377783,10.940236103097869,0.20879554748535156,Picard,0
Picard,5,382,0.2740469744188289,15.844747509617209,0.20933079719543457,Picard,0
Picard,5,383,0.26060517289072815,15.067574356223293,0.20990681648254395,Picard,0
Picard,5,384,0.16459733442439564,9.516628345346133,0.21044301986694336,Picard,0
Picard,5,385,0.17100178193090332,9.886918343600678,0.21098923683166504,Picard,0
Picard,5,386,0.1898021407087272,10.9739105957741,0.21155047416687012,Picard,0
Picard,5,387,0.2741140156750435,15.848623676393728,0.21209144592285156,Picard,0
Picard,5,388,0.2290147815797374,13.241092691486244,0.21262860298156738,Picard,0
Picard,5,389,0.17781389990191807,10.280778883332435,0.21317052841186523,Picard,0
Picard,5,390,0.16759835722231436,9.690140381392023,0.21371054649353027,Picard,0
Picard,5,391,0.19005581094140034,10.988577208298963,0.2142333984375,Picard,0
Picard,5,392,0.2681523975752029,15.503937026445998,0.21474123001098633,Picard,0
Picard,5,393,0.19511256031154994,11.280946489730924,0.21530842781066895,Picard,0
Picard,5,394,0.19222302305477626,11.113880283835732,0.21585559844970703,Picard,0
Picard,5,395,0.1643084739064697,9.499927113808218,0.2163996696472168,Picard,0
Picard,5,396,0.19005169535324945,10.988339254731905,0.21693634986877441,Picard,0
Picard,5,397,0.2605946978534663,15.066968714358719,0.21747541427612305,Picard,0
Picard,5,398,0.16465027699660317,9.519689359578882,0.21801352500915527,Picard,0
Picard,5,399,0.20644158797030954,11.935964058026261,0.21857118606567383,Picard,0
Picard,5,400,0.1612957124900068,9.325736378618362,0.21910905838012695,Picard,0
Picard,5,401,0.18985182659744523,10.976783316274656,0.21966099739074707,Picard,0
Picard,5,402,0.2523029083834454,14.587557070300234,0.22020506858825684,Picard,0
Picard,5,403,0.13967711652191184,8.075800321658347,0.22076988220214844,Picard,0
Picard,5,404,0.22023511872091947,12.733473362673921,0.22130393981933594,Picard,0
Picard,5,405,0.15841238688269527,9.159029315594768,0.2218620777130127,Picard,0
Picard,5,406,0.18926600378101546,10.942912427419243,0.2224140167236328,Picard,0
Picard,5,407,0.24297439982526045,14.048204782032139,0.22295522689819336,Picard,0
Picard,5,408,0.12210806489765745,7.059999335130052,0.22349023818969727,Picard,0
Picard,5,409,0.23364276120258343,13.508671520842627,0.22404122352600098,Picard,0
Picard,5,410,0.15554702708720428,8.993360993293292,0.22458624839782715,Picard,0
Picard,5,411,0.18831309574113775,10.887817539676854,0.2251293659210205,Picard,0
Picard,5,412,0.23327655568745487,13.487498384608788,0.22566628456115723,Picard,0
Picard,5,413,0.11560054263347921,6.683749798320598,0.22621631622314453,Picard,0
Picard,5,414,0.2467420844680894,14.26604339159201,0.22675228118896484,Picard,0
Picard,5,415,0.15277352390992338,8.83300360327163,0.22728896141052246,Picard,0
Picard,5,416,0.18717282712077177,10.821889906572515,0.22782468795776367,Picard,0
Picard,5,417,0.22365601490935108,12.931261484499602,0.22836971282958984,Picard,0
Picard,5,418,0.12276418896714046,7.097934876064185,0.22891545295715332,Picard,0
Picard,5,419,0.2597281474463258,15.016866820569835,0.22946619987487793,Picard,0
Picard,5,420,0.15017800459355235,8.682936818876554,0.23000741004943848,Picard,0
Picard,5,421,0.18582689290504223,10.744071175466233,0.23055648803710938,Picard,0
Picard,5,422,0.21390723123691424,12.367609883735833,0.2311244010925293,Picard,0
Picard,5,423,0.14281123203858553,8.25700746372945,0.23167133331298828,Picard,0
Picard,5,424,0.27232266474853506,15.745052005179922,0.2323002815246582,Picard,0
Picard,5,425,0.14789448047235143,8.550908858307823,0.23283934593200684,Picard,0
Picard,5,426,0.18415955826199087,10.64766983226873,0.23337554931640625,Picard,0
Picard,5,427,0.2044641039368156,11.821630611063535,0.23392271995544434,Picard,0
Picard,5,428,0.17207831751353883,9.94916108329212,0.2344658374786377,Picard,0
Picard,5,429,0.28346423718618113,16.38923135621633,0.2350161075592041,Picard,0
Picard,5,430,0.14629755972340203,8.458578679827903,0.23555231094360352,Picard,0
Picard,5,431,0.18215972173803197,10.532044017206047,0.23610734939575195,Picard,0
Picard,5,432,0.19655107613236342,11.364118070142334,0.23664116859436035,Picard,0
Picard,5,433,0.20557990152514832,11.886143387008113,0.2371830940246582,Picard,0
Picard,5,434,0.29129374916435075,16.8419152097079,0.23771905899047852,Picard,0
Picard,5,435,0.14608131142583472,8.446075715029242,0.23827123641967773,Picard,0
Picard,5,436,0.17985811320080744,10.398970458500864,0.23883533477783203,Picard,0
Picard,5,437,0.1913313060368272,11.062323316168435,0.23938226699829102,Picard,0
Picard,5,438,0.23751342362620298,13.732464061983709,0.23993611335754395,Picard,0
Picard,5,439,0.2927064479596156,16.92359411079988,0.24049019813537598,Picard,0
Picard,5,440,0.14827317909010115,8.57280431616942,0.24098849296569824,Picard,0
Picard,5,441,0.1772703853609438,10.249354158838374,0.24150443077087402,Picard,0
Picard,5,442,0.18917800104437485,10.937824317451296,0.24204134941101074,Picard,0
Picard,5,443,0.2616451191750483,15.127701589277265,0.24257755279541016,Picard,0
Picard,5,444,0.28377789555584215,16.40736634085572,0.2431647777557373,Picard,0
Picard,5,445,0.1540150563714934,8.904786072026441,0.24370193481445312,Picard,0
Picard,5,446,0.17439715246932908,10.083230632751253,0.2442622184753418,Picard,0
Picard,5,447,0.18918434025403918,10.938190835551907,0.24480628967285156,Picard,0
Picard,5,448,0.27370381906850605,15.824907079362612,0.24534320831298828,Picard,0
Picard,5,449,0.262357782414106,15.168906091192321,0.24592924118041992,Picard,0
Picard,5,450,0.16384513449461488,9.473137925539808,0.24643230438232422,Picard,0
Picard,5,451,0.1712139705693853,9.899186588518495,0.24695754051208496,Picard,0
Picard,5,452,0.18977229597961082,10.972185044166224,0.24749374389648438,Picard,0
Picard,5,453,0.2743516907658105,15.862365487667196,0.2480628490447998,Picard,0
Picard,5,454,0.23117354874632778,13.365907500185429,0.24862074851989746,Picard,0
Picard,5,455,0.17691656274534975,10.228896972550624,0.2491617202758789,Picard,0
Picard,5,456,0.16781502766252313,9.702667753479185,0.24970769882202148,Picard,0
Picard,5,457,0.19004994534009534,10.988238073112862,0.2502448558807373,Picard,0
Picard,5,458,0.26860745856849766,15.530247576144717,0.25079774856567383,Picard,0
Picard,5,459,0.19720524311745077,11.401940457088289,0.25133776664733887,Picard,0
Picard,5,460,0.19130456350410868,11.06077712621472,0.2518746852874756,Picard,0
Picard,5,461,0.1645092151365261,9.511533496661958,0.2524147033691406,Picard,0
Picard,5,462,0.19005634821983286,10.988608272466424,0.2529475688934326,Picard,0
Picard,5,463,0.2610919602540767,15.09571924955586,0.2534925937652588,Picard,0
Picard,5,464,0.166435346802629,9.622897871271093,0.2540297508239746,Picard,0
Picard,5,465,0.20555074926351505,11.884457872231339,0.2545785903930664,Picard,0
Picard,5,466,0.16148123371541287,9.336462776822422,0.2551565170288086,Picard,0
Picard,5,467,0.18987425392166155,10.978080011085016,0.25570154190063477,Picard,0
Picard,5,468,0.25286291249251547,14.619935182597882,0.2562375068664551,Picard,0
Picard,5,469,0.14107655479934533,8.156712530991259,0.2567775249481201,Picard,0
Picard,5,470,0.21936912061449454,12.683403401605352,0.25733256340026855,Picard,0
Picard,5,471,0.1585952709186606,9.169603237746458,0.2578763961791992,Picard,0
Picard,5,472,0.18931615541700633,10.94581207632489,0.25841331481933594,Picard,0
Picard,5,473,0.24358857369108033,14.083714861468554,0.25896739959716797,Picard,0
Picard,5,474,0.1229374727157692,7.107953732321821,0.2595393657684326,Picard,0
Picard,5,475,0.23280119561060683,13.460014189938212,0.26007533073425293,Picard,0
Picard,5,476,0.1557277255178778,9.003808548919396,0.26062440872192383,Picard,0
Picard,5,477,0.18838056696801556,10.891718566339565,0.2611663341522217,Picard,0
Picard,5,478,0.2338903493269561,13.52298648025929,0.2617044448852539,Picard,0
Picard,5,479,0.11561917472558264,6.684827061791872,0.2622416019439697,Picard,0
Picard,5,480,0.24591344889662534,14.218133643873834,0.26278042793273926,Picard,0
Picard,5,481,0.15294535021170802,8.842938193401888,0.2633073329925537,Picard,0
Picard,5,482,0.1872501041689122,10.82635788261447,0.2638077735900879,Picard,0
Picard,5,483,0.22427031834690947,12.966779055467295,0.2643775939941406,Picard,0
Picard,5,484,0.12189846241643539,7.047880615704684,0.2649214267730713,Picard,0
Picard,5,485,0.2589066608996151,14.969370412544235,0.26549744606018066,Picard,0
Picard,5,486,0.1503361373490083,8.69207968056482,0.26604151725769043,Picard,0
Picard,5,487,0.18592128564091492,10.7495287400674,0.26657748222351074,Picard,0
Picard,5,488,0.21452846562587083,12.40352818591079,0.2671213150024414,Picard,0
Picard,5,489,0.1412133809754107,8.164623496682669,0.26766228675842285,Picard,0
Picard,5,490,0.2715500821153695,15.70038310570098,0.26819443702697754,Picard,0
Picard,5,491,0.1480248034745264,8.558443825875104,0.2687523365020752,Picard,0
Picard,5,492,0.18427588256438004,10.654395428143298,0.26929736137390137,Picard,0
Picard,5,493,0.2050335132135628,11.854552507898289,0.2698373794555664,Picard,0
Picard,5,494,0.1700341716998914,9.830973409960672,0.2703986167907715,Picard,0
Picard,5,495,0.2828292664743401,16.35251885236016,0.27095842361450195,Picard,0
Picard,5,496,0.1463670816236398,8.462598271571226,0.271484375,Picard,0
Picard,5,497,0.18229613433744143,10.539931070873973,0.2719864845275879,Picard,0
Picard,5,498,0.19698389738672786,11.389142770768,0.2725026607513428,Picard,0
Picard,5,499,0.20342981045211364,11.76183020950574,0.2730536460876465,Picard,0
Picard,5,500,0.29094681083446805,16.82185605652784,0.2735915184020996,Picard,0
GlobalAndersonSolver,10,0,1.0,57.81763343025095,0.0,initial,0
GlobalAndersonSolver,10,1,0.26526225887283933,15.336836046390157,0.0005948543548583984,AA,0
GlobalAndersonSolver,10,2,0.27808449168729354,16.078187203013606,0.0012531280517578125,AA,1
GlobalAndersonSolver,10,3,0.3515596443447439,20.326346645593798,0.0022363662719726562,AA,2
GlobalAndersonSolver,10,4,0.30973481913474366,17.908134233317686,0.0032982826232910156,AA,3
GlobalAndersonSolver,10,5,0.30579121724192826,17.68012450468404,0.004485130310058594,AA,4
GlobalAndersonSolver,10,6,0.2941751188048569,17.00850918335974,0.005652427673339844,AA,5
GlobalAndersonSolver,10,7,0.44362737905330313,25.64948518172687,0.007149696350097656,AA,6
GlobalAndersonSolver,10,8,0.3287849065903967,19.009565206642858,0.00879359245300293,AA,7
GlobalAndersonSolver,10,9,0.32535012115812034,18.810974041607935,0.011083602905273438,AA,8
GlobalAndersonSolver,10,10,0.3298538377316102,19.071368275527718,0.014243364334106445,KM,9
GlobalAndersonSolver,10,11,0.31885947601956954,18.435700300261367,0.01538848876953125,KM,0
GlobalAndersonSolver,10,12,0.19375883834551397,11.202677489332178,0.015964508056640625,AA,0
GlobalAndersonSolver,10,13,0.10284888218588793,5.946478968934736,0.01715254783630371,KM,1
GlobalAndersonSolver,10,14,0.12214400347894659,7.062077218849031,0.018259763717651367,KM,0
GlobalAndersonSolver,10,15,0.11105742308708888,6.421077377757594,0.01934981346130371,KM,0
GlobalAndersonSolver,10,16,0.10476660589435777,6.057357215331546,0.020769834518432617,KM,0
GlobalAndersonSolver,10,17,0.10901455510058343,6.302963585367427,0.022041797637939453,KM,0
GlobalAndersonSolver,10,18,0.13505395485613556,7.808500055177706,0.023601770401000977,KM,0
GlobalAndersonSolver,10,19,0.15248643285517127,8.816404677906867,0.024817705154418945,KM,0
GlobalAndersonSolver,10,20,0.14383871209055696,8.316413928731228,0.025945663452148438,KM,0
GlobalAndersonSolver,10,21,0.11292945936715398,6.529314085166528,0.027057886123657227,KM,0
GlobalAndersonSolver,10,22,0.09596559391532089,5.5485035309123445,0.027643918991088867,AA,0
GlobalAndersonSolver,10,23,0.09927202394646663,5.7396734904159015,0.02831101417541504,AA,1
GlobalAndersonSolver,10,24,0.06698074007752573,3.8726678766893015,0.029322147369384766,AA,2
GlobalAndersonSolver,10,25,0.07316364095713711,4.230148573282248,0.030987262725830078,KM,3
GlobalAndersonSolver,10,26,0.06988838649834342,4.04078111159292,0.03214240074157715,KM,0
GlobalAndersonSolver,10,27,0.06725116826669199,3.8883033945997227,0.03330373764038086,KM,0
GlobalAndersonSolver,10,28,0.05429786752654654,3.1393742006941947,0.033873796463012695,AA,0
GlobalAndersonSolver,10,29,0.06376022773742945,3.686465474752015,0.03454279899597168,AA,1
GlobalAndersonSolver,10,30,0.04790263698237505,2.7696171053893432,0.03554177284240723,AA,2
GlobalAndersonSolver,10,31,0.052729558416574715,3.0486982794685207,0.03676247596740723,AA,3
GlobalAndersonSolver,10,32,0.05288057992148892,3.0574299854797347,0.037969350814819336,AA,4
GlobalAndersonSolver,10,33,0.01882121199358608,1.0881979357582026,0.03917241096496582,AA,5
GlobalAndersonSolver,10,34,0.017742129885093702,1.025807961968248,0.040584564208984375,AA,6
GlobalAndersonSolver,10,35,0.01806923676436029,1.044720507606197,0.04215574264526367,AA,7
GlobalAndersonSolver,10,36,0.01819056995026648,1.0517357052718457,0.04388689994812012,AA,8
GlobalAndersonSolver,10,37,0.010723884383055741,0.6200296162079098,0.04626965522766113,AA,9
GlobalAndersonSolver,10,38,0.014832795014989915,0.8575971049227405,0.04891657829284668,AA,10
GlobalAndersonSolver,10,39,0.006690981944133203,0.3868567413343214,0.05127143859863281,AA,10
GlobalAndersonSolver,10,40,0.002757430942109993,0.15942813142014708,0.0536952018737793,AA,10
GlobalAndersonSolver,10,41,0.0011902599169590928,0.06881801156546176,0.05597400665283203,AA,10
GlobalAndersonSolver,10,42,0.00025994677154479105,0.015029507148553918,0.05844902992248535,AA,10
GlobalAndersonSolver,10,43,0.00032399009195740384,0.018732340371826472,0.060784101486206055,AA,10
GlobalAndersonSolver,10,44,7.58194046480991e-05,0.004383698544843659,0.06302118301391602,AA,10
GlobalAndersonSolver,10,45,8.955078954977315e-06,0.0005177614723578331,0.0652470588684082,AA,10
GlobalAndersonSolver,10,46,8.650545008366937e-06,0.0005001540402656467,0.06771636009216309,AA,10
GlobalAndersonSolver,10,47,6.652118174304266e-06,0.00038460973013663426,0.07020330429077148,AA,10
GlobalAndersonSolver,10,48,1.8904212130960734e-06,0.00010929968072755909,0.07248902320861816,AA,10
GlobalAndersonSolver,10,49,4.84481311538594e-07,2.8011562874345637e-05,0.07476687431335449,AA,10
GlobalAndersonSolver,10,50,1.739546233231971e-07,1.0057644644797992e-05,0.07720088958740234,AA,10
GlobalAndersonSolver,10,51,1.3261283225522243e-07,7.66736012347981e-06,0.07956075668334961,AA,10
GlobalAndersonSolver,10,52,2.8654426063728443e-08,1.6567311023068797e-06,0.08190679550170898,AA,10
GlobalAndersonSolver,10,53,1.5880388951603964e-08,9.181665071336452e-07,0.08417963981628418,AA,10
GlobalAndersonSolver,10,54,8.45706476792089e-09,4.889674706475403e-07,0.08672761917114258,AA,10
GlobalAndersonSolver,10,55,2.202370798486405e-09,1.2733586750437606e-07,0.08931779861450195,AA,10
GlobalAndersonSolver,10,56,7.764671563577292e-10,4.489349341692054e-08,0.09164166450500488,AA,10
GlobalAndersonSolver,10,57,1.9237075376406238e-10,1.1122421723831627e-08,0.09394264221191406,AA,10
GlobalAndersonSolver,10,58,5.986821121862318e-11,3.4614382903631927e-09,0.09623980522155762,AA,10
GlobalAndersonSolver eta=1e-10,10,0,1.0,57.81763343025095,0.0,initial,0
GlobalAndersonSolver eta=1e-10,10,1,0.26526225887283933,15.336836046390157,0.0006716251373291016,AA,0
GlobalAndersonSolver eta=1e-10,10,2,0.27808449168729354,16.078187203013606,0.0013966560363769531,AA,1
GlobalAndersonSolver eta=1e-10,10,3,0.35155964442309856,20.32634665012408,0.002196788787841797,AA,2
GlobalAndersonSolver eta=1e-10,10,4,0.3097348198791741,17.908134276358894,0.0029337406158447266,AA,3
GlobalAndersonSolver eta=1e-10,10,5,0.3057912180765437,17.68012455293953,0.0036728382110595703,AA,4
GlobalAndersonSolver eta=1e-10,10,6,0.29417511715512396,17.008509087976083,0.004500627517700195,AA,5
GlobalAndersonSolver eta=1e-10,10,7,0.4436273839642521,25.649485465666316,0.005270719528198242,AA,6
GlobalAndersonSolver eta=1e-10,10,8,0.3287848942070382,19.009564490666374,0.006088972091674805,AA,7
GlobalAndersonSolver eta=1e-10,10,9,0.3253500388541268,18.810969282985806,0.0069272518157958984,AA,8
GlobalAndersonSolver eta=1e-10,10,10,0.3298539201920663,19.07137304319614,0.008669376373291016,KM,9
GlobalAndersonSolver eta=1e-10,10,11,0.3188596667822563,18.43571132970846,0.010026216506958008,KM,0
GlobalAndersonSolver eta=1e-10,10,12,0.19375861113749765,11.202664352702378,0.010630369186401367,AA,0
GlobalAndersonSolver eta=1e-10,10,13,0.10284896642768233,5.946483839595924,0.011811494827270508,KM,1
GlobalAndersonSolver eta=1e-10,10,14,0.12214399323249098,7.062076626423216,0.012953519821166992,KM,0
GlobalAndersonSolver eta=1e-10,10,15,0.11105743512065594,6.421078073509963,0.014092445373535156,KM,0
GlobalAndersonSolver eta=1e-10,10,16,0.10476659745173035,6.057356727198809,0.015210390090942383,KM,0
GlobalAndersonSolver eta=1e-10,10,17,0.10901456532992651,6.302964176803835,0.016390562057495117,KM,0
GlobalAndersonSolver eta=1e-10,10,18,0.1350539777683153,7.8085013799057155,0.017499685287475586,KM,0
GlobalAndersonSolver eta=1e-10,10,19,0.1524864379219142,8.816404970853952,0.01858067512512207,KM,0
GlobalAndersonSolver eta=1e-10,10,20,0.1438386919753844,8.316412765719555,0.019676685333251953,KM,0
GlobalAndersonSolver eta=1e-10,10,21,0.11292942612106535,6.529312162956363,0.020816802978515625,KM,0
GlobalAndersonSolver eta=1e-10,10,22,0.09596555448581755,5.548501251191774,0.021414756774902344,AA,0
GlobalAndersonSolver eta=1e-10,10,23,0.09927200096530076,5.739672161699278,0.022066831588745117,AA,1
GlobalAndersonSolver eta=1e-10,10,24,0.0669807396838496,3.8726678539278794,0.02283477783203125,AA,2
GlobalAndersonSolver eta=1e-10,10,25,0.07316364191807165,4.230148628841209,0.024310827255249023,KM,3
GlobalAndersonSolver eta=1e-10,10,26,0.06988838369979361,4.0407809497873926,0.0254518985748291,KM,0
GlobalAndersonSolver eta=1e-10,10,27,0.06725115833121888,3.88830282015418,0.026554584503173828,KM,0
GlobalAndersonSolver eta=1e-10,10,28,0.05429784561486146,3.1393729338124188,0.02717280387878418,AA,0
GlobalAndersonSolver eta=1e-10,10,29,0.063760242352282,3.6864663197482024,0.027875900268554688,AA,1
GlobalAndersonSolver eta=1e-10,10,30,0.04790262556238121,2.7696164451123253,0.02861475944519043,AA,2
GlobalAndersonSolver eta=1e-10,10,31,0.052729560004412514,3.0486983712735443,0.02938556671142578,AA,3
GlobalAndersonSolver eta=1e-10,10,32,0.052880584271864865,3.0574302370081767,0.03013134002685547,AA,4
GlobalAndersonSolver eta=1e-10,10,33,0.01882120949843002,1.0881977914941843,0.030887126922607422,AA,5
GlobalAndersonSolver eta=1e-10,10,34,0.017742108542155594,1.0258067279700762,0.0316469669342041,AA,6
GlobalAndersonSolver eta=1e-10,10,35,0.018069220385722604,1.0447195606321271,0.0324101448059082,AA,7
GlobalAndersonSolver eta=1e-10,10,36,0.018190562783050097,1.051735290880356,0.03323006629943848,AA,8
GlobalAndersonSolver eta=1e-10,10,37,0.010723892794465254,0.6200301025357016,0.0343780517578125,AA,9
GlobalAndersonSolver eta=1e-10,10,38,0.014832744984098815,0.8575942122550188,0.03553295135498047,AA,10
GlobalAndersonSolver eta=1e-10,10,39,0.006690940525412318,0.3868543466019001,0.03649497032165527,AA,10
GlobalAndersonSolver eta=1e-10,10,40,0.0027574286165477505,0.15942799696164184,0.0376129150390625,AA,10
GlobalAndersonSolver eta=1e-10,10,41,0.0011902572546342019,0.06881785763613715,0.0387418270111084,AA,10
GlobalAndersonSolver eta=1e-10,10,42,0.00025994582218036245,0.015029452258549392,0.03995084762573242,AA,10
GlobalAndersonSolver eta=1e-10,10,43,0.00032398981937336024,0.01873232461166216,0.04111456871032715,AA,10
GlobalAndersonSolver eta=1e-10,10,44,7.581940192039421e-05,0.004383698387134217,0.04229259490966797,AA,10
GlobalAndersonSolver eta=1e-10,10,45,8.955109906233933e-06,0.0005177632618862425,0.043326616287231445,AA,10
GlobalAndersonSolver eta=1e-10,10,46,8.650412739473667e-06,0.0005001463927912614,0.04439353942871094,AA,10
GlobalAndersonSolver eta=1e-10,10,47,6.651985806633426e-06,0.0003846020769511636,0.04531741142272949,AA,10
GlobalAndersonSolver eta=1e-10,10,48,1.8903828056036106e-06,0.00010929746009723891,0.04639911651611328,AA,10
GlobalAndersonSolver eta=1e-10,10,49,4.844756496505568e-07,2.801123551737858e-05,0.04754233360290527,AA,10
GlobalAndersonSolver eta=1e-10,10,50,1.7395972762812e-07,1.005793976362894e-05,0.048612117767333984,AA,10
GlobalAndersonSolver eta=1e-10,10,51,1.3261615966764516e-07,7.667552506591539e-06,0.04968619346618652,AA,10
GlobalAndersonSolver eta=1e-10,10,52,2.8654374232259226e-08,1.6567281055339924e-06,0.050627946853637695,AA,10
GlobalAndersonSolver eta=1e-10,10,53,1.58805245906741e-08,9.181743494636812e-07,0.05151987075805664,AA,10
GlobalAndersonSolver eta=1e-10,10,54,8.457460007485657e-09,4.889903224638132e-07,0.05246615409851074,AA,10
GlobalAndersonSolver eta=1e-10,10,55,2.2024546342732e-09,1.273407146911653e-07,0.05348038673400879,AA,10
GlobalAndersonSolver eta=1e-10,10,56,7.763564904780267e-10,4.488709497765466e-08,0.05437421798706055,AA,10
GlobalAndersonSolver eta=1e-10,10,57,1.928691489602832e-10,1.115123775459012e-08,0.05528712272644043,AA,10
GlobalAndersonSolver eta=1e-10,10,58,6.018452096831011e-11,3.4797265715210062e-09,0.056176185607910156,AA,10
AA_pure,10,0,1.0,57.81763343025095,0.0,initial,0
AA_pure,10,1,0.26526225887283933,15.336836046390157,0.0007381439208984375,AA,1
AA_pure,10,2,0.27808449168729354,16.078187203013606,0.0014219284057617188,AA,2
AA_pure,10,3,0.3515596443447438,20.326346645593794,0.002446889877319336,AA,3
AA_pure,10,4,0.3097348191347437,17.90813423331769,0.0035026073455810547,AA,4
AA_pure,10,5,0.3057912172419734,17.680124504686653,0.0046634674072265625,AA,5
AA_pure,10,6,0.2941751188048448,17.008509183359042,0.005948543548583984,AA,6
AA_pure,10,7,0.4436273790563146,25.649485181900985,0.007359743118286133,AA,7
AA_pure,10,8,0.3287849065774772,19.009565205895882,0.00897979736328125,AA,8
AA_pure,10,9,0.3253501211508356,18.81097404118675,0.011066913604736328,AA,9
AA_pure,10,10,0.7243156627758567,41.87821747816375,0.013200998306274414,AA,10
AA_pure,10,11,0.9057438357458373,52.36796507686225,0.015759944915771484,AA,10
AA_pure,10,12,0.8847642077343948,51.15497263499364,0.018734216690063477,AA,10
AA_pure,10,13,0.9740365153335376,56.31648619123349,0.021328210830688477,AA,10
AA_pure,10,14,0.14144493497931676,8.178011401199816,0.023906230926513672,AA,10
AA_pure,10,15,0.1039240315802748,6.008641562502151,0.02644634246826172,AA,10
AA_pure,10,16,0.11800957759283964,6.823034498521559,0.02874612808227539,AA,10
AA_pure,10,17,0.14663484173035193,8.478079527268353,0.031176090240478516,AA,10
AA_pure,10,18,0.12900383566937576,7.4586964818283,0.0337672233581543,AA,10
AA_pure,10,19,0.09819508280384906,5.677407302206084,0.03630542755126953,AA,10
AA_pure,10,20,0.09284283906317921,5.367953235578679,0.03885340690612793,AA,10
AA_pure,10,21,0.11498078997496364,6.647917166293121,0.04143953323364258,AA,10
AA_pure,10,22,0.11942261095891696,6.9047327437061305,0.043909549713134766,AA,10
AA_pure,10,23,0.12189416748851718,7.0476322931367,0.04644060134887695,AA,10
AA_pure,10,24,0.1254096817581184,7.250891008495319,0.04894137382507324,AA,10
AA_pure,10,25,0.12005843112858845,6.941494361203757,0.05121636390686035,AA,10
AA_pure,10,26,0.19651604361917427,11.362092573136625,0.0534672737121582,AA,10
AA_pure,10,27,0.07325887667805756,4.235654877283892,0.05569028854370117,AA,10
AA_pure,10,28,0.07325096319124401,4.235197338204151,0.05790448188781738,AA,10
AA_pure,10,29,0.07531617620032334,4.354603066918486,0.06018853187561035,AA,10
AA_pure,10,30,0.09643687288501374,5.575751765625432,0.062407732009887695,AA,10
AA_pure,10,31,0.08950629911289024,5.175042391807484,0.06507992744445801,AA,10
AA_pure,10,32,0.06802998165387966,3.9333325415307114,0.06752395629882812,AA,10
AA_pure,10,33,0.0618889105620063,3.5782703442716666,0.07008504867553711,AA,10
AA_pure,10,34,0.06166550612490393,3.5653536284205902,0.07252287864685059,AA,10
AA_pure,10,35,0.059104588284910387,3.4172874195028533,0.07501673698425293,AA,10
AA_pure,10,36,0.053124049929719606,3.0715068451668768,0.07727169990539551,AA,10
AA_pure,10,37,0.03860921688829906,2.2322935490767293,0.07973361015319824,AA,10
AA_pure,10,38,0.04994742047798021,2.8878416479824693,0.08209776878356934,AA,10
AA_pure,10,39,0.05171016546647371,2.9897593915581986,0.08462953567504883,AA,10
AA_pure,10,40,0.051675462161246404,2.987752928577748,0.08682465553283691,AA,10
AA_pure,10,41,0.06877216242113453,3.976243677070836,0.0891118049621582,AA,10
AA_pure,10,42,0.06031509013594117,3.4872757717923917,0.09151268005371094,AA,10
AA_pure,10,43,0.05255064854924642,3.038354134342278,0.09386563301086426,AA,10
AA_pure,10,44,0.033562477615462306,1.9405030277818025,0.0962057113647461,AA,10
AA_pure,10,45,0.01902241784551158,1.0998311819488527,0.0985567569732666,AA,10
AA_pure,10,46,0.003699800182133878,0.21391369069579225,0.10084295272827148,AA,10
AA_pure,10,47,0.002987098924470877,0.17270699063495404,0.10319995880126953,AA,10
AA_pure,10,48,0.0016339347228284196,0.09447023885345225,0.10541486740112305,AA,10
AA_pure,10,49,0.0012805042171325177,0.07403572343205837,0.10762381553649902,AA,10
AA_pure,10,50,0.0009078918753827467,0.05249215964518273,0.10994672775268555,AA,10
AA_pure,10,51,0.000109374498462375,0.006323774658715144,0.11229896545410156,AA,10
AA_pure,10,52,0.00011964375039504042,0.00691751850256089,0.11455893516540527,AA,10
AA_pure,10,53,4.4520505075833784e-05,0.0025740702426041845,0.11684107780456543,AA,10
AA_pure,10,54,6.878434385212544e-05,0.003976947978582525,0.11906027793884277,AA,10
AA_pure,10,55,2.3367688420668383e-05,0.0013510644432185243,0.12140727043151855,AA,10
AA_pure,10,56,9.98011444249252e-06,0.0005770265984279859,0.12368226051330566,AA,10
AA_pure,10,57,1.0084335553355296e-05,0.0005830524164115434,0.1258845329284668,AA,10
AA_pure,10,58,1.077007978362467e-05,0.0006227005249441677,0.1281275749206543,AA,10
AA_pure,10,59,6.180549568154256e-06,0.0003573447493290386,0.1303396224975586,AA,10
AA_pure,10,60,1.2274098257056876e-06,7.096593137133965e-05,0.13275671005249023,AA,10
AA_pure,10,61,3.9394399237302666e-07,2.2776909343073233e-05,0.1351330280303955,AA,10
AA_pure,10,62,3.228048001827178e-07,1.8663809606489784e-05,0.13748526573181152,AA,10
AA_pure,10,63,1.9098239213284163e-07,1.104214993996908e-05,0.13994121551513672,AA,10
AA_pure,10,64,1.8165623604733056e-08,1.0502933666103696e-06,0.14223432540893555,AA,10
AA_pure,10,65,7.81657226973266e-09,4.519357101724676e-07,0.1445474624633789,AA,10
AA_pure,10,66,1.712216228131281e-09,9.899629023142134e-08,0.14677643775939941,AA,10
AA_pure,10,67,7.815747245655597e-10,4.518880092328088e-08,0.14898037910461426,AA,10
AA_pure,10,68,9.547503716869206e-11,5.520140700759022e-09,0.15134763717651367,AA,10
FAA cs=0.1,10,0,1.0,57.81763343025095,0.0,initial,0
FAA cs=0.1,10,1,0.26526225887283933,15.336836046390157,0.0008280277252197266,AA,0
FAA cs=0.1,10,2,0.27808449168729354,16.078187203013606,0.0020487308502197266,AA,1
FAA cs=0.1,10,3,0.3515596443447438,20.326346645593794,0.003289937973022461,AA,2
FAA cs=0.1,10,4,0.3097348191347437,17.90813423331769,0.00471806526184082,AA,3
FAA cs=0.1,10,5,0.3057912172419422,17.680124504684848,0.006422996520996094,AA,4
FAA cs=0.1,10,6,0.2941751188036051,17.008509183287362,0.00811004638671875,AA,5
FAA cs=0.1,10,7,0.44362737905651556,25.649485181912603,0.009904146194458008,AA,6
FAA cs=0.1,10,8,0.27172463912196154,15.7104755787208,0.011576175689697266,AA,6
FAA cs=0.1,10,9,0.2998580167456358,17.33708089332122,0.013218164443969727,AA,7
FAA cs=0.1,10,10,0.5275482825366264,30.501593216461128,0.01497197151184082,AA,7
FAA cs=0.1,10,11,0.5326061291131265,30.794025935767657,0.016807079315185547,AA,7
FAA cs=0.1,10,12,0.16879280542982408,9.759200550005241,0.018507957458496094,AA,7
FAA cs=0.1,10,13,0.16074652119273963,9.293983437509885,0.020309925079345703,AA,7
FAA cs=0.1,10,14,0.14691684564511048,8.494384326237759,0.022032737731933594,AA,7
FAA cs=0.1,10,15,0.1732459044420849,10.01666819632475,0.02371668815612793,AA,7
FAA cs=0.1,10,16,0.16084687100090786,9.299785425933353,0.025458574295043945,AA,7
FAA cs=0.1,10,17,0.22287994875079956,12.886391175826846,0.02713942527770996,AA,7
FAA cs=0.1,10,18,0.3333167482433794,19.271585566098953,0.02886056900024414,AA,7
FAA cs=0.1,10,19,0.1551089908360978,8.968034773897656,0.03065037727355957,AA,8
FAA cs=0.1,10,20,0.15122462194794303,8.743449757414453,0.032581329345703125,AA,8
FAA cs=0.1,10,21,0.1423990100685619,8.233173764974726,0.03432345390319824,AA,7
FAA cs=0.1,10,22,0.3928269274499828,22.712323292834892,0.03599429130554199,AA,7
FAA cs=0.1,10,23,0.42102404870698884,24.3426141134608,0.03777313232421875,AA,8
FAA cs=0.1,10,24,0.27712695735983617,16.022824834271795,0.03959512710571289,AA,7
FAA cs=0.1,10,25,0.4566661656037056,26.403356962873325,0.041253089904785156,AA,7
FAA cs=0.1,10,26,0.44663456682481034,25.823353661955807,0.04303598403930664,AA,8
FAA cs=0.1,10,27,0.4803495986449842,27.772677012823866,0.04474306106567383,AA,7
FAA cs=0.1,10,28,0.1447962935329147,8.371779021545079,0.046224117279052734,AA,7
FAA cs=0.1,10,29,0.17437881583026762,10.082170451675655,0.04790639877319336,AA,8
FAA cs=0.1,10,30,0.1862096356289249,10.766200453973777,0.04960131645202637,AA,7
FAA cs=0.1,10,31,0.09969972192011965,5.764401975075433,0.051177263259887695,AA,7
FAA cs=0.1,10,32,0.06387700375540933,3.6932171877530204,0.05282306671142578,AA,7
FAA cs=0.1,10,33,0.04914491444675532,2.841442648443543,0.05451011657714844,AA,7
FAA cs=0.1,10,34,0.07320654298910756,4.232629067240128,0.056298255920410156,AA,7
FAA cs=0.1,10,35,0.10659623305541803,6.163141927843759,0.057947397232055664,AA,7
FAA cs=0.1,10,36,0.13131148959726416,7.59211957071483,0.05957937240600586,AA,7
FAA cs=0.1,10,37,0.09105671881033361,5.264683989537305,0.061182498931884766,AA,7
FAA cs=0.1,10,38,0.10090560876141313,5.834123498423703,0.0629277229309082,AA,8
FAA cs=0.1,10,39,0.021877699581815284,1.2649168147185506,0.0648198127746582,AA,8
FAA cs=0.1,10,40,0.013496140548254936,0.78031490694215,0.06677985191345215,AA,8
FAA cs=0.1,10,41,0.018062562260689908,1.044334603599654,0.06847190856933594,AA,7
FAA cs=0.1,10,42,0.014787342172451966,0.8549691291345185,0.07022309303283691,AA,7
FAA cs=0.1,10,43,0.01294847597329882,0.748650237304603,0.07180213928222656,AA,7
FAA cs=0.1,10,44,0.005057560197759002,0.29241616156545747,0.0735931396484375,AA,7
FAA cs=0.1,10,45,0.005484281206439557,0.31708816042233673,0.07557916641235352,AA,7
FAA cs=0.1,10,46,0.004232429168912428,0.24470903820768045,0.07727432250976562,AA,7
FAA cs=0.1,10,47,0.003889509476577396,0.2248822331402391,0.07902216911315918,AA,7
FAA cs=0.1,10,48,0.0022125836577144824,0.12792635085549978,0.08077216148376465,AA,7
FAA cs=0.1,10,49,0.002407928937383701,0.13922075262774453,0.08248329162597656,AA,7
FAA cs=0.1,10,50,0.0016757546052245135,0.09688816548392581,0.08415627479553223,AA,7
FAA cs=0.1,10,51,0.0017504331930441894,0.10120590469957264,0.08579754829406738,AA,7
FAA cs=0.1,10,52,0.0017497894317014652,0.10116868394224245,0.08755230903625488,AA,7
FAA cs=0.1,10,53,0.0019172103054221664,0.11084856264759828,0.08934521675109863,AA,7
FAA cs=0.1,10,54,0.0009988992945145377,0.05775399324397782,0.09106016159057617,AA,7
FAA cs=0.1,10,55,0.0003730284420574477,0.021567621721935118,0.09277606010437012,AA,7
FAA cs=0.1,10,56,9.514394057103646e-05,0.005500997479045767,0.09451127052307129,AA,8
FAA cs=0.1,10,57,0.00011018027096299223,0.006370362517784008,0.09633040428161621,AA,7
FAA cs=0.1,10,58,5.709316219568164e-05,0.0033009915232037825,0.0979924201965332,AA,7
FAA cs=0.1,10,59,1.233440591657348e-05,0.0007131461598643639,0.09973454475402832,AA,7
FAA cs=0.1,10,60,7.3211784703439415e-06,0.0004232932130757914,0.10140538215637207,AA,7
FAA cs=0.1,10,61,2.043640722884708e-06,0.00011815847017888112,0.10307550430297852,AA,6
FAA cs=0.1,10,62,1.2319005963645073e-06,7.122557710311062e-05,0.10467243194580078,AA,6
FAA cs=0.1,10,63,7.15210511416575e-07,4.1351779174545845e-05,0.10629749298095703,AA,6
FAA cs=0.1,10,64,4.778825572533432e-07,2.763003851798471e-05,0.10785031318664551,AA,6
FAA cs=0.1,10,65,4.1612079011192085e-07,2.4059119305397434e-05,0.10948705673217773,AA,6
FAA cs=0.1,10,66,1.655458321348199e-07,9.571468238276876e-06,0.11110997200012207,AA,6
FAA cs=0.1,10,67,1.2021067259062016e-07,6.950296602248392e-06,0.1129610538482666,AA,7
FAA cs=0.1,10,68,1.265674416339313e-07,7.317829944595322e-06,0.11463403701782227,AA,6
FAA cs=0.1,10,69,5.605868071317758e-08,3.24118025205798e-06,0.11617207527160645,AA,7
FAA cs=0.1,10,70,1.4880517347204808e-08,8.603562972331779e-07,0.11780405044555664,AA,7
FAA cs=0.1,10,71,8.94432618846877e-09,5.17139772845481e-07,0.11946606636047363,AA,7
FAA cs=0.1,10,72,4.102153266046099e-09,2.3717679381096006e-07,0.12119603157043457,AA,7
FAA cs=0.1,10,73,2.44283109850625e-09,1.412387129854516e-07,0.12288784980773926,AA,7
FAA cs=0.1,10,74,1.0593916259082378e-09,6.125151668584004e-08,0.12468981742858887,AA,7
FAA cs=0.1,10,75,4.6386794347055387e-10,2.6819746715624854e-08,0.1263887882232666,AA,7
FAA cs=0.1,10,76,1.8401992612643112e-10,1.0639596632639854e-08,0.12804675102233887,AA,6
FAA cs=0.1,10,77,1.211330159044386e-10,7.003624309863589e-09,0.1295795440673828,AA,6
FAA cs=0.1,10,78,1.1700162825108653e-10,6.764757252963815e-09,0.13132238388061523,AA,6
FAA cs=0.1,10,79,4.8038948578914666e-11,2.777498319310363e-09,0.13288235664367676,AA,6
FAA cs=0.2,10,0,1.0,57.81763343025095,0.0,initial,0
FAA cs=0.2,10,1,0.26526225887283933,15.336836046390157,0.0006461143493652344,AA,0
FAA cs=0.2,10,2,0.27808449168729354,16.078187203013606,0.0019419193267822266,AA,1
FAA cs=0.2,10,3,0.3515596443447438,20.326346645593794,0.0032579898834228516,AA,2
FAA cs=0.2,10,4,0.3097348191347437,17.90813423331769,0.004745960235595703,AA,3
FAA cs=0.2,10,5,0.3057912172419422,17.680124504684848,0.006082773208618164,AA,4
FAA cs=0.2,10,6,0.2941751188036051,17.008509183287362,0.007677793502807617,AA,5
FAA cs=0.2,10,7,0.44362737905651556,25.649485181912603,0.009240865707397461,AA,6
FAA cs=0.2,10,8,0.7862570801982655,45.45952364484273,0.011041641235351562,AA,6
FAA cs=0.2,10,9,1.2994955991760513,75.13376019738526,0.01285243034362793,AA,7
FAA cs=0.2,10,10,1.3208783010084668,76.37005741368021,0.01490640640258789,AA,8
FAA cs=0.2,10,11,1.2075843817047174,69.8196711174996,0.017087221145629883,AA,9
FAA cs=0.2,10,12,1.0760030131468972,62.211947783972796,0.019532442092895508,AA,10
FAA cs=0.2,10,13,0.9334366166593401,53.9690961323834,0.021816492080688477,AA,10
FAA cs=0.2,10,14,0.39766000138412344,22.991760189900333,0.024065732955932617,AA,10
FAA cs=0.2,10,15,0.31894598100733296,18.44070181393376,0.02642369270324707,AA,10
FAA cs=0.2,10,16,0.40890402514052465,23.641863033728974,0.028641700744628906,AA,9
FAA cs=0.2,10,17,0.25996875513493,15.030778187710052,0.03104376792907715,AA,10
FAA cs=0.2,10,18,0.2691505735783528,15.561649200694989,0.033303022384643555,AA,10
FAA cs=0.2,10,19,0.24696210199309102,14.278764284200784,0.035524845123291016,AA,10
FAA cs=0.2,10,20,0.290869659476594,16.817395347599632,0.03780674934387207,AA,9
FAA cs=0.2,10,21,0.28083740644006855,16.237354219054282,0.03997063636779785,AA,8
FAA cs=0.2,10,22,0.1980102737538766,11.448485423325277,0.04207754135131836,AA,9
FAA cs=0.2,10,23,0.17487182575342883,10.110675118690466,0.04423856735229492,AA,10
FAA cs=0.2,10,24,0.16529988838843238,9.557248352903779,0.04655861854553223,AA,10
FAA cs=0.2,10,25,0.19923449351937184,11.51926691296475,0.048675537109375,AA,9
FAA cs=0.2,10,26,0.08831621085808564,5.106234305341544,0.05068469047546387,AA,8
FAA cs=0.2,10,27,0.07141059958002746,4.12879186955246,0.052649736404418945,AA,9
FAA cs=0.2,10,28,0.06249914608498135,3.613552718045155,0.05490875244140625,AA,10
FAA cs=0.2,10,29,0.07112727847743643,4.112410913899797,0.056932687759399414,AA,9
FAA cs=0.2,10,30,0.07202421587586111,4.164269711611799,0.05916786193847656,AA,9
FAA cs=0.2,10,31,0.0333659729879468,1.9291415952607633,0.061264753341674805,AA,9
FAA cs=0.2,10,32,0.027407446177022055,1.584633676322394,0.06361269950866699,AA,10
FAA cs=0.2,10,33,0.02158758154468224,1.2481428763960882,0.06574273109436035,AA,8
FAA cs=0.2,10,34,0.0200475386309163,1.1591012397411136,0.06767654418945312,AA,9
FAA cs=0.2,10,35,0.018128331617421344,1.0481372321580955,0.06959247589111328,AA,8
FAA cs=0.2,10,36,0.01800524167769322,1.0410204631439433,0.07143044471740723,AA,7
FAA cs=0.2,10,37,0.015810703607403775,0.9141374654472177,0.07338237762451172,AA,8
FAA cs=0.2,10,38,0.01346888875954064,0.7787392730119482,0.0754842758178711,AA,9
FAA cs=0.2,10,39,0.007476752341659264,0.4322881261388257,0.07754635810852051,AA,8
FAA cs=0.2,10,40,0.007005160981345556,0.40502182973933437,0.07957053184509277,AA,8
FAA cs=0.2,10,41,0.01164073910893927,0.6730399866578368,0.08170819282531738,AA,9
FAA cs=0.2,10,42,0.0029570459169360563,0.17096939686182921,0.0838172435760498,AA,9
FAA cs=0.2,10,43,0.00528984951518127,0.3058465801699414,0.08591198921203613,AA,9
FAA cs=0.2,10,44,0.001518664945457122,0.08780561311981193,0.08799004554748535,AA,8
FAA cs=0.2,10,45,0.0013535663910888575,0.07826000542348326,0.09002113342285156,AA,9
FAA cs=0.2,10,46,0.0010450736511307395,0.06042368526869107,0.09189224243164062,AA,8
FAA cs=0.2,10,47,0.0008625163903419648,0.04986865648437496,0.09401798248291016,AA,9
FAA cs=0.2,10,48,0.0007327138850616292,0.042363782815748305,0.09632420539855957,AA,9
FAA cs=0.2,10,49,0.000759162313953251,0.04389296838221015,0.09847331047058105,AA,8
FAA cs=0.2,10,50,0.0005482574120781982,0.0316989460769553,0.1005401611328125,AA,9
FAA cs=0.2,10,51,0.0006125582467139211,0.035416668163182716,0.10266399383544922,AA,9
FAA cs=0.2,10,52,9.039879497739425e-05,0.0052266443905393915,0.10474777221679688,AA,9
FAA cs=0.2,10,53,6.98960882458391e-05,0.0040412264084063974,0.1068108081817627,AA,9
FAA cs=0.2,10,54,1.606384792099157e-05,0.0009287736705751894,0.10888361930847168,AA,9
FAA cs=0.2,10,55,1.212471891812568e-05,0.0007010225538530195,0.11092734336853027,AA,9
FAA cs=0.2,10,56,8.953535394473642e-06,0.0005176722273424544,0.11299443244934082,AA,8
FAA cs=0.2,10,57,4.013253926874659e-06,0.0002320368444065542,0.11493349075317383,AA,8
FAA cs=0.2,10,58,1.9187384873578586e-06,0.00011093691851057088,0.11673283576965332,AA,7
FAA cs=0.2,10,59,4.929671219907438e-07,2.8502192352426626e-05,0.11869478225708008,AA,8
FAA cs=0.2,10,60,3.649332710801679e-07,2.1099578093815547e-05,0.12036275863647461,AA,7
FAA cs=0.2,10,61,2.2820945032233436e-07,1.3194530344055792e-05,0.12199878692626953,AA,7
FAA cs=0.2,10,62,1.5076648557940407e-07,8.7169613967972e-06,0.12360858917236328,AA,7
FAA cs=0.2,10,63,1.4239789784222108e-07,8.233109458679861e-06,0.1253197193145752,AA,7
FAA cs=0.2,10,64,1.4349110874593106e-07,8.296316325972518e-06,0.12689876556396484,AA,6
FAA cs=0.2,10,65,1.429442634283786e-07,8.26469902385922e-06,0.12855076789855957,AA,7
FAA cs=0.2,10,66,1.7037337950514839e-07,9.850585602501699e-06,0.1303110122680664,AA,8
FAA cs=0.2,10,67,1.025771437392006e-07,5.930767695035262e-06,0.13216400146484375,AA,8
FAA cs=0.2,10,68,5.286372669448078e-08,3.0564555717784616e-06,0.13412904739379883,AA,9
FAA cs=0.2,10,69,1.084963141814446e-08,6.273000121876101e-07,0.13633513450622559,AA,9
FAA cs=0.2,10,70,5.526243066350273e-09,3.1951429585670606e-07,0.13854217529296875,AA,10
FAA cs=0.2,10,71,1.7309113596499651e-09,1.0007719849249895e-07,0.14052224159240723,AA,8
FAA cs=0.2,10,72,3.47387201786661e-10,2.0085105891261786e-08,0.14267706871032715,AA,9
FAA cs=0.2,10,73,2.89668765761372e-10,1.6747962514984233e-08,0.14455008506774902,AA,8
FAA cs=0.2,10,74,2.2104214369790608e-10,1.278013363696239e-08,0.14632511138916016,AA,7
FAA cs=0.2,10,75,5.7297632804441e-11,3.3128135299082914e-09,0.1478438377380371,AA,7
Picard,10,0,1.0,57.81763343025095,0.0,initial,0
Picard,10,1,0.26526225887283933,15.336836046390157,0.0006380081176757812,Picard,0
Picard,10,2,0.3133263578283876,18.115788500957354,0.0012669563293457031,Picard,0
Picard,10,3,0.5216381821771575,30.15988520034136,0.0018639564514160156,Picard,0
Picard,10,4,0.5310002923637979,30.701180255246147,0.0024399757385253906,Picard,0
Picard,10,5,0.8203888755326189,47.43294327580073,0.0029802322387695312,Picard,0
Picard,10,6,0.2480360173929646,14.340855531125776,0.003524303436279297,Picard,0
Picard,10,7,0.39585397184075305,22.88733983579754,0.004067182540893555,Picard,0
Picard,10,8,0.27892663025230824,16.1268776618631,0.004700183868408203,Picard,0
Picard,10,9,0.22592299032734683,13.06233263821267,0.005408287048339844,Picard,0
Picard,10,10,0.2801800385985361,16.19934676616372,0.005955219268798828,Picard,0
Picard,10,11,0.3028434590953651,17.509692104725016,0.006486177444458008,Picard,0
Picard,10,12,0.16679280917782036,9.643565499845014,0.007028102874755859,Picard,0
Picard,10,13,0.27920272898579857,16.142841037226603,0.007543325424194336,Picard,0
Picard,10,14,0.16256171767665678,9.398933802420888,0.008281230926513672,Picard,0
Picard,10,15,0.16982462625869127,9.818857988454381,0.008983373641967773,Picard,0
Picard,10,16,0.2012814521485081,11.637617216631039,0.00959467887878418,Picard,0
Picard,10,17,0.16284677196036473,9.415414966504038,0.010167598724365234,Picard,0
Picard,10,18,0.19793712025007681,11.444255860858444,0.01074361801147461,Picard,0
Picard,10,19,0.31392744740554596,18.15054207778824,0.011276721954345703,Picard,0
Picard,10,20,0.19823585196077673,11.461527821401683,0.011797666549682617,Picard,0
Picard,10,21,0.2391971664076153,13.829814084910238,0.012320518493652344,Picard,0
Picard,10,22,0.4491509909473093,25.96884734942549,0.012851476669311523,Picard,0
Picard,10,23,0.21655892838798585,12.520924737584533,0.013401508331298828,Picard,0
Picard,10,24,0.5070648381106004,29.31728893524824,0.013918399810791016,Picard,0
Picard,10,25,0.20428508653514635,11.811280248556185,0.014438629150390625,Picard,0
Picard,10,26,0.30131825429489506,17.421508372665382,0.014959573745727539,Picard,0
Picard,10,27,0.1944764827129543,11.244169988302128,0.015480518341064453,Picard,0
Picard,10,28,0.13258217559783844,7.665587628100986,0.015995502471923828,Picard,0
Picard,10,29,0.24487645672729888,14.158177210757676,0.016510725021362305,Picard,0
Picard,10,30,0.18190026838023687,10.517043038072803,0.01706099510192871,Picard,0
Picard,10,31,0.15732387791680374,9.096094303219312,0.01759195327758789,Picard,0
Picard,10,32,0.1956137060405003,11.309921549782512,0.01823282241821289,Picard,0
Picard,10,33,0.15288278048383927,8.839320559812142,0.01898193359375,Picard,0
Picard,10,34,0.2086889541415504,12.065901451498611,0.019576072692871094,Picard,0
Picard,10,35,0.2362543280706693,13.659666136700205,0.020150184631347656,Picard,0
Picard,10,36,0.20513622497765985,11.860491059023825,0.020720958709716797,Picard,0
Picard,10,37,0.39871035883983924,23.052489372245642,0.02126002311706543,Picard,0
Picard,10,38,0.3661329500568954,21.168940693125958,0.021784067153930664,Picard,0
Picard,10,39,0.16627485511664933,9.613618621802518,0.0223233699798584,Picard,0
Picard,10,40,0.22561892525284527,13.044752315196197,0.022853374481201172,Picard,0
Picard,10,41,0.24268762123088414,14.031623922386848,0.023377418518066406,Picard,0
Picard,10,42,0.28434698540202075,16.440269768970953,0.02390146255493164,Picard,0
Picard,10,43,0.35678965918346417,20.6287337263737,0.02443861961364746,Picard,0
Picard,10,44,0.1583060557568906,9.152881501540769,0.024961471557617188,Picard,0
Picard,10,45,0.187579679310094,10.845413137315044,0.025499582290649414,Picard,0
Picard,10,46,0.17989952260313255,10.401364652145062,0.026038646697998047,Picard,0
Picard,10,47,0.19310179761389906,11.164688949162924,0.02657771110534668,Picard,0
Picard,10,48,0.16518850025503973,9.550808154638803,0.027117013931274414,Picard,0
Picard,10,49,0.1836580015089198,10.618671007775202,0.027659893035888672,Picard,0
Picard,10,50,0.15652296994396972,9.049787699634628,0.028224945068359375,Picard,0
Picard,10,51,0.16462730149995394,9.51836097073574,0.028789997100830078,Picard,0
Picard,10,52,0.228705333598628,13.22320114154873,0.029321908950805664,Picard,0
Picard,10,53,0.15656404869704726,9.052162775921838,0.029889822006225586,Picard,0
Picard,10,54,0.1842906908143946,10.655251606114382,0.030431747436523438,Picard,0
Picard,10,55,0.17059208381745808,9.863230568260436,0.03099370002746582,Picard,0
Picard,10,56,0.20177939649283042,11.666407180199734,0.031561851501464844,Picard,0
Picard,10,57,0.3617497461900895,20.915514218704914,0.03213977813720703,Picard,0
Picard,10,58,0.2539689349937803,14.683882786141623,0.03267264366149902,Picard,0
Picard,10,59,0.19958571318875054,11.539573603062381,0.03320646286010742,Picard,0
Picard,10,60,0.18263359603851376,10.559442307803321,0.03374648094177246,Picard,0
Picard,10,61,0.21447262759808136,12.400299763288592,0.03428959846496582,Picard,0
Picard,10,62,0.26993916075721186,15.607243445130058,0.03490471839904785,Picard,0
Picard,10,63,0.20728604021800157,11.98478828853267,0.03550386428833008,Picard,0
Picard,10,64,0.1987877568291168,11.49343765476774,0.036032676696777344,Picard,0
Picard,10,65,0.1671421818899479,9.663765403245336,0.036545753479003906,Picard,0
Picard,10,66,0.1821525241108436,10.531627867435702,0.03705573081970215,Picard,0
Picard,10,67,0.1871931252318329,10.823063495317175,0.03760170936584473,Picard,0
Picard,10,68,0.12186121052884966,7.045726799723667,0.03817248344421387,Picard,0
Picard,10,69,0.21852559821892195,12.634632932947929,0.03871655464172363,Picard,0
Picard,10,70,0.155566228663193,8.994471182975092,0.03926372528076172,Picard,0
Picard,10,71,0.17806545437950574,10.295323167905337,0.039818763732910156,Picard,0
Picard,10,72,0.24556441173569415,14.19795314124958,0.04036593437194824,Picard,0
Picard,10,73,0.11953481169025278,6.911219924461111,0.04091787338256836,Picard,0
Picard,10,74,0.21350519503239354,12.344365101837166,0.04146170616149902,Picard,0
Picard,10,75,0.15666432203610922,9.057960343082549,0.04206585884094238,Picard,0
Picard,10,76,0.19345616570087087,11.18517767331484,0.04257774353027344,Picard,0
Picard,10,77,0.27717763648845806,16.025754981553018,0.04309678077697754,Picard,0
Picard,10,78,0.1231321898070988,7.119211813730921,0.043646812438964844,Picard,0
Picard,10,79,0.2488327581119732,14.38692119395637,0.04419994354248047,Picard,0
Picard,10,80,0.15899133136125615,9.19250251523267,0.04475712776184082,Picard,0
Picard,10,81,0.19550514142333333,11.303644600543658,0.045313358306884766,Picard,0
Picard,10,82,0.23612375693433857,13.652116822603263,0.04585456848144531,Picard,0
Picard,10,83,0.11808413252473489,6.827345088244296,0.0464024543762207,Picard,0
Picard,10,84,0.2552521344845536,14.758074343917036,0.04695940017700195,Picard,0
Picard,10,85,0.15277627289714482,8.833162543207102,0.04750633239746094,Picard,0
Picard,10,86,0.18400418986434972,10.63868679920727,0.04805135726928711,Picard,0
Picard,10,87,0.19577539226328647,11.319269864542285,0.04859352111816406,Picard,0
Picard,10,88,0.13499160267300359,7.804894999509806,0.0491025447845459,Picard,0
Picard,10,89,0.2570456825330778,14.861773047526151,0.04962754249572754,Picard,0
Picard,10,90,0.14895521682509677,8.612238123916994,0.050168752670288086,Picard,0
Picard,10,91,0.1825444868762794,10.554290226925977,0.05071377754211426,Picard,0
Picard,10,92,0.2116046558898239,12.234480426372231,0.05128288269042969,Picard,0
Picard,10,93,0.15177225001551026,8.775112316281172,0.05183601379394531,Picard,0
Picard,10,94,0.27129192908631156,15.685457308497998,0.052381038665771484,Picard,0
Picard,10,95,0.1469825389945391,8.498182560233829,0.05292916297912598,Picard,0
Picard,10,96,0.18487996331930798,10.68932194779399,0.05348920822143555,Picard,0
Picard,10,97,0.20964109866473324,12.120952194512618,0.054026126861572266,Picard,0
Picard,10,98,0.1829669078617783,10.578713608618799,0.05454397201538086,Picard,0
Picard,10,99,0.2932416596239991,16.9545387826188,0.055068016052246094,Picard,0
Picard,10,100,0.14613927866945234,8.449427243871687,0.055613040924072266,Picard,0
Picard,10,101,0.18275501782427603,10.56646262810297,0.05615806579589844,Picard,0
Picard,10,102,0.19566159520638826,11.312690388021103,0.05669903755187988,Picard,0
Picard,10,103,0.21492448418187843,12.426425041613616,0.05724596977233887,Picard,0
Picard,10,104,0.29428930439987294,17.015111124235393,0.05778932571411133,Picard,0
Picard,10,105,0.14635804366538668,8.46207571821399,0.05833244323730469,Picard,0
Picard,10,106,0.1784179298419173,10.315702464984206,0.05887436866760254,Picard,0
Picard,10,107,0.18716661771773982,10.821530893584194,0.05942249298095703,Picard,0
Picard,10,108,0.2440377921720932,14.10968761093385,0.05996537208557129,Picard,0
Picard,10,109,0.28611671825757395,16.5425915344828,0.06051230430603027,Picard,0
Picard,10,110,0.15022185166334562,8.685471952684852,0.06105828285217285,Picard,0
Picard,10,111,0.17575710127232683,10.161859654126886,0.06169247627258301,Picard,0
Picard,10,112,0.18852174210744044,10.899880978800297,0.06225228309631348,Picard,0
Picard,10,113,0.268329030762885,15.514149539343014,0.06276345252990723,Picard,0
Picard,10,114,0.2781102816983555,16.079678320419347,0.06331443786621094,Picard,0
Picard,10,115,0.1566714106639064,9.05837019076605,0.06385636329650879,Picard,0
Picard,10,116,0.17377132639669063,10.04704685029235,0.06439828872680664,Picard,0
Picard,10,117,0.19053070066548514,11.016034208285891,0.06494331359863281,Picard,0
Picard,10,118,0.2772258540571219,16.028542807262923,0.06549310684204102,Picard,0
Picard,10,119,0.25640365471198795,14.824652518314357,0.06603717803955078,Picard,0
Picard,10,120,0.16745008442668546,9.681567599246673,0.06657624244689941,Picard,0
Picard,10,121,0.17056150272967138,9.861462442136887,0.06711935997009277,Picard,0
Picard,10,122,0.1902484493464734,10.999715104988065,0.06769657135009766,Picard,0
Picard,10,123,0.2717295411119489,15.710759000180968,0.0682375431060791,Picard,0
Picard,10,124,0.22008740305894064,12.724932792677722,0.06877255439758301,Picard,0
Picard,10,125,0.1814708805879168,10.492216852097016,0.06927967071533203,Picard,0
Picard,10,126,0.16652531560085004,9.628099654266798,0.06979584693908691,Picard,0
Picard,10,127,0.18947730723053047,10.955129492805849,0.07033991813659668,Picard,0
Picard,10,128,0.2644375556387366,15.289153657112063,0.0708768367767334,Picard,0
Picard,10,129,0.1850123956367469,10.696978870977993,0.07142257690429688,Picard,0
Picard,10,130,0.1959856737170516,11.331427840553259,0.07196044921875,Picard,0
Picard,10,131,0.1632679640587976,9.439767296854946,0.07250356674194336,Picard,0
Picard,10,132,0.18982798403050055,10.975404795479012,0.0730443000793457,Picard,0
Picard,10,133,0.2596385630116462,15.011687260564472,0.07358717918395996,Picard,0
Picard,10,134,0.15793003391491417,9.131140808519607,0.0741281509399414,Picard,0
Picard,10,135,0.20991948661709853,12.137047927093873,0.07467222213745117,Picard,0
Picard,10,136,0.16069226015619867,9.290846192789616,0.07521224021911621,Picard,0
Picard,10,137,0.19010845906404197,10.991621198154647,0.07575607299804688,Picard,0
Picard,10,138,0.2511909236613399,14.523264745257498,0.07629704475402832,Picard,0
Picard,10,139,0.13505684056077136,7.808666899790527,0.07686710357666016,Picard,0
Picard,10,140,0.2238504009004832,12.942500422478854,0.07742905616760254,Picard,0
Picard,10,141,0.1578148307737741,9.124480035535157,0.0779411792755127,Picard,0
Picard,10,142,0.18913823626788187,10.93552521218059,0.0784449577331543,Picard,0
Picard,10,143,0.2397439216668596,13.861426180065287,0.07898688316345215,Picard,0
Picard,10,144,0.11927591749131568,6.896251274569748,0.07952475547790527,Picard,0
Picard,10,145,0.23699142052853447,13.702283078233256,0.08007168769836426,Picard,0
Picard,10,146,0.15475778044070101,8.947728619999712,0.08062267303466797,Picard,0
Picard,10,147,0.18782897765302528,10.859826977521413,0.08116650581359863,Picard,0
Picard,10,148,0.23018345245171867,13.30866247556307,0.08170652389526367,Picard,0
Picard,10,149,0.1161095639423523,6.713180205765209,0.08224630355834961,Picard,0
Picard,10,150,0.24980478848026533,14.443121689473356,0.08278656005859375,Picard,0
Picard,10,151,0.15204359797412714,8.790801013084529,0.08332967758178711,Picard,0
Picard,10,152,0.18683268362654368,10.80222361470955,0.08389067649841309,Picard,0
Picard,10,153,0.22165559696734505,12.8156020532214,0.08443379402160645,Picard,0
Picard,10,154,0.12665343170569698,7.322801687043312,0.08497476577758789,Picard,0
Picard,10,155,0.26307787344016537,15.210540050173435,0.08551859855651855,Picard,0
Picard,10,156,0.149581031027929,8.648421220091793,0.08605766296386719,Picard,0
Picard,10,157,0.1855387391900396,10.727410809600645,0.08661150932312012,Picard,0
Picard,10,158,0.21170405293002362,12.24022732800655,0.08714962005615234,Picard,0
Picard,10,159,0.14949447342660788,8.643416664428006,0.08769583702087402,Picard,0
Picard,10,160,0.2755687649093012,15.93273383435298,0.0882577896118164,Picard,0
Picard,10,161,0.14741073787150466,8.522940005937468,0.08877396583557129,Picard,0
Picard,10,162,0.18368028703008,10.619959503868444,0.0892791748046875,Picard,0
Picard,10,163,0.20205022773936246,11.682066001933181,0.08982110023498535,Picard,0
Picard,10,164,0.180400543333541,10.430332485076775,0.09038710594177246,Picard,0
Picard,10,165,0.28575310414694743,16.52156822712453,0.09094500541687012,Picard,0
Picard,10,166,0.1460794300942737,8.445966940890687,0.09148406982421875,Picard,0
Picard,10,167,0.18155655543624233,10.497170369071695,0.09203314781188965,Picard,0
Picard,10,168,0.19483183781292496,11.264715779209801,0.09257221221923828,Picard,0
Picard,10,169,0.21411237661511928,12.379470904012802,0.0931234359741211,Picard,0
Picard,10,170,0.29228432804305804,16.89918813620075,0.09366536140441895,Picard,0
Picard,10,171,0.14636824850595684,8.462665737945288,0.0942234992980957,Picard,0
Picard,10,172,0.17922882169309018,10.362586312786897,0.09476661682128906,Picard,0
Picard,10,173,0.1905714596716412,11.018390797562803,0.09531164169311523,Picard,0
Picard,10,174,0.2446971179384118,14.147808266401979,0.095855712890625,Picard,0
Picard,10,175,0.2916644471466027,16.86334808975908,0.09639453887939453,Picard,0
Picard,10,176,0.14934842957455366,8.634972754525194,0.09693741798400879,Picard,0
Picard,10,177,0.1765900766823224,10.210020321038423,0.09747767448425293,Picard,0
Picard,10,178,0.18907800660549295,10.93204287563896,0.09801864624023438,Picard,0
Picard,10,179,0.2659370119914379,15.375848674857208,0.0985567569732666,Picard,0
Picard,10,180,0.2795741419026236,16.164315253102853,0.09909772872924805,Picard,0
Picard,10,181,0.1561277310797099,9.026935923863466,0.09963560104370117,Picard,0
Picard,10,182,0.17361659445106578,10.038100615380262,0.10020160675048828,Picard,0
Picard,10,183,0.18931324973440122,10.945644076633164,0.10077381134033203,Picard,0
Picard,10,184,0.27472409318096125,15.88389691399492,0.10127687454223633,Picard,0
Picard,10,185,0.2550365068103194,14.745607262090747,0.1018218994140625,Picard,0
Picard,10,186,0.16693873776102955,9.652002745175999,0.10237789154052734,Picard,0
Picard,10,187,0.1703458149577381,9.84899188560386,0.10291886329650879,Picard,0
Picard,10,188,0.18986042991735158,10.977280739871285,0.10347175598144531,Picard,0
Picard,10,189,0.2732595678132469,15.799221523135111,0.10402059555053711,Picard,0
Picard,10,190,0.222459141988454,12.86206112469658,0.10456371307373047,Picard,0
Picard,10,191,0.18053395118864976,10.438045811540169,0.10510683059692383,Picard,0
Picard,10,192,0.16695179877139274,9.652757901885407,0.10565185546875,Picard,0
Picard,10,193,0.19007789384687998,10.98985398963306,0.10619997978210449,Picard,0
Picard,10,194,0.2668218648022555,15.427008770312788,0.10674810409545898,Picard,0
Picard,10,195,0.18898050949192308,10.92640582326607,0.10729312896728516,Picard,0
Picard,10,196,0.1949669892930394,11.272529917944615,0.10783505439758301,Picard,0
Picard,10,197,0.16372254098359995,9.46604985885902,0.10838103294372559,Picard,0
Picard,10,198,0.19004567811799358,10.987991352429617,0.10892224311828613,Picard,0
Picard,10,199,0.2590850482125278,14.979684344810828,0.10947108268737793,Picard,0
Picard,10,200,0.15944353335499162,9.218647764342895,0.11002016067504883,Picard,0
Picard,10,201,0.20910603873888192,12.090016295856529,0.1105642318725586,Picard,0
Picard,10,202,0.16074163588120463,9.293700980358363,0.11109709739685059,Picard,0
Picard,10,203,0.1897677832259195,10.971924127427538,0.11163616180419922,Picard,0
Picard,10,204,0.2505516610222533,14.486304092325136,0.11219310760498047,Picard,0
Picard,10,205,0.13563818177802212,7.842278673187427,0.11273694038391113,Picard,0
Picard,10,206,0.2228206065368448,12.88296014945347,0.11327195167541504,Picard,0
Picard,10,207,0.15785887038557042,9.127026301666408,0.11383223533630371,Picard,0
Picard,10,208,0.18909987583262164,10.93330730259649,0.11437129974365234,Picard,0
Picard,10,209,0.24112920534365304,13.94152000388704,0.11493539810180664,Picard,0
Picard,10,210,0.11989042762269193,6.931780796084835,0.11546945571899414,Picard,0
Picard,10,211,0.23615620871084395,13.653993107521412,0.11600756645202637,Picard,0
Picard,10,212,0.15500771032922117,8.962178974677434,0.11653637886047363,Picard,0
Picard,10,213,0.1881110997409334,10.876138608982663,0.11707139015197754,Picard,0
Picard,10,214,0.2314641207347132,13.382707684894996,0.11762642860412598,Picard,0
Picard,10,215,0.11588368491287224,6.70012041483915,0.11818075180053711,Picard,0
Picard,10,216,0.24923303755523393,14.410064404076484,0.11871552467346191,Picard,0
Picard,10,217,0.1522643363278592,8.803563582304607,0.11926126480102539,Picard,0
Picard,10,218,0.1869389988281401,10.808370508063517,0.11983609199523926,Picard,0
Picard,10,219,0.2218035835227251,12.82415828563297,0.12037801742553711,Picard,0
Picard,10,220,0.12567826419348802,7.266419809289324,0.12092399597167969,Picard,0
Picard,10,221,0.26218607629530405,15.158978449757697,0.12147784233093262,Picard,0
Picard,10,222,0.1497107094390635,8.655918918930585,0.12203001976013184,Picard,0
Picard,10,223,0.18553313225826262,10.727086630074496,0.12258005142211914,Picard,0
Picard,10,224,0.2120384735758935,12.259562738320962,0.12311816215515137,Picard,0
Picard,10,225,0.1478284883046122,8.547093347344209,0.12366104125976562,Picard,0
Picard,10,226,0.2745982084795175,15.876618558472371,0.12419605255126953,Picard,0
Picard,10,227,0.14751973445517969,8.52924193045754,0.12473535537719727,Picard,0
Picard,10,228,0.18380141490230686,10.626962830783043,0.12530136108398438,Picard,0
Picard,10,229,0.2027969857400284,11.725241782276791,0.12584137916564941,Picard,0
Picard,10,230,0.17831038404015506,10.309484421240954,0.12639117240905762,Picard,0
Picard,10,231,0.28528900237849947,16.494734961202074,0.12696218490600586,Picard,0
Picard,10,232,0.14612262516451865,8.448464377628103,0.12746715545654297,Picard,0
Picard,10,233,0.18174437877444458,10.508029869989517,0.128021240234375,Picard,0
Picard,10,234,0.1953248767503799,11.293222123762412,0.12855148315429688,Picard,0
Picard,10,235,0.21198777046443668,12.25663120440898,0.12909364700317383,Picard,0
Picard,10,236,0.292182072061952,16.893275937369108,0.12963175773620605,Picard,0
Picard,10,237,0.14627713512026075,8.457397777610524,0.1301708221435547,Picard,0
Picard,10,238,0.1793864543353078,10.371700259111279,0.13071179389953613,Picard,0
Picard,10,239,0.1906923705229523,11.025381576841648,0.1312577724456787,Picard,0
Picard,10,240,0.2428983516539743,14.043807856741676,0.13179278373718262,Picard,0
Picard,10,241,0.29191261849517347,16.877696769818634,0.13233470916748047,Picard,0
Picard,10,242,0.14906418653538975,8.618538494681713,0.1328749656677246,Picard,0
Picard,10,243,0.17674421728858394,10.21893236610797,0.1334381103515625,Picard,0
Picard,10,244,0.18905848577445605,10.930914227385815,0.13397526741027832,Picard,0
Picard,10,245,0.26493666437238667,15.318010942916079,0.13451218605041504,Picard,0
Picard,10,246,0.2806486122664254,16.226438586728815,0.1350572109222412,Picard,0
Picard,10,247,0.15557944229717532,8.995235164020963,0.13559603691101074,Picard,0
Picard,10,248,0.17381366696044073,10.049494881486483,0.13613605499267578,Picard,0
Picard,10,249,0.18929515867135818,10.944598094181776,0.13668322563171387,Picard,0
Picard,10,250,0.27459540352085077,15.876456382400391,0.13724327087402344,Picard,0
Picard,10,251,0.2569835921871422,14.858183130665289,0.13779616355895996,Picard,0
Picard,10,252,0.16614050162517288,9.605850620882258,0.13833332061767578,Picard,0
Picard,10,253,0.170575063424719,9.86224648943221,0.13887834548950195,Picard,0
Picard,10,254,0.18985743960761617,10.977107847239159,0.13941645622253418,Picard,0
Picard,10,255,0.27356931287363373,15.817130249493388,0.13995623588562012,Picard,0
Picard,10,256,0.22467496217370891,12.990174603915,0.14049530029296875,Picard,0
Picard,10,257,0.17962160931191998,10.38529636334834,0.14103937149047852,Picard,0
Picard,10,258,0.16716685761866668,9.665192095483023,0.14158034324645996,Picard,0
Picard,10,259,0.19006464861299197,10.989088181555424,0.14212250709533691,Picard,0
Picard,10,260,0.2672266880301098,15.450414691304916,0.14266037940979004,Picard,0
Picard,10,261,0.19097389940977116,11.041658910819768,0.14321136474609375,Picard,0
Picard,10,262,0.19405608531650248,11.219863605739045,0.1437544822692871,Picard,0
Picard,10,263,0.1639105447529865,9.476919791880917,0.14430475234985352,Picard,0
Picard,10,264,0.19003993889967025,10.987659524408423,0.1448535919189453,Picard,0
Picard,10,265,0.2595912936688088,15.00895425902781,0.14540481567382812,Picard,0
Picard,10,266,0.16114576023894117,9.31706649433421,0.14603567123413086,Picard,0
Picard,10,267,0.2082180241529306,12.03867339404528,0.14655661582946777,Picard,0
Picard,10,268,0.16092599516853479,9.304360198052679,0.14709162712097168,Picard,0
Picard,10,269,0.1898019219591085,10.973897948188833,0.14763569831848145,Picard,0
Picard,10,270,0.2511697948009397,14.522043124552084,0.14821577072143555,Picard,0
Picard,10,271,0.1369666143787849,7.919085502335125,0.14880681037902832,Picard,0
Picard,10,272,0.2219624485241111,12.833343484048001,0.1493666172027588,Picard,0
Picard,10,273,0.1580467114528473,9.13788682763737,0.1499156951904297,Picard,0
Picard,10,274,0.18916132578645972,10.936860193501804,0.15045881271362305,Picard,0
Picard,10,275,0.24174272627560725,13.976992332232555,0.150986909866333,Picard,0
Picard,10,276,0.12058602781295505,6.971998752899481,0.15149879455566406,Picard,0
Picard,10,277,0.2353220830180563,13.605765933981061,0.1520400047302246,Picard,0
Picard,10,278,0.1551868612344055,8.972537056042079,0.15260887145996094,Picard,0
Picard,10,279,0.1881761853040641,10.879901702213354,0.1531529426574707,Picard,0
Picard,10,280,0.23205019661933718,13.416593205554495,0.15368866920471191,Picard,0
Picard,10,281,0.11573342062269501,6.691432489192025,0.15422654151916504,Picard,0
Picard,10,282,0.2483984642557281,14.36181135097498,0.15476751327514648,Picard,0
Picard,10,283,0.15243196959399993,8.813255741037047,0.15532732009887695,Picard,0
Picard,10,284,0.18701571834839922,10.812806249162803,0.1558692455291748,Picard,0
Picard,10,285,0.22242468981984054,12.86006918184081,0.15641021728515625,Picard,0
Picard,10,286,0.12465439172732144,7.207221926361178,0.15694546699523926,Picard,0
Picard,10,287,0.26136688799128044,15.11161492068531,0.15749669075012207,Picard,0
Picard,10,288,0.1498652991522147,8.664856930297647,0.15803194046020508,Picard,0
Picard,10,289,0.1856340532408281,10.732921642449888,0.15857291221618652,Picard,0
Picard,10,290,0.21266815627796984,12.295969501966983,0.15911316871643066,Picard,0
Picard,10,291,0.14611866466348233,8.448235390830984,0.1596510410308838,Picard,0
Picard,10,292,0.27385063935134674,15.83339588065602,0.16021084785461426,Picard,0
Picard,10,293,0.14764199631444505,8.536310821819045,0.16075778007507324,Picard,0
Picard,10,294,0.18392291133736163,10.633987467128122,0.16130590438842773,Picard,0
Picard,10,295,0.20334440295828485,11.75689215033535,0.16189098358154297,Picard,0
Picard,10,296,0.17621735808674996,10.188470613906977,0.16244125366210938,Picard,0
Picard,10,297,0.28469483615948865,16.460381676554668,0.1629793643951416,Picard,0
Picard,10,298,0.14617513809993862,8.45150055127856,0.1635143756866455,Picard,0
Picard,10,299,0.18188324686554347,10.516058894375833,0.16406536102294922,Picard,0
Picard,10,300,0.19571900379603918,11.316009616813288,0.16460919380187988,Picard,0
Picard,10,301,0.2098602027561728,12.133620274554538,0.16516733169555664,Picard,0
Picard,10,302,0.29190979811773504,16.877533702269762,0.16571831703186035,Picard,0
Picard,10,303,0.1462018263368445,8.453043601976885,0.1662893295288086,Picard,0
Picard,10,304,0.1795445110185519,10.380838722484286,0.16683626174926758,Picard,0
Picard,10,305,0.19089296212181842,11.036979308374077,0.16739821434020996,Picard,0
Picard,10,306,0.24113928658970263,13.942102877675655,0.16792631149291992,Picard,0
Picard,10,307,0.29222187821498985,16.89557743493372,0.16842913627624512,Picard,0
Picard,10,308,0.14878543047308795,8.602421478855089,0.16893625259399414,Picard,0
Picard,10,309,0.17692114150752833,10.229161705743829,0.169478178024292,Picard,0
Picard,10,310,0.18909111265468506,10.932800636386867,0.17002534866333008,Picard,0
Picard,10,311,0.263891978099228,15.257609654924977,0.17056727409362793,Picard,0
Picard,10,312,0.2817462281437051,16.289900139168594,0.17110610008239746,Picard,0
Picard,10,313,0.1550407579143943,8.96408970784273,0.1716461181640625,Picard,0
Picard,10,314,0.17400965641665192,10.060826528021895,0.17218708992004395,Picard,0
Picard,10,315,0.18925677135266425,10.94237863026116,0.17276716232299805,Picard,0
Picard,10,316,0.2743432189040716,15.861875664670704,0.1733100414276123,Picard,0
Picard,10,317,0.2588128803443956,14.963948242779667,0.17393803596496582,Picard,0
Picard,10,318,0.16536264621930558,9.560876862164083,0.17447423934936523,Picard,0
Picard,10,319,0.17078867256755456,9.874596864550027,0.17501115798950195,Picard,0
Picard,10,320,0.189830274399948,10.975537219220145,0.17556524276733398,Picard,0
Picard,10,321,0.27385224762128313,15.83348886701766,0.1761031150817871,Picard,0
Picard,10,322,0.22684722175387032,13.115769512036122,0.17664122581481934,Picard,0
Picard,10,323,0.17871582034658745,10.332925788985577,0.17718935012817383,Picard,0
Picard,10,324,0.1673822008051929,9.677642728903297,0.17772340774536133,Picard,0
Picard,10,325,0.19006067580438252,10.988858483163554,0.17826223373413086,Picard,0
Picard,10,326,0.267692435591073,15.47734311305572,0.17879533767700195,Picard,0
Picard,10,327,0.19303542993858966,11.160851727240267,0.17933416366577148,Picard,0
Picard,10,328,0.1931402212696213,11.166910514004522,0.1798853874206543,Picard,0
Picard,10,329,0.16410899637969426,9.488393795287543,0.18042540550231934,Picard,0
Picard,10,330,0.19004639129314072,10.988032586528846,0.18096661567687988,Picard,0
Picard,10,331,0.26009485234470253,15.038068829961258,0.18152165412902832,Picard,0
Picard,10,332,0.1628873480527602,9.41776098014019,0.18207669258117676,Picard,0
Picard,10,333,0.2073306843165579,11.987369504657824,0.18262958526611328,Picard,0
Picard,10,334,0.1611106915173455,9.315038903844123,0.18315362930297852,Picard,0
Picard,10,335,0.18982773147485998,10.975390193309565,0.18371057510375977,Picard,0
Picard,10,336,0.2517381347578643,14.554903195845313,0.18422365188598633,Picard,0
Picard,10,337,0.13830675677799037,7.996569364316723,0.18476366996765137,Picard,0
Picard,10,338,0.2210995605791669,12.783453345155836,0.18532752990722656,Picard,0
Picard,10,339,0.15822948908947426,9.148454598031115,0.1858813762664795,Picard,0
Picard,10,340,0.18921428712667365,10.939922292856268,0.18642234802246094,Picard,0
Picard,10,341,0.24235886024081524,14.012615739976876,0.18697118759155273,Picard,0
Picard,10,342,0.12132381976189065,7.01465613735083,0.18750929832458496,Picard,0
Picard,10,343,0.23448297860816208,13.55725090280009,0.18804621696472168,Picard,0
Picard,10,344,0.15536671172763206,8.9829355859317,0.18858599662780762,Picard,0
Picard,10,345,0.18824496643080552,10.883878464186209,0.18912887573242188,Picard,0
Picard,10,346,0.23266342811511828,13.452048799385452,0.18967485427856445,Picard,0
Picard,10,347,0.11563851833133455,6.685945463298456,0.1902179718017578,Picard,0
Picard,10,348,0.24757044732810093,14.31393737177939,0.19077396392822266,Picard,0
Picard,10,349,0.15260241078581493,8.823110247386822,0.19134211540222168,Picard,0
Picard,10,350,0.18709475667470535,10.81737605814011,0.1918783187866211,Picard,0
Picard,10,351,0.2230408911673499,12.895696485470333,0.19241833686828613,Picard,0
Picard,10,352,0.12368305302046265,7.151061421071402,0.19295549392700195,Picard,0
Picard,10,353,0.2605483451898222,15.064288713043627,0.1934976577758789,Picard,0
Picard,10,354,0.15002104396801474,8.673861726966237,0.1940455436706543,Picard,0
Picard,10,355,0.1857311456975048,10.738535298518864,0.19461846351623535,Picard,0
Picard,10,356,0.21328691607664535,12.331744729188179,0.1951735019683838,Picard,0
Picard,10,357,0.1444467502720841,8.35156925742236,0.19572854042053223,Picard,0
Picard,10,358,0.27308958837626324,15.78939371435691,0.19626259803771973,Picard,0
Picard,10,359,0.14776682844669772,8.543528320281947,0.19681477546691895,Picard,0
Picard,10,360,0.1840418778506116,10.640865829381683,0.1973733901977539,Picard,0
Picard,10,361,0.2039009223789642,11.789068786197005,0.19791650772094727,Picard,0
Picard,10,362,0.17413985060436024,10.068354047841565,0.1984233856201172,Picard,0
Picard,10,363,0.28408626215803734,16.425195368023576,0.19898629188537598,Picard,0
Picard,10,364,0.14623350312011174,8.454875078620079,0.19957542419433594,Picard,0
Picard,10,365,0.18202209673083508,10.524086864989103,0.20008420944213867,Picard,0
Picard,10,366,0.19612941169975162,11.339738430547012,0.2006242275238037,Picard,0
Picard,10,367,0.20772392112340277,12.010105526207264,0.2011730670928955,Picard,0
Picard,10,368,0.29161512610623486,16.86049646392669,0.20171284675598145,Picard,0
Picard,10,369,0.1461365724965407,8.449270779358283,0.20224976539611816,Picard,0
Picard,10,370,0.17970190099071479,10.389938638200398,0.20278668403625488,Picard,0
Picard,10,371,0.1911057338497998,11.049281266146826,0.20332670211791992,Picard,0
Picard,10,372,0.23934321248976842,13.838258123752091,0.20386290550231934,Picard,0
Picard,10,373,0.292485879336624,16.910841355009538,0.20440387725830078,Picard,0
Picard,10,374,0.14852188955792187,8.587184166828143,0.20494675636291504,Picard,0
Picard,10,375,0.17709632977645903,10.239290676858145,0.20550751686096191,Picard,0
Picard,10,376,0.18913023578347282,10.935062643105763,0.2060546875,Picard,0
Picard,10,377,0.2627941390461751,15.19413519899015,0.20659375190734863,Picard,0
Picard,10,378,0.2827882091300925,16.350145013880834,0.20713353157043457,Picard,0
Picard,10,379,0.15451939144065277,8.933945532181118,0.2076735496520996,Picard,0
Picard,10,380,0.17420404618878838,10.072065684609871,0.20821166038513184,Picard,0
Picard,10,381,0.18921971471377783,10.940236103097869,0.20879554748535156,Picard,0
Picard,10,382,0.2740469744188289,15.844747509617209,0.20933079719543457,Picard,0
Picard,10,383,0.26060517289072815,15.067574356223293,0.20990681648254395,Picard,0
Picard,10,384,0.16459733442439564,9.516628345346133,0.21044301986694336,Picard,0
Picard,10,385,0.17100178193090332,9.886918343600678,0.21098923683166504,Picard,0
Picard,10,386,0.1898021407087272,10.9739105957741,0.21155047416687012,Picard,0
Picard,10,387,0.2741140156750435,15.848623676393728,0.21209144592285156,Picard,0
Picard,10,388,0.2290147815797374,13.241092691486244,0.21262860298156738,Picard,0
Picard,10,389,0.17781389990191807,10.280778883332435,0.21317052841186523,Picard,0
Picard,10,390,0.16759835722231436,9.690140381392023,0.21371054649353027,Picard,0
Picard,10,391,0.19005581094140034,10.988577208298963,0.2142333984375,Picard,0
Picard,10,392,0.2681523975752029,15.503937026445998,0.21474123001098633,Picard,0
Picard,10,393,0.19511256031154994,11.280946489730924,0.21530842781066895,Picard,0
Picard,10,394,0.19222302305477626,11.113880283835732,0.21585559844970703,Picard,0
Picard,10,395,0.1643084739064697,9.499927113808218,0.2163996696472168,Picard,0
Picard,10,396,0.19005169535324945,10.988339254731905,0.21693634986877441,Picard,0
Picard,10,397,0.2605946978534663,15.066968714358719,0.21747541427612305,Picard,0
Picard,10,398,0.16465027699660317,9.519689359578882,0.21801352500915527,Picard,0
Picard,10,399,0.20644158797030954,11.935964058026261,0.21857118606567383,Picard,0
Picard,10,400,0.1612957124900068,9.325736378618362,0.21910905838012695,Picard,0
Picard,10,401,0.18985182659744523,10.976783316274656,0.21966099739074707,Picard,0
Picard,10,402,0.2523029083834454,14.587557070300234,0.22020506858825684,Picard,0
Picard,10,403,0.13967711652191184,8.075800321658347,0.22076988220214844,Picard,0
Picard,10,404,0.22023511872091947,12.733473362673921,0.22130393981933594,Picard,0
Picard,10,405,0.15841238688269527,9.159029315594768,0.2218620777130127,Picard,0
Picard,10,406,0.18926600378101546,10.942912427419243,0.2224140167236328,Picard,0
Picard,10,407,0.24297439982526045,14.048204782032139,0.22295522689819336,Picard,0
Picard,10,408,0.12210806489765745,7.059999335130052,0.22349023818969727,Picard,0
Picard,10,409,0.23364276120258343,13.508671520842627,0.22404122352600098,Picard,0
Picard,10,410,0.15554702708720428,8.993360993293292,0.22458624839782715,Picard,0
Picard,10,411,0.18831309574113775,10.887817539676854,0.2251293659210205,Picard,0
Picard,10,412,0.23327655568745487,13.487498384608788,0.22566628456115723,Picard,0
Picard,10,413,0.11560054263347921,6.683749798320598,0.22621631622314453,Picard,0
Picard,10,414,0.2467420844680894,14.26604339159201,0.22675228118896484,Picard,0
Picard,10,415,0.15277352390992338,8.83300360327163,0.22728896141052246,Picard,0
Picard,10,416,0.18717282712077177,10.821889906572515,0.22782468795776367,Picard,0
Picard,10,417,0.22365601490935108,12.931261484499602,0.22836971282958984,Picard,0
Picard,10,418,0.12276418896714046,7.097934876064185,0.22891545295715332,Picard,0
Picard,10,419,0.2597281474463258,15.016866820569835,0.22946619987487793,Picard,0
Picard,10,420,0.15017800459355235,8.682936818876554,0.23000741004943848,Picard,0
Picard,10,421,0.18582689290504223,10.744071175466233,0.23055648803710938,Picard,0
Picard,10,422,0.21390723123691424,12.367609883735833,0.2311244010925293,Picard,0
Picard,10,423,0.14281123203858553,8.25700746372945,0.23167133331298828,Picard,0
Picard,10,424,0.27232266474853506,15.745052005179922,0.2323002815246582,Picard,0
Picard,10,425,0.14789448047235143,8.550908858307823,0.23283934593200684,Picard,0
Picard,10,426,0.18415955826199087,10.64766983226873,0.23337554931640625,Picard,0
Picard,10,427,0.2044641039368156,11.821630611063535,0.23392271995544434,Picard,0
Picard,10,428,0.17207831751353883,9.94916108329212,0.2344658374786377,Picard,0
Picard,10,429,0.28346423718618113,16.38923135621633,0.2350161075592041,Picard,0
Picard,10,430,0.14629755972340203,8.458578679827903,0.23555231094360352,Picard,0
Picard,10,431,0.18215972173803197,10.532044017206047,0.23610734939575195,Picard,0
Picard,10,432,0.19655107613236342,11.364118070142334,0.23664116859436035,Picard,0
Picard,10,433,0.20557990152514832,11.886143387008113,0.2371830940246582,Picard,0
Picard,10,434,0.29129374916435075,16.8419152097079,0.23771905899047852,Picard,0
Picard,10,435,0.14608131142583472,8.446075715029242,0.23827123641967773,Picard,0
Picard,10,436,0.17985811320080744,10.398970458500864,0.23883533477783203,Picard,0
Picard,10,437,0.1913313060368272,11.062323316168435,0.23938226699829102,Picard,0
Picard,10,438,0.23751342362620298,13.732464061983709,0.23993611335754395,Picard,0
Picard,10,439,0.2927064479596156,16.92359411079988,0.24049019813537598,Picard,0
Picard,10,440,0.14827317909010115,8.57280431616942,0.24098849296569824,Picard,0
Picard,10,441,0.1772703853609438,10.249354158838374,0.24150443077087402,Picard,0
Picard,10,442,0.18917800104437485,10.937824317451296,0.24204134941101074,Picard,0
Picard,10,443,0.2616451191750483,15.127701589277265,0.24257755279541016,Picard,0
Picard,10,444,0.28377789555584215,16.40736634085572,0.2431647777557373,Picard,0
Picard,10,445,0.1540150563714934,8.904786072026441,0.24370193481445312,Picard,0
Picard,10,446,0.17439715246932908,10.083230632751253,0.2442622184753418,Picard,0
Picard,10,447,0.18918434025403918,10.938190835551907,0.24480628967285156,Picard,0
Picard,10,448,0.27370381906850605,15.824907079362612,0.24534320831298828,Picard,0
Picard,10,449,0.262357782414106,15.168906091192321,0.24592924118041992,Picard,0
Picard,10,450,0.16384513449461488,9.473137925539808,0.24643230438232422,Picard,0
Picard,10,451,0.1712139705693853,9.899186588518495,0.24695754051208496,Picard,0
Picard,10,452,0.18977229597961082,10.972185044166224,0.24749374389648438,Picard,0
Picard,10,453,0.2743516907658105,15.862365487667196,0.2480628490447998,Picard,0
Picard,10,454,0.23117354874632778,13.365907500185429,0.24862074851989746,Picard,0
Picard,10,455,0.17691656274534975,10.228896972550624,0.2491617202758789,Picard,0
Picard,10,456,0.16781502766252313,9.702667753479185,0.24970769882202148,Picard,0
Picard,10,457,0.19004994534009534,10.988238073112862,0.2502448558807373,Picard,0
Picard,10,458,0.26860745856849766,15.530247576144717,0.25079774856567383,Picard,0
Picard,10,459,0.19720524311745077,11.401940457088289,0.25133776664733887,Picard,0
Picard,10,460,0.19130456350410868,11.06077712621472,0.2518746852874756,Picard,0
Picard,10,461,0.1645092151365261,9.511533496661958,0.2524147033691406,Picard,0
Picard,10,462,0.19005634821983286,10.988608272466424,0.2529475688934326,Picard,0
Picard,10,463,0.2610919602540767,15.09571924955586,0.2534925937652588,Picard,0
Picard,10,464,0.166435346802629,9.622897871271093,0.2540297508239746,Picard,0
Picard,10,465,0.20555074926351505,11.884457872231339,0.2545785903930664,Picard,0
Picard,10,466,0.16148123371541287,9.336462776822422,0.2551565170288086,Picard,0
Picard,10,467,0.18987425392166155,10.978080011085016,0.25570154190063477,Picard,0
Picard,10,468,0.25286291249251547,14.619935182597882,0.2562375068664551,Picard,0
Picard,10,469,0.14107655479934533,8.156712530991259,0.2567775249481201,Picard,0
Picard,10,470,0.21936912061449454,12.683403401605352,0.25733256340026855,Picard,0
Picard,10,471,0.1585952709186606,9.169603237746458,0.2578763961791992,Picard,0
Picard,10,472,0.18931615541700633,10.94581207632489,0.25841331481933594,Picard,0
Picard,10,473,0.24358857369108033,14.083714861468554,0.25896739959716797,Picard,0
Picard,10,474,0.1229374727157692,7.107953732321821,0.2595393657684326,Picard,0
Picard,10,475,0.23280119561060683,13.460014189938212,0.26007533073425293,Picard,0
Picard,10,476,0.1557277255178778,9.003808548919396,0.26062440872192383,Picard,0
Picard,10,477,0.18838056696801556,10.891718566339565,0.2611663341522217,Picard,0
Picard,10,478,0.2338903493269561,13.52298648025929,0.2617044448852539,Picard,0
Picard,10,479,0.11561917472558264,6.684827061791872,0.2622416019439697,Picard,0
Picard,10,480,0.24591344889662534,14.218133643873834,0.26278042793273926,Picard,0
Picard,10,481,0.15294535021170802,8.842938193401888,0.2633073329925537,Picard,0
Picard,10,482,0.1872501041689122,10.82635788261447,0.2638077735900879,Picard,0
Picard,10,483,0.22427031834690947,12.966779055467295,0.2643775939941406,Picard,0
Picard,10,484,0.12189846241643539,7.047880615704684,0.2649214267730713,Picard,0
Picard,10,485,0.2589066608996151,14.969370412544235,0.26549744606018066,Picard,0
Picard,10,486,0.1503361373490083,8.69207968056482,0.26604151725769043,Picard,0
Picard,10,487,0.18592128564091492,10.7495287400674,0.26657748222351074,Picard,0
Picard,10,488,0.21452846562587083,12.40352818591079,0.2671213150024414,Picard,0
Picard,10,489,0.1412133809754107,8.164623496682669,0.26766228675842285,Picard,0
Picard,10,490,0.2715500821153695,15.70038310570098,0.26819443702697754,Picard,0
Picard,10,491,0.1480248034745264,8.558443825875104,0.2687523365020752,Picard,0
Picard,10,492,0.18427588256438004,10.654395428143298,0.26929736137390137,Picard,0
Picard,10,493,0.2050335132135628,11.854552507898289,0.2698373794555664,Picard,0
Picard,10,494,0.1700341716998914,9.830973409960672,0.2703986167907715,Picard,0
Picard,10,495,0.2828292664743401,16.35251885236016,0.27095842361450195,Picard,0
Picard,10,496,0.1463670816236398,8.462598271571226,0.271484375,Picard,0
Picard,10,497,0.18229613433744143,10.539931070873973,0.2719864845275879,Picard,0
Picard,10,498,0.19698389738672786,11.389142770768,0.2725026607513428,Picard,0
Picard,10,499,0.20342981045211364,11.76183020950574,0.2730536460876465,Picard,0
Picard,10,500,0.29094681083446805,16.82185605652784,0.2735915184020996,Picard,0
GlobalAndersonSolver,20,0,1.0,57.81763343025095,0.0,initial,0
GlobalAndersonSolver,20,1,0.26526225887283933,15.336836046390157,0.0008029937744140625,AA,0
GlobalAndersonSolver,20,2,0.27808449168729354,16.078187203013606,0.0014867782592773438,AA,1
GlobalAndersonSolver,20,3,0.3515596443447439,20.326346645593798,0.002475738525390625,AA,2
GlobalAndersonSolver,20,4,0.30973481913474366,17.908134233317686,0.003571033477783203,AA,3
GlobalAndersonSolver,20,5,0.30579121724192826,17.68012450468404,0.004762172698974609,AA,4
GlobalAndersonSolver,20,6,0.2941751188048569,17.00850918335974,0.005971193313598633,AA,5
GlobalAndersonSolver,20,7,0.44362737905330313,25.64948518172687,0.0073621273040771484,AA,6
GlobalAndersonSolver,20,8,0.3287849065903967,19.009565206642858,0.008935213088989258,AA,7
GlobalAndersonSolver,20,9,0.32535012115812034,18.810974041607935,0.011751174926757812,AA,8
GlobalAndersonSolver,20,10,0.3298538377316102,19.071368275527718,0.014859437942504883,KM,9
GlobalAndersonSolver,20,11,0.31885947601956954,18.435700300261367,0.016051292419433594,KM,0
GlobalAndersonSolver,20,12,0.19375883834551397,11.202677489332178,0.016718149185180664,AA,0
GlobalAndersonSolver,20,13,0.10284888218588793,5.946478968934736,0.017939329147338867,KM,1
GlobalAndersonSolver,20,14,0.12214400347894659,7.062077218849031,0.019059181213378906,KM,0
GlobalAndersonSolver,20,15,0.11105742308708888,6.421077377757594,0.020174503326416016,KM,0
GlobalAndersonSolver,20,16,0.10476660589435777,6.057357215331546,0.021369457244873047,KM,0
GlobalAndersonSolver,20,17,0.10901455510058343,6.302963585367427,0.022538185119628906,KM,0
GlobalAndersonSolver,20,18,0.13505395485613556,7.808500055177706,0.023861169815063477,KM,0
GlobalAndersonSolver,20,19,0.15248643285517127,8.816404677906867,0.025023221969604492,KM,0
GlobalAndersonSolver,20,20,0.14383871209055696,8.316413928731228,0.026124000549316406,KM,0
GlobalAndersonSolver,20,21,0.11292945936715398,6.529314085166528,0.027334928512573242,KM,0
GlobalAndersonSolver,20,22,0.09596559391532089,5.5485035309123445,0.027951955795288086,AA,0
GlobalAndersonSolver,20,23,0.09927202394646663,5.7396734904159015,0.028630971908569336,AA,1
GlobalAndersonSolver,20,24,0.06698074007752573,3.8726678766893015,0.02960515022277832,AA,2
GlobalAndersonSolver,20,25,0.07316364095713711,4.230148573282248,0.0312192440032959,KM,3
GlobalAndersonSolver,20,26,0.06988838649834342,4.04078111159292,0.03247213363647461,KM,0
GlobalAndersonSolver,20,27,0.06725116826669199,3.8883033945997227,0.033677101135253906,KM,0
GlobalAndersonSolver,20,28,0.05429786752654654,3.1393742006941947,0.034295082092285156,AA,0
GlobalAndersonSolver,20,29,0.06376022773742945,3.686465474752015,0.03494691848754883,AA,1
GlobalAndersonSolver,20,30,0.04790263698237505,2.7696171053893432,0.03595304489135742,AA,2
GlobalAndersonSolver,20,31,0.052729558416574715,3.0486982794685207,0.03702688217163086,AA,3
GlobalAndersonSolver,20,32,0.05288057992148892,3.0574299854797347,0.03815174102783203,AA,4
GlobalAndersonSolver,20,33,0.01882121199358608,1.0881979357582026,0.03931283950805664,AA,5
GlobalAndersonSolver,20,34,0.017742129885093702,1.025807961968248,0.04079771041870117,AA,6
GlobalAndersonSolver,20,35,0.01806923676436029,1.044720507606197,0.042343854904174805,AA,7
GlobalAndersonSolver,20,36,0.01819056995026648,1.0517357052718457,0.0440518856048584,AA,8
GlobalAndersonSolver,20,37,0.010723884383055741,0.6200296162079098,0.04651975631713867,AA,9
GlobalAndersonSolver,20,38,0.014832795014989915,0.8575971049227405,0.04929685592651367,AA,10
GlobalAndersonSolver,20,39,0.0036105346325860516,0.20875256787408614,0.0520787239074707,AA,11
GlobalAndersonSolver,20,40,0.005423651149241237,0.31358267400038914,0.055281877517700195,AA,12
GlobalAndersonSolver,20,41,0.00126970741747733,0.07341147802737487,0.058702945709228516,AA,13
GlobalAndersonSolver,20,42,0.001260608916570047,0.07288542423715277,0.06250500679016113,AA,14
GlobalAndersonSolver,20,43,0.0006280620950400215,0.0363130639824594,0.06637096405029297,AA,15
GlobalAndersonSolver,20,44,0.00039311610811697365,0.02272904303463408,0.0704960823059082,AA,16
GlobalAndersonSolver,20,45,0.00019335442604425247,0.011179295327143157,0.07476210594177246,AA,17
GlobalAndersonSolver,20,46,4.495003126110003e-05,0.0025989044301326023,0.07892727851867676,AA,18
GlobalAndersonSolver,20,47,4.031542521922957e-05,0.00233094247691011,0.08389830589294434,AA,19
GlobalAndersonSolver,20,48,3.5354802846842556e-06,0.00020441310309975356,0.08892536163330078,AA,20
GlobalAndersonSolver,20,49,2.106651656848172e-06,0.00012180161326087841,0.0938863754272461,AA,20
GlobalAndersonSolver,20,50,2.9552451946764114e-07,1.7086528336231138e-05,0.09910726547241211,AA,20
GlobalAndersonSolver,20,51,6.081963441342791e-08,3.516447327877451e-06,0.10431122779846191,AA,20
GlobalAndersonSolver,20,52,1.4266193754442999e-08,8.248375609393208e-07,0.10971403121948242,AA,20
GlobalAndersonSolver,20,53,1.143409173754039e-09,6.610921246889714e-08,0.11481595039367676,AA,20
GlobalAndersonSolver,20,54,1.5745943331552946e-10,9.103931795572327e-09,0.11994504928588867,AA,20
GlobalAndersonSolver,20,55,4.173600924617955e-11,2.4130772834371732e-09,0.1248478889465332,AA,20
GlobalAndersonSolver eta=1e-10,20,0,1.0,57.81763343025095,0.0,initial,0
GlobalAndersonSolver eta=1e-10,20,1,0.26526225887283933,15.336836046390157,0.0007679462432861328,AA,0
GlobalAndersonSolver eta=1e-10,20,2,0.27808449168729354,16.078187203013606,0.0015408992767333984,AA,1
GlobalAndersonSolver eta=1e-10,20,3,0.35155964442309856,20.32634665012408,0.002373933792114258,AA,2
GlobalAndersonSolver eta=1e-10,20,4,0.3097348198791741,17.908134276358894,0.003142118453979492,AA,3
GlobalAndersonSolver eta=1e-10,20,5,0.3057912180765437,17.68012455293953,0.003966331481933594,AA,4
GlobalAndersonSolver eta=1e-10,20,6,0.29417511715512396,17.008509087976083,0.004894256591796875,AA,5
GlobalAndersonSolver eta=1e-10,20,7,0.4436273839642521,25.649485465666316,0.005704164505004883,AA,6
GlobalAndersonSolver eta=1e-10,20,8,0.3287848942070382,19.009564490666374,0.00654149055480957,AA,7
GlobalAndersonSolver eta=1e-10,20,9,0.3253500388541268,18.810969282985806,0.0073413848876953125,AA,8
GlobalAndersonSolver eta=1e-10,20,10,0.3298539201920663,19.07137304319614,0.00930023193359375,KM,9
GlobalAndersonSolver eta=1e-10,20,11,0.3188596667822563,18.43571132970846,0.010498285293579102,KM,0
GlobalAndersonSolver eta=1e-10,20,12,0.19375861113749765,11.202664352702378,0.011089563369750977,AA,0
GlobalAndersonSolver eta=1e-10,20,13,0.10284896642768233,5.946483839595924,0.012294530868530273,KM,1
GlobalAndersonSolver eta=1e-10,20,14,0.12214399323249098,7.062076626423216,0.013532638549804688,KM,0
GlobalAndersonSolver eta=1e-10,20,15,0.11105743512065594,6.421078073509963,0.014713525772094727,KM,0
GlobalAndersonSolver eta=1e-10,20,16,0.10476659745173035,6.057356727198809,0.016031265258789062,KM,0
GlobalAndersonSolver eta=1e-10,20,17,0.10901456532992651,6.302964176803835,0.017225265502929688,KM,0
GlobalAndersonSolver eta=1e-10,20,18,0.1350539777683153,7.8085013799057155,0.018410921096801758,KM,0
GlobalAndersonSolver eta=1e-10,20,19,0.1524864379219142,8.816404970853952,0.019572973251342773,KM,0
GlobalAndersonSolver eta=1e-10,20,20,0.1438386919753844,8.316412765719555,0.020841121673583984,KM,0
GlobalAndersonSolver eta=1e-10,20,21,0.11292942612106535,6.529312162956363,0.022037982940673828,KM,0
GlobalAndersonSolver eta=1e-10,20,22,0.09596555448581755,5.548501251191774,0.02265477180480957,AA,0
GlobalAndersonSolver eta=1e-10,20,23,0.09927200096530076,5.739672161699278,0.023363590240478516,AA,1
GlobalAndersonSolver eta=1e-10,20,24,0.0669807396838496,3.8726678539278794,0.02418041229248047,AA,2
GlobalAndersonSolver eta=1e-10,20,25,0.07316364191807165,4.230148628841209,0.025487422943115234,KM,3
GlobalAndersonSolver eta=1e-10,20,26,0.06988838369979361,4.0407809497873926,0.026722192764282227,KM,0
GlobalAndersonSolver eta=1e-10,20,27,0.06725115833121888,3.88830282015418,0.027955055236816406,KM,0
GlobalAndersonSolver eta=1e-10,20,28,0.05429784561486146,3.1393729338124188,0.028584957122802734,AA,0
GlobalAndersonSolver eta=1e-10,20,29,0.063760242352282,3.6864663197482024,0.029247045516967773,AA,1
GlobalAndersonSolver eta=1e-10,20,30,0.04790262556238121,2.7696164451123253,0.029989004135131836,AA,2
GlobalAndersonSolver eta=1e-10,20,31,0.052729560004412514,3.0486983712735443,0.030770063400268555,AA,3
GlobalAndersonSolver eta=1e-10,20,32,0.052880584271864865,3.0574302370081767,0.031556129455566406,AA,4
GlobalAndersonSolver eta=1e-10,20,33,0.01882120949843002,1.0881977914941843,0.03239011764526367,AA,5
GlobalAndersonSolver eta=1e-10,20,34,0.017742108542155594,1.0258067279700762,0.0332338809967041,AA,6
GlobalAndersonSolver eta=1e-10,20,35,0.018069220385722604,1.0447195606321271,0.034157752990722656,AA,7
GlobalAndersonSolver eta=1e-10,20,36,0.018190562783050097,1.051735290880356,0.03497576713562012,AA,8
GlobalAndersonSolver eta=1e-10,20,37,0.010723892794465254,0.6200301025357016,0.03619670867919922,AA,9
GlobalAndersonSolver eta=1e-10,20,38,0.014832744984098815,0.8575942122550188,0.037419795989990234,AA,10
GlobalAndersonSolver eta=1e-10,20,39,0.00361049955892348,0.2087505399979205,0.038475751876831055,AA,11
GlobalAndersonSolver eta=1e-10,20,40,0.005423663677672511,0.313583398364636,0.039537668228149414,AA,12
GlobalAndersonSolver eta=1e-10,20,41,0.0012697066175663026,0.07341143177841232,0.040532588958740234,AA,13
GlobalAndersonSolver eta=1e-10,20,42,0.001260593355968347,0.07288452455998773,0.04160261154174805,AA,14
GlobalAndersonSolver eta=1e-10,20,43,0.0006280360285056111,0.03631155687712806,0.04270362854003906,AA,15
GlobalAndersonSolver eta=1e-10,20,44,0.000393089692403736,0.02272751574060931,0.04370379447937012,AA,16
GlobalAndersonSolver eta=1e-10,20,45,0.00019326933444079313,0.011174375532006352,0.04496955871582031,AA,17
GlobalAndersonSolver eta=1e-10,20,46,4.4938098063813345e-05,0.00259821448090623,0.04617047309875488,AA,18
GlobalAndersonSolver eta=1e-10,20,47,4.028566177464385e-05,0.002329221624981431,0.04718351364135742,AA,19
GlobalAndersonSolver eta=1e-10,20,48,3.527615752829926e-06,0.00020395839447989942,0.04809856414794922,AA,20
GlobalAndersonSolver eta=1e-10,20,49,2.103847753070072e-06,0.00012163949818006256,0.049077510833740234,AA,20
GlobalAndersonSolver eta=1e-10,20,50,2.959522901623006e-07,1.711126102544716e-05,0.05029559135437012,AA,20
GlobalAndersonSolver eta=1e-10,20,51,6.075145673970756e-08,3.5125054561301603e-06,0.05152463912963867,AA,20
GlobalAndersonSolver eta=1e-10,20,52,1.4247543015475101e-08,8.237592193504717e-07,0.05250978469848633,AA,20
GlobalAndersonSolver eta=1e-10,20,53,1.1427861535111463e-09,6.607319091287394e-08,0.0535128116607666,AA,20
GlobalAndersonSolver eta=1e-10,20,54,1.575742182868349e-10,9.110568390966567e-09,0.054576873779296875,AA,20
GlobalAndersonSolver eta=1e-10,20,55,4.1799874426242957e-11,2.4167698170070365e-09,0.05552482604980469,AA,20
AA_pure,20,0,1.0,57.81763343025095,0.0,initial,0
AA_pure,20,1,0.26526225887283933,15.336836046390157,0.0007061958312988281,AA,1
AA_pure,20,2,0.27808449168729354,16.078187203013606,0.0013723373413085938,AA,2
AA_pure,20,3,0.3515596443447438,20.326346645593794,0.002345561981201172,AA,3
AA_pure,20,4,0.3097348191347437,17.90813423331769,0.0034093856811523438,AA,4
AA_pure,20,5,0.3057912172419734,17.680124504686653,0.004551410675048828,AA,5
AA_pure,20,6,0.2941751188048448,17.008509183359042,0.005828380584716797,AA,6
AA_pure,20,7,0.4436273790563146,25.649485181900985,0.007275104522705078,AA,7
AA_pure,20,8,0.3287849065774772,19.009565205895882,0.008896112442016602,AA,8
AA_pure,20,9,0.3253501211508356,18.81097404118675,0.011417150497436523,AA,9
AA_pure,20,10,0.7243156627758567,41.87821747816375,0.013981342315673828,AA,10
AA_pure,20,11,0.9057438357458373,52.36796507686225,0.016561269760131836,AA,11
AA_pure,20,12,0.9204399751441971,53.21766107743648,0.019361257553100586,AA,12
AA_pure,20,13,0.8722860325202751,50.433514074585226,0.022512435913085938,AA,13
AA_pure,20,14,0.9928299986313652,57.40308091942483,0.026090621948242188,AA,14
AA_pure,20,15,0.6866388526099708,39.6998334791714,0.02965068817138672,AA,15
AA_pure,20,16,0.13111844762643574,7.580958340808818,0.03354668617248535,AA,16
AA_pure,20,17,0.1830460332693696,10.583288452429931,0.03735995292663574,AA,17
AA_pure,20,18,0.3638107868326846,21.034678711063325,0.04152369499206543,AA,18
AA_pure,20,19,0.37630194590325877,21.75688796732474,0.04580092430114746,AA,19
AA_pure,20,20,0.3305727100486827,19.11293177163937,0.050562143325805664,AA,20
AA_pure,20,21,0.3109369195532785,17.977636834662885,0.0553591251373291,AA,20
AA_pure,20,22,0.5680079613149164,32.840876092769996,0.06022834777832031,AA,20
AA_pure,20,23,0.5024393331057234,29.04985318244647,0.06514739990234375,AA,20
AA_pure,20,24,0.13994044348343884,8.091025263392217,0.07026338577270508,AA,20
AA_pure,20,25,0.13484901378913117,7.796650847690842,0.07513833045959473,AA,20
AA_pure,20,26,0.13138976629270888,7.596645343998184,0.08006620407104492,AA,20
AA_pure,20,27,0.1265230659591312,7.31526424809651,0.08504891395568848,AA,20
AA_pure,20,28,0.16147857451598005,9.336309028204397,0.09003281593322754,AA,20
AA_pure,20,29,0.24531162386722974,14.183337544935089,0.09515690803527832,AA,20
AA_pure,20,30,0.1921490766519702,11.109604877824804,0.09999680519104004,AA,20
AA_pure,20,31,0.3315482162406296,19.169333231054296,0.10462069511413574,AA,20
AA_pure,20,32,0.2586185598249461,14.95271309021816,0.10970449447631836,AA,20
AA_pure,20,33,0.36382933244408316,21.03575097442491,0.11478662490844727,AA,20
AA_pure,20,34,0.22994885036575144,13.295098338154643,0.11945652961730957,AA,20
AA_pure,20,35,0.1999560406200314,11.560985058733344,0.12452554702758789,AA,20
AA_pure,20,36,0.1683756854179889,9.735083658064532,0.12931466102600098,AA,20
AA_pure,20,37,0.12143335116174381,7.0209889836766415,0.13419055938720703,AA,20
AA_pure,20,38,0.13055253331025596,7.548238514323006,0.1392374038696289,AA,20
AA_pure,20,39,0.12601926093667468,7.286135433987799,0.1440575122833252,AA,20
AA_pure,20,40,0.12406877363575432,7.173362874212827,0.1488204002380371,AA,20
AA_pure,20,41,0.1679224786530129,9.70888031545904,0.15345048904418945,AA,20
AA_pure,20,42,0.1507212107525543,8.714343713454783,0.15832042694091797,AA,20
AA_pure,20,43,0.2126301384362464,12.293771400330407,0.16309905052185059,AA,20
AA_pure,20,44,0.11358235826816916,6.567063154492438,0.16781306266784668,AA,20
AA_pure,20,45,0.12122757083888876,7.00909125240265,0.17268800735473633,AA,20
AA_pure,20,46,0.12377870925745008,7.156592038316858,0.17746186256408691,AA,20
AA_pure,20,47,0.12495901952873659,7.2248347849160615,0.1821918487548828,AA,20
AA_pure,20,48,0.11345482305983352,6.559689370567437,0.1873328685760498,AA,20
AA_pure,20,49,0.11145504302590853,6.444066821624827,0.19212889671325684,AA,20
AA_pure,20,50,0.18148532785185506,10.493052158707469,0.19718384742736816,AA,20
AA_pure,20,51,0.1335210356350728,7.719870293576114,0.20189785957336426,AA,20
AA_pure,20,52,0.6770148974773681,39.1433991691654,0.2068309783935547,AA,20
AA_pure,20,53,0.1614515002108287,9.334743655953778,0.2116849422454834,AA,20
AA_pure,20,54,0.17463281841269787,10.096856279876944,0.21639108657836914,AA,20
AA_pure,20,55,0.1042768536379125,6.029040898896755,0.22101497650146484,AA,20
AA_pure,20,56,0.11918134186810601,6.890783135855574,0.22583413124084473,AA,20
AA_pure,20,57,0.11490559893324527,6.643569798205809,0.2305159568786621,AA,20
AA_pure,20,58,0.15626796074700716,9.035043671363304,0.23543095588684082,AA,20
AA_pure,20,59,0.14932674006823168,8.633718718599386,0.2405388355255127,AA,20
AA_pure,20,60,0.17728936916627958,10.250451757536387,0.24535894393920898,AA,20
AA_pure,20,61,0.1820453675579723,10.525432329142141,0.24994325637817383,AA,20
AA_pure,20,62,0.09468114115029666,5.474239511785701,0.25487327575683594,AA,20
AA_pure,20,63,0.09648485930623868,5.578526226937445,0.25945615768432617,AA,20
AA_pure,20,64,0.13459345089584188,7.7818748060082665,0.2639908790588379,AA,20
AA_pure,20,65,0.24084197630200466,13.924913100446492,0.26863789558410645,AA,20
AA_pure,20,66,0.1728953097015636,9.996397638134715,0.27317094802856445,AA,20
AA_pure,20,67,0.169065806960382,9.774984852424936,0.2780299186706543,AA,20
AA_pure,20,68,0.15979870628764034,9.239183022767127,0.28272294998168945,AA,20
AA_pure,20,69,0.12482567299371876,7.217125003835207,0.2875328063964844,AA,20
AA_pure,20,70,0.1117507073629027,6.461161433879554,0.2923877239227295,AA,20
AA_pure,20,71,0.2586569021286341,14.954929951477665,0.29738688468933105,AA,20
AA_pure,20,72,0.2136011046475477,12.349910368808585,0.30211973190307617,AA,20
AA_pure,20,73,0.12226179487613818,7.0688876386730914,0.3067004680633545,AA,20
AA_pure,20,74,0.13118189652628523,7.584626806041871,0.31194162368774414,AA,20
AA_pure,20,75,0.36574525651741896,21.14652517017723,0.3170506954193115,AA,20
AA_pure,20,76,0.09456760532925067,5.467675139303261,0.3217356204986572,AA,20
AA_pure,20,77,0.055433239902233304,3.205018744518485,0.3269617557525635,AA,20
AA_pure,20,78,0.06243554383418188,3.609875386423093,0.33199167251586914,AA,20
AA_pure,20,79,0.07652196168653948,4.424318730156047,0.3369476795196533,AA,20
AA_pure,20,80,0.09501376612745654,5.493471100784877,0.3416156768798828,AA,20
AA_pure,20,81,0.0383034821900763,2.2146166923679775,0.34656238555908203,AA,20
AA_pure,20,82,0.03747608782476816,2.166778708252336,0.3518393039703369,AA,20
AA_pure,20,83,0.04662141299125483,2.6955397663287113,0.3568093776702881,AA,20
AA_pure,20,84,0.05860781080555314,3.388564921304972,0.36188220977783203,AA,20
AA_pure,20,85,0.0460341139141503,2.6615835235747567,0.36684727668762207,AA,20
AA_pure,20,86,0.039952750031414686,2.3099734558467815,0.3717923164367676,AA,20
AA_pure,20,87,0.04127085079988488,2.3861829229023233,0.37676334381103516,AA,20
AA_pure,20,88,0.045202293829481904,2.613489654839479,0.38173627853393555,AA,20
AA_pure,20,89,0.06639595859074059,3.838857195049561,0.3868410587310791,AA,20
AA_pure,20,90,0.06891637323758641,3.984581605193128,0.3917090892791748,AA,20
AA_pure,20,91,0.07781525067538457,4.4990936388324725,0.39653897285461426,AA,20
AA_pure,20,92,0.096370231072572,5.571898693742548,0.4015059471130371,AA,20
AA_pure,20,93,0.14058596149714228,8.128347587281146,0.406688928604126,AA,20
AA_pure,20,94,0.028781770095090864,1.6640938328317225,0.41185760498046875,AA,20
AA_pure,20,95,0.024163588160732503,1.3970814826367837,0.41716456413269043,AA,20
AA_pure,20,96,0.03928367286857234,2.2712889977090103,0.42197370529174805,AA,20
AA_pure,20,97,0.032354446542521204,1.8706575300341413,0.4266645908355713,AA,20
AA_pure,20,98,0.01053128458446466,0.6088939516542304,0.43125271797180176,AA,20
AA_pure,20,99,0.006923638873104795,0.4003084143686088,0.43596696853637695,AA,20
AA_pure,20,100,0.005848964451653262,0.3381732826122571,0.44064784049987793,AA,20
AA_pure,20,101,0.004485075465978369,0.2593164491989493,0.44554686546325684,AA,20
AA_pure,20,102,0.004863705723186121,0.28120795461578874,0.45032215118408203,AA,20
AA_pure,20,103,0.0023277937601192513,0.1345875263238004,0.454970121383667,AA,20
AA_pure,20,104,0.0006045505725462828,0.03495368339352931,0.45961523056030273,AA,20
AA_pure,20,105,0.0008233670972252416,0.047605137005898815,0.4644453525543213,AA,20
AA_pure,20,106,0.0004036618302073282,0.023338771728711502,0.4694864749908447,AA,20
AA_pure,20,107,9.525985720555234e-05,0.0055076995045286745,0.4743032455444336,AA,20
AA_pure,20,108,8.44487007921199e-05,0.004882624026059732,0.47896790504455566,AA,20
AA_pure,20,109,3.159498750648151e-05,0.0018267474058831063,0.48364686965942383,AA,20
AA_pure,20,110,3.0771852969040916e-06,0.0001779155714933587,0.4888157844543457,AA,20
AA_pure,20,111,4.6136519750181435e-07,2.6675043866635233e-05,0.4935643672943115,AA,20
AA_pure,20,112,4.228623400109687e-07,2.4448899766212326e-05,0.49820613861083984,AA,20
AA_pure,20,113,6.424809980994456e-08,3.71467308340155e-06,0.5030961036682129,AA,20
AA_pure,20,114,6.526985982466144e-09,3.7737488293861386e-07,0.5078310966491699,AA,20
AA_pure,20,115,1.2339242649025018e-09,7.134258082882472e-08,0.5126490592956543,AA,20
AA_pure,20,116,5.108304430096463e-10,2.9535007298944428e-08,0.5175724029541016,AA,20
AA_pure,20,117,9.728185770589172e-11,5.624606788253081e-09,0.5224883556365967,AA,20
FAA cs=0.1,20,0,1.0,57.81763343025095,0.0,initial,0
FAA cs=0.1,20,1,0.26526225887283933,15.336836046390157,0.0006730556488037109,AA,0
FAA cs=0.1,20,2,0.27808449168729354,16.078187203013606,0.002035856246948242,AA,1
FAA cs=0.1,20,3,0.3515596443447438,20.326346645593794,0.003300905227661133,AA,2
FAA cs=0.1,20,4,0.3097348191347437,17.90813423331769,0.0047147274017333984,AA,3
FAA cs=0.1,20,5,0.3057912172419422,17.680124504684848,0.006187915802001953,AA,4
FAA cs=0.1,20,6,0.2941751188036051,17.008509183287362,0.008084774017333984,AA,5
FAA cs=0.1,20,7,0.44362737905651556,25.649485181912603,0.009688615798950195,AA,6
FAA cs=0.1,20,8,0.27172463912196154,15.7104755787208,0.01114797592163086,AA,6
FAA cs=0.1,20,9,0.2998580167456358,17.33708089332122,0.012931108474731445,AA,7
FAA cs=0.1,20,10,0.5275482825366264,30.501593216461128,0.014657020568847656,AA,7
FAA cs=0.1,20,11,0.5326061291131265,30.794025935767657,0.0165097713470459,AA,7
FAA cs=0.1,20,12,0.16879280542982408,9.759200550005241,0.01827692985534668,AA,7
FAA cs=0.1,20,13,0.16074652119273963,9.293983437509885,0.020210981369018555,AA,7
FAA cs=0.1,20,14,0.14691684564511048,8.494384326237759,0.022108793258666992,AA,7
FAA cs=0.1,20,15,0.1732459044420849,10.01666819632475,0.023817777633666992,AA,7
FAA cs=0.1,20,16,0.16084687100090786,9.299785425933353,0.025461673736572266,AA,7
FAA cs=0.1,20,17,0.22287994875079956,12.886391175826846,0.027202844619750977,AA,7
FAA cs=0.1,20,18,0.3333167482433794,19.271585566098953,0.029018878936767578,AA,7
FAA cs=0.1,20,19,0.1551089908360978,8.968034773897656,0.03095269203186035,AA,8
FAA cs=0.1,20,20,0.15122462194794303,8.743449757414453,0.03302168846130371,AA,8
FAA cs=0.1,20,21,0.1423990100685619,8.233173764974726,0.0348355770111084,AA,7
FAA cs=0.1,20,22,0.3928269274499828,22.712323292834892,0.03653454780578613,AA,7
FAA cs=0.1,20,23,0.42102404870698884,24.3426141134608,0.038460493087768555,AA,8
FAA cs=0.1,20,24,0.27712695735983617,16.022824834271795,0.040140628814697266,AA,7
FAA cs=0.1,20,25,0.4566661656037056,26.403356962873325,0.04207158088684082,AA,7
FAA cs=0.1,20,26,0.44663456682481034,25.823353661955807,0.044042348861694336,AA,8
FAA cs=0.1,20,27,0.4803495986449842,27.772677012823866,0.045946359634399414,AA,7
FAA cs=0.1,20,28,0.1447962935329147,8.371779021545079,0.0475924015045166,AA,7
FAA cs=0.1,20,29,0.17437881583026762,10.082170451675655,0.049265384674072266,AA,8
FAA cs=0.1,20,30,0.1862096356289249,10.766200453973777,0.05106639862060547,AA,7
FAA cs=0.1,20,31,0.09969972192011965,5.764401975075433,0.05276060104370117,AA,7
FAA cs=0.1,20,32,0.06387700375540933,3.6932171877530204,0.05449271202087402,AA,7
FAA cs=0.1,20,33,0.04914491444675532,2.841442648443543,0.05610942840576172,AA,7
FAA cs=0.1,20,34,0.07320654298910756,4.232629067240128,0.05770754814147949,AA,7
FAA cs=0.1,20,35,0.10659623305541803,6.163141927843759,0.05963850021362305,AA,7
FAA cs=0.1,20,36,0.13131148959726416,7.59211957071483,0.06135845184326172,AA,7
FAA cs=0.1,20,37,0.09105671881033361,5.264683989537305,0.06295418739318848,AA,7
FAA cs=0.1,20,38,0.10090560876141313,5.834123498423703,0.0648658275604248,AA,8
FAA cs=0.1,20,39,0.021877699581815284,1.2649168147185506,0.0666348934173584,AA,8
FAA cs=0.1,20,40,0.013496140548254936,0.78031490694215,0.06844472885131836,AA,8
FAA cs=0.1,20,41,0.018062562260689908,1.044334603599654,0.07031464576721191,AA,7
FAA cs=0.1,20,42,0.014787342172451966,0.8549691291345185,0.07213449478149414,AA,7
FAA cs=0.1,20,43,0.01294847597329882,0.748650237304603,0.07418560981750488,AA,7
FAA cs=0.1,20,44,0.005057560197759002,0.29241616156545747,0.07574868202209473,AA,7
FAA cs=0.1,20,45,0.005484281206439557,0.31708816042233673,0.07732987403869629,AA,7
FAA cs=0.1,20,46,0.004232429168912428,0.24470903820768045,0.07912564277648926,AA,7
FAA cs=0.1,20,47,0.003889509476577396,0.2248822331402391,0.08095169067382812,AA,7
FAA cs=0.1,20,48,0.0022125836577144824,0.12792635085549978,0.08267664909362793,AA,7
FAA cs=0.1,20,49,0.002407928937383701,0.13922075262774453,0.08460354804992676,AA,7
FAA cs=0.1,20,50,0.0016757546052245135,0.09688816548392581,0.08632445335388184,AA,7
FAA cs=0.1,20,51,0.0017504331930441894,0.10120590469957264,0.08803248405456543,AA,7
FAA cs=0.1,20,52,0.0017497894317014652,0.10116868394224245,0.08973836898803711,AA,7
FAA cs=0.1,20,53,0.0019172103054221664,0.11084856264759828,0.09135723114013672,AA,7
FAA cs=0.1,20,54,0.0009988992945145377,0.05775399324397782,0.0930941104888916,AA,7
FAA cs=0.1,20,55,0.0003730284420574477,0.021567621721935118,0.09467124938964844,AA,7
FAA cs=0.1,20,56,9.514394057103646e-05,0.005500997479045767,0.09660649299621582,AA,8
FAA cs=0.1,20,57,0.00011018027096299223,0.006370362517784008,0.0982816219329834,AA,7
FAA cs=0.1,20,58,5.709316219568164e-05,0.0033009915232037825,0.10000276565551758,AA,7
FAA cs=0.1,20,59,1.233440591657348e-05,0.0007131461598643639,0.10172080993652344,AA,7
FAA cs=0.1,20,60,7.3211784703439415e-06,0.0004232932130757914,0.10333561897277832,AA,7
FAA cs=0.1,20,61,2.043640722884708e-06,0.00011815847017888112,0.10520672798156738,AA,6
FAA cs=0.1,20,62,1.2319005963645073e-06,7.122557710311062e-05,0.10686278343200684,AA,6
FAA cs=0.1,20,63,7.15210511416575e-07,4.1351779174545845e-05,0.10855889320373535,AA,6
FAA cs=0.1,20,64,4.778825572533432e-07,2.763003851798471e-05,0.11011099815368652,AA,6
FAA cs=0.1,20,65,4.1612079011192085e-07,2.4059119305397434e-05,0.11191797256469727,AA,6
FAA cs=0.1,20,66,1.655458321348199e-07,9.571468238276876e-06,0.11348080635070801,AA,6
FAA cs=0.1,20,67,1.2021067259062016e-07,6.950296602248392e-06,0.11517572402954102,AA,7
FAA cs=0.1,20,68,1.265674416339313e-07,7.317829944595322e-06,0.11686873435974121,AA,6
FAA cs=0.1,20,69,5.605868071317758e-08,3.24118025205798e-06,0.11857843399047852,AA,7
FAA cs=0.1,20,70,1.4880517347204808e-08,8.603562972331779e-07,0.12032842636108398,AA,7
FAA cs=0.1,20,71,8.94432618846877e-09,5.17139772845481e-07,0.12200546264648438,AA,7
FAA cs=0.1,20,72,4.102153266046099e-09,2.3717679381096006e-07,0.12367558479309082,AA,7
FAA cs=0.1,20,73,2.44283109850625e-09,1.412387129854516e-07,0.12518644332885742,AA,7
FAA cs=0.1,20,74,1.0593916259082378e-09,6.125151668584004e-08,0.12678265571594238,AA,7
FAA cs=0.1,20,75,4.6386794347055387e-10,2.6819746715624854e-08,0.12862753868103027,AA,7
FAA cs=0.1,20,76,1.8401992612643112e-10,1.0639596632639854e-08,0.13039636611938477,AA,6
FAA cs=0.1,20,77,1.211330159044386e-10,7.003624309863589e-09,0.13210439682006836,AA,6
FAA cs=0.1,20,78,1.1700162825108653e-10,6.764757252963815e-09,0.133683443069458,AA,6
FAA cs=0.1,20,79,4.8038948578914666e-11,2.777498319310363e-09,0.13530540466308594,AA,6
FAA cs=0.2,20,0,1.0,57.81763343025095,0.0,initial,0
FAA cs=0.2,20,1,0.26526225887283933,15.336836046390157,0.0007901191711425781,AA,0
FAA cs=0.2,20,2,0.27808449168729354,16.078187203013606,0.0020570755004882812,AA,1
FAA cs=0.2,20,3,0.3515596443447438,20.326346645593794,0.0033550262451171875,AA,2
FAA cs=0.2,20,4,0.3097348191347437,17.90813423331769,0.0048029422760009766,AA,3
FAA cs=0.2,20,5,0.3057912172419422,17.680124504684848,0.0062408447265625,AA,4
FAA cs=0.2,20,6,0.2941751188036051,17.008509183287362,0.007884979248046875,AA,5
FAA cs=0.2,20,7,0.44362737905651556,25.649485181912603,0.009487628936767578,AA,6
FAA cs=0.2,20,8,0.7862570801982655,45.45952364484273,0.011078596115112305,AA,6
FAA cs=0.2,20,9,1.2994955991760513,75.13376019738526,0.012779712677001953,AA,7
FAA cs=0.2,20,10,1.3208783010084668,76.37005741368021,0.014740705490112305,AA,8
FAA cs=0.2,20,11,1.2075843817047174,69.8196711174996,0.016994714736938477,AA,9
FAA cs=0.2,20,12,1.0760030131468972,62.211947783972796,0.019304752349853516,AA,10
FAA cs=0.2,20,13,0.9334366166593401,53.9690961323834,0.02165055274963379,AA,10
FAA cs=0.2,20,14,0.3976600013840857,22.99176018989815,0.02431774139404297,AA,10
FAA cs=0.2,20,15,0.3189459810075296,18.440701813945125,0.026702880859375,AA,10
FAA cs=0.2,20,16,0.4089040251402288,23.641863033711868,0.028907060623168945,AA,9
FAA cs=0.2,20,17,0.2599687551350374,15.030778187716264,0.031124114990234375,AA,10
FAA cs=0.2,20,18,0.2691505735782361,15.56164920068824,0.03331899642944336,AA,10
FAA cs=0.2,20,19,0.24696210199303195,14.278764284197369,0.03551125526428223,AA,10
FAA cs=0.2,20,20,0.29086965947419424,16.817395347460884,0.037894487380981445,AA,9
FAA cs=0.2,20,21,0.2808374064392665,16.23735421900791,0.03981733322143555,AA,8
FAA cs=0.2,20,22,0.1980102737527959,11.448485423262794,0.04186844825744629,AA,9
FAA cs=0.2,20,23,0.17487182575288884,10.110675118659245,0.04394841194152832,AA,10
FAA cs=0.2,20,24,0.16529988838867124,9.55724835291759,0.04618048667907715,AA,10
FAA cs=0.2,20,25,0.1992344935188014,11.519266912931768,0.04831743240356445,AA,9
FAA cs=0.2,20,26,0.08831621085813883,5.1062343053446195,0.050835609436035156,AA,8
FAA cs=0.2,20,27,0.0714105995810563,4.128791869611946,0.052980661392211914,AA,9
FAA cs=0.2,20,28,0.06249914608431098,3.6135527180063964,0.05515646934509277,AA,10
FAA cs=0.2,20,29,0.07112727847257912,4.112410913618959,0.05722165107727051,AA,9
FAA cs=0.2,20,30,0.07202421586816873,4.1642697111670435,0.059259653091430664,AA,9
FAA cs=0.2,20,31,0.033365972979718043,1.929141594784996,0.0614476203918457,AA,9
FAA cs=0.2,20,32,0.027407446178707204,1.5846336764198252,0.0637054443359375,AA,10
FAA cs=0.2,20,33,0.02158758153856219,1.2481428760422415,0.06568646430969238,AA,8
FAA cs=0.2,20,34,0.020047538625278853,1.1591012394151698,0.06757235527038574,AA,9
FAA cs=0.2,20,35,0.0181283316093231,1.0481372316898743,0.0694894790649414,AA,8
FAA cs=0.2,20,36,0.018005241662484853,1.0410204622646315,0.07118463516235352,AA,7
FAA cs=0.2,20,37,0.015810703605738097,0.9141374653509122,0.07301878929138184,AA,8
FAA cs=0.2,20,38,0.013468888740594015,0.7787392719164992,0.07506084442138672,AA,9
FAA cs=0.2,20,39,0.007476752333781034,0.4322881256833251,0.07701969146728516,AA,8
FAA cs=0.2,20,40,0.007005160974432614,0.4050218293396444,0.07883858680725098,AA,8
FAA cs=0.2,20,41,0.011640739101994453,0.6730399862563039,0.08081674575805664,AA,9
FAA cs=0.2,20,42,0.002957045926754936,0.1709693974295336,0.08285856246948242,AA,9
FAA cs=0.2,20,43,0.00528984952101477,0.3058465805072205,0.08490967750549316,AA,9
FAA cs=0.2,20,44,0.0015186649603057501,0.08780561397832447,0.0870053768157959,AA,8
FAA cs=0.2,20,45,0.001353566401391056,0.078260006019132,0.08883547782897949,AA,9
FAA cs=0.2,20,46,0.0010450736618106433,0.06042368588617783,0.09093356132507324,AA,8
FAA cs=0.2,20,47,0.0008625164033621222,0.04986865723716965,0.09295368194580078,AA,9
FAA cs=0.2,20,48,0.0007327138967231431,0.04236378348998944,0.09502077102661133,AA,9
FAA cs=0.2,20,49,0.0007591623298955172,0.043892969303954255,0.09722280502319336,AA,8
FAA cs=0.2,20,50,0.0005482574141196559,0.03169894619498756,0.09933280944824219,AA,9
FAA cs=0.2,20,51,0.000612558245040284,0.035416668066416974,0.10149884223937988,AA,9
FAA cs=0.2,20,52,9.039878085513866e-05,0.005226643574023995,0.1035928726196289,AA,9
FAA cs=0.2,20,53,6.989608311347595e-05,0.004041226111665306,0.10553264617919922,AA,9
FAA cs=0.2,20,54,1.6063846853240153e-05,0.0009287736088403293,0.10772061347961426,AA,9
FAA cs=0.2,20,55,1.212471941631227e-05,0.0007010225826569891,0.10974860191345215,AA,9
FAA cs=0.2,20,56,8.953535600108476e-06,0.0005176722392317739,0.11164355278015137,AA,8
FAA cs=0.2,20,57,4.013254530293948e-06,0.0002320368792948294,0.11362671852111816,AA,8
FAA cs=0.2,20,58,1.9187378596635984e-06,0.00011093688221877423,0.1155245304107666,AA,7
FAA cs=0.2,20,59,4.92967052071635e-07,2.8502188309869223e-05,0.11712956428527832,AA,8
FAA cs=0.2,20,60,3.6493364027557364e-07,2.1099599439820182e-05,0.11878442764282227,AA,7
FAA cs=0.2,20,61,2.2820930467168648e-07,1.3194521922880024e-05,0.12048053741455078,AA,7
FAA cs=0.2,20,62,1.507665340811959e-07,8.716964201056023e-06,0.12210273742675781,AA,7
FAA cs=0.2,20,63,1.4239805462732632e-07,8.233118523623603e-06,0.12370586395263672,AA,7
FAA cs=0.2,20,64,1.4349104707712728e-07,8.296312760428228e-06,0.1251819133758545,AA,6
FAA cs=0.2,20,65,1.429428957560267e-07,8.264619948280526e-06,0.12682294845581055,AA,7
FAA cs=0.2,20,66,1.7036904255474996e-07,9.850334850293358e-06,0.12847590446472168,AA,8
FAA cs=0.2,20,67,1.0257323876952962e-07,5.930541918930268e-06,0.1302487850189209,AA,8
FAA cs=0.2,20,68,5.285551422449143e-08,3.0559807461990602e-06,0.13240456581115723,AA,9
FAA cs=0.2,20,69,1.0837917582950268e-08,6.2662274595829e-07,0.13446450233459473,AA,9
FAA cs=0.2,20,70,5.527434654430248e-09,3.195831906595139e-07,0.13681530952453613,AA,10
FAA cs=0.2,20,71,1.731084483227439e-09,1.0008720808803947e-07,0.13894248008728027,AA,8
FAA cs=0.2,20,72,3.4747864018467377e-10,2.0090392643039537e-08,0.1411435604095459,AA,9
FAA cs=0.2,20,73,2.8995261068738116e-10,1.6764373756867266e-08,0.14329862594604492,AA,8
FAA cs=0.2,20,74,2.2149876993519592e-10,1.2806534685364648e-08,0.14513874053955078,AA,7
FAA cs=0.2,20,75,5.7582258936813394e-11,3.3292699392944685e-09,0.1467444896697998,AA,7
Picard,20,0,1.0,57.81763343025095,0.0,initial,0
Picard,20,1,0.26526225887283933,15.336836046390157,0.0006380081176757812,Picard,0
Picard,20,2,0.3133263578283876,18.115788500957354,0.0012669563293457031,Picard,0
Picard,20,3,0.5216381821771575,30.15988520034136,0.0018639564514160156,Picard,0
Picard,20,4,0.5310002923637979,30.701180255246147,0.0024399757385253906,Picard,0
Picard,20,5,0.8203888755326189,47.43294327580073,0.0029802322387695312,Picard,0
Picard,20,6,0.2480360173929646,14.340855531125776,0.003524303436279297,Picard,0
Picard,20,7,0.39585397184075305,22.88733983579754,0.004067182540893555,Picard,0
Picard,20,8,0.27892663025230824,16.1268776618631,0.004700183868408203,Picard,0
Picard,20,9,0.22592299032734683,13.06233263821267,0.005408287048339844,Picard,0
Picard,20,10,0.2801800385985361,16.19934676616372,0.005955219268798828,Picard,0
Picard,20,11,0.3028434590953651,17.509692104725016,0.006486177444458008,Picard,0
Picard,20,12,0.16679280917782036,9.643565499845014,0.007028102874755859,Picard,0
Picard,20,13,0.27920272898579857,16.142841037226603,0.007543325424194336,Picard,0
Picard,20,14,0.16256171767665678,9.398933802420888,0.008281230926513672,Picard,0
Picard,20,15,0.16982462625869127,9.818857988454381,0.008983373641967773,Picard,0
Picard,20,16,0.2012814521485081,11.637617216631039,0.00959467887878418,Picard,0
Picard,20,17,0.16284677196036473,9.415414966504038,0.010167598724365234,Picard,0
Picard,20,18,0.19793712025007681,11.444255860858444,0.01074361801147461,Picard,0
Picard,20,19,0.31392744740554596,18.15054207778824,0.011276721954345703,Picard,0
Picard,20,20,0.19823585196077673,11.461527821401683,0.011797666549682617,Picard,0
Picard,20,21,0.2391971664076153,13.829814084910238,0.012320518493652344,Picard,0
Picard,20,22,0.4491509909473093,25.96884734942549,0.012851476669311523,Picard,0
Picard,20,23,0.21655892838798585,12.520924737584533,0.013401508331298828,Picard,0
Picard,20,24,0.5070648381106004,29.31728893524824,0.013918399810791016,Picard,0
Picard,20,25,0.20428508653514635,11.811280248556185,0.014438629150390625,Picard,0
Picard,20,26,0.30131825429489506,17.421508372665382,0.014959573745727539,Picard,0
Picard,20,27,0.1944764827129543,11.244169988302128,0.015480518341064453,Picard,0
Picard,20,28,0.13258217559783844,7.665587628100986,0.015995502471923828,Picard,0
Picard,20,29,0.24487645672729888,14.158177210757676,0.016510725021362305,Picard,0
Picard,20,30,0.18190026838023687,10.517043038072803,0.01706099510192871,Picard,0
Picard,20,31,0.15732387791680374,9.096094303219312,0.01759195327758789,Picard,0
Picard,20,32,0.1956137060405003,11.309921549782512,0.01823282241821289,Picard,0
Picard,20,33,0.15288278048383927,8.839320559812142,0.01898193359375,Picard,0
Picard,20,34,0.2086889541415504,12.065901451498611,0.019576072692871094,Picard,0
Picard,20,35,0.2362543280706693,13.659666136700205,0.020150184631347656,Picard,0
Picard,20,36,0.20513622497765985,11.860491059023825,0.020720958709716797,Picard,0
Picard,20,37,0.39871035883983924,23.052489372245642,0.02126002311706543,Picard,0
Picard,20,38,0.3661329500568954,21.168940693125958,0.021784067153930664,Picard,0
Picard,20,39,0.16627485511664933,9.613618621802518,0.0223233699798584,Picard,0
Picard,20,40,0.22561892525284527,13.044752315196197,0.022853374481201172,Picard,0
Picard,20,41,0.24268762123088414,14.031623922386848,0.023377418518066406,Picard,0
Picard,20,42,0.28434698540202075,16.440269768970953,0.02390146255493164,Picard,0
Picard,20,43,0.35678965918346417,20.6287337263737,0.02443861961364746,Picard,0
Picard,20,44,0.1583060557568906,9.152881501540769,0.024961471557617188,Picard,0
Picard,20,45,0.187579679310094,10.845413137315044,0.025499582290649414,Picard,0
Picard,20,46,0.17989952260313255,10.401364652145062,0.026038646697998047,Picard,0
Picard,20,47,0.19310179761389906,11.164688949162924,0.02657771110534668,Picard,0
Picard,20,48,0.16518850025503973,9.550808154638803,0.027117013931274414,Picard,0
Picard,20,49,0.1836580015089198,10.618671007775202,0.027659893035888672,Picard,0
Picard,20,50,0.15652296994396972,9.049787699634628,0.028224945068359375,Picard,0
Picard,20,51,0.16462730149995394,9.51836097073574,0.028789997100830078,Picard,0
Picard,20,52,0.228705333598628,13.22320114154873,0.029321908950805664,Picard,0
Picard,20,53,0.15656404869704726,9.052162775921838,0.029889822006225586,Picard,0
Picard,20,54,0.1842906908143946,10.655251606114382,0.030431747436523438,Picard,0
Picard,20,55,0.17059208381745808,9.863230568260436,0.03099370002746582,Picard,0
Picard,20,56,0.20177939649283042,11.666407180199734,0.031561851501464844,Picard,0
Picard,20,57,0.3617497461900895,20.915514218704914,0.03213977813720703,Picard,0
Picard,20,58,0.2539689349937803,14.683882786141623,0.03267264366149902,Picard,0
Picard,20,59,0.19958571318875054,11.539573603062381,0.03320646286010742,Picard,0
Picard,20,60,0.18263359603851376,10.559442307803321,0.03374648094177246,Picard,0
Picard,20,61,0.21447262759808136,12.400299763288592,0.03428959846496582,Picard,0
Picard,20,62,0.26993916075721186,15.607243445130058,0.03490471839904785,Picard,0
Picard,20,63,0.20728604021800157,11.98478828853267,0.03550386428833008,Picard,0
Picard,20,64,0.1987877568291168,11.49343765476774,0.036032676696777344,Picard,0
Picard,20,65,0.1671421818899479,9.663765403245336,0.036545753479003906,Picard,0
Picard,20,66,0.1821525241108436,10.531627867435702,0.03705573081970215,Picard,0
Picard,20,67,0.1871931252318329,10.823063495317175,0.03760170936584473,Picard,0
Picard,20,68,0.12186121052884966,7.045726799723667,0.03817248344421387,Picard,0
Picard,20,69,0.21852559821892195,12.634632932947929,0.03871655464172363,Picard,0
Picard,20,70,0.155566228663193,8.994471182975092,0.03926372528076172,Picard,0
Picard,20,71,0.17806545437950574,10.295323167905337,0.039818763732910156,Picard,0
Picard,20,72,0.24556441173569415,14.19795314124958,0.04036593437194824,Picard,0
Picard,20,73,0.11953481169025278,6.911219924461111,0.04091787338256836,Picard,0
Picard,20,74,0.21350519503239354,12.344365101837166,0.04146170616149902,Picard,0
Picard,20,75,0.15666432203610922,9.057960343082549,0.04206585884094238,Picard,0
Picard,20,76,0.19345616570087087,11.18517767331484,0.04257774353027344,Picard,0
Picard,20,77,0.27717763648845806,16.025754981553018,0.04309678077697754,Picard,0
Picard,20,78,0.1231321898070988,7.119211813730921,0.043646812438964844,Picard,0
Picard,20,79,0.2488327581119732,14.38692119395637,0.04419994354248047,Picard,0
Picard,20,80,0.15899133136125615,9.19250251523267,0.04475712776184082,Picard,0
Picard,20,81,0.19550514142333333,11.303644600543658,0.045313358306884766,Picard,0
Picard,20,82,0.23612375693433857,13.652116822603263,0.04585456848144531,Picard,0
Picard,20,83,0.11808413252473489,6.827345088244296,0.0464024543762207,Picard,0
Picard,20,84,0.2552521344845536,14.758074343917036,0.04695940017700195,Picard,0
Picard,20,85,0.15277627289714482,8.833162543207102,0.04750633239746094,Picard,0
Picard,20,86,0.18400418986434972,10.63868679920727,0.04805135726928711,Picard,0
Picard,20,87,0.19577539226328647,11.319269864542285,0.04859352111816406,Picard,0
Picard,20,88,0.13499160267300359,7.804894999509806,0.0491025447845459,Picard,0
Picard,20,89,0.2570456825330778,14.861773047526151,0.04962754249572754,Picard,0
Picard,20,90,0.14895521682509677,8.612238123916994,0.050168752670288086,Picard,0
Picard,20,91,0.1825444868762794,10.554290226925977,0.05071377754211426,Picard,0
Picard,20,92,0.2116046558898239,12.234480426372231,0.05128288269042969,Picard,0
Picard,20,93,0.15177225001551026,8.775112316281172,0.05183601379394531,Picard,0
Picard,20,94,0.27129192908631156,15.685457308497998,0.052381038665771484,Picard,0
Picard,20,95,0.1469825389945391,8.498182560233829,0.05292916297912598,Picard,0
Picard,20,96,0.18487996331930798,10.68932194779399,0.05348920822143555,Picard,0
Picard,20,97,0.20964109866473324,12.120952194512618,0.054026126861572266,Picard,0
Picard,20,98,0.1829669078617783,10.578713608618799,0.05454397201538086,Picard,0
Picard,20,99,0.2932416596239991,16.9545387826188,0.055068016052246094,Picard,0
Picard,20,100,0.14613927866945234,8.449427243871687,0.055613040924072266,Picard,0
Picard,20,101,0.18275501782427603,10.56646262810297,0.05615806579589844,Picard,0
Picard,20,102,0.19566159520638826,11.312690388021103,0.05669903755187988,Picard,0
Picard,20,103,0.21492448418187843,12.426425041613616,0.05724596977233887,Picard,0
Picard,20,104,0.29428930439987294,17.015111124235393,0.05778932571411133,Picard,0
Picard,20,105,0.14635804366538668,8.46207571821399,0.05833244323730469,Picard,0
Picard,20,106,0.1784179298419173,10.315702464984206,0.05887436866760254,Picard,0
Picard,20,107,0.18716661771773982,10.821530893584194,0.05942249298095703,Picard,0
Picard,20,108,0.2440377921720932,14.10968761093385,0.05996537208557129,Picard,0
Picard,20,109,0.28611671825757395,16.5425915344828,0.06051230430603027,Picard,0
Picard,20,110,0.15022185166334562,8.685471952684852,0.06105828285217285,Picard,0
Picard,20,111,0.17575710127232683,10.161859654126886,0.06169247627258301,Picard,0
Picard,20,112,0.18852174210744044,10.899880978800297,0.06225228309631348,Picard,0
Picard,20,113,0.268329030762885,15.514149539343014,0.06276345252990723,Picard,0
Picard,20,114,0.2781102816983555,16.079678320419347,0.06331443786621094,Picard,0
Picard,20,115,0.1566714106639064,9.05837019076605,0.06385636329650879,Picard,0
Picard,20,116,0.17377132639669063,10.04704685029235,0.06439828872680664,Picard,0
Picard,20,117,0.19053070066548514,11.016034208285891,0.06494331359863281,Picard,0
Picard,20,118,0.2772258540571219,16.028542807262923,0.06549310684204102,Picard,0
Picard,20,119,0.25640365471198795,14.824652518314357,0.06603717803955078,Picard,0
Picard,20,120,0.16745008442668546,9.681567599246673,0.06657624244689941,Picard,0
Picard,20,121,0.17056150272967138,9.861462442136887,0.06711935997009277,Picard,0
Picard,20,122,0.1902484493464734,10.999715104988065,0.06769657135009766,Picard,0
Picard,20,123,0.2717295411119489,15.710759000180968,0.0682375431060791,Picard,0
Picard,20,124,0.22008740305894064,12.724932792677722,0.06877255439758301,Picard,0
Picard,20,125,0.1814708805879168,10.492216852097016,0.06927967071533203,Picard,0
Picard,20,126,0.16652531560085004,9.628099654266798,0.06979584693908691,Picard,0
Picard,20,127,0.18947730723053047,10.955129492805849,0.07033991813659668,Picard,0
Picard,20,128,0.2644375556387366,15.289153657112063,0.0708768367767334,Picard,0
Picard,20,129,0.1850123956367469,10.696978870977993,0.07142257690429688,Picard,0
Picard,20,130,0.1959856737170516,11.331427840553259,0.07196044921875,Picard,0
Picard,20,131,0.1632679640587976,9.439767296854946,0.07250356674194336,Picard,0
Picard,20,132,0.18982798403050055,10.975404795479012,0.0730443000793457,Picard,0
Picard,20,133,0.2596385630116462,15.011687260564472,0.07358717918395996,Picard,0
Picard,20,134,0.15793003391491417,9.131140808519607,0.0741281509399414,Picard,0
Picard,20,135,0.20991948661709853,12.137047927093873,0.07467222213745117,Picard,0
Picard,20,136,0.16069226015619867,9.290846192789616,0.07521224021911621,Picard,0
Picard,20,137,0.19010845906404197,10.991621198154647,0.07575607299804688,Picard,0
Picard,20,138,0.2511909236613399,14.523264745257498,0.07629704475402832,Picard,0
Picard,20,139,0.13505684056077136,7.808666899790527,0.07686710357666016,Picard,0
Picard,20,140,0.2238504009004832,12.942500422478854,0.07742905616760254,Picard,0
Picard,20,141,0.1578148307737741,9.124480035535157,0.0779411792755127,Picard,0
Picard,20,142,0.18913823626788187,10.93552521218059,0.0784449577331543,Picard,0
Picard,20,143,0.2397439216668596,13.861426180065287,0.07898688316345215,Picard,0
Picard,20,144,0.11927591749131568,6.896251274569748,0.07952475547790527,Picard,0
Picard,20,145,0.23699142052853447,13.702283078233256,0.08007168769836426,Picard,0
Picard,20,146,0.15475778044070101,8.947728619999712,0.08062267303466797,Picard,0
Picard,20,147,0.18782897765302528,10.859826977521413,0.08116650581359863,Picard,0
Picard,20,148,0.23018345245171867,13.30866247556307,0.08170652389526367,Picard,0
Picard,20,149,0.1161095639423523,6.713180205765209,0.08224630355834961,Picard,0
Picard,20,150,0.24980478848026533,14.443121689473356,0.08278656005859375,Picard,0
Picard,20,151,0.15204359797412714,8.790801013084529,0.08332967758178711,Picard,0
Picard,20,152,0.18683268362654368,10.80222361470955,0.08389067649841309,Picard,0
Picard,20,153,0.22165559696734505,12.8156020532214,0.08443379402160645,Picard,0
Picard,20,154,0.12665343170569698,7.322801687043312,0.08497476577758789,Picard,0
Picard,20,155,0.26307787344016537,15.210540050173435,0.08551859855651855,Picard,0
Picard,20,156,0.149581031027929,8.648421220091793,0.08605766296386719,Picard,0
Picard,20,157,0.1855387391900396,10.727410809600645,0.08661150932312012,Picard,0
Picard,20,158,0.21170405293002362,12.24022732800655,0.08714962005615234,Picard,0
Picard,20,159,0.14949447342660788,8.643416664428006,0.08769583702087402,Picard,0
Picard,20,160,0.2755687649093012,15.93273383435298,0.0882577896118164,Picard,0
Picard,20,161,0.14741073787150466,8.522940005937468,0.08877396583557129,Picard,0
Picard,20,162,0.18368028703008,10.619959503868444,0.0892791748046875,Picard,0
Picard,20,163,0.20205022773936246,11.682066001933181,0.08982110023498535,Picard,0
Picard,20,164,0.180400543333541,10.430332485076775,0.09038710594177246,Picard,0
Picard,20,165,0.28575310414694743,16.52156822712453,0.09094500541687012,Picard,0
Picard,20,166,0.1460794300942737,8.445966940890687,0.09148406982421875,Picard,0
Picard,20,167,0.18155655543624233,10.497170369071695,0.09203314781188965,Picard,0
Picard,20,168,0.19483183781292496,11.264715779209801,0.09257221221923828,Picard,0
Picard,20,169,0.21411237661511928,12.379470904012802,0.0931234359741211,Picard,0
Picard,20,170,0.29228432804305804,16.89918813620075,0.09366536140441895,Picard,0
Picard,20,171,0.14636824850595684,8.462665737945288,0.0942234992980957,Picard,0
Picard,20,172,0.17922882169309018,10.362586312786897,0.09476661682128906,Picard,0
Picard,20,173,0.1905714596716412,11.018390797562803,0.09531164169311523,Picard,0
Picard,20,174,0.2446971179384118,14.147808266401979,0.095855712890625,Picard,0
Picard,20,175,0.2916644471466027,16.86334808975908,0.09639453887939453,Picard,0
Picard,20,176,0.14934842957455366,8.634972754525194,0.09693741798400879,Picard,0
Picard,20,177,0.1765900766823224,10.210020321038423,0.09747767448425293,Picard,0
Picard,20,178,0.18907800660549295,10.93204287563896,0.09801864624023438,Picard,0
Picard,20,179,0.2659370119914379,15.375848674857208,0.0985567569732666,Picard,0
Picard,20,180,0.2795741419026236,16.164315253102853,0.09909772872924805,Picard,0
Picard,20,181,0.1561277310797099,9.026935923863466,0.09963560104370117,Picard,0
Picard,20,182,0.17361659445106578,10.038100615380262,0.10020160675048828,Picard,0
Picard,20,183,0.18931324973440122,10.945644076633164,0.10077381134033203,Picard,0
Picard,20,184,0.27472409318096125,15.88389691399492,0.10127687454223633,Picard,0
Picard,20,185,0.2550365068103194,14.745607262090747,0.1018218994140625,Picard,0
Picard,20,186,0.16693873776102955,9.652002745175999,0.10237789154052734,Picard,0
Picard,20,187,0.1703458149577381,9.84899188560386,0.10291886329650879,Picard,0
Picard,20,188,0.18986042991735158,10.977280739871285,0.10347175598144531,Picard,0
Picard,20,189,0.2732595678132469,15.799221523135111,0.10402059555053711,Picard,0
Picard,20,190,0.222459141988454,12.86206112469658,0.10456371307373047,Picard,0
Picard,20,191,0.18053395118864976,10.438045811540169,0.10510683059692383,Picard,0
Picard,20,192,0.16695179877139274,9.652757901885407,0.10565185546875,Picard,0
Picard,20,193,0.19007789384687998,10.98985398963306,0.10619997978210449,Picard,0
Picard,20,194,0.2668218648022555,15.427008770312788,0.10674810409545898,Picard,0
Picard,20,195,0.18898050949192308,10.92640582326607,0.10729312896728516,Picard,0
Picard,20,196,0.1949669892930394,11.272529917944615,0.10783505439758301,Picard,0
Picard,20,197,0.16372254098359995,9.46604985885902,0.10838103294372559,Picard,0
Picard,20,198,0.19004567811799358,10.987991352429617,0.10892224311828613,Picard,0
Picard,20,199,0.2590850482125278,14.979684344810828,0.10947108268737793,Picard,0
Picard,20,200,0.15944353335499162,9.218647764342895,0.11002016067504883,Picard,0
Picard,20,201,0.20910603873888192,12.090016295856529,0.1105642318725586,Picard,0
Picard,20,202,0.16074163588120463,9.293700980358363,0.11109709739685059,Picard,0
Picard,20,203,0.1897677832259195,10.971924127427538,0.11163616180419922,Picard,0
Picard,20,204,0.2505516610222533,14.486304092325136,0.11219310760498047,Picard,0
Picard,20,205,0.13563818177802212,7.842278673187427,0.11273694038391113,Picard,0
Picard,20,206,0.2228206065368448,12.88296014945347,0.11327195167541504,Picard,0
Picard,20,207,0.15785887038557042,9.127026301666408,0.11383223533630371,Picard,0
Picard,20,208,0.18909987583262164,10.93330730259649,0.11437129974365234,Picard,0
Picard,20,209,0.24112920534365304,13.94152000388704,0.11493539810180664,Picard,0
Picard,20,210,0.11989042762269193,6.931780796084835,0.11546945571899414,Picard,0
Picard,20,211,0.23615620871084395,13.653993107521412,0.11600756645202637,Picard,0
Picard,20,212,0.15500771032922117,8.962178974677434,0.11653637886047363,Picard,0
Picard,20,213,0.1881110997409334,10.876138608982663,0.11707139015197754,Picard,0
Picard,20,214,0.2314641207347132,13.382707684894996,0.11762642860412598,Picard,0
Picard,20,215,0.11588368491287224,6.70012041483915,0.11818075180053711,Picard,0
Picard,20,216,0.24923303755523393,14.410064404076484,0.11871552467346191,Picard,0
Picard,20,217,0.1522643363278592,8.803563582304607,0.11926126480102539,Picard,0
Picard,20,218,0.1869389988281401,10.808370508063517,0.11983609199523926,Picard,0
Picard,20,219,0.2218035835227251,12.82415828563297,0.12037801742553711,Picard,0
Picard,20,220,0.12567826419348802,7.266419809289324,0.12092399597167969,Picard,0
Picard,20,221,0.26218607629530405,15.158978449757697,0.12147784233093262,Picard,0
Picard,20,222,0.1497107094390635,8.655918918930585,0.12203001976013184,Picard,0
Picard,20,223,0.18553313225826262,10.727086630074496,0.12258005142211914,Picard,0
Picard,20,224,0.2120384735758935,12.259562738320962,0.12311816215515137,Picard,0
Picard,20,225,0.1478284883046122,8.547093347344209,0.12366104125976562,Picard,0
Picard,20,226,0.2745982084795175,15.876618558472371,0.12419605255126953,Picard,0
Picard,20,227,0.14751973445517969,8.52924193045754,0.12473535537719727,Picard,0
Picard,20,228,0.18380141490230686,10.626962830783043,0.12530136108398438,Picard,0
Picard,20,229,0.2027969857400284,11.725241782276791,0.12584137916564941,Picard,0
Picard,20,230,0.17831038404015506,10.309484421240954,0.12639117240905762,Picard,0
Picard,20,231,0.28528900237849947,16.494734961202074,0.12696218490600586,Picard,0
Picard,20,232,0.14612262516451865,8.448464377628103,0.12746715545654297,Picard,0
Picard,20,233,0.18174437877444458,10.508029869989517,0.128021240234375,Picard,0
Picard,20,234,0.1953248767503799,11.293222123762412,0.12855148315429688,Picard,0
Picard,20,235,0.21198777046443668,12.25663120440898,0.12909364700317383,Picard,0
Picard,20,236,0.292182072061952,16.893275937369108,0.12963175773620605,Picard,0
Picard,20,237,0.14627713512026075,8.457397777610524,0.1301708221435547,Picard,0
Picard,20,238,0.1793864543353078,10.371700259111279,0.13071179389953613,Picard,0
Picard,20,239,0.1906923705229523,11.025381576841648,0.1312577724456787,Picard,0
Picard,20,240,0.2428983516539743,14.043807856741676,0.13179278373718262,Picard,0
Picard,20,241,0.29191261849517347,16.877696769818634,0.13233470916748047,Picard,0
Picard,20,242,0.14906418653538975,8.618538494681713,0.1328749656677246,Picard,0
Picard,20,243,0.17674421728858394,10.21893236610797,0.1334381103515625,Picard,0
Picard,20,244,0.18905848577445605,10.930914227385815,0.13397526741027832,Picard,0
Picard,20,245,0.26493666437238667,15.318010942916079,0.13451218605041504,Picard,0
Picard,20,246,0.2806486122664254,16.226438586728815,0.1350572109222412,Picard,0
Picard,20,247,0.15557944229717532,8.995235164020963,0.13559603691101074,Picard,0
Picard,20,248,0.17381366696044073,10.049494881486483,0.13613605499267578,Picard,0
Picard,20,249,0.18929515867135818,10.944598094181776,0.13668322563171387,Picard,0
Picard,20,250,0.27459540352085077,15.876456382400391,0.13724327087402344,Picard,0
Picard,20,251,0.2569835921871422,14.858183130665289,0.13779616355895996,Picard,0
Picard,20,252,0.16614050162517288,9.605850620882258,0.13833332061767578,Picard,0
Picard,20,253,0.170575063424719,9.86224648943221,0.13887834548950195,Picard,0
Picard,20,254,0.18985743960761617,10.977107847239159,0.13941645622253418,Picard,0
Picard,20,255,0.27356931287363373,15.817130249493388,0.13995623588562012,Picard,0
Picard,20,256,0.22467496217370891,12.990174603915,0.14049530029296875,Picard,0
Picard,20,257,0.17962160931191998,10.38529636334834,0.14103937149047852,Picard,0
Picard,20,258,0.16716685761866668,9.665192095483023,0.14158034324645996,Picard,0
Picard,20,259,0.19006464861299197,10.989088181555424,0.14212250709533691,Picard,0
Picard,20,260,0.2672266880301098,15.450414691304916,0.14266037940979004,Picard,0
Picard,20,261,0.19097389940977116,11.041658910819768,0.14321136474609375,Picard,0
Picard,20,262,0.19405608531650248,11.219863605739045,0.1437544822692871,Picard,0
Picard,20,263,0.1639105447529865,9.476919791880917,0.14430475234985352,Picard,0
Picard,20,264,0.19003993889967025,10.987659524408423,0.1448535919189453,Picard,0
Picard,20,265,0.2595912936688088,15.00895425902781,0.14540481567382812,Picard,0
Picard,20,266,0.16114576023894117,9.31706649433421,0.14603567123413086,Picard,0
Picard,20,267,0.2082180241529306,12.03867339404528,0.14655661582946777,Picard,0
Picard,20,268,0.16092599516853479,9.304360198052679,0.14709162712097168,Picard,0
Picard,20,269,0.1898019219591085,10.973897948188833,0.14763569831848145,Picard,0
Picard,20,270,0.2511697948009397,14.522043124552084,0.14821577072143555,Picard,0
Picard,20,271,0.1369666143787849,7.919085502335125,0.14880681037902832,Picard,0
Picard,20,272,0.2219624485241111,12.833343484048001,0.1493666172027588,Picard,0
Picard,20,273,0.1580467114528473,9.13788682763737,0.1499156951904297,Picard,0
Picard,20,274,0.18916132578645972,10.936860193501804,0.15045881271362305,Picard,0
Picard,20,275,0.24174272627560725,13.976992332232555,0.150986909866333,Picard,0
Picard,20,276,0.12058602781295505,6.971998752899481,0.15149879455566406,Picard,0
Picard,20,277,0.2353220830180563,13.605765933981061,0.1520400047302246,Picard,0
Picard,20,278,0.1551868612344055,8.972537056042079,0.15260887145996094,Picard,0
Picard,20,279,0.1881761853040641,10.879901702213354,0.1531529426574707,Picard,0
Picard,20,280,0.23205019661933718,13.416593205554495,0.15368866920471191,Picard,0
Picard,20,281,0.11573342062269501,6.691432489192025,0.15422654151916504,Picard,0
Picard,20,282,0.2483984642557281,14.36181135097498,0.15476751327514648,Picard,0
Picard,20,283,0.15243196959399993,8.813255741037047,0.15532732009887695,Picard,0
Picard,20,284,0.18701571834839922,10.812806249162803,0.1558692455291748,Picard,0
Picard,20,285,0.22242468981984054,12.86006918184081,0.15641021728515625,Picard,0
Picard,20,286,0.12465439172732144,7.207221926361178,0.15694546699523926,Picard,0
Picard,20,287,0.26136688799128044,15.11161492068531,0.15749669075012207,Picard,0
Picard,20,288,0.1498652991522147,8.664856930297647,0.15803194046020508,Picard,0
Picard,20,289,0.1856340532408281,10.732921642449888,0.15857291221618652,Picard,0
Picard,20,290,0.21266815627796984,12.295969501966983,0.15911316871643066,Picard,0
Picard,20,291,0.14611866466348233,8.448235390830984,0.1596510410308838,Picard,0
Picard,20,292,0.27385063935134674,15.83339588065602,0.16021084785461426,Picard,0
Picard,20,293,0.14764199631444505,8.536310821819045,0.16075778007507324,Picard,0
Picard,20,294,0.18392291133736163,10.633987467128122,0.16130590438842773,Picard,0
Picard,20,295,0.20334440295828485,11.75689215033535,0.16189098358154297,Picard,0
Picard,20,296,0.17621735808674996,10.188470613906977,0.16244125366210938,Picard,0
Picard,20,297,0.28469483615948865,16.460381676554668,0.1629793643951416,Picard,0
Picard,20,298,0.14617513809993862,8.45150055127856,0.1635143756866455,Picard,0
Picard,20,299,0.18188324686554347,10.516058894375833,0.16406536102294922,Picard,0
Picard,20,300,0.19571900379603918,11.316009616813288,0.16460919380187988,Picard,0
Picard,20,301,0.2098602027561728,12.133620274554538,0.16516733169555664,Picard,0
Picard,20,302,0.29190979811773504,16.877533702269762,0.16571831703186035,Picard,0
Picard,20,303,0.1462018263368445,8.453043601976885,0.1662893295288086,Picard,0
Picard,20,304,0.1795445110185519,10.380838722484286,0.16683626174926758,Picard,0
Picard,20,305,0.19089296212181842,11.036979308374077,0.16739821434020996,Picard,0
Picard,20,306,0.24113928658970263,13.942102877675655,0.16792631149291992,Picard,0
Picard,20,307,0.29222187821498985,16.89557743493372,0.16842913627624512,Picard,0
Picard,20,308,0.14878543047308795,8.602421478855089,0.16893625259399414,Picard,0
Picard,20,309,0.17692114150752833,10.229161705743829,0.169478178024292,Picard,0
Picard,20,310,0.18909111265468506,10.932800636386867,0.17002534866333008,Picard,0
Picard,20,311,0.263891978099228,15.257609654924977,0.17056727409362793,Picard,0
Picard,20,312,0.2817462281437051,16.289900139168594,0.17110610008239746,Picard,0
Picard,20,313,0.1550407579143943,8.96408970784273,0.1716461181640625,Picard,0
Picard,20,314,0.17400965641665192,10.060826528021895,0.17218708992004395,Picard,0
Picard,20,315,0.18925677135266425,10.94237863026116,0.17276716232299805,Picard,0
Picard,20,316,0.2743432189040716,15.861875664670704,0.1733100414276123,Picard,0
Picard,20,317,0.2588128803443956,14.963948242779667,0.17393803596496582,Picard,0
Picard,20,318,0.16536264621930558,9.560876862164083,0.17447423934936523,Picard,0
Picard,20,319,0.17078867256755456,9.874596864550027,0.17501115798950195,Picard,0
Picard,20,320,0.189830274399948,10.975537219220145,0.17556524276733398,Picard,0
Picard,20,321,0.27385224762128313,15.83348886701766,0.1761031150817871,Picard,0
Picard,20,322,0.22684722175387032,13.115769512036122,0.17664122581481934,Picard,0
Picard,20,323,0.17871582034658745,10.332925788985577,0.17718935012817383,Picard,0
Picard,20,324,0.1673822008051929,9.677642728903297,0.17772340774536133,Picard,0
Picard,20,325,0.19006067580438252,10.988858483163554,0.17826223373413086,Picard,0
Picard,20,326,0.267692435591073,15.47734311305572,0.17879533767700195,Picard,0
Picard,20,327,0.19303542993858966,11.160851727240267,0.17933416366577148,Picard,0
Picard,20,328,0.1931402212696213,11.166910514004522,0.1798853874206543,Picard,0
Picard,20,329,0.16410899637969426,9.488393795287543,0.18042540550231934,Picard,0
Picard,20,330,0.19004639129314072,10.988032586528846,0.18096661567687988,Picard,0
Picard,20,331,0.26009485234470253,15.038068829961258,0.18152165412902832,Picard,0
Picard,20,332,0.1628873480527602,9.41776098014019,0.18207669258117676,Picard,0
Picard,20,333,0.2073306843165579,11.987369504657824,0.18262958526611328,Picard,0
Picard,20,334,0.1611106915173455,9.315038903844123,0.18315362930297852,Picard,0
Picard,20,335,0.18982773147485998,10.975390193309565,0.18371057510375977,Picard,0
Picard,20,336,0.2517381347578643,14.554903195845313,0.18422365188598633,Picard,0
Picard,20,337,0.13830675677799037,7.996569364316723,0.18476366996765137,Picard,0
Picard,20,338,0.2210995605791669,12.783453345155836,0.18532752990722656,Picard,0
Picard,20,339,0.15822948908947426,9.148454598031115,0.1858813762664795,Picard,0
Picard,20,340,0.18921428712667365,10.939922292856268,0.18642234802246094,Picard,0
Picard,20,341,0.24235886024081524,14.012615739976876,0.18697118759155273,Picard,0
Picard,20,342,0.12132381976189065,7.01465613735083,0.18750929832458496,Picard,0
Picard,20,343,0.23448297860816208,13.55725090280009,0.18804621696472168,Picard,0
Picard,20,344,0.15536671172763206,8.9829355859317,0.18858599662780762,Picard,0
Picard,20,345,0.18824496643080552,10.883878464186209,0.18912887573242188,Picard,0
Picard,20,346,0.23266342811511828,13.452048799385452,0.18967485427856445,Picard,0
Picard,20,347,0.11563851833133455,6.685945463298456,0.1902179718017578,Picard,0
Picard,20,348,0.24757044732810093,14.31393737177939,0.19077396392822266,Picard,0
Picard,20,349,0.15260241078581493,8.823110247386822,0.19134211540222168,Picard,0
Picard,20,350,0.18709475667470535,10.81737605814011,0.1918783187866211,Picard,0
Picard,20,351,0.2230408911673499,12.895696485470333,0.19241833686828613,Picard,0
Picard,20,352,0.12368305302046265,7.151061421071402,0.19295549392700195,Picard,0
Picard,20,353,0.2605483451898222,15.064288713043627,0.1934976577758789,Picard,0
Picard,20,354,0.15002104396801474,8.673861726966237,0.1940455436706543,Picard,0
Picard,20,355,0.1857311456975048,10.738535298518864,0.19461846351623535,Picard,0
Picard,20,356,0.21328691607664535,12.331744729188179,0.1951735019683838,Picard,0
Picard,20,357,0.1444467502720841,8.35156925742236,0.19572854042053223,Picard,0
Picard,20,358,0.27308958837626324,15.78939371435691,0.19626259803771973,Picard,0
Picard,20,359,0.14776682844669772,8.543528320281947,0.19681477546691895,Picard,0
Picard,20,360,0.1840418778506116,10.640865829381683,0.1973733901977539,Picard,0
Picard,20,361,0.2039009223789642,11.789068786197005,0.19791650772094727,Picard,0
Picard,20,362,0.17413985060436024,10.068354047841565,0.1984233856201172,Picard,0
Picard,20,363,0.28408626215803734,16.425195368023576,0.19898629188537598,Picard,0
Picard,20,364,0.14623350312011174,8.454875078620079,0.19957542419433594,Picard,0
Picard,20,365,0.18202209673083508,10.524086864989103,0.20008420944213867,Picard,0
Picard,20,366,0.19612941169975162,11.339738430547012,0.2006242275238037,Picard,0
Picard,20,367,0.20772392112340277,12.010105526207264,0.2011730670928955,Picard,0
Picard,20,368,0.29161512610623486,16.86049646392669,0.20171284675598145,Picard,0
Picard,20,369,0.1461365724965407,8.449270779358283,0.20224976539611816,Picard,0
Picard,20,370,0.17970190099071479,10.389938638200398,0.20278668403625488,Picard,0
Picard,20,371,0.1911057338497998,11.049281266146826,0.20332670211791992,Picard,0
Picard,20,372,0.23934321248976842,13.838258123752091,0.20386290550231934,Picard,0
Picard,20,373,0.292485879336624,16.910841355009538,0.20440387725830078,Picard,0
Picard,20,374,0.14852188955792187,8.587184166828143,0.20494675636291504,Picard,0
Picard,20,375,0.17709632977645903,10.239290676858145,0.20550751686096191,Picard,0
Picard,20,376,0.18913023578347282,10.935062643105763,0.2060546875,Picard,0
Picard,20,377,0.2627941390461751,15.19413519899015,0.20659375190734863,Picard,0
Picard,20,378,0.2827882091300925,16.350145013880834,0.20713353157043457,Picard,0
Picard,20,379,0.15451939144065277,8.933945532181118,0.2076735496520996,Picard,0
Picard,20,380,0.17420404618878838,10.072065684609871,0.20821166038513184,Picard,0
Picard,20,381,0.18921971471377783,10.940236103097869,0.20879554748535156,Picard,0
Picard,20,382,0.2740469744188289,15.844747509617209,0.20933079719543457,Picard,0
Picard,20,383,0.26060517289072815,15.067574356223293,0.20990681648254395,Picard,0
Picard,20,384,0.16459733442439564,9.516628345346133,0.21044301986694336,Picard,0
Picard,20,385,0.17100178193090332,9.886918343600678,0.21098923683166504,Picard,0
Picard,20,386,0.1898021407087272,10.9739105957741,0.21155047416687012,Picard,0
Picard,20,387,0.2741140156750435,15.848623676393728,0.21209144592285156,Picard,0
Picard,20,388,0.2290147815797374,13.241092691486244,0.21262860298156738,Picard,0
Picard,20,389,0.17781389990191807,10.280778883332435,0.21317052841186523,Picard,0
Picard,20,390,0.16759835722231436,9.690140381392023,0.21371054649353027,Picard,0
Picard,20,391,0.19005581094140034,10.988577208298963,0.2142333984375,Picard,0
Picard,20,392,0.2681523975752029,15.503937026445998,0.21474123001098633,Picard,0
Picard,20,393,0.19511256031154994,11.280946489730924,0.21530842781066895,Picard,0
Picard,20,394,0.19222302305477626,11.113880283835732,0.21585559844970703,Picard,0
Picard,20,395,0.1643084739064697,9.499927113808218,0.2163996696472168,Picard,0
Picard,20,396,0.19005169535324945,10.988339254731905,0.21693634986877441,Picard,0
Picard,20,397,0.2605946978534663,15.066968714358719,0.21747541427612305,Picard,0
Picard,20,398,0.16465027699660317,9.519689359578882,0.21801352500915527,Picard,0
Picard,20,399,0.20644158797030954,11.935964058026261,0.21857118606567383,Picard,0
Picard,20,400,0.1612957124900068,9.325736378618362,0.21910905838012695,Picard,0
Picard,20,401,0.18985182659744523,10.976783316274656,0.21966099739074707,Picard,0
Picard,20,402,0.2523029083834454,14.587557070300234,0.22020506858825684,Picard,0
Picard,20,403,0.13967711652191184,8.075800321658347,0.22076988220214844,Picard,0
Picard,20,404,0.22023511872091947,12.733473362673921,0.22130393981933594,Picard,0
Picard,20,405,0.15841238688269527,9.159029315594768,0.2218620777130127,Picard,0
Picard,20,406,0.18926600378101546,10.942912427419243,0.2224140167236328,Picard,0
Picard,20,407,0.24297439982526045,14.048204782032139,0.22295522689819336,Picard,0
Picard,20,408,0.12210806489765745,7.059999335130052,0.22349023818969727,Picard,0
Picard,20,409,0.23364276120258343,13.508671520842627,0.22404122352600098,Picard,0
Picard,20,410,0.15554702708720428,8.993360993293292,0.22458624839782715,Picard,0
Picard,20,411,0.18831309574113775,10.887817539676854,0.2251293659210205,Picard,0
Picard,20,412,0.23327655568745487,13.487498384608788,0.22566628456115723,Picard,0
Picard,20,413,0.11560054263347921,6.683749798320598,0.22621631622314453,Picard,0
Picard,20,414,0.2467420844680894,14.26604339159201,0.22675228118896484,Picard,0
Picard,20,415,0.15277352390992338,8.83300360327163,0.22728896141052246,Picard,0
Picard,20,416,0.18717282712077177,10.821889906572515,0.22782468795776367,Picard,0
Picard,20,417,0.22365601490935108,12.931261484499602,0.22836971282958984,Picard,0
Picard,20,418,0.12276418896714046,7.097934876064185,0.22891545295715332,Picard,0
Picard,20,419,0.2597281474463258,15.016866820569835,0.22946619987487793,Picard,0
Picard,20,420,0.15017800459355235,8.682936818876554,0.23000741004943848,Picard,0
Picard,20,421,0.18582689290504223,10.744071175466233,0.23055648803710938,Picard,0
Picard,20,422,0.21390723123691424,12.367609883735833,0.2311244010925293,Picard,0
Picard,20,423,0.14281123203858553,8.25700746372945,0.23167133331298828,Picard,0
Picard,20,424,0.27232266474853506,15.745052005179922,0.2323002815246582,Picard,0
Picard,20,425,0.14789448047235143,8.550908858307823,0.23283934593200684,Picard,0
Picard,20,426,0.18415955826199087,10.64766983226873,0.23337554931640625,Picard,0
Picard,20,427,0.2044641039368156,11.821630611063535,0.23392271995544434,Picard,0
Picard,20,428,0.17207831751353883,9.94916108329212,0.2344658374786377,Picard,0
Picard,20,429,0.28346423718618113,16.38923135621633,0.2350161075592041,Picard,0
Picard,20,430,0.14629755972340203,8.458578679827903,0.23555231094360352,Picard,0
Picard,20,431,0.18215972173803197,10.532044017206047,0.23610734939575195,Picard,0
Picard,20,432,0.19655107613236342,11.364118070142334,0.23664116859436035,Picard,0
Picard,20,433,0.20557990152514832,11.886143387008113,0.2371830940246582,Picard,0
Picard,20,434,0.29129374916435075,16.8419152097079,0.23771905899047852,Picard,0
Picard,20,435,0.14608131142583472,8.446075715029242,0.23827123641967773,Picard,0
Picard,20,436,0.17985811320080744,10.398970458500864,0.23883533477783203,Picard,0
Picard,20,437,0.1913313060368272,11.062323316168435,0.23938226699829102,Picard,0
Picard,20,438,0.23751342362620298,13.732464061983709,0.23993611335754395,Picard,0
Picard,20,439,0.2927064479596156,16.92359411079988,0.24049019813537598,Picard,0
Picard,20,440,0.14827317909010115,8.57280431616942,0.24098849296569824,Picard,0
Picard,20,441,0.1772703853609438,10.249354158838374,0.24150443077087402,Picard,0
Picard,20,442,0.18917800104437485,10.937824317451296,0.24204134941101074,Picard,0
Picard,20,443,0.2616451191750483,15.127701589277265,0.24257755279541016,Picard,0
Picard,20,444,0.28377789555584215,16.40736634085572,0.2431647777557373,Picard,0
Picard,20,445,0.1540150563714934,8.904786072026441,0.24370193481445312,Picard,0
Picard,20,446,0.17439715246932908,10.083230632751253,0.2442622184753418,Picard,0
Picard,20,447,0.18918434025403918,10.938190835551907,0.24480628967285156,Picard,0
Picard,20,448,0.27370381906850605,15.824907079362612,0.24534320831298828,Picard,0
Picard,20,449,0.262357782414106,15.168906091192321,0.24592924118041992,Picard,0
Picard,20,450,0.16384513449461488,9.473137925539808,0.24643230438232422,Picard,0
Picard,20,451,0.1712139705693853,9.899186588518495,0.24695754051208496,Picard,0
Picard,20,452,0.18977229597961082,10.972185044166224,0.24749374389648438,Picard,0
Picard,20,453,0.2743516907658105,15.862365487667196,0.2480628490447998,Picard,0
Picard,20,454,0.23117354874632778,13.365907500185429,0.24862074851989746,Picard,0
Picard,20,455,0.17691656274534975,10.228896972550624,0.2491617202758789,Picard,0
Picard,20,456,0.16781502766252313,9.702667753479185,0.24970769882202148,Picard,0
Picard,20,457,0.19004994534009534,10.988238073112862,0.2502448558807373,Picard,0
Picard,20,458,0.26860745856849766,15.530247576144717,0.25079774856567383,Picard,0
Picard,20,459,0.19720524311745077,11.401940457088289,0.25133776664733887,Picard,0
Picard,20,460,0.19130456350410868,11.06077712621472,0.2518746852874756,Picard,0
Picard,20,461,0.1645092151365261,9.511533496661958,0.2524147033691406,Picard,0
Picard,20,462,0.19005634821983286,10.988608272466424,0.2529475688934326,Picard,0
Picard,20,463,0.2610919602540767,15.09571924955586,0.2534925937652588,Picard,0
Picard,20,464,0.166435346802629,9.622897871271093,0.2540297508239746,Picard,0
Picard,20,465,0.20555074926351505,11.884457872231339,0.2545785903930664,Picard,0
Picard,20,466,0.16148123371541287,9.336462776822422,0.2551565170288086,Picard,0
Picard,20,467,0.18987425392166155,10.978080011085016,0.25570154190063477,Picard,0
Picard,20,468,0.25286291249251547,14.619935182597882,0.2562375068664551,Picard,0
Picard,20,469,0.14107655479934533,8.156712530991259,0.2567775249481201,Picard,0
Picard,20,470,0.21936912061449454,12.683403401605352,0.25733256340026855,Picard,0
Picard,20,471,0.1585952709186606,9.169603237746458,0.2578763961791992,Picard,0
Picard,20,472,0.18931615541700633,10.94581207632489,0.25841331481933594,Picard,0
Picard,20,473,0.24358857369108033,14.083714861468554,0.25896739959716797,Picard,0
Picard,20,474,0.1229374727157692,7.107953732321821,0.2595393657684326,Picard,0
Picard,20,475,0.23280119561060683,13.460014189938212,0.26007533073425293,Picard,0
Picard,20,476,0.1557277255178778,9.003808548919396,0.26062440872192383,Picard,0
Picard,20,477,0.18838056696801556,10.891718566339565,0.2611663341522217,Picard,0
Picard,20,478,0.2338903493269561,13.52298648025929,0.2617044448852539,Picard,0
Picard,20,479,0.11561917472558264,6.684827061791872,0.2622416019439697,Picard,0
Picard,20,480,0.24591344889662534,14.218133643873834,0.26278042793273926,Picard,0
Picard,20,481,0.15294535021170802,8.842938193401888,0.2633073329925537,Picard,0
Picard,20,482,0.1872501041689122,10.82635788261447,0.2638077735900879,Picard,0
Picard,20,483,0.22427031834690947,12.966779055467295,0.2643775939941406,Picard,0
Picard,20,484,0.12189846241643539,7.047880615704684,0.2649214267730713,Picard,0
Picard,20,485,0.2589066608996151,14.969370412544235,0.26549744606018066,Picard,0
Picard,20,486,0.1503361373490083,8.69207968056482,0.26604151725769043,Picard,0
Picard,20,487,0.18592128564091492,10.7495287400674,0.26657748222351074,Picard,0
Picard,20,488,0.21452846562587083,12.40352818591079,0.2671213150024414,Picard,0
Picard,20,489,0.1412133809754107,8.164623496682669,0.26766228675842285,Picard,0
Picard,20,490,0.2715500821153695,15.70038310570098,0.26819443702697754,Picard,0
Picard,20,491,0.1480248034745264,8.558443825875104,0.2687523365020752,Picard,0
Picard,20,492,0.18427588256438004,10.654395428143298,0.26929736137390137,Picard,0
Picard,20,493,0.2050335132135628,11.854552507898289,0.2698373794555664,Picard,0
Picard,20,494,0.1700341716998914,9.830973409960672,0.2703986167907715,Picard,0
Picard,20,495,0.2828292664743401,16.35251885236016,0.27095842361450195,Picard,0
Picard,20,496,0.1463670816236398,8.462598271571226,0.271484375,Picard,0
Picard,20,497,0.18229613433744143,10.539931070873973,0.2719864845275879,Picard,0
Picard,20,498,0.19698389738672786,11.389142770768,0.2725026607513428,Picard,0
Picard,20,499,0.20342981045211364,11.76183020950574,0.2730536460876465,Picard,0
Picard,20,500,0.29094681083446805,16.82185605652784,0.2735915184020996,Picard,0
GlobalAndersonSolver,30,0,1.0,57.81763343025095,0.0,initial,0
GlobalAndersonSolver,30,1,0.26526225887283933,15.336836046390157,0.0006239414215087891,AA,0
GlobalAndersonSolver,30,2,0.27808449168729354,16.078187203013606,0.0012829303741455078,AA,1
GlobalAndersonSolver,30,3,0.3515596443447439,20.326346645593798,0.0022649765014648438,AA,2
GlobalAndersonSolver,30,4,0.30973481913474366,17.908134233317686,0.0033299922943115234,AA,3
GlobalAndersonSolver,30,5,0.30579121724192826,17.68012450468404,0.00452113151550293,AA,4
GlobalAndersonSolver,30,6,0.2941751188048569,17.00850918335974,0.005711078643798828,AA,5
GlobalAndersonSolver,30,7,0.44362737905330313,25.64948518172687,0.007148027420043945,AA,6
GlobalAndersonSolver,30,8,0.3287849065903967,19.009565206642858,0.008847236633300781,AA,7
GlobalAndersonSolver,30,9,0.32535012115812034,18.810974041607935,0.011159658432006836,AA,8
GlobalAndersonSolver,30,10,0.3298538377316102,19.071368275527718,0.01473093032836914,KM,9
GlobalAndersonSolver,30,11,0.31885947601956954,18.435700300261367,0.015976905822753906,KM,0
GlobalAndersonSolver,30,12,0.19375883834551397,11.202677489332178,0.016589879989624023,AA,0
GlobalAndersonSolver,30,13,0.10284888218588793,5.946478968934736,0.017915725708007812,KM,1
GlobalAndersonSolver,30,14,0.12214400347894659,7.062077218849031,0.019049644470214844,KM,0
GlobalAndersonSolver,30,15,0.11105742308708888,6.421077377757594,0.020154476165771484,KM,0
GlobalAndersonSolver,30,16,0.10476660589435777,6.057357215331546,0.021322250366210938,KM,0
GlobalAndersonSolver,30,17,0.10901455510058343,6.302963585367427,0.022490501403808594,KM,0
GlobalAndersonSolver,30,18,0.13505395485613556,7.808500055177706,0.023668527603149414,KM,0
GlobalAndersonSolver,30,19,0.15248643285517127,8.816404677906867,0.024887561798095703,KM,0
GlobalAndersonSolver,30,20,0.14383871209055696,8.316413928731228,0.02606344223022461,KM,0
GlobalAndersonSolver,30,21,0.11292945936715398,6.529314085166528,0.027260541915893555,KM,0
GlobalAndersonSolver,30,22,0.09596559391532089,5.5485035309123445,0.027905702590942383,AA,0
GlobalAndersonSolver,30,23,0.09927202394646663,5.7396734904159015,0.028606653213500977,AA,1
GlobalAndersonSolver,30,24,0.06698074007752573,3.8726678766893015,0.029616832733154297,AA,2
GlobalAndersonSolver,30,25,0.07316364095713711,4.230148573282248,0.031221866607666016,KM,3
GlobalAndersonSolver,30,26,0.06988838649834342,4.04078111159292,0.03240323066711426,KM,0
GlobalAndersonSolver,30,27,0.06725116826669199,3.8883033945997227,0.03360438346862793,KM,0
GlobalAndersonSolver,30,28,0.05429786752654654,3.1393742006941947,0.03421926498413086,AA,0
GlobalAndersonSolver,30,29,0.06376022773742945,3.686465474752015,0.03490138053894043,AA,1
GlobalAndersonSolver,30,30,0.04790263698237505,2.7696171053893432,0.035863399505615234,AA,2
GlobalAndersonSolver,30,31,0.052729558416574715,3.0486982794685207,0.036948442459106445,AA,3
GlobalAndersonSolver,30,32,0.05288057992148892,3.0574299854797347,0.03807258605957031,AA,4
GlobalAndersonSolver,30,33,0.01882121199358608,1.0881979357582026,0.039307594299316406,AA,5
GlobalAndersonSolver,30,34,0.017742129885093702,1.025807961968248,0.04077959060668945,AA,6
GlobalAndersonSolver,30,35,0.01806923676436029,1.044720507606197,0.04230380058288574,AA,7
GlobalAndersonSolver,30,36,0.01819056995026648,1.0517357052718457,0.04445481300354004,AA,8
GlobalAndersonSolver,30,37,0.010723884383055741,0.6200296162079098,0.046817779541015625,AA,9
GlobalAndersonSolver,30,38,0.014832795014989915,0.8575971049227405,0.049440622329711914,AA,10
GlobalAndersonSolver,30,39,0.0036105346325860516,0.20875256787408614,0.0523676872253418,AA,11
GlobalAndersonSolver,30,40,0.005423651149241237,0.31358267400038914,0.055600643157958984,AA,12
GlobalAndersonSolver,30,41,0.00126970741747733,0.07341147802737487,0.05900263786315918,AA,13
GlobalAndersonSolver,30,42,0.001260608916570047,0.07288542423715277,0.06224679946899414,AA,14
GlobalAndersonSolver,30,43,0.0006280620950400215,0.0363130639824594,0.06619381904602051,AA,15
GlobalAndersonSolver,30,44,0.00039311610811697365,0.02272904303463408,0.07023882865905762,AA,16
GlobalAndersonSolver,30,45,0.00019335442604425247,0.011179295327143157,0.07444500923156738,AA,17
GlobalAndersonSolver,30,46,4.495003126110003e-05,0.0025989044301326023,0.07862496376037598,AA,18
GlobalAndersonSolver,30,47,4.031542521922925e-05,0.002330942476910091,0.08350086212158203,AA,19
GlobalAndersonSolver,30,48,3.535480284684169e-06,0.00020441310309974857,0.08850312232971191,AA,20
GlobalAndersonSolver,30,49,3.1847380653470045e-06,0.0001841340180335997,0.09375500679016113,AA,21
GlobalAndersonSolver,30,50,6.913198583838191e-07,3.997047815508865e-05,0.09958386421203613,AA,22
GlobalAndersonSolver,30,51,2.5235136869183543e-07,1.4590358930646648e-05,0.10534310340881348,AA,23
GlobalAndersonSolver,30,52,3.636312538492844e-08,2.1024298538840455e-06,0.11182928085327148,AA,24
GlobalAndersonSolver,30,53,1.5574291720924513e-08,9.004686896562058e-07,0.11842131614685059,AA,25
GlobalAndersonSolver,30,54,2.8483742312297043e-09,1.646862571734119e-07,0.12524056434631348,AA,26
GlobalAndersonSolver,30,55,1.1213912762296166e-09,6.483618974092526e-08,0.13251733779907227,AA,27
GlobalAndersonSolver,30,56,3.26882171414363e-10,1.8899553561720097e-08,0.13950634002685547,AA,28
GlobalAndersonSolver,30,57,5.456903348033827e-11,3.1550523744092893e-09,0.1468043327331543,AA,29
GlobalAndersonSolver eta=1e-10,30,0,1.0,57.81763343025095,0.0,initial,0
GlobalAndersonSolver eta=1e-10,30,1,0.26526225887283933,15.336836046390157,0.0007379055023193359,AA,0
GlobalAndersonSolver eta=1e-10,30,2,0.27808449168729354,16.078187203013606,0.0015039443969726562,AA,1
GlobalAndersonSolver eta=1e-10,30,3,0.35155964442309856,20.32634665012408,0.002315998077392578,AA,2
GlobalAndersonSolver eta=1e-10,30,4,0.3097348198791741,17.908134276358894,0.0031049251556396484,AA,3
GlobalAndersonSolver eta=1e-10,30,5,0.3057912180765437,17.68012455293953,0.003921031951904297,AA,4
GlobalAndersonSolver eta=1e-10,30,6,0.29417511715512396,17.008509087976083,0.004877328872680664,AA,5
GlobalAndersonSolver eta=1e-10,30,7,0.4436273839642521,25.649485465666316,0.0056993961334228516,AA,6
GlobalAndersonSolver eta=1e-10,30,8,0.3287848942070382,19.009564490666374,0.006483316421508789,AA,7
GlobalAndersonSolver eta=1e-10,30,9,0.3253500388541268,18.810969282985806,0.007274150848388672,AA,8
GlobalAndersonSolver eta=1e-10,30,10,0.3298539201920663,19.07137304319614,0.009026288986206055,KM,9
GlobalAndersonSolver eta=1e-10,30,11,0.3188596667822563,18.43571132970846,0.010147333145141602,KM,0
GlobalAndersonSolver eta=1e-10,30,12,0.19375861113749765,11.202664352702378,0.010726451873779297,AA,0
GlobalAndersonSolver eta=1e-10,30,13,0.10284896642768233,5.946483839595924,0.011910438537597656,KM,1
GlobalAndersonSolver eta=1e-10,30,14,0.12214399323249098,7.062076626423216,0.013090372085571289,KM,0
GlobalAndersonSolver eta=1e-10,30,15,0.11105743512065594,6.421078073509963,0.014288187026977539,KM,0
GlobalAndersonSolver eta=1e-10,30,16,0.10476659745173035,6.057356727198809,0.01555013656616211,KM,0
GlobalAndersonSolver eta=1e-10,30,17,0.10901456532992651,6.302964176803835,0.01675105094909668,KM,0
GlobalAndersonSolver eta=1e-10,30,18,0.1350539777683153,7.8085013799057155,0.017926931381225586,KM,0
GlobalAndersonSolver eta=1e-10,30,19,0.1524864379219142,8.816404970853952,0.01908278465270996,KM,0
GlobalAndersonSolver eta=1e-10,30,20,0.1438386919753844,8.316412765719555,0.020272493362426758,KM,0
GlobalAndersonSolver eta=1e-10,30,21,0.11292942612106535,6.529312162956363,0.02145862579345703,KM,0
GlobalAndersonSolver eta=1e-10,30,22,0.09596555448581755,5.548501251191774,0.022035837173461914,AA,0
GlobalAndersonSolver eta=1e-10,30,23,0.09927200096530076,5.739672161699278,0.02268075942993164,AA,1
GlobalAndersonSolver eta=1e-10,30,24,0.0669807396838496,3.8726678539278794,0.023486614227294922,AA,2
GlobalAndersonSolver eta=1e-10,30,25,0.07316364191807165,4.230148628841209,0.02483844757080078,KM,3
GlobalAndersonSolver eta=1e-10,30,26,0.06988838369979361,4.0407809497873926,0.026010513305664062,KM,0
GlobalAndersonSolver eta=1e-10,30,27,0.06725115833121888,3.88830282015418,0.027181625366210938,KM,0
GlobalAndersonSolver eta=1e-10,30,28,0.05429784561486146,3.1393729338124188,0.027799606323242188,AA,0
GlobalAndersonSolver eta=1e-10,30,29,0.063760242352282,3.6864663197482024,0.02846670150756836,AA,1
GlobalAndersonSolver eta=1e-10,30,30,0.04790262556238121,2.7696164451123253,0.029186487197875977,AA,2
GlobalAndersonSolver eta=1e-10,30,31,0.052729560004412514,3.0486983712735443,0.02994847297668457,AA,3
GlobalAndersonSolver eta=1e-10,30,32,0.052880584271864865,3.0574302370081767,0.03075575828552246,AA,4
GlobalAndersonSolver eta=1e-10,30,33,0.01882120949843002,1.0881977914941843,0.0316166877746582,AA,5
GlobalAndersonSolver eta=1e-10,30,34,0.017742108542155594,1.0258067279700762,0.03238272666931152,AA,6
GlobalAndersonSolver eta=1e-10,30,35,0.018069220385722604,1.0447195606321271,0.033154964447021484,AA,7
GlobalAndersonSolver eta=1e-10,30,36,0.018190562783050097,1.051735290880356,0.03398013114929199,AA,8
GlobalAndersonSolver eta=1e-10,30,37,0.010723892794465254,0.6200301025357016,0.035224199295043945,AA,9
GlobalAndersonSolver eta=1e-10,30,38,0.014832744984098815,0.8575942122550188,0.03664112091064453,AA,10
GlobalAndersonSolver eta=1e-10,30,39,0.00361049955892348,0.2087505399979205,0.03773808479309082,AA,11
GlobalAndersonSolver eta=1e-10,30,40,0.005423663677672511,0.313583398364636,0.03887295722961426,AA,12
GlobalAndersonSolver eta=1e-10,30,41,0.0012697066175663026,0.07341143177841232,0.03986501693725586,AA,13
GlobalAndersonSolver eta=1e-10,30,42,0.001260593355968347,0.07288452455998773,0.0410919189453125,AA,14
GlobalAndersonSolver eta=1e-10,30,43,0.0006280360285056111,0.03631155687712806,0.04236912727355957,AA,15
GlobalAndersonSolver eta=1e-10,30,44,0.000393089692403736,0.02272751574060931,0.043375253677368164,AA,16
GlobalAndersonSolver eta=1e-10,30,45,0.00019326933444079313,0.011174375532006352,0.04456329345703125,AA,17
GlobalAndersonSolver eta=1e-10,30,46,4.4938098063813345e-05,0.00259821448090623,0.04593014717102051,AA,18
GlobalAndersonSolver eta=1e-10,30,47,4.028566177464385e-05,0.002329221624981431,0.04703330993652344,AA,19
GlobalAndersonSolver eta=1e-10,30,48,3.527615752829943e-06,0.0002039583944799004,0.048032522201538086,AA,20
GlobalAndersonSolver eta=1e-10,30,49,3.1644923198308916e-06,0.00018296345694082694,0.04906272888183594,AA,21
GlobalAndersonSolver eta=1e-10,30,50,6.885569023645485e-07,3.9810730576782556e-05,0.05011749267578125,AA,22
GlobalAndersonSolver eta=1e-10,30,51,2.522527969608171e-07,1.4584659746436042e-05,0.051128387451171875,AA,23
GlobalAndersonSolver eta=1e-10,30,52,3.610780048184307e-08,2.087667572231841e-06,0.05213522911071777,AA,24
GlobalAndersonSolver eta=1e-10,30,53,1.53016286793113e-08,8.847039578662356e-07,0.053400278091430664,AA,25
GlobalAndersonSolver eta=1e-10,30,54,2.8543813202450716e-09,1.650335728440853e-07,0.05447840690612793,AA,26
GlobalAndersonSolver eta=1e-10,30,55,1.1038480689468789e-09,6.382188301306102e-08,0.05553030967712402,AA,27
GlobalAndersonSolver eta=1e-10,30,56,3.2905102058956493e-10,1.9024951288297422e-08,0.056719303131103516,AA,28
GlobalAndersonSolver eta=1e-10,30,57,5.51321150534875e-11,3.1876084183969607e-09,0.057906389236450195,AA,29
AA_pure,30,0,1.0,57.81763343025095,0.0,initial,0
AA_pure,30,1,0.26526225887283933,15.336836046390157,0.0007338523864746094,AA,1
AA_pure,30,2,0.27808449168729354,16.078187203013606,0.0015058517456054688,AA,2
AA_pure,30,3,0.3515596443447438,20.326346645593794,0.0025708675384521484,AA,3
AA_pure,30,4,0.3097348191347437,17.90813423331769,0.003654956817626953,AA,4
AA_pure,30,5,0.3057912172419734,17.680124504686653,0.004996061325073242,AA,5
AA_pure,30,6,0.2941751188048448,17.008509183359042,0.006309986114501953,AA,6
AA_pure,30,7,0.4436273790563146,25.649485181900985,0.007668256759643555,AA,7
AA_pure,30,8,0.3287849065774772,19.009565205895882,0.009308576583862305,AA,8
AA_pure,30,9,0.3253501211508356,18.81097404118675,0.011556625366210938,AA,9
AA_pure,30,10,0.7243156627758567,41.87821747816375,0.01392054557800293,AA,10
AA_pure,30,11,0.9057438357458373,52.36796507686225,0.016431808471679688,AA,11
AA_pure,30,12,0.9204399751441971,53.21766107743648,0.01928853988647461,AA,12
AA_pure,30,13,0.8722860325202751,50.433514074585226,0.02205944061279297,AA,13
AA_pure,30,14,0.9928299986313652,57.40308091942483,0.025391340255737305,AA,14
AA_pure,30,15,0.6866388526099708,39.6998334791714,0.02894139289855957,AA,15
AA_pure,30,16,0.13111844762643574,7.580958340808818,0.033179521560668945,AA,16
AA_pure,30,17,0.1830460332693696,10.583288452429931,0.03656721115112305,AA,17
AA_pure,30,18,0.3638107868326846,21.034678711063325,0.04016733169555664,AA,18
AA_pure,30,19,0.37630194590325877,21.75688796732474,0.044564008712768555,AA,19
AA_pure,30,20,0.33057271004869143,19.112931771639875,0.049452781677246094,AA,20
AA_pure,30,21,0.3109369195527393,17.97763683463171,0.05482172966003418,AA,21
AA_pure,30,22,0.5779547553089037,33.41597618172058,0.06023859977722168,AA,22
AA_pure,30,23,0.4894525087448945,28.298985732129008,0.06552791595458984,AA,23
AA_pure,30,24,0.48185713891434395,27.85983942349905,0.07099485397338867,AA,24
AA_pure,30,25,0.485865043815641,28.09156699990555,0.07698369026184082,AA,25
AA_pure,30,26,0.418447798576538,24.19366142779376,0.08334565162658691,AA,26
AA_pure,30,27,0.42236852722587254,24.420348679620467,0.09015226364135742,AA,27
AA_pure,30,28,0.4298370280562624,24.852159722905473,0.09734535217285156,AA,28
AA_pure,30,29,0.4410242885734679,25.49898065057798,0.10466933250427246,AA,29
AA_pure,30,30,0.542406659376676,31.36066940196764,0.11208534240722656,AA,30
AA_pure,30,31,0.5646162926350805,32.64477783632238,0.12007832527160645,AA,30
AA_pure,30,32,0.31914838596321515,18.452404389477422,0.1275773048400879,AA,30
AA_pure,30,33,0.45076773973666917,26.062323938277505,0.13577628135681152,AA,30
AA_pure,30,34,0.5250392786680107,30.35652855051042,0.14358234405517578,AA,30
AA_pure,30,35,0.5563633696633674,32.16761336121578,0.15114855766296387,AA,30
AA_pure,30,36,0.6021715129978933,34.81613180065179,0.15874958038330078,AA,30
AA_pure,30,37,0.19537317364315565,11.29601453580474,0.16673040390014648,AA,30
AA_pure,30,38,0.10703897642320774,6.188740301586299,0.17463350296020508,AA,30
AA_pure,30,39,0.2970464841419552,17.17452473186442,0.18221163749694824,AA,30
AA_pure,30,40,0.37166171620910704,21.48860086783611,0.19002366065979004,AA,30
AA_pure,30,41,0.40385267540805225,23.34980594656889,0.19780850410461426,AA,30
AA_pure,30,42,0.493067569400665,28.50799998395247,0.20548343658447266,AA,30
AA_pure,30,43,0.471276790704527,27.24810872913944,0.21340465545654297,AA,30
AA_pure,30,44,0.38093946053058425,22.02501808807487,0.22115659713745117,AA,30
AA_pure,30,45,0.34967661924603965,20.217474590696956,0.22893762588500977,AA,30
AA_pure,30,46,0.23112746332199238,13.363242950014728,0.23724770545959473,AA,30
AA_pure,30,47,0.3595807376825923,20.790107279911346,0.24541282653808594,AA,30
AA_pure,30,48,0.19246997536058305,11.128158481727624,0.253612756729126,AA,30
AA_pure,30,49,0.17838834312461704,10.313991831008936,0.26149773597717285,AA,30
AA_pure,30,50,0.7621192768276953,44.063932977751634,0.2693216800689697,AA,30
AA_pure,30,51,0.37550698849876385,21.71092541151899,0.27730679512023926,AA,30
AA_pure,30,52,0.32757406391896504,18.939557148924315,0.28499889373779297,AA,30
AA_pure,30,53,0.2938126814515086,16.987553913322415,0.29262280464172363,AA,30
AA_pure,30,54,0.4968352504332399,28.725838384775994,0.30061888694763184,AA,30
AA_pure,30,55,0.4760155675981412,27.52209359448217,0.3085298538208008,AA,30
AA_pure,30,56,0.28599827360056995,16.53574334472237,0.31628990173339844,AA,30
AA_pure,30,57,0.13935013373349925,8.056894950659906,0.32395315170288086,AA,30
AA_pure,30,58,0.16466040896462375,9.520275165991823,0.3318519592285156,AA,30
AA_pure,30,59,0.18229900690309872,10.54009715582215,0.3398597240447998,AA,30
AA_pure,30,60,0.18190667521822868,10.51741346628326,0.34758782386779785,AA,30
AA_pure,30,61,0.21718203011768591,12.556951004982086,0.3558058738708496,AA,30
AA_pure,30,62,0.19886267397246812,11.497769186699669,0.3641068935394287,AA,30
AA_pure,30,63,0.19421698476095192,11.229166430837353,0.3718299865722656,AA,30
AA_pure,30,64,0.15014729562922974,8.681161299234326,0.379317045211792,AA,30
AA_pure,30,65,0.11517526235080996,6.659161098832114,0.38683128356933594,AA,30
AA_pure,30,66,0.1316223768986476,7.610094338744338,0.39482712745666504,AA,30
AA_pure,30,67,0.11566974113063493,6.687750691663071,0.4027872085571289,AA,30
AA_pure,30,68,0.1334552254880363,7.716065306618766,0.41034436225891113,AA,30
AA_pure,30,69,0.15151526976203453,8.760254326186898,0.4184706211090088,AA,30
AA_pure,30,70,0.14863467263875071,8.59370501765264,0.42645764350891113,AA,30
AA_pure,30,71,0.166328208600234,9.616703393958643,0.4341766834259033,AA,30
AA_pure,30,72,0.15402256766072428,8.90522035699378,0.4418456554412842,AA,30
AA_pure,30,73,0.14944741299515046,8.640695741652932,0.449373722076416,AA,30
AA_pure,30,74,0.14346920358492293,8.29504982140312,0.45690274238586426,AA,30
AA_pure,30,75,0.13424518580379086,7.761738942579508,0.464768648147583,AA,30
AA_pure,30,76,0.11463313576151869,6.627816622419679,0.47250962257385254,AA,30
AA_pure,30,77,0.13735097532245355,7.941308342481064,0.47995758056640625,AA,30
AA_pure,30,78,0.14235847464548226,8.230830102742168,0.48801255226135254,AA,30
AA_pure,30,79,0.11025704856181028,6.374801616848124,0.4960052967071533,AA,30
AA_pure,30,80,0.08761839925351551,5.0658884897851335,0.5039162635803223,AA,30
AA_pure,30,81,0.0942417728505078,5.448836276487636,0.5117323398590088,AA,30
AA_pure,30,82,0.09484368212659389,5.483637246370649,0.5194001197814941,AA,30
AA_pure,30,83,0.07650259572545176,4.423199036116853,0.5271358489990234,AA,30
AA_pure,30,84,0.08742123497888557,5.054488918029038,0.535092830657959,AA,30
AA_pure,30,85,0.08265426134907285,4.778873784128853,0.5427727699279785,AA,30
AA_pure,30,86,0.0766300719325216,4.430569408728296,0.5502810478210449,AA,30
AA_pure,30,87,0.09668324260903684,5.589996280017312,0.5579841136932373,AA,30
AA_pure,30,88,0.3150223351238453,18.213845894532156,0.5656843185424805,AA,30
AA_pure,30,89,0.14593986072522508,8.43789737027294,0.5734035968780518,AA,30
AA_pure,30,90,0.10754772335952498,6.218154845459052,0.5817224979400635,AA,30
AA_pure,30,91,0.14757975776455567,8.532712336156312,0.5896694660186768,AA,30
AA_pure,30,92,0.15173486662269092,8.772950896978763,0.5973515510559082,AA,30
AA_pure,30,93,0.09556907631985041,5.525577821928787,0.6054754257202148,AA,30
AA_pure,30,94,0.1459143377960174,8.436421694907946,0.6141104698181152,AA,30
AA_pure,30,95,0.1426751278934996,8.249138244160532,0.6216423511505127,AA,30
AA_pure,30,96,0.14348131624316918,8.295750146637467,0.6294002532958984,AA,30
AA_pure,30,97,0.1212897663638371,7.012687250465116,0.6371333599090576,AA,30
AA_pure,30,98,0.12153963102833121,7.027133834044008,0.6448442935943604,AA,30
AA_pure,30,99,0.09388514899957447,5.428217129401888,0.6525101661682129,AA,30
AA_pure,30,100,0.0700949923067219,4.052726570486308,0.6604373455047607,AA,30
AA_pure,30,101,0.08691639273048613,5.025300133970975,0.6683773994445801,AA,30
AA_pure,30,102,0.07773757927168994,4.494602862085643,0.6759393215179443,AA,30
AA_pure,30,103,0.11419004993365323,6.602198448446014,0.6837642192840576,AA,30
AA_pure,30,104,0.08872595258128747,5.129924602094707,0.6917881965637207,AA,30
AA_pure,30,105,0.0581127825301315,3.3599435579390344,0.6997902393341064,AA,30
AA_pure,30,106,0.3222761881478259,18.633246509629583,0.7078580856323242,AA,30
AA_pure,30,107,0.35231679555729745,20.37012333685249,0.7158942222595215,AA,30
AA_pure,30,108,0.43027455760856864,24.877456646175617,0.7237081527709961,AA,30
AA_pure,30,109,0.40910943448877307,23.653739316129148,0.7316153049468994,AA,30
AA_pure,30,110,0.44340341535633376,25.63653613079381,0.7397232055664062,AA,30
AA_pure,30,111,0.48862043852865267,28.25087740137811,0.7478501796722412,AA,30
AA_pure,30,112,0.4977853986021297,28.78077370330929,0.7555768489837646,AA,30
AA_pure,30,113,0.482386238097265,27.89043068610542,0.7636148929595947,AA,30
AA_pure,30,114,0.38685725332697096,22.367170862692536,0.7718100547790527,AA,30
AA_pure,30,115,0.10160050458855305,5.87430073062949,0.7801022529602051,AA,30
AA_pure,30,116,0.08466283545221781,4.895004785341984,0.7878093719482422,AA,30
AA_pure,30,117,0.11211417340788518,6.4821761804326945,0.7962093353271484,AA,30
AA_pure,30,118,0.14232201757191645,8.2287222410268,0.8040764331817627,AA,30
AA_pure,30,119,0.16004062552455112,9.25317022052656,0.8124566078186035,AA,30
AA_pure,30,120,0.09641963475421507,5.574755097697891,0.8205626010894775,AA,30
AA_pure,30,121,0.08750111030465173,5.059107120334308,0.8285977840423584,AA,30
AA_pure,30,122,0.04456847903754456,2.576843983536575,0.8373310565948486,AA,30
AA_pure,30,123,0.04443124668811194,2.568909533862308,0.8460490703582764,AA,30
AA_pure,30,124,0.04771983415206919,2.7590478783567067,0.8538680076599121,AA,30
AA_pure,30,125,0.10403958273403534,6.015322456752721,0.8623502254486084,AA,30
AA_pure,30,126,0.1687394585289338,9.756116158444927,0.8702852725982666,AA,30
AA_pure,30,127,0.16867452835401509,9.752362049392914,0.8783032894134521,AA,30
AA_pure,30,128,0.04742188177772981,2.7418209771974795,0.8863492012023926,AA,30
AA_pure,30,129,0.06919028921690872,4.0004187788762735,0.8943848609924316,AA,30
AA_pure,30,130,0.06748739384101458,3.9019613982627566,0.9022741317749023,AA,30
AA_pure,30,131,0.05705465865674204,3.298765339703605,0.9101581573486328,AA,30
AA_pure,30,132,0.0572789522592177,3.3117334649922934,0.9182813167572021,AA,30
AA_pure,30,133,0.0697234938775264,4.031247410487167,0.9267275333404541,AA,30
AA_pure,30,134,0.07047226788935726,4.074539751825303,0.9352226257324219,AA,30
AA_pure,30,135,0.06702894697770562,3.8754550855727103,0.9434144496917725,AA,30
AA_pure,30,136,0.07301730952157133,4.2216880359813835,0.9513411521911621,AA,30
AA_pure,30,137,0.06941605669781896,4.013472120328013,0.9595892429351807,AA,30
AA_pure,30,138,0.07293892739041612,4.217156166654769,0.9677460193634033,AA,30
AA_pure,30,139,0.07544541614814196,4.362075414846007,0.9760959148406982,AA,30
AA_pure,30,140,0.06852742850386966,3.962093741154466,0.9840679168701172,AA,30
AA_pure,30,141,0.06369154876927104,3.682494619346664,0.9919006824493408,AA,30
AA_pure,30,142,0.0468645023402699,2.709594617200863,0.9995975494384766,AA,30
AA_pure,30,143,0.06911142640503445,3.995859117728048,1.007673740386963,AA,30
AA_pure,30,144,0.04999329805524233,2.890494180927279,1.015702724456787,AA,30
AA_pure,30,145,0.057271331707526005,3.3112928627280467,1.0238478183746338,AA,30
AA_pure,30,146,0.06203312196452049,3.5866083062786944,1.0319428443908691,AA,30
AA_pure,30,147,0.058404064842574537,3.3767848119045816,1.0401217937469482,AA,30
AA_pure,30,148,0.07833096020900251,4.528910743603681,1.047820806503296,AA,30
AA_pure,30,149,0.07840215392812594,4.533026995958495,1.0557348728179932,AA,30
AA_pure,30,150,0.08668586784039813,5.011971730379319,1.0638659000396729,AA,30
AA_pure,30,151,0.0992459342174849,5.7381650440293415,1.0716049671173096,AA,30
AA_pure,30,152,0.1036116672252019,5.99058139472387,1.0797297954559326,AA,30
AA_pure,30,153,0.11927113743565829,6.895974903063972,1.0880067348480225,AA,30
AA_pure,30,154,0.12384229956215796,7.160268679244177,1.0959386825561523,AA,30
AA_pure,30,155,0.13346694775002843,7.716743060065601,1.103846788406372,AA,30
AA_pure,30,156,0.13132270121482803,7.592767799909298,1.1121759414672852,AA,30
AA_pure,30,157,0.2677979826952772,15.483445596836226,1.1204779148101807,AA,30
AA_pure,30,158,0.0691838624786467,4.000047200079288,1.128568172454834,AA,30
AA_pure,30,159,0.1370338621239273,7.922973607812779,1.1366453170776367,AA,30
AA_pure,30,160,0.14812142777665435,8.564030414355992,1.1445014476776123,AA,30
AA_pure,30,161,0.033543277455799825,1.939392919988635,1.1523585319519043,AA,30
AA_pure,30,162,0.12764224116837425,7.379972310088749,1.160536527633667,AA,30
AA_pure,30,163,0.2662202991206684,15.392227666250566,1.168318510055542,AA,30
AA_pure,30,164,0.3724499650090294,21.534175548001855,1.1766316890716553,AA,30
AA_pure,30,165,0.2808429662921725,16.23767567654515,1.1846318244934082,AA,30
AA_pure,30,166,0.2230423532031633,12.895781016921054,1.1927030086517334,AA,30
AA_pure,30,167,0.09526297817304008,5.5078799514828285,1.2007601261138916,AA,30
AA_pure,30,168,0.12064892964642765,6.975635588049291,1.2085299491882324,AA,30
AA_pure,30,169,0.391954555670205,22.661884821056802,1.2166390419006348,AA,30
AA_pure,30,170,0.5577179237085593,32.24593047046215,1.2250409126281738,AA,30
AA_pure,30,171,0.7185665912901292,41.545819770437646,1.233361005783081,AA,30
AA_pure,30,172,0.7143444713890583,41.30170678969896,1.2414031028747559,AA,30
AA_pure,30,173,0.47695773957749343,27.57656774861261,1.2493548393249512,AA,30
AA_pure,30,174,0.5799793923079231,33.5330359015592,1.2574188709259033,AA,30
AA_pure,30,175,0.5211558133375546,30.131995775595016,1.265244960784912,AA,30
AA_pure,30,176,0.6359683472302519,36.770184773401255,1.273176908493042,AA,30
AA_pure,30,177,0.37465267191255475,21.661530848304167,1.2811589241027832,AA,30
AA_pure,30,178,0.371018513329375,21.45141239951448,1.2888858318328857,AA,30
AA_pure,30,179,0.1821577003049023,10.531927142726353,1.297149658203125,AA,30
AA_pure,30,180,0.06597256293194673,3.814377460053458,1.304985761642456,AA,30
AA_pure,30,181,0.07561453605119609,4.37185352740655,1.3129708766937256,AA,30
AA_pure,30,182,0.07045086722784918,4.073302416223064,1.32169771194458,AA,30
AA_pure,30,183,0.07801781712088757,4.510805551323834,1.3294169902801514,AA,30
AA_pure,30,184,0.1449974353336439,8.383408564447139,1.3372161388397217,AA,30
AA_pure,30,185,0.0820884472541637,4.746159752199727,1.3450942039489746,AA,30
AA_pure,30,186,0.09534434135344452,5.5125841780221725,1.35337233543396,AA,30
AA_pure,30,187,0.08784785589052087,5.079155129511647,1.361335277557373,AA,30
AA_pure,30,188,0.06717134441250168,3.8836881682591575,1.3692331314086914,AA,30
AA_pure,30,189,0.06888352652985523,3.9826824862861363,1.3775193691253662,AA,30
AA_pure,30,190,0.07519287047297984,4.347473821575089,1.3855793476104736,AA,30
AA_pure,30,191,0.07386751523174816,4.270844918072694,1.3933055400848389,AA,30
AA_pure,30,192,0.06670218417381682,3.856562433558827,1.4013574123382568,AA,30
AA_pure,30,193,0.07020541839977126,4.05911114585537,1.4092912673950195,AA,30
AA_pure,30,194,0.07760807183184448,4.487115048402169,1.4174752235412598,AA,30
AA_pure,30,195,0.09328937066721096,5.393770636175609,1.4254302978515625,AA,30
AA_pure,30,196,0.06225941853036403,3.5996922381691605,1.4338650703430176,AA,30
AA_pure,30,197,0.05365750321426201,3.102349851624713,1.4421439170837402,AA,30
AA_pure,30,198,0.05768693510200513,3.3353220674424087,1.4500279426574707,AA,30
AA_pure,30,199,0.05715594378179739,3.304621405935993,1.4580409526824951,AA,30
AA_pure,30,200,0.0586402596634458,3.3904410374758402,1.4662339687347412,AA,30
AA_pure,30,201,0.04931422122305069,2.8512315655726463,1.4741148948669434,AA,30
AA_pure,30,202,0.0483080920142091,2.793059555792375,1.4818878173828125,AA,30
AA_pure,30,203,0.047089787344753026,2.7226200630074007,1.4900708198547363,AA,30
AA_pure,30,204,0.07276147906280811,4.206896524296319,1.4981279373168945,AA,30
AA_pure,30,205,0.0675645779028342,3.9064239980557014,1.506213665008545,AA,30
AA_pure,30,206,0.049899271056994814,2.885057762410057,1.5140717029571533,AA,30
AA_pure,30,207,0.05672197737600267,3.2795304953647104,1.522054672241211,AA,30
AA_pure,30,208,0.11503136319471746,6.650841190174235,1.529674768447876,AA,30
AA_pure,30,209,0.10165207707210645,5.877282529578668,1.5374369621276855,AA,30
AA_pure,30,210,0.08935230576525068,5.166138860882962,1.5453479290008545,AA,30
AA_pure,30,211,0.0392649347391517,2.270205603410999,1.553454875946045,AA,30
AA_pure,30,212,0.060197705115837524,3.4804888477298364,1.561551809310913,AA,30
AA_pure,30,213,0.06629204958185526,3.8328494220637284,1.5693838596343994,AA,30
AA_pure,30,214,0.09741758518885739,5.632454230109601,1.5775868892669678,AA,30
AA_pure,30,215,0.14283074117148847,8.258135435624173,1.5853278636932373,AA,30
AA_pure,30,216,0.07470691368641506,4.319376950226544,1.5931918621063232,AA,30
AA_pure,30,217,0.045679465055831314,2.6410785658880127,1.6017670631408691,AA,30
AA_pure,30,218,0.03921495884458145,2.2673161154583874,1.6100258827209473,AA,30
AA_pure,30,219,0.03984453970181747,2.303716990676763,1.617771863937378,AA,30
AA_pure,30,220,0.04535664080530854,2.6224136317088913,1.6258866786956787,AA,30
AA_pure,30,221,0.06879394621257708,3.977503164339182,1.633671522140503,AA,30
AA_pure,30,222,0.11415618326022932,6.600240357536489,1.6414463520050049,AA,30
AA_pure,30,223,0.07646963214032579,4.421293159635493,1.6496295928955078,AA,30
AA_pure,30,224,0.09633689429032802,5.569971239887021,1.6573565006256104,AA,30
AA_pure,30,225,0.06862916025230256,3.9679756300935782,1.66514253616333,AA,30
AA_pure,30,226,0.16723890020142634,9.66935742712439,1.6732456684112549,AA,30
AA_pure,30,227,0.23883483579067635,13.808864986119506,1.6812496185302734,AA,30
AA_pure,30,228,0.17434607158957255,10.080277257170195,1.6888587474822998,AA,30
AA_pure,30,229,0.2776694213004104,16.054188815537042,1.6965718269348145,AA,30
AA_pure,30,230,0.2456679669532555,14.20394045885833,1.7044239044189453,AA,30
AA_pure,30,231,0.4926734222780299,28.485211330098366,1.712101936340332,AA,30
AA_pure,30,232,0.24750944995978932,14.31041064829814,1.7198407649993896,AA,30
AA_pure,30,233,0.14974428323188144,8.657860076176595,1.7274484634399414,AA,30
AA_pure,30,234,0.18714027517549456,10.820007830133036,1.7350893020629883,AA,30
AA_pure,30,235,0.2629724471011717,15.204444548751603,1.743389368057251,AA,30
AA_pure,30,236,0.08977721281216867,5.190705980763598,1.7515156269073486,AA,30
AA_pure,30,237,0.1251909734556749,7.238245812036489,1.7593564987182617,AA,30
AA_pure,30,238,0.14894529547490332,8.611664494928375,1.7672154903411865,AA,30
AA_pure,30,239,0.08122462360385581,4.696215513037844,1.7749173641204834,AA,30
AA_pure,30,240,0.11099596822568145,6.417524203108232,1.7825214862823486,AA,30
AA_pure,30,241,0.12289466946465283,7.105478949639152,1.7907073497772217,AA,30
AA_pure,30,242,0.10899633042585344,6.301909877804502,1.798668384552002,AA,30
AA_pure,30,243,0.11172466121183593,6.459655507064906,1.8066620826721191,AA,30
AA_pure,30,244,0.15611416672317333,9.026151664869516,1.815068006515503,AA,30
AA_pure,30,245,0.11058173288775464,6.393574096186123,1.8231019973754883,AA,30
AA_pure,30,246,0.14573510846579157,8.426059079193,1.830629825592041,AA,30
AA_pure,30,247,0.18340323543754186,10.603941036449806,1.8382956981658936,AA,30
AA_pure,30,248,0.13538337208286172,7.827546179638169,1.8463973999023438,AA,30
AA_pure,30,249,0.15178400977194875,8.775792237568162,1.8543710708618164,AA,30
AA_pure,30,250,0.18131443064677583,10.483171286749943,1.8620562553405762,AA,30
AA_pure,30,251,0.13794247041763824,7.975507189070244,1.8700671195983887,AA,30
AA_pure,30,252,0.14698762700493365,8.498476736953709,1.878018856048584,AA,30
AA_pure,30,253,0.1797524205650534,10.392859560430558,1.8856568336486816,AA,30
AA_pure,30,254,0.17463371702923267,10.096908235758347,1.8939719200134277,AA,30
AA_pure,30,255,0.18633457900327427,10.773424384191447,1.9021079540252686,AA,30
AA_pure,30,256,0.12618202877540255,7.295546285221602,1.910233736038208,AA,30
AA_pure,30,257,0.10377663906581984,6.000119676131032,1.9178028106689453,AA,30
AA_pure,30,258,0.1106012902231633,6.394704855035654,1.9256839752197266,AA,30
AA_pure,30,259,0.10004709509310784,5.784486269854768,1.9334657192230225,AA,30
AA_pure,30,260,0.10315563790515431,5.964214858663912,1.9410555362701416,AA,30
AA_pure,30,261,0.07918485819207337,4.578281104175702,1.9487314224243164,AA,30
AA_pure,30,262,0.05662930888795371,3.2741726226921597,1.9566116333007812,AA,30
AA_pure,30,263,0.1990033689726953,11.505903838648273,1.9643127918243408,AA,30
AA_pure,30,264,0.2662227415063937,15.392368879213125,1.9718985557556152,AA,30
AA_pure,30,265,0.11852059200515619,6.852580142490452,1.9796226024627686,AA,30
AA_pure,30,266,0.04053065152880307,2.343386352781576,1.9877798557281494,AA,30
AA_pure,30,267,0.05842570185038576,3.3780358124907384,1.9960579872131348,AA,30
AA_pure,30,268,0.06322751472793858,3.655665269245746,2.0037851333618164,AA,30
AA_pure,30,269,0.08565262978884176,4.952232351468246,2.011834144592285,AA,30
AA_pure,30,270,0.04551128460631044,2.63135477030748,2.019432306289673,AA,30
AA_pure,30,271,0.03131589608781474,1.8106110005451022,2.027282238006592,AA,30
AA_pure,30,272,0.09053649226457108,5.234605721813722,2.035006284713745,AA,30
AA_pure,30,273,0.05934131537726135,3.430974419751411,2.0435314178466797,AA,30
AA_pure,30,274,0.07000132612368111,4.047311013450444,2.0513153076171875,AA,30
AA_pure,30,275,0.09190879358609651,5.313948936577527,2.0592453479766846,AA,30
AA_pure,30,276,0.08982626486262782,5.193542054236047,2.067333459854126,AA,30
AA_pure,30,277,0.09072613303945772,5.245570302619545,2.075209617614746,AA,30
AA_pure,30,278,0.0909222915041711,5.256911720826585,2.0826034545898438,AA,30
AA_pure,30,279,0.08161909828859489,4.719023105757602,2.090649366378784,AA,30
AA_pure,30,280,0.06956910180077672,4.022320825989119,2.0987632274627686,AA,30
AA_pure,30,281,0.06255481383852995,3.6167712958137144,2.107224225997925,AA,30
AA_pure,30,282,0.06322099347263908,3.6552882256973347,2.1151182651519775,AA,30
AA_pure,30,283,0.05559794367827241,3.214541527066092,2.1230082511901855,AA,30
AA_pure,30,284,0.04303469460858836,2.4881641976621585,2.131167411804199,AA,30
AA_pure,30,285,0.05123215067120351,2.9621217073510295,2.1390795707702637,AA,30
AA_pure,30,286,0.04090928986133105,2.3652783250943203,2.1470417976379395,AA,30
AA_pure,30,287,0.042309957999849185,2.4462616420845937,2.1550445556640625,AA,30
AA_pure,30,288,0.04807180722770372,2.779398128621062,2.1636762619018555,AA,30
AA_pure,30,289,0.048083523671766736,2.7800755456890034,2.1718714237213135,AA,30
AA_pure,30,290,0.06095342372177239,3.5241827090641986,2.1800901889801025,AA,30
AA_pure,30,291,0.04618589394931436,2.670359086009903,2.1883504390716553,AA,30
AA_pure,30,292,0.05167591789350578,2.987779277938463,2.1965153217315674,AA,30
AA_pure,30,293,0.04560970083133226,2.6370449635293807,2.204617500305176,AA,30
AA_pure,30,294,0.03235567060497125,1.8707283024281738,2.212740421295166,AA,30
AA_pure,30,295,0.04475159313214206,2.5874312071339256,2.2210094928741455,AA,30
AA_pure,30,296,0.0322044902647099,1.8619874129330825,2.229220390319824,AA,30
AA_pure,30,297,0.05825541132736259,3.368190017453939,2.237253427505493,AA,30
AA_pure,30,298,0.04181902160759475,2.417876861719657,2.245267391204834,AA,30
AA_pure,30,299,0.05004583604590959,2.8935318032128405,2.2530953884124756,AA,30
AA_pure,30,300,0.046215272854203585,2.6720577047633705,2.261033296585083,AA,30
AA_pure,30,301,0.05058404151487567,2.9246495697276775,2.2689692974090576,AA,30
AA_pure,30,302,0.06021538185662962,3.4815108750491954,2.277344226837158,AA,30
AA_pure,30,303,0.04886973773633266,2.8255325822717836,2.285226345062256,AA,30
AA_pure,30,304,0.04440727671583428,2.567523646791825,2.2930972576141357,AA,30
AA_pure,30,305,0.04569060414048682,2.6417226014013733,2.3008103370666504,AA,30
AA_pure,30,306,0.0358416443086824,2.0722790521768393,2.3086724281311035,AA,30
AA_pure,30,307,0.04062585217261198,2.3488906287076436,2.3164303302764893,AA,30
AA_pure,30,308,0.054160688628505094,3.1314428414528686,2.324479341506958,AA,30
AA_pure,30,309,0.0417084609454805,2.4114845058857295,2.3319053649902344,AA,30
AA_pure,30,310,0.05668065354912515,3.2771412494903704,2.339630603790283,AA,30
AA_pure,30,311,0.05831663998217328,3.3717301133732107,2.347254753112793,AA,30
AA_pure,30,312,0.04525694419638691,2.6166494097200212,2.3550469875335693,AA,30
AA_pure,30,313,0.018603910318963232,1.0756340671910791,2.3631551265716553,AA,30
AA_pure,30,314,0.026008812248502662,1.5037679725401478,2.370922088623047,AA,30
AA_pure,30,315,0.04104982985132607,2.3734040147181434,2.3784291744232178,AA,30
AA_pure,30,316,0.049687244224264716,2.8727988727178912,2.3863720893859863,AA,30
AA_pure,30,317,0.03558514716976529,2.0574489946230217,2.3939268589019775,AA,30
AA_pure,30,318,0.041966590490062586,2.426408945271894,2.4015698432922363,AA,30
AA_pure,30,319,0.024765075910809217,1.4318580808835055,2.409785032272339,AA,30
AA_pure,30,320,0.015885653947253345,0.9184709167221129,2.4178507328033447,AA,30
AA_pure,30,321,0.0073946357027024024,0.42754033640909367,2.4256784915924072,AA,30
AA_pure,30,322,0.0025185660137930013,0.1456175265553721,2.433600664138794,AA,30
AA_pure,30,323,0.0018496986681256474,0.10694519955011209,2.4414896965026855,AA,30
AA_pure,30,324,0.0010137508066779858,0.05861267253012898,2.449101686477661,AA,30
AA_pure,30,325,0.0006516453870153209,0.03767659411296584,2.4569995403289795,AA,30
AA_pure,30,326,0.00012976705052824918,0.007502823758767164,2.46469783782959,AA,30
AA_pure,30,327,5.4167078344804146e-05,0.0031318122797275704,2.472411870956421,AA,30
AA_pure,30,328,4.1345155673748995e-05,0.0023904790548614795,2.4804868698120117,AA,30
AA_pure,30,329,2.992506956904565e-05,0.001730196702717839,2.4882030487060547,AA,30
AA_pure,30,330,6.133534114392972e-06,0.00035462642705791174,2.495857000350952,AA,30
AA_pure,30,331,8.71108443181042e-06,0.0005036542864583808,2.503621816635132,AA,30
AA_pure,30,332,3.3496311857256527e-06,0.00019366774802282263,2.5116686820983887,AA,30
AA_pure,30,333,6.124694729914669e-07,3.5411535476639616e-05,2.5194509029388428,AA,30
AA_pure,30,334,1.9587857535538808e-07,1.1325235666737616e-05,2.527434825897217,AA,30
AA_pure,30,335,7.407252376440725e-08,4.282698026264051e-06,2.535254955291748,AA,30
AA_pure,30,336,1.6985108411734193e-08,9.820387719227196e-07,2.5430908203125,AA,30
AA_pure,30,337,7.660393797768717e-09,4.429058405307596e-07,2.5513267517089844,AA,30
AA_pure,30,338,3.008817915537744e-09,1.7396273129893305e-07,2.5593857765197754,AA,30
AA_pure,30,339,1.1301796996351935e-09,6.534431558381874e-08,2.5671098232269287,AA,30
AA_pure,30,340,2.121152745159774e-10,1.2264003186921832e-08,2.5749199390411377,AA,30
AA_pure,30,341,2.5960138862870527e-11,1.5009537925718598e-09,2.5826687812805176,AA,30
FAA cs=0.1,30,0,1.0,57.81763343025095,0.0,initial,0
FAA cs=0.1,30,1,0.26526225887283933,15.336836046390157,0.0007631778717041016,AA,0
FAA cs=0.1,30,2,0.27808449168729354,16.078187203013606,0.0019593238830566406,AA,1
FAA cs=0.1,30,3,0.3515596443447438,20.326346645593794,0.003299236297607422,AA,2
FAA cs=0.1,30,4,0.3097348191347437,17.90813423331769,0.0047130584716796875,AA,3
FAA cs=0.1,30,5,0.3057912172419422,17.680124504684848,0.006552934646606445,AA,4
FAA cs=0.1,30,6,0.2941751188036051,17.008509183287362,0.008147239685058594,AA,5
FAA cs=0.1,30,7,0.44362737905651556,25.649485181912603,0.009847402572631836,AA,6
FAA cs=0.1,30,8,0.27172463912196154,15.7104755787208,0.01174020767211914,AA,6
FAA cs=0.1,30,9,0.2998580167456358,17.33708089332122,0.013565301895141602,AA,7
FAA cs=0.1,30,10,0.5275482825366264,30.501593216461128,0.0153961181640625,AA,7
FAA cs=0.1,30,11,0.5326061291131265,30.794025935767657,0.017469406127929688,AA,7
FAA cs=0.1,30,12,0.16879280542982408,9.759200550005241,0.019374608993530273,AA,7
FAA cs=0.1,30,13,0.16074652119273963,9.293983437509885,0.021298885345458984,AA,7
FAA cs=0.1,30,14,0.14691684564511048,8.494384326237759,0.023271799087524414,AA,7
FAA cs=0.1,30,15,0.1732459044420849,10.01666819632475,0.025240659713745117,AA,7
FAA cs=0.1,30,16,0.16084687100090786,9.299785425933353,0.02713465690612793,AA,7
FAA cs=0.1,30,17,0.22287994875079956,12.886391175826846,0.02873992919921875,AA,7
FAA cs=0.1,30,18,0.3333167482433794,19.271585566098953,0.03052496910095215,AA,7
FAA cs=0.1,30,19,0.1551089908360978,8.968034773897656,0.03236508369445801,AA,8
FAA cs=0.1,30,20,0.15122462194794303,8.743449757414453,0.034293174743652344,AA,8
FAA cs=0.1,30,21,0.1423990100685619,8.233173764974726,0.03622102737426758,AA,7
FAA cs=0.1,30,22,0.3928269274499828,22.712323292834892,0.03788113594055176,AA,7
FAA cs=0.1,30,23,0.42102404870698884,24.3426141134608,0.03969216346740723,AA,8
FAA cs=0.1,30,24,0.27712695735983617,16.022824834271795,0.04141426086425781,AA,7
FAA cs=0.1,30,25,0.4566661656037056,26.403356962873325,0.04314708709716797,AA,7
FAA cs=0.1,30,26,0.44663456682481034,25.823353661955807,0.04511404037475586,AA,8
FAA cs=0.1,30,27,0.4803495986449842,27.772677012823866,0.04707479476928711,AA,7
FAA cs=0.1,30,28,0.1447962935329147,8.371779021545079,0.04894280433654785,AA,7
FAA cs=0.1,30,29,0.17437881583026762,10.082170451675655,0.050699710845947266,AA,8
FAA cs=0.1,30,30,0.1862096356289249,10.766200453973777,0.05265998840332031,AA,7
FAA cs=0.1,30,31,0.09969972192011965,5.764401975075433,0.05433511734008789,AA,7
FAA cs=0.1,30,32,0.06387700375540933,3.6932171877530204,0.0558931827545166,AA,7
FAA cs=0.1,30,33,0.04914491444675532,2.841442648443543,0.05768108367919922,AA,7
FAA cs=0.1,30,34,0.07320654298910756,4.232629067240128,0.0593259334564209,AA,7
FAA cs=0.1,30,35,0.10659623305541803,6.163141927843759,0.061061859130859375,AA,7
FAA cs=0.1,30,36,0.13131148959726416,7.59211957071483,0.06267666816711426,AA,7
FAA cs=0.1,30,37,0.09105671881033361,5.264683989537305,0.06446552276611328,AA,7
FAA cs=0.1,30,38,0.10090560876141313,5.834123498423703,0.06632328033447266,AA,8
FAA cs=0.1,30,39,0.021877699581815284,1.2649168147185506,0.06820821762084961,AA,8
FAA cs=0.1,30,40,0.013496140548254936,0.78031490694215,0.06998324394226074,AA,8
FAA cs=0.1,30,41,0.018062562260689908,1.044334603599654,0.07170248031616211,AA,7
FAA cs=0.1,30,42,0.014787342172451966,0.8549691291345185,0.0733785629272461,AA,7
FAA cs=0.1,30,43,0.01294847597329882,0.748650237304603,0.07507038116455078,AA,7
FAA cs=0.1,30,44,0.005057560197759002,0.29241616156545747,0.0768742561340332,AA,7
FAA cs=0.1,30,45,0.005484281206439557,0.31708816042233673,0.07874011993408203,AA,7
FAA cs=0.1,30,46,0.004232429168912428,0.24470903820768045,0.08051300048828125,AA,7
FAA cs=0.1,30,47,0.003889509476577396,0.2248822331402391,0.0823979377746582,AA,7
FAA cs=0.1,30,48,0.0022125836577144824,0.12792635085549978,0.08437108993530273,AA,7
FAA cs=0.1,30,49,0.002407928937383701,0.13922075262774453,0.08601093292236328,AA,7
FAA cs=0.1,30,50,0.0016757546052245135,0.09688816548392581,0.0877678394317627,AA,7
FAA cs=0.1,30,51,0.0017504331930441894,0.10120590469957264,0.08941459655761719,AA,7
FAA cs=0.1,30,52,0.0017497894317014652,0.10116868394224245,0.0910196304321289,AA,7
FAA cs=0.1,30,53,0.0019172103054221664,0.11084856264759828,0.09266781806945801,AA,7
FAA cs=0.1,30,54,0.0009988992945145377,0.05775399324397782,0.09439682960510254,AA,7
FAA cs=0.1,30,55,0.0003730284420574477,0.021567621721935118,0.09611701965332031,AA,7
FAA cs=0.1,30,56,9.514394057103646e-05,0.005500997479045767,0.09794926643371582,AA,8
FAA cs=0.1,30,57,0.00011018027096299223,0.006370362517784008,0.09968042373657227,AA,7
FAA cs=0.1,30,58,5.709316219568164e-05,0.0033009915232037825,0.1014413833618164,AA,7
FAA cs=0.1,30,59,1.233440591657348e-05,0.0007131461598643639,0.1030733585357666,AA,7
FAA cs=0.1,30,60,7.3211784703439415e-06,0.0004232932130757914,0.10478854179382324,AA,7
FAA cs=0.1,30,61,2.043640722884708e-06,0.00011815847017888112,0.1066443920135498,AA,6
FAA cs=0.1,30,62,1.2319005963645073e-06,7.122557710311062e-05,0.10819768905639648,AA,6
FAA cs=0.1,30,63,7.15210511416575e-07,4.1351779174545845e-05,0.10985779762268066,AA,6
FAA cs=0.1,30,64,4.778825572533432e-07,2.763003851798471e-05,0.11150097846984863,AA,6
FAA cs=0.1,30,65,4.1612079011192085e-07,2.4059119305397434e-05,0.11317205429077148,AA,6
FAA cs=0.1,30,66,1.655458321348199e-07,9.571468238276876e-06,0.11468791961669922,AA,6
FAA cs=0.1,30,67,1.2021067259062016e-07,6.950296602248392e-06,0.11642694473266602,AA,7
FAA cs=0.1,30,68,1.265674416339313e-07,7.317829944595322e-06,0.11813902854919434,AA,6
FAA cs=0.1,30,69,5.605868071317758e-08,3.24118025205798e-06,0.11985611915588379,AA,7
FAA cs=0.1,30,70,1.4880517347204808e-08,8.603562972331779e-07,0.12156009674072266,AA,7
FAA cs=0.1,30,71,8.94432618846877e-09,5.17139772845481e-07,0.1234591007232666,AA,7
FAA cs=0.1,30,72,4.102153266046099e-09,2.3717679381096006e-07,0.1252751350402832,AA,7
FAA cs=0.1,30,73,2.44283109850625e-09,1.412387129854516e-07,0.12707996368408203,AA,7
FAA cs=0.1,30,74,1.0593916259082378e-09,6.125151668584004e-08,0.12894105911254883,AA,7
FAA cs=0.1,30,75,4.6386794347055387e-10,2.6819746715624854e-08,0.1306452751159668,AA,7
FAA cs=0.1,30,76,1.8401992612643112e-10,1.0639596632639854e-08,0.13237333297729492,AA,6
FAA cs=0.1,30,77,1.211330159044386e-10,7.003624309863589e-09,0.13408255577087402,AA,6
FAA cs=0.1,30,78,1.1700162825108653e-10,6.764757252963815e-09,0.13566946983337402,AA,6
FAA cs=0.1,30,79,4.8038948578914666e-11,2.777498319310363e-09,0.13730931282043457,AA,6
FAA cs=0.2,30,0,1.0,57.81763343025095,0.0,initial,0
FAA cs=0.2,30,1,0.26526225887283933,15.336836046390157,0.0007140636444091797,AA,0
FAA cs=0.2,30,2,0.27808449168729354,16.078187203013606,0.002043008804321289,AA,1
FAA cs=0.2,30,3,0.3515596443447438,20.326346645593794,0.0035560131072998047,AA,2
FAA cs=0.2,30,4,0.3097348191347437,17.90813423331769,0.004886150360107422,AA,3
FAA cs=0.2,30,5,0.3057912172419422,17.680124504684848,0.006247520446777344,AA,4
FAA cs=0.2,30,6,0.2941751188036051,17.008509183287362,0.00766444206237793,AA,5
FAA cs=0.2,30,7,0.44362737905651556,25.649485181912603,0.009392499923706055,AA,6
FAA cs=0.2,30,8,0.7862570801982655,45.45952364484273,0.011039495468139648,AA,6
FAA cs=0.2,30,9,1.2994955991760513,75.13376019738526,0.012865543365478516,AA,7
FAA cs=0.2,30,10,1.3208783010084668,76.37005741368021,0.01457977294921875,AA,8
FAA cs=0.2,30,11,1.2075843817047174,69.8196711174996,0.01676154136657715,AA,9
FAA cs=0.2,30,12,1.0760030131468972,62.211947783972796,0.019361495971679688,AA,10
FAA cs=0.2,30,13,0.9334366166593401,53.9690961323834,0.021656513214111328,AA,10
FAA cs=0.2,30,14,0.3976600013840857,22.99176018989815,0.023799419403076172,AA,10
FAA cs=0.2,30,15,0.3189459810075296,18.440701813945125,0.026210308074951172,AA,10
FAA cs=0.2,30,16,0.4089040251402288,23.641863033711868,0.028638601303100586,AA,9
FAA cs=0.2,30,17,0.2599687551350374,15.030778187716264,0.030991554260253906,AA,10
FAA cs=0.2,30,18,0.2691505735782361,15.56164920068824,0.03337740898132324,AA,10
FAA cs=0.2,30,19,0.24696210199303195,14.278764284197369,0.0358431339263916,AA,10
FAA cs=0.2,30,20,0.29086965947419424,16.817395347460884,0.037980079650878906,AA,9
FAA cs=0.2,30,21,0.2808374064392665,16.23735421900791,0.04018211364746094,AA,8
FAA cs=0.2,30,22,0.1980102737527959,11.448485423262794,0.04214215278625488,AA,9
FAA cs=0.2,30,23,0.17487182575288884,10.110675118659245,0.0444493293762207,AA,10
FAA cs=0.2,30,24,0.16529988838867124,9.55724835291759,0.04686141014099121,AA,10
FAA cs=0.2,30,25,0.1992344935188014,11.519266912931768,0.0490725040435791,AA,9
FAA cs=0.2,30,26,0.08831621085813883,5.1062343053446195,0.05111360549926758,AA,8
FAA cs=0.2,30,27,0.0714105995810563,4.128791869611946,0.05317950248718262,AA,9
FAA cs=0.2,30,28,0.06249914608431098,3.6135527180063964,0.05535173416137695,AA,10
FAA cs=0.2,30,29,0.07112727847257912,4.112410913618959,0.05763411521911621,AA,9
FAA cs=0.2,30,30,0.07202421586816873,4.1642697111670435,0.05994915962219238,AA,9
FAA cs=0.2,30,31,0.033365972979718043,1.929141594784996,0.06198835372924805,AA,9
FAA cs=0.2,30,32,0.027407446178707204,1.5846336764198252,0.06415653228759766,AA,10
FAA cs=0.2,30,33,0.02158758153856219,1.2481428760422415,0.06644749641418457,AA,8
FAA cs=0.2,30,34,0.020047538625278853,1.1591012394151698,0.06851458549499512,AA,9
FAA cs=0.2,30,35,0.0181283316093231,1.0481372316898743,0.0704655647277832,AA,8
FAA cs=0.2,30,36,0.018005241662484853,1.0410204622646315,0.07237076759338379,AA,7
FAA cs=0.2,30,37,0.015810703605738097,0.9141374653509122,0.07402276992797852,AA,8
FAA cs=0.2,30,38,0.013468888740594015,0.7787392719164992,0.07589459419250488,AA,9
FAA cs=0.2,30,39,0.007476752333781034,0.4322881256833251,0.07797455787658691,AA,8
FAA cs=0.2,30,40,0.007005160974432614,0.4050218293396444,0.08007669448852539,AA,8
FAA cs=0.2,30,41,0.011640739101994453,0.6730399862563039,0.08209800720214844,AA,9
FAA cs=0.2,30,42,0.002957045926754936,0.1709693974295336,0.08414292335510254,AA,9
FAA cs=0.2,30,43,0.00528984952101477,0.3058465805072205,0.08640193939208984,AA,9
FAA cs=0.2,30,44,0.0015186649603057501,0.08780561397832447,0.08851790428161621,AA,8
FAA cs=0.2,30,45,0.001353566401391056,0.078260006019132,0.09071588516235352,AA,9
FAA cs=0.2,30,46,0.0010450736618106433,0.06042368588617783,0.09270596504211426,AA,8
FAA cs=0.2,30,47,0.0008625164033621222,0.04986865723716965,0.09465789794921875,AA,9
FAA cs=0.2,30,48,0.0007327138967231431,0.04236378348998944,0.0967097282409668,AA,9
FAA cs=0.2,30,49,0.0007591623298955172,0.043892969303954255,0.09857773780822754,AA,8
FAA cs=0.2,30,50,0.0005482574141196559,0.03169894619498756,0.10090374946594238,AA,9
FAA cs=0.2,30,51,0.000612558245040284,0.035416668066416974,0.10301351547241211,AA,9
FAA cs=0.2,30,52,9.039878085513866e-05,0.005226643574023995,0.10513138771057129,AA,9
FAA cs=0.2,30,53,6.989608311347595e-05,0.004041226111665306,0.10717320442199707,AA,9
FAA cs=0.2,30,54,1.6063846853240153e-05,0.0009287736088403293,0.1093134880065918,AA,9
FAA cs=0.2,30,55,1.212471941631227e-05,0.0007010225826569891,0.11146759986877441,AA,9
FAA cs=0.2,30,56,8.953535600108476e-06,0.0005176722392317739,0.11355853080749512,AA,8
FAA cs=0.2,30,57,4.013254530293948e-06,0.0002320368792948294,0.11552643775939941,AA,8
FAA cs=0.2,30,58,1.9187378596635984e-06,0.00011093688221877423,0.11745858192443848,AA,7
FAA cs=0.2,30,59,4.92967052071635e-07,2.8502188309869223e-05,0.11930656433105469,AA,8
FAA cs=0.2,30,60,3.6493364027557364e-07,2.1099599439820182e-05,0.12108922004699707,AA,7
FAA cs=0.2,30,61,2.2820930467168648e-07,1.3194521922880024e-05,0.12264609336853027,AA,7
FAA cs=0.2,30,62,1.507665340811959e-07,8.716964201056023e-06,0.12414908409118652,AA,7
FAA cs=0.2,30,63,1.4239805462732632e-07,8.233118523623603e-06,0.12578606605529785,AA,7
FAA cs=0.2,30,64,1.4349104707712728e-07,8.296312760428228e-06,0.127485990524292,AA,6
FAA cs=0.2,30,65,1.429428957560267e-07,8.264619948280526e-06,0.12912392616271973,AA,7
FAA cs=0.2,30,66,1.7036904255474996e-07,9.850334850293358e-06,0.13086700439453125,AA,8
FAA cs=0.2,30,67,1.0257323876952962e-07,5.930541918930268e-06,0.1328868865966797,AA,8
FAA cs=0.2,30,68,5.285551422449143e-08,3.0559807461990602e-06,0.13491201400756836,AA,9
FAA cs=0.2,30,69,1.0837917582950268e-08,6.2662274595829e-07,0.13700103759765625,AA,9
FAA cs=0.2,30,70,5.527434654430248e-09,3.195831906595139e-07,0.13930988311767578,AA,10
FAA cs=0.2,30,71,1.731084483227439e-09,1.0008720808803947e-07,0.14131379127502441,AA,8
FAA cs=0.2,30,72,3.4747864018467377e-10,2.0090392643039537e-08,0.14335393905639648,AA,9
FAA cs=0.2,30,73,2.8995261068738116e-10,1.6764373756867266e-08,0.1453111171722412,AA,8
FAA cs=0.2,30,74,2.2149876993519592e-10,1.2806534685364648e-08,0.14728689193725586,AA,7
FAA cs=0.2,30,75,5.7582258936813394e-11,3.3292699392944685e-09,0.14903712272644043,AA,7
Picard,30,0,1.0,57.81763343025095,0.0,initial,0
Picard,30,1,0.26526225887283933,15.336836046390157,0.0006380081176757812,Picard,0
Picard,30,2,0.3133263578283876,18.115788500957354,0.0012669563293457031,Picard,0
Picard,30,3,0.5216381821771575,30.15988520034136,0.0018639564514160156,Picard,0
Picard,30,4,0.5310002923637979,30.701180255246147,0.0024399757385253906,Picard,0
Picard,30,5,0.8203888755326189,47.43294327580073,0.0029802322387695312,Picard,0
Picard,30,6,0.2480360173929646,14.340855531125776,0.003524303436279297,Picard,0
Picard,30,7,0.39585397184075305,22.88733983579754,0.004067182540893555,Picard,0
Picard,30,8,0.27892663025230824,16.1268776618631,0.004700183868408203,Picard,0
Picard,30,9,0.22592299032734683,13.06233263821267,0.005408287048339844,Picard,0
Picard,30,10,0.2801800385985361,16.19934676616372,0.005955219268798828,Picard,0
Picard,30,11,0.3028434590953651,17.509692104725016,0.006486177444458008,Picard,0
Picard,30,12,0.16679280917782036,9.643565499845014,0.007028102874755859,Picard,0
Picard,30,13,0.27920272898579857,16.142841037226603,0.007543325424194336,Picard,0
Picard,30,14,0.16256171767665678,9.398933802420888,0.008281230926513672,Picard,0
Picard,30,15,0.16982462625869127,9.818857988454381,0.008983373641967773,Picard,0
Picard,30,16,0.2012814521485081,11.637617216631039,0.00959467887878418,Picard,0
Picard,30,17,0.16284677196036473,9.415414966504038,0.010167598724365234,Picard,0
Picard,30,18,0.19793712025007681,11.444255860858444,0.01074361801147461,Picard,0
Picard,30,19,0.31392744740554596,18.15054207778824,0.011276721954345703,Picard,0
Picard,30,20,0.19823585196077673,11.461527821401683,0.011797666549682617,Picard,0
Picard,30,21,0.2391971664076153,13.829814084910238,0.012320518493652344,Picard,0
Picard,30,22,0.4491509909473093,25.96884734942549,0.012851476669311523,Picard,0
Picard,30,23,0.21655892838798585,12.520924737584533,0.013401508331298828,Picard,0
Picard,30,24,0.5070648381106004,29.31728893524824,0.013918399810791016,Picard,0
Picard,30,25,0.20428508653514635,11.811280248556185,0.014438629150390625,Picard,0
Picard,30,26,0.30131825429489506,17.421508372665382,0.014959573745727539,Picard,0
Picard,30,27,0.1944764827129543,11.244169988302128,0.015480518341064453,Picard,0
Picard,30,28,0.13258217559783844,7.665587628100986,0.015995502471923828,Picard,0
Picard,30,29,0.24487645672729888,14.158177210757676,0.016510725021362305,Picard,0
Picard,30,30,0.18190026838023687,10.517043038072803,0.01706099510192871,Picard,0
Picard,30,31,0.15732387791680374,9.096094303219312,0.01759195327758789,Picard,0
Picard,30,32,0.1956137060405003,11.309921549782512,0.01823282241821289,Picard,0
Picard,30,33,0.15288278048383927,8.839320559812142,0.01898193359375,Picard,0
Picard,30,34,0.2086889541415504,12.065901451498611,0.019576072692871094,Picard,0
Picard,30,35,0.2362543280706693,13.659666136700205,0.020150184631347656,Picard,0
Picard,30,36,0.20513622497765985,11.860491059023825,0.020720958709716797,Picard,0
Picard,30,37,0.39871035883983924,23.052489372245642,0.02126002311706543,Picard,0
Picard,30,38,0.3661329500568954,21.168940693125958,0.021784067153930664,Picard,0
Picard,30,39,0.16627485511664933,9.613618621802518,0.0223233699798584,Picard,0
Picard,30,40,0.22561892525284527,13.044752315196197,0.022853374481201172,Picard,0
Picard,30,41,0.24268762123088414,14.031623922386848,0.023377418518066406,Picard,0
Picard,30,42,0.28434698540202075,16.440269768970953,0.02390146255493164,Picard,0
Picard,30,43,0.35678965918346417,20.6287337263737,0.02443861961364746,Picard,0
Picard,30,44,0.1583060557568906,9.152881501540769,0.024961471557617188,Picard,0
Picard,30,45,0.187579679310094,10.845413137315044,0.025499582290649414,Picard,0
Picard,30,46,0.17989952260313255,10.401364652145062,0.026038646697998047,Picard,0
Picard,30,47,0.19310179761389906,11.164688949162924,0.02657771110534668,Picard,0
Picard,30,48,0.16518850025503973,9.550808154638803,0.027117013931274414,Picard,0
Picard,30,49,0.1836580015089198,10.618671007775202,0.027659893035888672,Picard,0
Picard,30,50,0.15652296994396972,9.049787699634628,0.028224945068359375,Picard,0
Picard,30,51,0.16462730149995394,9.51836097073574,0.028789997100830078,Picard,0
Picard,30,52,0.228705333598628,13.22320114154873,0.029321908950805664,Picard,0
Picard,30,53,0.15656404869704726,9.052162775921838,0.029889822006225586,Picard,0
Picard,30,54,0.1842906908143946,10.655251606114382,0.030431747436523438,Picard,0
Picard,30,55,0.17059208381745808,9.863230568260436,0.03099370002746582,Picard,0
Picard,30,56,0.20177939649283042,11.666407180199734,0.031561851501464844,Picard,0
Picard,30,57,0.3617497461900895,20.915514218704914,0.03213977813720703,Picard,0
Picard,30,58,0.2539689349937803,14.683882786141623,0.03267264366149902,Picard,0
Picard,30,59,0.19958571318875054,11.539573603062381,0.03320646286010742,Picard,0
Picard,30,60,0.18263359603851376,10.559442307803321,0.03374648094177246,Picard,0
Picard,30,61,0.21447262759808136,12.400299763288592,0.03428959846496582,Picard,0
Picard,30,62,0.26993916075721186,15.607243445130058,0.03490471839904785,Picard,0
Picard,30,63,0.20728604021800157,11.98478828853267,0.03550386428833008,Picard,0
Picard,30,64,0.1987877568291168,11.49343765476774,0.036032676696777344,Picard,0
Picard,30,65,0.1671421818899479,9.663765403245336,0.036545753479003906,Picard,0
Picard,30,66,0.1821525241108436,10.531627867435702,0.03705573081970215,Picard,0
Picard,30,67,0.1871931252318329,10.823063495317175,0.03760170936584473,Picard,0
Picard,30,68,0.12186121052884966,7.045726799723667,0.03817248344421387,Picard,0
Picard,30,69,0.21852559821892195,12.634632932947929,0.03871655464172363,Picard,0
Picard,30,70,0.155566228663193,8.994471182975092,0.03926372528076172,Picard,0
Picard,30,71,0.17806545437950574,10.295323167905337,0.039818763732910156,Picard,0
Picard,30,72,0.24556441173569415,14.19795314124958,0.04036593437194824,Picard,0
Picard,30,73,0.11953481169025278,6.911219924461111,0.04091787338256836,Picard,0
Picard,30,74,0.21350519503239354,12.344365101837166,0.04146170616149902,Picard,0
Picard,30,75,0.15666432203610922,9.057960343082549,0.04206585884094238,Picard,0
Picard,30,76,0.19345616570087087,11.18517767331484,0.04257774353027344,Picard,0
Picard,30,77,0.27717763648845806,16.025754981553018,0.04309678077697754,Picard,0
Picard,30,78,0.1231321898070988,7.119211813730921,0.043646812438964844,Picard,0
Picard,30,79,0.2488327581119732,14.38692119395637,0.04419994354248047,Picard,0
Picard,30,80,0.15899133136125615,9.19250251523267,0.04475712776184082,Picard,0
Picard,30,81,0.19550514142333333,11.303644600543658,0.045313358306884766,Picard,0
Picard,30,82,0.23612375693433857,13.652116822603263,0.04585456848144531,Picard,0
Picard,30,83,0.11808413252473489,6.827345088244296,0.0464024543762207,Picard,0
Picard,30,84,0.2552521344845536,14.758074343917036,0.04695940017700195,Picard,0
Picard,30,85,0.15277627289714482,8.833162543207102,0.04750633239746094,Picard,0
Picard,30,86,0.18400418986434972,10.63868679920727,0.04805135726928711,Picard,0
Picard,30,87,0.19577539226328647,11.319269864542285,0.04859352111816406,Picard,0
Picard,30,88,0.13499160267300359,7.804894999509806,0.0491025447845459,Picard,0
Picard,30,89,0.2570456825330778,14.861773047526151,0.04962754249572754,Picard,0
Picard,30,90,0.14895521682509677,8.612238123916994,0.050168752670288086,Picard,0
Picard,30,91,0.1825444868762794,10.554290226925977,0.05071377754211426,Picard,0
Picard,30,92,0.2116046558898239,12.234480426372231,0.05128288269042969,Picard,0
Picard,30,93,0.15177225001551026,8.775112316281172,0.05183601379394531,Picard,0
Picard,30,94,0.27129192908631156,15.685457308497998,0.052381038665771484,Picard,0
Picard,30,95,0.1469825389945391,8.498182560233829,0.05292916297912598,Picard,0
Picard,30,96,0.18487996331930798,10.68932194779399,0.05348920822143555,Picard,0
Picard,30,97,0.20964109866473324,12.120952194512618,0.054026126861572266,Picard,0
Picard,30,98,0.1829669078617783,10.578713608618799,0.05454397201538086,Picard,0
Picard,30,99,0.2932416596239991,16.9545387826188,0.055068016052246094,Picard,0
Picard,30,100,0.14613927866945234,8.449427243871687,0.055613040924072266,Picard,0
Picard,30,101,0.18275501782427603,10.56646262810297,0.05615806579589844,Picard,0
Picard,30,102,0.19566159520638826,11.312690388021103,0.05669903755187988,Picard,0
Picard,30,103,0.21492448418187843,12.426425041613616,0.05724596977233887,Picard,0
Picard,30,104,0.29428930439987294,17.015111124235393,0.05778932571411133,Picard,0
Picard,30,105,0.14635804366538668,8.46207571821399,0.05833244323730469,Picard,0
Picard,30,106,0.1784179298419173,10.315702464984206,0.05887436866760254,Picard,0
Picard,30,107,0.18716661771773982,10.821530893584194,0.05942249298095703,Picard,0
Picard,30,108,0.2440377921720932,14.10968761093385,0.05996537208557129,Picard,0
Picard,30,109,0.28611671825757395,16.5425915344828,0.06051230430603027,Picard,0
Picard,30,110,0.15022185166334562,8.685471952684852,0.06105828285217285,Picard,0
Picard,30,111,0.17575710127232683,10.161859654126886,0.06169247627258301,Picard,0
Picard,30,112,0.18852174210744044,10.899880978800297,0.06225228309631348,Picard,0
Picard,30,113,0.268329030762885,15.514149539343014,0.06276345252990723,Picard,0
Picard,30,114,0.2781102816983555,16.079678320419347,0.06331443786621094,Picard,0
Picard,30,115,0.1566714106639064,9.05837019076605,0.06385636329650879,Picard,0
Picard,30,116,0.17377132639669063,10.04704685029235,0.06439828872680664,Picard,0
Picard,30,117,0.19053070066548514,11.016034208285891,0.06494331359863281,Picard,0
Picard,30,118,0.2772258540571219,16.028542807262923,0.06549310684204102,Picard,0
Picard,30,119,0.25640365471198795,14.824652518314357,0.06603717803955078,Picard,0
Picard,30,120,0.16745008442668546,9.681567599246673,0.06657624244689941,Picard,0
Picard,30,121,0.17056150272967138,9.861462442136887,0.06711935997009277,Picard,0
Picard,30,122,0.1902484493464734,10.999715104988065,0.06769657135009766,Picard,0
Picard,30,123,0.2717295411119489,15.710759000180968,0.0682375431060791,Picard,0
Picard,30,124,0.22008740305894064,12.724932792677722,0.06877255439758301,Picard,0
Picard,30,125,0.1814708805879168,10.492216852097016,0.06927967071533203,Picard,0
Picard,30,126,0.16652531560085004,9.628099654266798,0.06979584693908691,Picard,0
Picard,30,127,0.18947730723053047,10.955129492805849,0.07033991813659668,Picard,0
Picard,30,128,0.2644375556387366,15.289153657112063,0.0708768367767334,Picard,0
Picard,30,129,0.1850123956367469,10.696978870977993,0.07142257690429688,Picard,0
Picard,30,130,0.1959856737170516,11.331427840553259,0.07196044921875,Picard,0
Picard,30,131,0.1632679640587976,9.439767296854946,0.07250356674194336,Picard,0
Picard,30,132,0.18982798403050055,10.975404795479012,0.0730443000793457,Picard,0
Picard,30,133,0.2596385630116462,15.011687260564472,0.07358717918395996,Picard,0
Picard,30,134,0.15793003391491417,9.131140808519607,0.0741281509399414,Picard,0
Picard,30,135,0.20991948661709853,12.137047927093873,0.07467222213745117,Picard,0
Picard,30,136,0.16069226015619867,9.290846192789616,0.07521224021911621,Picard,0
Picard,30,137,0.19010845906404197,10.991621198154647,0.07575607299804688,Picard,0
Picard,30,138,0.2511909236613399,14.523264745257498,0.07629704475402832,Picard,0
Picard,30,139,0.13505684056077136,7.808666899790527,0.07686710357666016,Picard,0
Picard,30,140,0.2238504009004832,12.942500422478854,0.07742905616760254,Picard,0
Picard,30,141,0.1578148307737741,9.124480035535157,0.0779411792755127,Picard,0
Picard,30,142,0.18913823626788187,10.93552521218059,0.0784449577331543,Picard,0
Picard,30,143,0.2397439216668596,13.861426180065287,0.07898688316345215,Picard,0
Picard,30,144,0.11927591749131568,6.896251274569748,0.07952475547790527,Picard,0
Picard,30,145,0.23699142052853447,13.702283078233256,0.08007168769836426,Picard,0
Picard,30,146,0.15475778044070101,8.947728619999712,0.08062267303466797,Picard,0
Picard,30,147,0.18782897765302528,10.859826977521413,0.08116650581359863,Picard,0
Picard,30,148,0.23018345245171867,13.30866247556307,0.08170652389526367,Picard,0
Picard,30,149,0.1161095639423523,6.713180205765209,0.08224630355834961,Picard,0
Picard,30,150,0.24980478848026533,14.443121689473356,0.08278656005859375,Picard,0
Picard,30,151,0.15204359797412714,8.790801013084529,0.08332967758178711,Picard,0
Picard,30,152,0.18683268362654368,10.80222361470955,0.08389067649841309,Picard,0
Picard,30,153,0.22165559696734505,12.8156020532214,0.08443379402160645,Picard,0
Picard,30,154,0.12665343170569698,7.322801687043312,0.08497476577758789,Picard,0
Picard,30,155,0.26307787344016537,15.210540050173435,0.08551859855651855,Picard,0
Picard,30,156,0.149581031027929,8.648421220091793,0.08605766296386719,Picard,0
Picard,30,157,0.1855387391900396,10.727410809600645,0.08661150932312012,Picard,0
Picard,30,158,0.21170405293002362,12.24022732800655,0.08714962005615234,Picard,0
Picard,30,159,0.14949447342660788,8.643416664428006,0.08769583702087402,Picard,0
Picard,30,160,0.2755687649093012,15.93273383435298,0.0882577896118164,Picard,0
Picard,30,161,0.14741073787150466,8.522940005937468,0.08877396583557129,Picard,0
Picard,30,162,0.18368028703008,10.619959503868444,0.0892791748046875,Picard,0
Picard,30,163,0.20205022773936246,11.682066001933181,0.08982110023498535,Picard,0
Picard,30,164,0.180400543333541,10.430332485076775,0.09038710594177246,Picard,0
Picard,30,165,0.28575310414694743,16.52156822712453,0.09094500541687012,Picard,0
Picard,30,166,0.1460794300942737,8.445966940890687,0.09148406982421875,Picard,0
Picard,30,167,0.18155655543624233,10.497170369071695,0.09203314781188965,Picard,0
Picard,30,168,0.19483183781292496,11.264715779209801,0.09257221221923828,Picard,0
Picard,30,169,0.21411237661511928,12.379470904012802,0.0931234359741211,Picard,0
Picard,30,170,0.29228432804305804,16.89918813620075,0.09366536140441895,Picard,0
Picard,30,171,0.14636824850595684,8.462665737945288,0.0942234992980957,Picard,0
Picard,30,172,0.17922882169309018,10.362586312786897,0.09476661682128906,Picard,0
Picard,30,173,0.1905714596716412,11.018390797562803,0.09531164169311523,Picard,0
Picard,30,174,0.2446971179384118,14.147808266401979,0.095855712890625,Picard,0
Picard,30,175,0.2916644471466027,16.86334808975908,0.09639453887939453,Picard,0
Picard,30,176,0.14934842957455366,8.634972754525194,0.09693741798400879,Picard,0
Picard,30,177,0.1765900766823224,10.210020321038423,0.09747767448425293,Picard,0
Picard,30,178,0.18907800660549295,10.93204287563896,0.09801864624023438,Picard,0
Picard,30,179,0.2659370119914379,15.375848674857208,0.0985567569732666,Picard,0
Picard,30,180,0.2795741419026236,16.164315253102853,0.09909772872924805,Picard,0
Picard,30,181,0.1561277310797099,9.026935923863466,0.09963560104370117,Picard,0
Picard,30,182,0.17361659445106578,10.038100615380262,0.10020160675048828,Picard,0
Picard,30,183,0.18931324973440122,10.945644076633164,0.10077381134033203,Picard,0
Picard,30,184,0.27472409318096125,15.88389691399492,0.10127687454223633,Picard,0
Picard,30,185,0.2550365068103194,14.745607262090747,0.1018218994140625,Picard,0
Picard,30,186,0.16693873776102955,9.652002745175999,0.10237789154052734,Picard,0
Picard,30,187,0.1703458149577381,9.84899188560386,0.10291886329650879,Picard,0
Picard,30,188,0.18986042991735158,10.977280739871285,0.10347175598144531,Picard,0
Picard,30,189,0.2732595678132469,15.799221523135111,0.10402059555053711,Picard,0
Picard,30,190,0.222459141988454,12.86206112469658,0.10456371307373047,Picard,0
Picard,30,191,0.18053395118864976,10.438045811540169,0.10510683059692383,Picard,0
Picard,30,192,0.16695179877139274,9.652757901885407,0.10565185546875,Picard,0
Picard,30,193,0.19007789384687998,10.98985398963306,0.10619997978210449,Picard,0
Picard,30,194,0.2668218648022555,15.427008770312788,0.10674810409545898,Picard,0
Picard,30,195,0.18898050949192308,10.92640582326607,0.10729312896728516,Picard,0
Picard,30,196,0.1949669892930394,11.272529917944615,0.10783505439758301,Picard,0
Picard,30,197,0.16372254098359995,9.46604985885902,0.10838103294372559,Picard,0
Picard,30,198,0.19004567811799358,10.987991352429617,0.10892224311828613,Picard,0
Picard,30,199,0.2590850482125278,14.979684344810828,0.10947108268737793,Picard,0
Picard,30,200,0.15944353335499162,9.218647764342895,0.11002016067504883,Picard,0
Picard,30,201,0.20910603873888192,12.090016295856529,0.1105642318725586,Picard,0
Picard,30,202,0.16074163588120463,9.293700980358363,0.11109709739685059,Picard,0
Picard,30,203,0.1897677832259195,10.971924127427538,0.11163616180419922,Picard,0
Picard,30,204,0.2505516610222533,14.486304092325136,0.11219310760498047,Picard,0
Picard,30,205,0.13563818177802212,7.842278673187427,0.11273694038391113,Picard,0
Picard,30,206,0.2228206065368448,12.88296014945347,0.11327195167541504,Picard,0
Picard,30,207,0.15785887038557042,9.127026301666408,0.11383223533630371,Picard,0
Picard,30,208,0.18909987583262164,10.93330730259649,0.11437129974365234,Picard,0
Picard,30,209,0.24112920534365304,13.94152000388704,0.11493539810180664,Picard,0
Picard,30,210,0.11989042762269193,6.931780796084835,0.11546945571899414,Picard,0
Picard,30,211,0.23615620871084395,13.653993107521412,0.11600756645202637,Picard,0
Picard,30,212,0.15500771032922117,8.962178974677434,0.11653637886047363,Picard,0
Picard,30,213,0.1881110997409334,10.876138608982663,0.11707139015197754,Picard,0
Picard,30,214,0.2314641207347132,13.382707684894996,0.11762642860412598,Picard,0
Picard,30,215,0.11588368491287224,6.70012041483915,0.11818075180053711,Picard,0
Picard,30,216,0.24923303755523393,14.410064404076484,0.11871552467346191,Picard,0
Picard,30,217,0.1522643363278592,8.803563582304607,0.11926126480102539,Picard,0
Picard,30,218,0.1869389988281401,10.808370508063517,0.11983609199523926,Picard,0
Picard,30,219,0.2218035835227251,12.82415828563297,0.12037801742553711,Picard,0
Picard,30,220,0.12567826419348802,7.266419809289324,0.12092399597167969,Picard,0
Picard,30,221,0.26218607629530405,15.158978449757697,0.12147784233093262,Picard,0
Picard,30,222,0.1497107094390635,8.655918918930585,0.12203001976013184,Picard,0
Picard,30,223,0.18553313225826262,10.727086630074496,0.12258005142211914,Picard,0
Picard,30,224,0.2120384735758935,12.259562738320962,0.12311816215515137,Picard,0
Picard,30,225,0.1478284883046122,8.547093347344209,0.12366104125976562,Picard,0
Picard,30,226,0.2745982084795175,15.876618558472371,0.12419605255126953,Picard,0
Picard,30,227,0.14751973445517969,8.52924193045754,0.12473535537719727,Picard,0
Picard,30,228,0.18380141490230686,10.626962830783043,0.12530136108398438,Picard,0
Picard,30,229,0.2027969857400284,11.725241782276791,0.12584137916564941,Picard,0
Picard,30,230,0.17831038404015506,10.309484421240954,0.12639117240905762,Picard,0
Picard,30,231,0.28528900237849947,16.494734961202074,0.12696218490600586,Picard,0
Picard,30,232,0.14612262516451865,8.448464377628103,0.12746715545654297,Picard,0
Picard,30,233,0.18174437877444458,10.508029869989517,0.128021240234375,Picard,0
Picard,30,234,0.1953248767503799,11.293222123762412,0.12855148315429688,Picard,0
Picard,30,235,0.21198777046443668,12.25663120440898,0.12909364700317383,Picard,0
Picard,30,236,0.292182072061952,16.893275937369108,0.12963175773620605,Picard,0
Picard,30,237,0.14627713512026075,8.457397777610524,0.1301708221435547,Picard,0
Picard,30,238,0.1793864543353078,10.371700259111279,0.13071179389953613,Picard,0
Picard,30,239,0.1906923705229523,11.025381576841648,0.1312577724456787,Picard,0
Picard,30,240,0.2428983516539743,14.043807856741676,0.13179278373718262,Picard,0
Picard,30,241,0.29191261849517347,16.877696769818634,0.13233470916748047,Picard,0
Picard,30,242,0.14906418653538975,8.618538494681713,0.1328749656677246,Picard,0
Picard,30,243,0.17674421728858394,10.21893236610797,0.1334381103515625,Picard,0
Picard,30,244,0.18905848577445605,10.930914227385815,0.13397526741027832,Picard,0
Picard,30,245,0.26493666437238667,15.318010942916079,0.13451218605041504,Picard,0
Picard,30,246,0.2806486122664254,16.226438586728815,0.1350572109222412,Picard,0
Picard,30,247,0.15557944229717532,8.995235164020963,0.13559603691101074,Picard,0
Picard,30,248,0.17381366696044073,10.049494881486483,0.13613605499267578,Picard,0
Picard,30,249,0.18929515867135818,10.944598094181776,0.13668322563171387,Picard,0
Picard,30,250,0.27459540352085077,15.876456382400391,0.13724327087402344,Picard,0
Picard,30,251,0.2569835921871422,14.858183130665289,0.13779616355895996,Picard,0
Picard,30,252,0.16614050162517288,9.605850620882258,0.13833332061767578,Picard,0
Picard,30,253,0.170575063424719,9.86224648943221,0.13887834548950195,Picard,0
Picard,30,254,0.18985743960761617,10.977107847239159,0.13941645622253418,Picard,0
Picard,30,255,0.27356931287363373,15.817130249493388,0.13995623588562012,Picard,0
Picard,30,256,0.22467496217370891,12.990174603915,0.14049530029296875,Picard,0
Picard,30,257,0.17962160931191998,10.38529636334834,0.14103937149047852,Picard,0
Picard,30,258,0.16716685761866668,9.665192095483023,0.14158034324645996,Picard,0
Picard,30,259,0.19006464861299197,10.989088181555424,0.14212250709533691,Picard,0
Picard,30,260,0.2672266880301098,15.450414691304916,0.14266037940979004,Picard,0
Picard,30,261,0.19097389940977116,11.041658910819768,0.14321136474609375,Picard,0
Picard,30,262,0.19405608531650248,11.219863605739045,0.1437544822692871,Picard,0
Picard,30,263,0.1639105447529865,9.476919791880917,0.14430475234985352,Picard,0
Picard,30,264,0.19003993889967025,10.987659524408423,0.1448535919189453,Picard,0
Picard,30,265,0.2595912936688088,15.00895425902781,0.14540481567382812,Picard,0
Picard,30,266,0.16114576023894117,9.31706649433421,0.14603567123413086,Picard,0
Picard,30,267,0.2082180241529306,12.03867339404528,0.14655661582946777,Picard,0
Picard,30,268,0.16092599516853479,9.304360198052679,0.14709162712097168,Picard,0
Picard,30,269,0.1898019219591085,10.973897948188833,0.14763569831848145,Picard,0
Picard,30,270,0.2511697948009397,14.522043124552084,0.14821577072143555,Picard,0
Picard,30,271,0.1369666143787849,7.919085502335125,0.14880681037902832,Picard,0
Picard,30,272,0.2219624485241111,12.833343484048001,0.1493666172027588,Picard,0
Picard,30,273,0.1580467114528473,9.13788682763737,0.1499156951904297,Picard,0
Picard,30,274,0.18916132578645972,10.936860193501804,0.15045881271362305,Picard,0
Picard,30,275,0.24174272627560725,13.976992332232555,0.150986909866333,Picard,0
Picard,30,276,0.12058602781295505,6.971998752899481,0.15149879455566406,Picard,0
Picard,30,277,0.2353220830180563,13.605765933981061,0.1520400047302246,Picard,0
Picard,30,278,0.1551868612344055,8.972537056042079,0.15260887145996094,Picard,0
Picard,30,279,0.1881761853040641,10.879901702213354,0.1531529426574707,Picard,0
Picard,30,280,0.23205019661933718,13.416593205554495,0.15368866920471191,Picard,0
Picard,30,281,0.11573342062269501,6.691432489192025,0.15422654151916504,Picard,0
Picard,30,282,0.2483984642557281,14.36181135097498,0.15476751327514648,Picard,0
Picard,30,283,0.15243196959399993,8.813255741037047,0.15532732009887695,Picard,0
Picard,30,284,0.18701571834839922,10.812806249162803,0.1558692455291748,Picard,0
Picard,30,285,0.22242468981984054,12.86006918184081,0.15641021728515625,Picard,0
Picard,30,286,0.12465439172732144,7.207221926361178,0.15694546699523926,Picard,0
Picard,30,287,0.26136688799128044,15.11161492068531,0.15749669075012207,Picard,0
Picard,30,288,0.1498652991522147,8.664856930297647,0.15803194046020508,Picard,0
Picard,30,289,0.1856340532408281,10.732921642449888,0.15857291221618652,Picard,0
Picard,30,290,0.21266815627796984,12.295969501966983,0.15911316871643066,Picard,0
Picard,30,291,0.14611866466348233,8.448235390830984,0.1596510410308838,Picard,0
Picard,30,292,0.27385063935134674,15.83339588065602,0.16021084785461426,Picard,0
Picard,30,293,0.14764199631444505,8.536310821819045,0.16075778007507324,Picard,0
Picard,30,294,0.18392291133736163,10.633987467128122,0.16130590438842773,Picard,0
Picard,30,295,0.20334440295828485,11.75689215033535,0.16189098358154297,Picard,0
Picard,30,296,0.17621735808674996,10.188470613906977,0.16244125366210938,Picard,0
Picard,30,297,0.28469483615948865,16.460381676554668,0.1629793643951416,Picard,0
Picard,30,298,0.14617513809993862,8.45150055127856,0.1635143756866455,Picard,0
Picard,30,299,0.18188324686554347,10.516058894375833,0.16406536102294922,Picard,0
Picard,30,300,0.19571900379603918,11.316009616813288,0.16460919380187988,Picard,0
Picard,30,301,0.2098602027561728,12.133620274554538,0.16516733169555664,Picard,0
Picard,30,302,0.29190979811773504,16.877533702269762,0.16571831703186035,Picard,0
Picard,30,303,0.1462018263368445,8.453043601976885,0.1662893295288086,Picard,0
Picard,30,304,0.1795445110185519,10.380838722484286,0.16683626174926758,Picard,0
Picard,30,305,0.19089296212181842,11.036979308374077,0.16739821434020996,Picard,0
Picard,30,306,0.24113928658970263,13.942102877675655,0.16792631149291992,Picard,0
Picard,30,307,0.29222187821498985,16.89557743493372,0.16842913627624512,Picard,0
Picard,30,308,0.14878543047308795,8.602421478855089,0.16893625259399414,Picard,0
Picard,30,309,0.17692114150752833,10.229161705743829,0.169478178024292,Picard,0
Picard,30,310,0.18909111265468506,10.932800636386867,0.17002534866333008,Picard,0
Picard,30,311,0.263891978099228,15.257609654924977,0.17056727409362793,Picard,0
Picard,30,312,0.2817462281437051,16.289900139168594,0.17110610008239746,Picard,0
Picard,30,313,0.1550407579143943,8.96408970784273,0.1716461181640625,Picard,0
Picard,30,314,0.17400965641665192,10.060826528021895,0.17218708992004395,Picard,0
Picard,30,315,0.18925677135266425,10.94237863026116,0.17276716232299805,Picard,0
Picard,30,316,0.2743432189040716,15.861875664670704,0.1733100414276123,Picard,0
Picard,30,317,0.2588128803443956,14.963948242779667,0.17393803596496582,Picard,0
Picard,30,318,0.16536264621930558,9.560876862164083,0.17447423934936523,Picard,0
Picard,30,319,0.17078867256755456,9.874596864550027,0.17501115798950195,Picard,0
Picard,30,320,0.189830274399948,10.975537219220145,0.17556524276733398,Picard,0
Picard,30,321,0.27385224762128313,15.83348886701766,0.1761031150817871,Picard,0
Picard,30,322,0.22684722175387032,13.115769512036122,0.17664122581481934,Picard,0
Picard,30,323,0.17871582034658745,10.332925788985577,0.17718935012817383,Picard,0
Picard,30,324,0.1673822008051929,9.677642728903297,0.17772340774536133,Picard,0
Picard,30,325,0.19006067580438252,10.988858483163554,0.17826223373413086,Picard,0
Picard,30,326,0.267692435591073,15.47734311305572,0.17879533767700195,Picard,0
Picard,30,327,0.19303542993858966,11.160851727240267,0.17933416366577148,Picard,0
Picard,30,328,0.1931402212696213,11.166910514004522,0.1798853874206543,Picard,0
Picard,30,329,0.16410899637969426,9.488393795287543,0.18042540550231934,Picard,0
Picard,30,330,0.19004639129314072,10.988032586528846,0.18096661567687988,Picard,0
Picard,30,331,0.26009485234470253,15.038068829961258,0.18152165412902832,Picard,0
Picard,30,332,0.1628873480527602,9.41776098014019,0.18207669258117676,Picard,0
Picard,30,333,0.2073306843165579,11.987369504657824,0.18262958526611328,Picard,0
Picard,30,334,0.1611106915173455,9.315038903844123,0.18315362930297852,Picard,0
Picard,30,335,0.18982773147485998,10.975390193309565,0.18371057510375977,Picard,0
Picard,30,336,0.2517381347578643,14.554903195845313,0.18422365188598633,Picard,0
Picard,30,337,0.13830675677799037,7.996569364316723,0.18476366996765137,Picard,0
Picard,30,338,0.2210995605791669,12.783453345155836,0.18532752990722656,Picard,0
Picard,30,339,0.15822948908947426,9.148454598031115,0.1858813762664795,Picard,0
Picard,30,340,0.18921428712667365,10.939922292856268,0.18642234802246094,Picard,0
Picard,30,341,0.24235886024081524,14.012615739976876,0.18697118759155273,Picard,0
Picard,30,342,0.12132381976189065,7.01465613735083,0.18750929832458496,Picard,0
Picard,30,343,0.23448297860816208,13.55725090280009,0.18804621696472168,Picard,0
Picard,30,344,0.15536671172763206,8.9829355859317,0.18858599662780762,Picard,0
Picard,30,345,0.18824496643080552,10.883878464186209,0.18912887573242188,Picard,0
Picard,30,346,0.23266342811511828,13.452048799385452,0.18967485427856445,Picard,0
Picard,30,347,0.11563851833133455,6.685945463298456,0.1902179718017578,Picard,0
Picard,30,348,0.24757044732810093,14.31393737177939,0.19077396392822266,Picard,0
Picard,30,349,0.15260241078581493,8.823110247386822,0.19134211540222168,Picard,0
Picard,30,350,0.18709475667470535,10.81737605814011,0.1918783187866211,Picard,0
Picard,30,351,0.2230408911673499,12.895696485470333,0.19241833686828613,Picard,0
Picard,30,352,0.12368305302046265,7.151061421071402,0.19295549392700195,Picard,0
Picard,30,353,0.2605483451898222,15.064288713043627,0.1934976577758789,Picard,0
Picard,30,354,0.15002104396801474,8.673861726966237,0.1940455436706543,Picard,0
Picard,30,355,0.1857311456975048,10.738535298518864,0.19461846351623535,Picard,0
Picard,30,356,0.21328691607664535,12.331744729188179,0.1951735019683838,Picard,0
Picard,30,357,0.1444467502720841,8.35156925742236,0.19572854042053223,Picard,0
Picard,30,358,0.27308958837626324,15.78939371435691,0.19626259803771973,Picard,0
Picard,30,359,0.14776682844669772,8.543528320281947,0.19681477546691895,Picard,0
Picard,30,360,0.1840418778506116,10.640865829381683,0.1973733901977539,Picard,0
Picard,30,361,0.2039009223789642,11.789068786197005,0.19791650772094727,Picard,0
Picard,30,362,0.17413985060436024,10.068354047841565,0.1984233856201172,Picard,0
Picard,30,363,0.28408626215803734,16.425195368023576,0.19898629188537598,Picard,0
Picard,30,364,0.14623350312011174,8.454875078620079,0.19957542419433594,Picard,0
Picard,30,365,0.18202209673083508,10.524086864989103,0.20008420944213867,Picard,0
Picard,30,366,0.19612941169975162,11.339738430547012,0.2006242275238037,Picard,0
Picard,30,367,0.20772392112340277,12.010105526207264,0.2011730670928955,Picard,0
Picard,30,368,0.29161512610623486,16.86049646392669,0.20171284675598145,Picard,0
Picard,30,369,0.1461365724965407,8.449270779358283,0.20224976539611816,Picard,0
Picard,30,370,0.17970190099071479,10.389938638200398,0.20278668403625488,Picard,0
Picard,30,371,0.1911057338497998,11.049281266146826,0.20332670211791992,Picard,0
Picard,30,372,0.23934321248976842,13.838258123752091,0.20386290550231934,Picard,0
Picard,30,373,0.292485879336624,16.910841355009538,0.20440387725830078,Picard,0
Picard,30,374,0.14852188955792187,8.587184166828143,0.20494675636291504,Picard,0
Picard,30,375,0.17709632977645903,10.239290676858145,0.20550751686096191,Picard,0
Picard,30,376,0.18913023578347282,10.935062643105763,0.2060546875,Picard,0
Picard,30,377,0.2627941390461751,15.19413519899015,0.20659375190734863,Picard,0
Picard,30,378,0.2827882091300925,16.350145013880834,0.20713353157043457,Picard,0
Picard,30,379,0.15451939144065277,8.933945532181118,0.2076735496520996,Picard,0
Picard,30,380,0.17420404618878838,10.072065684609871,0.20821166038513184,Picard,0
Picard,30,381,0.18921971471377783,10.940236103097869,0.20879554748535156,Picard,0
Picard,30,382,0.2740469744188289,15.844747509617209,0.20933079719543457,Picard,0
Picard,30,383,0.26060517289072815,15.067574356223293,0.20990681648254395,Picard,0
Picard,30,384,0.16459733442439564,9.516628345346133,0.21044301986694336,Picard,0
Picard,30,385,0.17100178193090332,9.886918343600678,0.21098923683166504,Picard,0
Picard,30,386,0.1898021407087272,10.9739105957741,0.21155047416687012,Picard,0
Picard,30,387,0.2741140156750435,15.848623676393728,0.21209144592285156,Picard,0
Picard,30,388,0.2290147815797374,13.241092691486244,0.21262860298156738,Picard,0
Picard,30,389,0.17781389990191807,10.280778883332435,0.21317052841186523,Picard,0
Picard,30,390,0.16759835722231436,9.690140381392023,0.21371054649353027,Picard,0
Picard,30,391,0.19005581094140034,10.988577208298963,0.2142333984375,Picard,0
Picard,30,392,0.2681523975752029,15.503937026445998,0.21474123001098633,Picard,0
Picard,30,393,0.19511256031154994,11.280946489730924,0.21530842781066895,Picard,0
Picard,30,394,0.19222302305477626,11.113880283835732,0.21585559844970703,Picard,0
Picard,30,395,0.1643084739064697,9.499927113808218,0.2163996696472168,Picard,0
Picard,30,396,0.19005169535324945,10.988339254731905,0.21693634986877441,Picard,0
Picard,30,397,0.2605946978534663,15.066968714358719,0.21747541427612305,Picard,0
Picard,30,398,0.16465027699660317,9.519689359578882,0.21801352500915527,Picard,0
Picard,30,399,0.20644158797030954,11.935964058026261,0.21857118606567383,Picard,0
Picard,30,400,0.1612957124900068,9.325736378618362,0.21910905838012695,Picard,0
Picard,30,401,0.18985182659744523,10.976783316274656,0.21966099739074707,Picard,0
Picard,30,402,0.2523029083834454,14.587557070300234,0.22020506858825684,Picard,0
Picard,30,403,0.13967711652191184,8.075800321658347,0.22076988220214844,Picard,0
Picard,30,404,0.22023511872091947,12.733473362673921,0.22130393981933594,Picard,0
Picard,30,405,0.15841238688269527,9.159029315594768,0.2218620777130127,Picard,0
Picard,30,406,0.18926600378101546,10.942912427419243,0.2224140167236328,Picard,0
Picard,30,407,0.24297439982526045,14.048204782032139,0.22295522689819336,Picard,0
Picard,30,408,0.12210806489765745,7.059999335130052,0.22349023818969727,Picard,0
Picard,30,409,0.23364276120258343,13.508671520842627,0.22404122352600098,Picard,0
Picard,30,410,0.15554702708720428,8.993360993293292,0.22458624839782715,Picard,0
Picard,30,411,0.18831309574113775,10.887817539676854,0.2251293659210205,Picard,0
Picard,30,412,0.23327655568745487,13.487498384608788,0.22566628456115723,Picard,0
Picard,30,413,0.11560054263347921,6.683749798320598,0.22621631622314453,Picard,0
Picard,30,414,0.2467420844680894,14.26604339159201,0.22675228118896484,Picard,0
Picard,30,415,0.15277352390992338,8.83300360327163,0.22728896141052246,Picard,0
Picard,30,416,0.18717282712077177,10.821889906572515,0.22782468795776367,Picard,0
Picard,30,417,0.22365601490935108,12.931261484499602,0.22836971282958984,Picard,0
Picard,30,418,0.12276418896714046,7.097934876064185,0.22891545295715332,Picard,0
Picard,30,419,0.2597281474463258,15.016866820569835,0.22946619987487793,Picard,0
Picard,30,420,0.15017800459355235,8.682936818876554,0.23000741004943848,Picard,0
Picard,30,421,0.18582689290504223,10.744071175466233,0.23055648803710938,Picard,0
Picard,30,422,0.21390723123691424,12.367609883735833,0.2311244010925293,Picard,0
Picard,30,423,0.14281123203858553,8.25700746372945,0.23167133331298828,Picard,0
Picard,30,424,0.27232266474853506,15.745052005179922,0.2323002815246582,Picard,0
Picard,30,425,0.14789448047235143,8.550908858307823,0.23283934593200684,Picard,0
Picard,30,426,0.18415955826199087,10.64766983226873,0.23337554931640625,Picard,0
Picard,30,427,0.2044641039368156,11.821630611063535,0.23392271995544434,Picard,0
Picard,30,428,0.17207831751353883,9.94916108329212,0.2344658374786377,Picard,0
Picard,30,429,0.28346423718618113,16.38923135621633,0.2350161075592041,Picard,0
Picard,30,430,0.14629755972340203,8.458578679827903,0.23555231094360352,Picard,0
Picard,30,431,0.18215972173803197,10.532044017206047,0.23610734939575195,Picard,0
Picard,30,432,0.19655107613236342,11.364118070142334,0.23664116859436035,Picard,0
Picard,30,433,0.20557990152514832,11.886143387008113,0.2371830940246582,Picard,0
Picard,30,434,0.29129374916435075,16.8419152097079,0.23771905899047852,Picard,0
Picard,30,435,0.14608131142583472,8.446075715029242,0.23827123641967773,Picard,0
Picard,30,436,0.17985811320080744,10.398970458500864,0.23883533477783203,Picard,0
Picard,30,437,0.1913313060368272,11.062323316168435,0.23938226699829102,Picard,0
Picard,30,438,0.23751342362620298,13.732464061983709,0.23993611335754395,Picard,0
Picard,30,439,0.2927064479596156,16.92359411079988,0.24049019813537598,Picard,0
Picard,30,440,0.14827317909010115,8.57280431616942,0.24098849296569824,Picard,0
Picard,30,441,0.1772703853609438,10.249354158838374,0.24150443077087402,Picard,0
Picard,30,442,0.18917800104437485,10.937824317451296,0.24204134941101074,Picard,0
Picard,30,443,0.2616451191750483,15.127701589277265,0.24257755279541016,Picard,0
Picard,30,444,0.28377789555584215,16.40736634085572,0.2431647777557373,Picard,0
Picard,30,445,0.1540150563714934,8.904786072026441,0.24370193481445312,Picard,0
Picard,30,446,0.17439715246932908,10.083230632751253,0.2442622184753418,Picard,0
Picard,30,447,0.18918434025403918,10.938190835551907,0.24480628967285156,Picard,0
Picard,30,448,0.27370381906850605,15.824907079362612,0.24534320831298828,Picard,0
Picard,30,449,0.262357782414106,15.168906091192321,0.24592924118041992,Picard,0
Picard,30,450,0.16384513449461488,9.473137925539808,0.24643230438232422,Picard,0
Picard,30,451,0.1712139705693853,9.899186588518495,0.24695754051208496,Picard,0
Picard,30,452,0.18977229597961082,10.972185044166224,0.24749374389648438,Picard,0
Picard,30,453,0.2743516907658105,15.862365487667196,0.2480628490447998,Picard,0
Picard,30,454,0.23117354874632778,13.365907500185429,0.24862074851989746,Picard,0
Picard,30,455,0.17691656274534975,10.228896972550624,0.2491617202758789,Picard,0
Picard,30,456,0.16781502766252313,9.702667753479185,0.24970769882202148,Picard,0
Picard,30,457,0.19004994534009534,10.988238073112862,0.2502448558807373,Picard,0
Picard,30,458,0.26860745856849766,15.530247576144717,0.25079774856567383,Picard,0
Picard,30,459,0.19720524311745077,11.401940457088289,0.25133776664733887,Picard,0
Picard,30,460,0.19130456350410868,11.06077712621472,0.2518746852874756,Picard,0
Picard,30,461,0.1645092151365261,9.511533496661958,0.2524147033691406,Picard,0
Picard,30,462,0.19005634821983286,10.988608272466424,0.2529475688934326,Picard,0
Picard,30,463,0.2610919602540767,15.09571924955586,0.2534925937652588,Picard,0
Picard,30,464,0.166435346802629,9.622897871271093,0.2540297508239746,Picard,0
Picard,30,465,0.20555074926351505,11.884457872231339,0.2545785903930664,Picard,0
Picard,30,466,0.16148123371541287,9.336462776822422,0.2551565170288086,Picard,0
Picard,30,467,0.18987425392166155,10.978080011085016,0.25570154190063477,Picard,0
Picard,30,468,0.25286291249251547,14.619935182597882,0.2562375068664551,Picard,0
Picard,30,469,0.14107655479934533,8.156712530991259,0.2567775249481201,Picard,0
Picard,30,470,0.21936912061449454,12.683403401605352,0.25733256340026855,Picard,0
Picard,30,471,0.1585952709186606,9.169603237746458,0.2578763961791992,Picard,0
Picard,30,472,0.18931615541700633,10.94581207632489,0.25841331481933594,Picard,0
Picard,30,473,0.24358857369108033,14.083714861468554,0.25896739959716797,Picard,0
Picard,30,474,0.1229374727157692,7.107953732321821,0.2595393657684326,Picard,0
Picard,30,475,0.23280119561060683,13.460014189938212,0.26007533073425293,Picard,0
Picard,30,476,0.1557277255178778,9.003808548919396,0.26062440872192383,Picard,0
Picard,30,477,0.18838056696801556,10.891718566339565,0.2611663341522217,Picard,0
Picard,30,478,0.2338903493269561,13.52298648025929,0.2617044448852539,Picard,0
Picard,30,479,0.11561917472558264,6.684827061791872,0.2622416019439697,Picard,0
Picard,30,480,0.24591344889662534,14.218133643873834,0.26278042793273926,Picard,0
Picard,30,481,0.15294535021170802,8.842938193401888,0.2633073329925537,Picard,0
Picard,30,482,0.1872501041689122,10.82635788261447,0.2638077735900879,Picard,0
Picard,30,483,0.22427031834690947,12.966779055467295,0.2643775939941406,Picard,0
Picard,30,484,0.12189846241643539,7.047880615704684,0.2649214267730713,Picard,0
Picard,30,485,0.2589066608996151,14.969370412544235,0.26549744606018066,Picard,0
Picard,30,486,0.1503361373490083,8.69207968056482,0.26604151725769043,Picard,0
Picard,30,487,0.18592128564091492,10.7495287400674,0.26657748222351074,Picard,0
Picard,30,488,0.21452846562587083,12.40352818591079,0.2671213150024414,Picard,0
Picard,30,489,0.1412133809754107,8.164623496682669,0.26766228675842285,Picard,0
Picard,30,490,0.2715500821153695,15.70038310570098,0.26819443702697754,Picard,0
Picard,30,491,0.1480248034745264,8.558443825875104,0.2687523365020752,Picard,0
Picard,30,492,0.18427588256438004,10.654395428143298,0.26929736137390137,Picard,0
Picard,30,493,0.2050335132135628,11.854552507898289,0.2698373794555664,Picard,0
Picard,30,494,0.1700341716998914,9.830973409960672,0.2703986167907715,Picard,0
Picard,30,495,0.2828292664743401,16.35251885236016,0.27095842361450195,Picard,0
Picard,30,496,0.1463670816236398,8.462598271571226,0.271484375,Picard,0
Picard,30,497,0.18229613433744143,10.539931070873973,0.2719864845275879,Picard,0
Picard,30,498,0.19698389738672786,11.389142770768,0.2725026607513428,Picard,0
Picard,30,499,0.20342981045211364,11.76183020950574,0.2730536460876465,Picard,0
Picard,30,500,0.29094681083446805,16.82185605652784,0.2735915184020996,Picard,0
