method_key,algorithm,m,iter,time,rel_res,residual,step_type,AA_steps,AA_percent,eta,cs,effective_m,bu_norm
picard,Picard,10,0,1.940534542,1.0,45.86712807236492,Picard,0,0.0,0.0,,0,1.3983882637437574e-14
picard,Picard,10,1,3.9388868749999997,0.5628608482956654,25.81681061569725,Picard,0,0.0,0.0,,0,2.3955780244461462e-14
picard,Picard,10,2,6.768277416999999,0.41458191327334715,19.0156817125947,Picard,0,0.0,0.0,,0,1.3255542601586831e-14
picard,Picard,10,3,8.7326355,0.46658446274244203,21.400889309183167,Picard,0,0.0,0.0,,0,1.0537427943181832e-14
picard,Picard,10,4,10.672659833,0.37849324136300183,17.360397976121334,Picard,0,0.0,0.0,,0,1.377396980456417e-14
picard,Picard,10,5,12.478746083,0.4624963852762294,21.213380936470642,Picard,0,0.0,0.0,,0,1.5704983690859826e-14
picard,Picard,10,6,14.312625582999999,0.35862115936842487,16.448922646211535,Picard,0,0.0,0.0,,0,2.276143331330941e-14
picard,Picard,10,7,16.358046958,0.34259556847105543,15.713874816086566,Picard,0,0.0,0.0,,0,5.4237832476890257e-14
picard,Picard,10,8,18.330189042,0.1705892323358706,7.824438167315791,Picard,0,0.0,0.0,,0,2.101154397205583e-14
picard,Picard,10,9,20.186761957999998,0.1772893603768998,8.131753798274922,Picard,0,0.0,0.0,,0,1.9316371425581854e-14
picard,Picard,10,10,22.137774167,0.04686948097984775,2.1497684867879485,Picard,0,0.0,0.0,,0,3.407342944097443e-14
picard,Picard,10,11,24.074244333,0.040602376118094544,1.8623143854509732,Picard,0,0.0,0.0,,0,4.0546124371947606e-14
picard,Picard,10,12,25.970297332999998,0.03004851074635319,1.3782388907868155,Picard,0,0.0,0.0,,0,4.268817971444549e-14
picard,Picard,10,13,27.857719624999998,0.023866257883704466,1.0946767069599617,Picard,0,0.0,0.0,,0,2.6633786812560798e-14
picard,Picard,10,14,29.758583207999997,0.01495089805202567,0.6857547557491326,Picard,0,0.0,0.0,,0,3.184201131271844e-14
picard,Picard,10,15,31.6543525,0.014881569909569101,0.682574872960058,Picard,0,0.0,0.0,,0,2.8376159046668142e-14
picard,Picard,10,16,33.513554,0.01272375008819213,0.5836018748558729,Picard,0,0.0,0.0,,0,3.06911660349344e-14
picard,Picard,10,17,35.547822958,0.012772043639292177,0.585816961349248,Picard,0,0.0,0.0,,0,2.7062928896989918e-14
picard,Picard,10,18,37.36469375,0.012816501620894673,0.5878561212852486,Picard,0,0.0,0.0,,0,4.9562604113468866e-14
picard,Picard,10,19,39.229118542,0.011859461739584751,0.5439594504788454,Picard,0,0.0,0.0,,0,3.243089979967038e-14
picard,Picard,10,20,41.04009475,0.015368113355938446,0.7048912235274506,Picard,0,0.0,0.0,,0,2.3931961169435896e-14
picard,Picard,10,21,42.942826917,0.0121442365471401,0.5570212530487697,Picard,0,0.0,0.0,,0,2.638466187027917e-14
picard,Picard,10,22,44.8284075,0.014339182042542795,0.6576970991982656,Picard,0,0.0,0.0,,0,2.84363997106197e-14
picard,Picard,10,23,46.678215916999996,0.01663834580976727,0.7631531381688916,Picard,0,0.0,0.0,,0,2.8410073822501252e-14
picard,Picard,10,24,48.523846458,0.013013459741325315,0.5968900246199331,Picard,0,0.0,0.0,,0,2.8257657233301245e-14
picard,Picard,10,25,50.440221333,0.019030225091453003,0.8728617715156073,Picard,0,0.0,0.0,,0,4.050429239033215e-14
picard,Picard,10,26,52.278035583,0.017299957232781896,0.7934993540424431,Picard,0,0.0,0.0,,0,3.222459094105108e-14
picard,Picard,10,27,54.187994625,0.017889220761924507,0.8205271798020009,Picard,0,0.0,0.0,,0,4.2060060222623415e-14
picard,Picard,10,28,55.968223458,0.02312602383546553,1.0607242970658612,Picard,0,0.0,0.0,,0,3.100592941796451e-14
picard,Picard,10,29,57.7488245,0.018161339636254853,0.8330084910618187,Picard,0,0.0,0.0,,0,3.3209136562889114e-14
picard,Picard,10,30,59.528574042,0.023064653447806043,1.057909413635233,Picard,0,0.0,0.0,,0,2.910762932986938e-14
picard,Picard,10,31,61.283129917,0.02273021895157294,1.0425698637646923,Picard,0,0.0,0.0,,0,3.0613988900977556e-14
picard,Picard,10,32,64.45428479200001,0.01916169855691381,0.8788920817940159,Picard,0,0.0,0.0,,0,2.6963261874284027e-14
picard,Picard,10,33,67.002211375,0.02497647665671104,1.145599253609798,Picard,0,0.0,0.0,,0,2.4851446313031257e-14
picard,Picard,10,34,69.17017200000001,0.019261509892570552,0.8834701411096574,Picard,0,0.0,0.0,,0,3.127538833643937e-14
picard,Picard,10,35,71.59320916700001,0.022112791535731615,1.014250241406909,Picard,0,0.0,0.0,,0,3.034241243863376e-14
picard,Picard,10,36,73.898457792,0.024294664962056716,1.114326509289852,Picard,0,0.0,0.0,,0,2.6974252597083703e-14
picard,Picard,10,37,76.33573050000001,0.019186069934235665,0.8800099268789373,Picard,0,0.0,0.0,,0,3.5571694196759004e-14
picard,Picard,10,38,78.330036292,0.027218303188720976,1.2484253982695235,Picard,0,0.0,0.0,,0,2.8151062577559586e-14
picard,Picard,10,39,80.18351975,0.023445122423265553,1.0753604328601958,Picard,0,0.0,0.0,,0,2.6276310482452046e-14
picard,Picard,10,40,82.09080625,0.024187084275744376,1.109392092172651,Picard,0,0.0,0.0,,0,2.6534218756326533e-14
picard,Picard,10,41,83.99497500000001,0.029449672823853003,1.3507719151009103,Picard,0,0.0,0.0,,0,2.7295363904296975e-14
picard,Picard,10,42,85.78861470800001,0.022704697560523686,1.0413992708528512,Picard,0,0.0,0.0,,0,2.72711993304423e-14
picard,Picard,10,43,87.827087042,0.027823314761664657,1.2761755415709943,Picard,0,0.0,0.0,,0,1.9773199470621086e-14
picard,Picard,10,44,89.645863625,0.026419481639096184,1.2117857479459182,Picard,0,0.0,0.0,,0,2.7227589164453978e-14
picard,Picard,10,45,91.44734379200001,0.021956883849244612,1.0070992035833435,Picard,0,0.0,0.0,,0,3.681404907376772e-14
picard,Picard,10,46,93.19377883300001,0.02777554490335526,1.2739844753619185,Picard,0,0.0,0.0,,0,3.0928434698279805e-14
picard,Picard,10,47,95.079308542,0.021132797422030534,0.9693007258836177,Picard,0,0.0,0.0,,0,3.446930471619746e-14
picard,Picard,10,48,96.92091675,0.023810298136927855,1.0921099940876617,Picard,0,0.0,0.0,,0,3.0130223928774264e-14
picard,Picard,10,49,98.85066841700001,0.025915550901034295,1.1886718922436321,Picard,0,0.0,0.0,,0,2.833029712197957e-14
picard,Picard,10,50,100.732089958,0.020260610946983056,0.9292960371296305,Picard,0,0.0,0.0,,0,2.89926374653443e-14
picard,Picard,10,51,102.484854083,0.02848602138995763,1.306571991365313,Picard,0,0.0,0.0,,0,2.6697729898086193e-14
picard,Picard,10,52,104.29270650000001,0.024501051259279906,1.1237928560169692,Picard,0,0.0,0.0,,0,2.6297224727858235e-14
picard,Picard,10,53,106.02966875000001,0.024988813981446575,1.1461651312635133,Picard,0,0.0,0.0,,0,2.735187417657776e-14
picard,Picard,10,54,107.77884125,0.03036780504740112,1.392884003385757,Picard,0,0.0,0.0,,0,2.695049511741961e-14
picard,Picard,10,55,109.547872958,0.023410827464514044,1.0737874215949037,Picard,0,0.0,0.0,,0,2.5867633151153958e-14
picard,Picard,10,56,111.23662225000001,0.02836698546905106,1.3011121555358796,Picard,0,0.0,0.0,,0,2.9264853607434317e-14
picard,Picard,10,57,113.10199250000001,0.027098608604416534,1.2429353514416632,Picard,0,0.0,0.0,,0,3.142833048408018e-14
picard,Picard,10,58,114.84758545800001,0.02233462527852944,1.0244251180985888,Picard,0,0.0,0.0,,0,2.2409060639449288e-14
picard,Picard,10,59,116.704824083,0.028156389854244637,1.291452739500075,Picard,0,0.0,0.0,,0,2.4904829356938678e-14
picard,Picard,10,60,118.519666125,0.021547094362942488,0.9883033367324153,Picard,0,0.0,0.0,,0,3.443005938855727e-14
picard,Picard,10,61,120.291687667,0.02384270468481666,1.0935963893700609,Picard,0,0.0,0.0,,0,2.982446549851047e-14
picard,Picard,10,62,122.092951833,0.026172518359918837,1.2004582515907196,Picard,0,0.0,0.0,,0,2.5483885256878686e-14
picard,Picard,10,63,123.927148208,0.020256857060542185,0.9291238571394781,Picard,0,0.0,0.0,,0,3.5814990475063433e-14
picard,Picard,10,64,125.664600667,0.028424340210260787,1.3037428527965036,Picard,0,0.0,0.0,,0,2.999868609546427e-14
picard,Picard,10,65,127.358593542,0.024658932781028677,1.13103442799528,Picard,0,0.0,0.0,,0,3.083246620708976e-14
picard,Picard,10,66,129.178129917,0.024850758168691717,1.1398329076187517,Picard,0,0.0,0.0,,0,3.3199885945761895e-14
picard,Picard,10,67,130.96419075,0.03049534635041347,1.3987339566655408,Picard,0,0.0,0.0,,0,3.1356073614444635e-14
picard,Picard,10,68,132.78378833300002,0.02355113883888763,1.0802231013733066,Picard,0,0.0,0.0,,0,3.474301435526436e-14
picard,Picard,10,69,134.49850087500002,0.028355500972558127,1.3005853946643917,Picard,0,0.0,0.0,,0,2.93132413798647e-14
picard,Picard,10,70,136.40755075,0.027397774662447114,1.2566572393402564,Picard,0,0.0,0.0,,0,3.2547054090471874e-14
picard,Picard,10,71,138.198722167,0.02240266793909997,1.0275460395253617,Picard,0,0.0,0.0,,0,4.3358876678914166e-14
picard,Picard,10,72,139.949009458,0.02826208446352248,1.2963006476803804,Picard,0,0.0,0.0,,0,2.4292310175474854e-14
picard,Picard,10,73,141.7254565,0.02181232423587254,1.0004686692827152,Picard,0,0.0,0.0,,0,3.134039520408413e-14
picard,Picard,10,74,143.446905292,0.023697860112078514,1.0869527848016933,Picard,0,0.0,0.0,,0,3.05291828626416e-14
picard,Picard,10,75,145.303175583,0.02629180236075528,1.2059294661340687,Picard,0,0.0,0.0,,0,2.2771363066680713e-14
picard,Picard,10,76,147.13831875,0.02015650530149932,0.9245210101551717,Picard,0,0.0,0.0,,0,3.775651723318131e-14
picard,Picard,10,77,148.923803958,0.028221620843246024,1.2944446976268886,Picard,0,0.0,0.0,,0,2.6788244206045283e-14
picard,Picard,10,78,150.67424266700002,0.024727379320232928,1.1341738741750715,Picard,0,0.0,0.0,,0,2.437986033251443e-14
picard,Picard,10,79,152.437384375,0.02461410207755767,1.1289781723776011,Picard,0,0.0,0.0,,0,3.534629777208805e-14
picard,Picard,10,80,154.1140875,0.03053311801775366,1.4004664345689402,Picard,0,0.0,0.0,,0,2.567526373828886e-14
picard,Picard,10,81,155.99732987500002,0.02363009738492023,1.0838447031165916,Picard,0,0.0,0.0,,0,2.942653487608956e-14
picard,Picard,10,82,157.783908792,0.028279858843438997,1.2971159074404182,Picard,0,0.0,0.0,,0,3.5647409894398666e-14
picard,Picard,10,83,159.535480125,0.027653502454303366,1.2683867387209902,Picard,0,0.0,0.0,,0,2.871048229339369e-14
picard,Picard,10,84,161.270900917,0.022440616812190787,1.0292866453476202,Picard,0,0.0,0.0,,0,2.515438242772982e-14
picard,Picard,10,85,163.026435583,0.028336174149218487,1.2996989287830405,Picard,0,0.0,0.0,,0,2.8070984786144147e-14
picard,Picard,10,86,164.842113833,0.02207000082660363,1.0122875544710284,Picard,0,0.0,0.0,,0,3.11466758041887e-14
picard,Picard,10,87,166.5300475,0.023541956804103988,1.0798019478079204,Picard,0,0.0,0.0,,0,2.873391898748785e-14
picard,Picard,10,88,168.322708333,0.026398682216840306,1.2108317381814766,Picard,0,0.0,0.0,,0,3.494961268066223e-14
picard,Picard,10,89,169.99064,0.020060117791525924,0.9200999918906456,Picard,0,0.0,0.0,,0,3.6019198774265464e-14
picard,Picard,10,90,171.74990250000002,0.027998607905837736,1.2842157346649885,Picard,0,0.0,0.0,,0,3.070703722608886e-14
picard,Picard,10,91,173.538476792,0.024786666025534657,1.1368931850801345,Picard,0,0.0,0.0,,0,2.4268793687787152e-14
picard,Picard,10,92,175.19085841700002,0.02436280383687195,1.1174518437877092,Picard,0,0.0,0.0,,0,3.3504485846204596e-14
picard,Picard,10,93,176.94014766700002,0.03054923299137173,1.401205582127763,Picard,0,0.0,0.0,,0,2.7363298696077278e-14
picard,Picard,10,94,178.705165833,0.02369913859003063,1.0870114249136607,Picard,0,0.0,0.0,,0,2.921162169058863e-14
picard,Picard,10,95,180.3958945,0.028188173235448134,1.2929105519163087,Picard,0,0.0,0.0,,0,2.6002914973304482e-14
picard,Picard,10,96,182.18051625,0.02789715184184223,1.2795622363839885,Picard,0,0.0,0.0,,0,3.302076651324839e-14
picard,Picard,10,97,183.933437042,0.022477747958389083,1.0309897443857712,Picard,0,0.0,0.0,,0,2.6344680828669264e-14
picard,Picard,10,98,185.63023025,0.028402044197676914,1.302720198731816,Picard,0,0.0,0.0,,0,2.9511285939414126e-14
picard,Picard,10,99,187.462911875,0.02233265078726401,1.0243345538548396,Picard,0,0.0,0.0,,0,3.3371490396075017e-14
picard,Picard,10,100,189.29992570800002,0.023392469082718297,1.0729453753458769,Picard,0,0.0,0.0,,0,2.5966981464631686e-14
picard,Picard,10,101,191.133060083,0.026504621747026093,1.2156908801804343,Picard,0,0.0,0.0,,0,3.9807250768834086e-14
picard,Picard,10,102,193.041641292,0.01997905226598437,0.9163817490483778,Picard,0,0.0,0.0,,0,4.7217849450684934e-14
picard,Picard,10,103,194.76007325,0.027767916624261924,1.2736345881077726,Picard,0,0.0,0.0,,0,2.886439284425215e-14
picard,Picard,10,104,196.50544687500002,0.024844973152432,1.1395675655370665,Picard,0,0.0,0.0,,0,2.2356196889383957e-14
picard,Picard,10,105,198.313824833,0.024106555336367404,1.1056984609967158,Picard,0,0.0,0.0,,0,3.384591037711086e-14
picard,Picard,10,106,200.285893417,0.030549764345246744,1.4012299538039998,Picard,0,0.0,0.0,,0,3.020631274984592e-14
picard,Picard,10,107,202.080839667,0.023764099846829534,1.0899910111989979,Picard,0,0.0,0.0,,0,3.28455293224161e-14
picard,Picard,10,108,203.927312,0.028085362644554992,1.2881949253766174,Picard,0,0.0,0.0,,0,2.246698901755674e-14
picard,Picard,10,109,205.714558875,0.02813116702350261,1.290295840692083,Picard,0,0.0,0.0,,0,2.858733248178452e-14
picard,Picard,10,110,207.66943975,0.022517726343629117,1.032823438101702,Picard,0,0.0,0.0,,0,2.6879282108191293e-14
picard,Picard,10,111,209.468237125,0.028461734105274274,1.3054580033682117,Picard,0,0.0,0.0,,0,3.458182019015646e-14
picard,Picard,10,112,211.295265417,0.022601026500176792,1.0366441770505224,Picard,0,0.0,0.0,,0,3.318952832873053e-14
picard,Picard,10,113,213.100906917,0.02325222269348561,1.0665126762492545,Picard,0,0.0,0.0,,0,3.095775740721517e-14
picard,Picard,10,114,214.898638,0.026610640002266296,1.2205536330715454,Picard,0,0.0,0.0,,0,2.6328591369692423e-14
picard,Picard,10,115,216.786897417,0.019915943452230366,0.9134871290054278,Picard,0,0.0,0.0,,0,4.2137407850608176e-14
picard,Picard,10,116,218.50784133300002,0.02753202919375618,1.2628151091221047,Picard,0,0.0,0.0,,0,2.86679727160987e-14
picard,Picard,10,117,220.351831333,0.024903831514436585,1.1422672295652605,Picard,0,0.0,0.0,,0,2.2852993931792173e-14
picard,Picard,10,118,222.222827958,0.023847735339483353,1.0938271310519458,Picard,0,0.0,0.0,,0,3.338068327542868e-14
picard,Picard,10,119,224.113376958,0.03053538465700952,1.4005703988019824,Picard,0,0.0,0.0,,0,2.576891304917632e-14
picard,Picard,10,120,225.94379883300002,0.02382633805499974,1.092845699064135,Picard,0,0.0,0.0,,0,2.578177310461813e-14
picard,Picard,10,121,227.697625375,0.027972187380501206,1.2830039010456387,Picard,0,0.0,0.0,,0,2.1533859590913364e-14
picard,Picard,10,122,229.416241542,0.028355730815788845,1.3005959369132916,Picard,0,0.0,0.0,,0,3.273783380999508e-14
picard,Picard,10,123,231.140443708,0.022561349622963644,1.0348243126418755,Picard,0,0.0,0.0,,0,2.7098595968773026e-14
picard,Picard,10,124,233.011013917,0.02851537473142604,1.3079183448377967,Picard,0,0.0,0.0,,0,4.4179970314801684e-14
picard,Picard,10,125,234.711006458,0.02287480108606044,1.0492014310442064,Picard,0,0.0,0.0,,0,3.1799992192823785e-14
picard,Picard,10,126,236.44336916700001,0.023122182028655992,1.060548084420899,Picard,0,0.0,0.0,,0,2.6285688116098967e-14
picard,Picard,10,127,238.177966,0.026716840095384945,1.2254247263439155,Picard,0,0.0,0.0,,0,3.0457906817281477e-14
picard,Picard,10,128,240.06434950000002,0.019872100061370596,0.9114761585817359,Picard,0,0.0,0.0,,0,3.710789650416083e-14
picard,Picard,10,129,241.767820167,0.027292352894966645,1.2518218456296146,Picard,0,0.0,0.0,,0,3.3175934719426565e-14
picard,Picard,10,130,243.459141042,0.02496403710359691,1.1450286870339492,Picard,0,0.0,0.0,,0,2.1914476214261e-14
picard,Picard,10,131,245.275736792,0.0235877657056993,1.081903070564247,Picard,0,0.0,0.0,,0,3.0421199623274416e-14
picard,Picard,10,132,247.038173542,0.03050637857936659,1.3992399733238572,Picard,0,0.0,0.0,,0,2.759768607650101e-14
picard,Picard,10,133,248.836684042,0.023886528039368284,1.0956064407858408,Picard,0,0.0,0.0,,0,3.158589184397152e-14
picard,Picard,10,134,250.57261,0.02784893006568854,1.2773504420012702,Picard,0,0.0,0.0,,0,2.4996900873366605e-14
picard,Picard,10,135,252.32132275,0.028570872363919027,1.3104638618550655,Picard,0,0.0,0.0,,0,2.776110913448449e-14
picard,Picard,10,136,254.07710645800003,0.022608777286335032,1.036999683351904,Picard,0,0.0,0.0,,0,2.61835793377805e-14
picard,Picard,10,137,255.97416358299998,0.028562890459515274,1.310097754823517,Picard,0,0.0,0.0,,0,3.626667379113628e-14
picard,Picard,10,138,257.77136270799997,0.023153413396774215,1.0619805775822526,Picard,0,0.0,0.0,,0,3.5731994371102324e-14
picard,Picard,10,139,259.46827420799997,0.023002790195135053,1.0550719239019994,Picard,0,0.0,0.0,,0,3.019336632778546e-14
picard,Picard,10,140,261.247398,0.026823175047090198,1.230302005192349,Picard,0,0.0,0.0,,0,2.3727602102611457e-14
picard,Picard,10,141,263.096362583,0.019848298010336652,0.910384426858577,Picard,0,0.0,0.0,,0,3.500528111050419e-14
picard,Picard,10,142,264.90332620799995,0.027050066152392405,1.2407088485777258,Picard,0,0.0,0.0,,0,3.3530508906650826e-14
picard,Picard,10,143,266.666855167,0.025026138835388678,1.147877115119558,Picard,0,0.0,0.0,,0,3.5108494320665516e-14
picard,Picard,10,144,268.508122917,0.023327816012784667,1.0699799247069595,Picard,0,0.0,0.0,,0,2.6193888051001745e-14
picard,Picard,10,145,270.213085875,0.03046297718119222,1.3972492758352737,Picard,0,0.0,0.0,,0,3.4304960735995915e-14
picard,Picard,10,146,271.98540466699995,0.023945055362001463,1.0982909209887894,Picard,0,0.0,0.0,,0,2.4502678258793037e-14
picard,Picard,10,147,273.791508208,0.02771575858937578,1.271242248841647,Picard,0,0.0,0.0,,0,3.980208772329487e-14
picard,Picard,10,148,275.65863433299995,0.028776526947377683,1.3198966469732325,Picard,0,0.0,0.0,,0,2.5440972950667433e-14
picard,Picard,10,149,277.430175417,0.0226598670295429,1.0393430231468035,Picard,0,0.0,0.0,,0,2.9028789472603685e-14
picard,Picard,10,150,279.14342445799997,0.028604128372844626,1.3119892194756317,Picard,0,0.0,0.0,,0,2.4816539542025587e-14
picard,Picard,10,151,280.992236875,0.023436140783381392,1.074948470833329,Picard,0,0.0,0.0,,0,3.477472567246611e-14
picard,Picard,10,152,282.761052917,0.022894223632398618,1.050092287464591,Picard,0,0.0,0.0,,0,2.7850694484303735e-14
picard,Picard,10,153,284.505462875,0.026929499840242302,1.2351788180971244,Picard,0,0.0,0.0,,0,3.108875605991761e-14
picard,Picard,10,154,286.19054541699995,0.01984496328043448,0.9102314723750675,Picard,0,0.0,0.0,,0,3.63027539616322e-14
picard,Picard,10,155,287.99546,0.026806239149001473,1.229525204185693,Picard,0,0.0,0.0,,0,2.7782861792838836e-14
picard,Picard,10,156,289.76768925,0.025090510770220783,1.150829670898768,Picard,0,0.0,0.0,,0,3.5734165185659175e-14
picard,Picard,10,157,291.42639166699996,0.023068962232706904,1.058107045224117,Picard,0,0.0,0.0,,0,2.7383610222058907e-14
picard,Picard,10,158,293.21021316699995,0.030405370556464473,1.3946070254010694,Picard,0,0.0,0.0,,0,2.5606086792196037e-14
picard,Picard,10,159,294.895864875,0.024002134630702363,1.1009089831165706,Picard,0,0.0,0.0,,0,2.3246302761850155e-14
picard,Picard,10,160,296.6634315,0.027572796826265757,1.2646850033436285,Picard,0,0.0,0.0,,0,3.016780754981811e-14
picard,Picard,10,161,298.350279958,0.02897252568049091,1.328886545966958,Picard,0,0.0,0.0,,0,2.622672711277137e-14
picard,Picard,10,162,300.063450125,0.022714314393577288,1.0418403673661714,Picard,0,0.0,0.0,,0,3.086160834684481e-14
picard,Picard,10,163,301.84298670799996,0.028638879655768525,1.3135831610201811,Picard,0,0.0,0.0,,0,2.7894160241424235e-14
picard,Picard,10,164,303.642113833,0.0237221499947297,1.088066891960118,Picard,0,0.0,0.0,,0,3.4532763232325355e-14
picard,Picard,10,165,305.41307237499996,0.022796501800563078,1.0456100676883242,Picard,0,0.0,0.0,,0,3.25676303571709e-14
picard,Picard,10,166,307.148218708,0.027035593547196448,1.240045031741662,Picard,0,0.0,0.0,,0,2.3596632982603896e-14
picard,Picard,10,167,308.962359958,0.019862267122287103,0.9110251499054656,Picard,0,0.0,0.0,,0,3.8211529241596375e-14
picard,Picard,10,168,310.69652145799995,0.026561882002501674,1.218317243651789,Picard,0,0.0,0.0,,0,3.206365026720922e-14
picard,Picard,10,169,312.463642458,0.025157402789997493,1.1538978157368855,Picard,0,0.0,0.0,,0,2.6377387596249645e-14
picard,Picard,10,170,314.18669241699996,0.022812260357159678,1.046332867421976,Picard,0,0.0,0.0,,0,2.5043506397554042e-14
picard,Picard,10,171,315.97608354199997,0.03033372985755362,1.3913210722889315,Picard,0,0.0,0.0,,0,4.122676520366647e-14
picard,Picard,10,172,317.76613375,0.02405789174163204,1.103466401664527,Picard,0,0.0,0.0,,0,2.39397705371525e-14
picard,Picard,10,173,319.48005558299997,0.027420163030709866,1.2576841294946952,Picard,0,0.0,0.0,,0,3.537210885073093e-14
picard,Picard,10,174,321.290067583,0.02915861930728506,1.3374221261805763,Picard,0,0.0,0.0,,0,2.4068944366301092e-14
picard,Picard,10,175,323.025643125,0.022771738942469696,1.0444742665047173,Picard,0,0.0,0.0,,0,2.5671663563618956e-14
picard,Picard,10,176,324.870927292,0.028666899658739718,1.3148683580850489,Picard,0,0.0,0.0,,0,2.310065639854988e-14
picard,Picard,10,177,326.531763208,0.02401055063835914,1.101295001217622,Picard,0,0.0,0.0,,0,3.305573561737396e-14
picard,Picard,10,178,328.29292499999997,0.022709547199028367,1.04162170984325,Picard,0,0.0,0.0,,0,3.6343174193962156e-14
picard,Picard,10,179,330.032156167,0.027141184601653788,1.244888190159753,Picard,0,0.0,0.0,,0,2.7784794321253116e-14
picard,Picard,10,180,331.784283708,0.01990018318939873,0.912764251011675,Picard,0,0.0,0.0,,0,3.623852776671717e-14
picard,Picard,10,181,333.48088604199995,0.026317971342736682,1.207129762182133,Picard,0,0.0,0.0,,0,2.6164325209353814e-14
picard,Picard,10,182,335.207751208,0.025226980979144546,1.1570891674495367,Picard,0,0.0,0.0,,0,2.7056006897906473e-14
picard,Picard,10,183,337.187845167,0.022558783747513182,1.0347066233039715,Picard,0,0.0,0.0,,0,2.8478423679739047e-14
picard,Picard,10,184,339.04000533299995,0.030248235920207537,1.387399710915268,Picard,0,0.0,0.0,,0,2.608415836748499e-14
picard,Picard,10,185,340.813971208,0.024112419663765233,1.1059674408525302,Picard,0,0.0,0.0,,0,2.8500017326795104e-14
picard,Picard,10,186,342.50325208299995,0.02725799472334463,1.2502459349714954,Picard,0,0.0,0.0,,0,2.6995891623045265e-14
picard,Picard,10,187,344.32516516699997,0.02933450954446346,1.3454897062159166,Picard,0,0.0,0.0,,0,2.337420872813534e-14
picard,Picard,10,188,346.048496625,0.02283173497359529,1.0472261121481885,Picard,0,0.0,0.0,,0,2.6542796543913278e-14
picard,Picard,10,189,347.781765667,0.028687925221460842,1.3158327402631722,Picard,0,0.0,0.0,,0,2.8471291728563835e-14
picard,Picard,10,190,349.566782667,0.024300437466153704,1.1145912774745668,Picard,0,0.0,0.0,,0,3.184541859162229e-14
picard,Picard,10,191,351.40176025,0.022633216477329,1.0381206388552093,Picard,0,0.0,0.0,,0,2.7192268929017902e-14
picard,Picard,10,192,353.22260874999995,0.02724597193017212,1.2496944839772643,Picard,0,0.0,0.0,,0,4.4009703977877756e-14
picard,Picard,10,193,354.91453924999996,0.01995852088205746,0.9154400334322992,Picard,0,0.0,0.0,,0,2.6509023076883568e-14
picard,Picard,10,194,356.73151787499995,0.02607546188831237,1.1960065499772938,Picard,0,0.0,0.0,,0,3.337760340781445e-14
picard,Picard,10,195,358.38864275,0.025299354394666927,1.1604087281683362,Picard,0,0.0,0.0,,0,2.9300552036014814e-14
picard,Picard,10,196,360.1427065,0.022309638452172317,1.0232790441339448,Picard,0,0.0,0.0,,0,2.8184145640082226e-14
picard,Picard,10,197,361.87172499999997,0.030149102887630064,1.3828527634138352,Picard,0,0.0,0.0,,0,2.4803331002287743e-14
picard,Picard,10,198,363.66227533299997,0.024165811232195075,1.1084163587596862,Picard,0,0.0,0.0,,0,2.4771396288396972e-14
picard,Picard,10,199,365.381353125,0.027086463252478703,1.2423782790288467,Picard,0,0.0,0.0,,0,2.8694989139488405e-14
picard,Picard,10,200,367.12682437499996,0.029499874527624485,1.3530745230772478,Picard,0,0.0,0.0,,0,3.388409756682603e-14
picard,Picard,10,201,368.886774667,0.022893898440064182,1.0500773718261394,Picard,0,0.0,0.0,,0,2.6206988675726717e-14
picard,Picard,10,202,370.64090041699995,0.02870168676020867,1.3164639425233917,Picard,0,0.0,0.0,,0,2.090905714212429e-14
picard,Picard,10,203,372.40152758299996,0.024590918281954578,1.1279147982554705,Picard,0,0.0,0.0,,0,3.274736534938864e-14
picard,Picard,10,204,374.157747917,0.0225673158405152,1.0350979659064203,Picard,0,0.0,0.0,,0,3.1181967425644926e-14
picard,Picard,10,205,375.974231708,0.027349639188665842,1.2544494033995068,Picard,0,0.0,0.0,,0,4.2701543147730055e-14
picard,Picard,10,206,377.788188458,0.020036944491552716,0.9190370991729153,Picard,0,0.0,0.0,,0,3.380668633499896e-14
picard,Picard,10,207,379.55440358299995,0.025835288217258803,1.1849904734474699,Picard,0,0.0,0.0,,0,2.9438428693305797e-14
picard,Picard,10,208,381.544756417,0.02537459005798045,1.1638595719731468,Picard,0,0.0,0.0,,0,4.04077976982687e-14
picard,Picard,10,209,383.31672816699995,0.02206596577724344,1.0121024783452461,Picard,0,0.0,0.0,,0,3.532954752542374e-14
picard,Picard,10,210,385.174088167,0.03003659390078619,1.3776922993049752,Picard,0,0.0,0.0,,0,5.0098039720059116e-14
picard,Picard,10,211,386.96778120799996,0.02421817551985334,1.110818158248126,Picard,0,0.0,0.0,,0,2.188194046571949e-14
picard,Picard,10,212,388.913754333,0.026905781466122044,1.2340909243936822,Picard,0,0.0,0.0,,0,2.7618557506651518e-14
picard,Picard,10,213,390.669566417,0.029654385003067038,1.3601614748428934,Picard,0,0.0,0.0,,0,2.9682530132996665e-14
picard,Picard,10,214,392.405593125,0.0229578398577339,1.0530101810195247,Picard,0,0.0,0.0,,0,2.2070569744101984e-14
picard,Picard,10,215,394.11224158299996,0.028707915579791816,1.3167496405889514,Picard,0,0.0,0.0,,0,2.3026623433988444e-14
picard,Picard,10,216,395.93520724999996,0.02488112986606458,1.1412259701519278,Picard,0,0.0,0.0,,0,4.175809113071499e-14
picard,Picard,10,217,397.706606208,0.022511608289815004,1.0325428205438567,Picard,0,0.0,0.0,,0,4.710424114552822e-14
picard,Picard,10,218,399.555434375,0.02745186327719719,1.2591381287602548,Picard,0,0.0,0.0,,0,2.344010005482374e-14
picard,Picard,10,219,401.380909583,0.020134986202246772,0.9235339908737533,Picard,0,0.0,0.0,,0,2.979976746150867e-14
picard,Picard,10,220,403.12210799999997,0.025598361324949682,1.17412331733414,Picard,0,0.0,0.0,,0,3.730533886692471e-14
picard,Picard,10,221,404.91944054199996,0.025452720222067064,1.1674431782156225,Picard,0,0.0,0.0,,0,2.2287199310665297e-14
picard,Picard,10,222,406.696363583,0.021828938064453386,1.001230697886005,Picard,0,0.0,0.0,,0,3.599619191477412e-14
picard,Picard,10,223,408.454775708,0.029911030166763018,1.37193305143529,Picard,0,0.0,0.0,,0,4.129919598984405e-14
picard,Picard,10,224,410.24381474999996,0.02426964445814363,1.1131788906324354,Picard,0,0.0,0.0,,0,2.875418567776022e-14
picard,Picard,10,225,412.058051917,0.026716207333098256,1.2253957033550726,Picard,0,0.0,0.0,,0,2.649169228071974e-14
picard,Picard,10,226,413.883629458,0.02979771357411267,1.3667355447674725,Picard,0,0.0,0.0,,0,3.959016204376992e-14
picard,Picard,10,227,415.65767708299995,0.023023189110958624,1.0560075635866166,Picard,0,0.0,0.0,,0,3.1959904024967134e-14
picard,Picard,10,228,417.421247667,0.028706348154671584,1.316677747300218,Picard,0,0.0,0.0,,0,3.7717207885813974e-14
picard,Picard,10,229,419.098758375,0.025170245752256435,1.154486885531645,Picard,0,0.0,0.0,,0,3.2281500781726186e-14
picard,Picard,10,230,420.962219167,0.02246581741789006,1.03044252475673,Picard,0,0.0,0.0,,0,2.8983456422165694e-14
picard,Picard,10,231,422.665695583,0.027552318959185577,1.263745742391613,Picard,0,0.0,0.0,,0,3.2234511983250256e-14
picard,Picard,10,232,424.38063308299996,0.020252056231116148,0.9289036568813404,Picard,0,0.0,0.0,,0,3.118353521513722e-14
picard,Picard,10,233,426.10807054199995,0.025365562786585357,1.1634455169599243,Picard,0,0.0,0.0,,0,3.1943924968587396e-14
picard,Picard,10,234,427.932322833,0.02553374523775537,1.1711595629872635,Picard,0,0.0,0.0,,0,2.943522160218189e-14
picard,Picard,10,235,429.68988204199997,0.021599751027096863,0.9907185466910475,Picard,0,0.0,0.0,,0,4.034131990541552e-14
picard,Picard,10,236,431.44536979199995,0.029772795436533033,1.3655926213597824,Picard,0,0.0,0.0,,0,3.5793637553930125e-14
picard,Picard,10,237,433.24163124999995,0.02432037393140387,1.1155057058795064,Picard,0,0.0,0.0,,0,3.802472060584155e-14
picard,Picard,10,238,434.948372167,0.026518045642156554,1.2163065956976131,Picard,0,0.0,0.0,,0,5.1418705971935765e-14
picard,Picard,10,239,436.745341458,0.02992953905058206,1.3727820007798945,Picard,0,0.0,0.0,,0,2.8058916641636263e-14
picard,Picard,10,240,438.467619417,0.023089597173006446,1.0590535106736017,Picard,0,0.0,0.0,,0,2.5929162220900522e-14
picard,Picard,10,241,440.209702667,0.02869672854497741,1.3162365234303692,Picard,0,0.0,0.0,,0,2.7343304638655524e-14
picard,Picard,10,242,442.045547667,0.025457479395459844,1.1676614678311477,Picard,0,0.0,0.0,,0,3.042548354105325e-14
picard,Picard,10,243,444.05459854199995,0.022429630764927787,1.028782746910799,Picard,0,0.0,0.0,,0,3.229552256311049e-14
picard,Picard,10,244,445.874697875,0.027650681151755212,1.268257333675683,Picard,0,0.0,0.0,,0,2.894086876267263e-14
picard,Picard,10,245,447.667511042,0.020387453455455513,0.9351139387107568,Picard,0,0.0,0.0,,0,3.1514699866290326e-14
picard,Picard,10,246,449.42929,0.02513773845108879,1.1529958689857018,Picard,0,0.0,0.0,,0,4.03583228306831e-14
picard,Picard,10,247,451.160901083,0.025617634636428136,1.1750073287801008,Picard,0,0.0,0.0,,0,4.3018318411974614e-14
picard,Picard,10,248,452.992077958,0.021379614371447454,0.9806215105129541,Picard,0,0.0,0.0,,0,2.874708729097244e-14
picard,Picard,10,249,454.696205542,0.029622337672241074,1.3586915558155215,Picard,0,0.0,0.0,,0,2.8696253346210244e-14
picard,Picard,10,250,456.49363925,0.024370542262710508,1.1178067831567249,Picard,0,0.0,0.0,,0,2.6010768817406385e-14
picard,Picard,10,251,458.25518662499996,0.026311648808297894,1.2068397656852874,Picard,0,0.0,0.0,,0,2.673265349046844e-14
picard,Picard,10,252,459.974752375,0.030049549061636212,1.3782865153268813,Picard,0,0.0,0.0,,0,2.7639393618279982e-14
picard,Picard,10,253,461.76717974999997,0.02315673657453924,1.0621330022024082,Picard,0,0.0,0.0,,0,3.024567662101729e-14
picard,Picard,10,254,463.502403375,0.02867881024907427,1.3154146626573413,Picard,0,0.0,0.0,,0,2.3705400609804603e-14
picard,Picard,10,255,465.28706745799997,0.02574208447681182,1.1807154855475648,Picard,0,0.0,0.0,,0,4.299660752329293e-14
picard,Picard,10,256,467.02168125,0.02240270265012119,1.0275476316202177,Picard,0,0.0,0.0,,0,3.099387226672699e-14
picard,Picard,10,257,468.77950549999997,0.027746626109782863,1.272658053353435,Picard,0,0.0,0.0,,0,2.4067862159418678e-14
picard,Picard,10,258,470.584327083,0.020540376424570687,0.9421280761203688,Picard,0,0.0,0.0,,0,2.998195890712274e-14
picard,Picard,10,259,472.323198667,0.02491569218237618,1.1428112443406697,Picard,0,0.0,0.0,,0,2.954884009987997e-14
picard,Picard,10,260,474.172127958,0.025704327543215284,1.1789836834386727,Picard,0,0.0,0.0,,0,2.1370788290060777e-14
picard,Picard,10,261,475.869011458,0.021169741296937397,0.9709952353254602,Picard,0,0.0,0.0,,0,3.63607093344936e-14
picard,Picard,10,262,477.64597045799997,0.02946016897195701,1.3512533432702634,Picard,0,0.0,0.0,,0,2.839836936940504e-14
picard,Picard,10,263,479.34820483299995,0.024420347932764905,1.1200912262038398,Picard,0,0.0,0.0,,0,4.120511485333896e-14
picard,Picard,10,264,481.06478212499997,0.026097417482507938,1.1970135900281669,Picard,0,0.0,0.0,,0,3.325513693135282e-14
picard,Picard,10,265,482.834703625,0.030157441296089757,1.3832352222625757,Picard,0,0.0,0.0,,0,2.9012908964988726e-14
picard,Picard,10,266,484.55674829199995,0.023224301316813894,1.0652320028894962,Picard,0,0.0,0.0,,0,2.7442111280970914e-14
picard,Picard,10,267,486.277583792,0.02865235774956858,1.3142013624746796,Picard,0,0.0,0.0,,0,3.4569061573120634e-14
picard,Picard,10,268,488.031394667,0.026023354137750615,1.193616517108715,Picard,0,0.0,0.0,,0,5.0117052145798515e-14
picard,Picard,10,269,489.77772525,0.022384657692651674,1.026719961244903,Picard,0,0.0,0.0,,0,3.041726847577477e-14
picard,Picard,10,270,491.47010629199997,0.027839832060739846,1.2769331426430854,Picard,0,0.0,0.0,,0,2.4400873893639957e-14
picard,Picard,10,271,493.342794708,0.020709935919617617,0.9499052831955718,Picard,0,0.0,0.0,,0,3.1779412379985756e-14
picard,Picard,10,272,495.091369708,0.024700180340203326,1.1329263350746162,Picard,0,0.0,0.0,,0,2.7422057932711806e-14
picard,Picard,10,273,496.940861,0.025793733235330664,1.1830844657693271,Picard,0,0.0,0.0,,0,3.573500532707217e-14
picard,Picard,10,274,498.761639,0.020971337079633848,0.961895003680301,Picard,0,0.0,0.0,,0,4.167471169901705e-14
picard,Picard,10,275,500.656824417,0.029286864284096995,1.3433043549566468,Picard,0,0.0,0.0,,0,4.3831224308951695e-14
picard,Picard,10,276,502.48202516699996,0.02447000641226298,1.1223689180428569,Picard,0,0.0,0.0,,0,2.5984634973624838e-14
picard,Picard,10,277,504.33662649999997,0.025875800990150043,1.186848677990239,Picard,0,0.0,0.0,,0,2.8358149594694138e-14
picard,Picard,10,278,506.067694125,0.03025292519655751,1.387614794554179,Picard,0,0.0,0.0,,0,2.9539882251515194e-14
picard,Picard,10,279,507.86299216699996,0.023292007531407862,1.0683374925055726,Picard,0,0.0,0.0,,0,2.4628861443788178e-14
picard,Picard,10,280,509.580368583,0.028617148224052365,1.3125864026584602,Picard,0,0.0,0.0,,0,2.0477006036057063e-14
picard,Picard,10,281,511.28992933300003,0.026300619653400158,1.2063338900250629,Picard,0,0.0,0.0,,0,3.859347746490662e-14
picard,Picard,10,282,513.183071625,0.022375094810225028,1.026281339291899,Picard,0,0.0,0.0,,0,2.5445186083883152e-14
picard,Picard,10,283,514.954355667,0.027929979559627473,1.2810679495199677,Picard,0,0.0,0.0,,0,2.4499175023625983e-14
picard,Picard,10,284,516.81176175,0.02089516793818603,0.9584013439143519,Picard,0,0.0,0.0,,0,3.361103942151521e-14
picard,Picard,10,285,518.595761667,0.02449190677491451,1.1233734247814258,Picard,0,0.0,0.0,,0,3.690389106056907e-14
picard,Picard,10,286,520.334848667,0.025885732030048025,1.1873041862691316,Picard,0,0.0,0.0,,0,3.893759318022264e-14
picard,Picard,10,287,522.064013458,0.020785586805039592,0.9533751720460093,Picard,0,0.0,0.0,,0,3.1798558611617253e-14
picard,Picard,10,288,523.873326458,0.02910305922876677,1.3348737449434673,Picard,0,0.0,0.0,,0,4.98134680912576e-14
picard,Picard,10,289,525.6659422079999,0.024519747016638282,1.1246503767141358,Picard,0,0.0,0.0,,0,3.2384217998888856e-14
picard,Picard,10,290,527.4064543329999,0.025647297751323593,1.176367890670036,Picard,0,0.0,0.0,,0,3.4232227605893926e-14
picard,Picard,10,291,529.168028625,0.03033572345033678,1.391412512664441,Picard,0,0.0,0.0,,0,3.01177755289008e-14
picard,Picard,10,292,530.88595325,0.02335959345595917,1.0714374647628568,Picard,0,0.0,0.0,,0,2.668205246227494e-14
picard,Picard,10,293,532.661679167,0.028572973313835907,1.3105602263939766,Picard,0,0.0,0.0,,0,2.7405800025761107e-14
picard,Picard,10,294,534.3777202919999,0.026573248959031386,1.2188386133027305,Picard,0,0.0,0.0,,0,3.923191171626162e-14
picard,Picard,10,295,536.0962,0.022373591074893687,1.0262123672708694,Picard,0,0.0,0.0,,0,2.6662480832419537e-14
picard,Picard,10,296,537.8387356669999,0.028016751821134483,1.2850479439516385,Picard,0,0.0,0.0,,0,2.480139813986727e-14
picard,Picard,10,297,539.472167208,0.02109504726133401,0.9675692344281979,Picard,0,0.0,0.0,,0,4.221861964360267e-14
picard,Picard,10,298,541.2705925,0.02429151853214204,1.1141821915859849,Picard,0,0.0,0.0,,0,2.7873541668575803e-14
picard,Picard,10,299,543.0965300419999,0.025980176608142978,1.1916360878283532,Picard,0,0.0,0.0,,0,2.938531432494229e-14
picard,Picard,10,300,544.861434917,0.020613642480794146,0.9454885797045272,Picard,0,0.0,0.0,,0,4.1057254493367935e-14
picard,Picard,10,301,546.546500125,0.02890944707176045,1.3259933113416915,Picard,0,0.0,0.0,,0,3.3658269403248196e-14
picard,Picard,10,302,548.278892625,0.024569809769728713,1.1269466114217896,Picard,0,0.0,0.0,,0,2.445960691369633e-14
picard,Picard,10,303,550.066157083,0.02541245568065108,1.1655963593377205,Picard,0,0.0,0.0,,0,2.960182040965946e-14
picard,Picard,10,304,551.813379333,0.030405574285878707,1.3946163698842042,Picard,0,0.0,0.0,,0,2.871080178476388e-14
picard,Picard,10,305,553.554020958,0.02342682065110056,1.0745209831323528,Picard,0,0.0,0.0,,0,3.867428926282036e-14
picard,Picard,10,306,555.307671125,0.02851964109533355,1.3081140306975456,Picard,0,0.0,0.0,,0,2.244486517554114e-14
picard,Picard,10,307,557.07690725,0.026840644670584946,1.2311032866505587,Picard,0,0.0,0.0,,0,3.161227275594166e-14
picard,Picard,10,308,558.8536470829999,0.022379705980587715,1.0264928404334879,Picard,0,0.0,0.0,,0,3.323088645067475e-14
picard,Picard,10,309,560.582798833,0.028099834945513526,1.2888587282581843,Picard,0,0.0,0.0,,0,2.4626104390112552e-14
picard,Picard,10,310,562.317467625,0.021308501245808804,0.9773597556716599,Picard,0,0.0,0.0,,0,3.36343369099724e-14
picard,Picard,10,311,564.262233958,0.02409960233183642,1.1053795466474055,Picard,0,0.0,0.0,,0,3.185943276515478e-14
picard,Picard,10,312,566.105765,0.02607689371490562,1.196072223751024,Picard,0,0.0,0.0,,0,2.918463952879259e-14
picard,Picard,10,313,568.047396708,0.020456609375241006,0.9382859221405201,Picard,0,0.0,0.0,,0,3.909486728944193e-14
picard,Picard,10,314,569.858331333,0.028706775037090487,1.3166973271707976,Picard,0,0.0,0.0,,0,2.323026035980502e-14
picard,Picard,10,315,571.6067745,0.024620441772997083,1.1292689560002604,Picard,0,0.0,0.0,,0,2.4494106412327978e-14
picard,Picard,10,316,573.341982,0.02517187239919425,1.1545614951550702,Picard,0,0.0,0.0,,0,2.916930316118107e-14
picard,Picard,10,317,575.090457875,0.030462234010626196,1.3972151887357422,Picard,0,0.0,0.0,,0,2.9914703980441425e-14
picard,Picard,10,318,576.99864125,0.023493474425279024,1.0775782003291028,Picard,0,0.0,0.0,,0,3.1548684308847935e-14
picard,Picard,10,319,578.79432375,0.028456978119244577,1.3052398599478772,Picard,0,0.0,0.0,,0,2.2365497090107334e-14
picard,Picard,10,320,580.526101208,0.027102242532799914,1.2431020293002295,Picard,0,0.0,0.0,,0,2.991295950209648e-14
picard,Picard,10,321,582.342685167,0.022392985505455553,1.0271019341013412,Picard,0,0.0,0.0,,0,3.1131258581653036e-14
picard,Picard,10,322,584.122276417,0.02817891808858354,1.2924860449097417,Picard,0,0.0,0.0,,0,2.6554015115096003e-14
picard,Picard,10,323,585.8921423749999,0.02153442273487942,0.9877221255451611,Picard,0,0.0,0.0,,0,3.0643467873751537e-14
picard,Picard,10,324,587.657992833,0.023916681603415084,1.0969894981698136,Picard,0,0.0,0.0,,0,2.6165288776719982e-14
picard,Picard,10,325,589.40119725,0.02617568609370414,1.200603546441949,Picard,0,0.0,0.0,,0,2.1730320611635946e-14
picard,Picard,10,326,591.138760042,0.02031553214921983,0.9318151149465129,Picard,0,0.0,0.0,,0,3.196498472749082e-14
picard,Picard,10,327,593.097751292,0.028495839861670792,1.3070223364648557,Picard,0,0.0,0.0,,0,2.7317039135917816e-14
picard,Picard,10,328,594.8603382919999,0.02467189396589148,1.1316289203213519,Picard,0,0.0,0.0,,0,2.587552776397058e-14
picard,Picard,10,329,596.563157292,0.02492619543861695,1.143292998539842,Picard,0,0.0,0.0,,0,2.879736064216585e-14
picard,Picard,10,330,598.278400208,0.030505480008099037,1.3991987584404462,Picard,0,0.0,0.0,,0,2.2691628203686356e-14
picard,Picard,10,331,600.038464958,0.023559364794486348,1.0806004023322706,Picard,0,0.0,0.0,,0,3.3766750755416865e-14
picard,Picard,10,332,601.822305542,0.02838483154941607,1.3019307039895713,Picard,0,0.0,0.0,,0,2.876668317252491e-14
picard,Picard,10,333,603.482578125,0.0273575093444566,1.254810384843111,Picard,0,0.0,0.0,,0,2.9322161176115e-14
picard,Picard,10,334,605.246129042,0.022412966162493813,1.028018389456685,Picard,0,0.0,0.0,,0,3.760048138374694e-14
picard,Picard,10,335,607.027289542,0.028253693605068922,1.295915783101054,Picard,0,0.0,0.0,,0,2.4812208645456453e-14
picard,Picard,10,336,608.822859625,0.02177168284084291,0.9986045652118515,Picard,0,0.0,0.0,,0,3.4966017464597035e-14
picard,Picard,10,337,610.599170875,0.02374321434832503,1.0890330533642365,Picard,0,0.0,0.0,,0,2.7809547362628077e-14
picard,Picard,10,338,612.411149625,0.026276334761176922,1.2052200117632361,Picard,0,0.0,0.0,,0,3.045221177233348e-14
picard,Picard,10,339,614.1626327079999,0.02019138092813845,0.9261206549888328,Picard,0,0.0,0.0,,0,3.233580195509815e-14
picard,Picard,10,340,616.046490792,0.02827748282884872,1.297006926474904,Picard,0,0.0,0.0,,0,3.095117498579167e-14
picard,Picard,10,341,617.7941133329999,0.024724417315110953,1.1340380155067908,Picard,0,0.0,0.0,,0,2.8008313898449717e-14
picard,Picard,10,342,619.5909849999999,0.02467612228646229,1.131822861242504,Picard,0,0.0,0.0,,0,2.9064677614690195e-14
picard,Picard,10,343,621.369514125,0.03053511384575381,1.4005579774674333,Picard,0,0.0,0.0,,0,2.7402253611140202e-14
picard,Picard,10,344,623.280655583,0.02362432731470977,1.0835800465672618,Picard,0,0.0,0.0,,0,3.325535380636649e-14
picard,Picard,10,345,625.049820917,0.02830307124459693,1.2981805936171962,Picard,0,0.0,0.0,,0,2.6218551873593376e-14
picard,Picard,10,346,626.83622525,0.027605940837470633,1.2662052239503945,Picard,0,0.0,0.0,,0,3.025009949238402e-14
picard,Picard,10,347,628.57478125,0.022439178726746726,1.0292206844983784,Picard,0,0.0,0.0,,0,3.65973724258255e-14
picard,Picard,10,348,630.3125555419999,0.028323857112873125,1.2991339816995158,Picard,0,0.0,0.0,,0,3.509202984188244e-14
picard,Picard,10,349,632.084721542,0.022019142499338947,1.009954829060833,Picard,0,0.0,0.0,,0,4.5474119384186486e-14
picard,Picard,10,350,633.872637042,0.02357959172212456,1.0815281534127628,Picard,0,0.0,0.0,,0,3.22782262961627e-14
picard,Picard,10,351,635.590133917,0.026378601255280864,1.2099106821458134,Picard,0,0.0,0.0,,0,2.949850046595657e-14
picard,Picard,10,352,637.363717375,0.020085037624742397,0.9212429930723276,Picard,0,0.0,0.0,,0,4.181793030731996e-14
picard,Picard,10,353,639.076465,0.028052584262401866,1.286691475124395,Picard,0,0.0,0.0,,0,2.6462031087642486e-14
picard,Picard,10,354,640.9453367919999,0.024778259408643272,1.136507597706522,Picard,0,0.0,0.0,,0,3.009055912387415e-14
picard,Picard,10,355,642.78016825,0.024422400281631503,1.1201853615521533,Picard,0,0.0,0.0,,0,3.334368261439881e-14
picard,Picard,10,356,644.553653208,0.030550964988296805,1.4012850238525463,Picard,0,0.0,0.0,,0,2.6999299383378835e-14
picard,Picard,10,357,646.31717725,0.023688223740803097,1.086510792126251,Picard,0,0.0,0.0,,0,2.4248903643535242e-14
picard,Picard,10,358,648.07433825,0.028211591953167615,1.2939847012412387,Picard,0,0.0,0.0,,0,2.4242074472666987e-14
picard,Picard,10,359,649.8979117499999,0.027847059529627058,1.2772646458841743,Picard,0,0.0,0.0,,0,3.268358569663626e-14
picard,Picard,10,360,651.6424257919999,0.022471151771551755,1.0306871962393143,Picard,0,0.0,0.0,,0,2.4850900073477747e-14
picard,Picard,10,361,653.435039083,0.028389107463695894,1.3021268278974705,Picard,0,0.0,0.0,,0,2.975180962711905e-14
picard,Picard,10,362,655.1245215829999,0.022275662777111013,1.0217206774945629,Picard,0,0.0,0.0,,0,3.656517301849458e-14
picard,Picard,10,363,656.9126904579999,0.023426137353579304,1.0744896422374337,Picard,0,0.0,0.0,,0,2.715053753553356e-14
picard,Picard,10,364,658.6760631669999,0.026482229956122098,1.2146638330392712,Picard,0,0.0,0.0,,0,3.580792163397903e-14
picard,Picard,10,365,660.405433,0.019997283001032682,0.9172179405076919,Picard,0,0.0,0.0,,0,3.2513010684189337e-14
picard,Picard,10,366,662.217116125,0.02782205762517319,1.2761178803305357,Picard,0,0.0,0.0,,0,3.5089841753339025e-14
picard,Picard,10,367,663.975783792,0.024833660719458816,1.1390486967250755,Picard,0,0.0,0.0,,0,2.41954375713296e-14
picard,Picard,10,368,665.759952542,0.024165826418834305,1.1084170553272128,Picard,0,0.0,0.0,,0,2.988331699843464e-14
picard,Picard,10,369,667.516032667,0.030552894345044882,1.4013735179056075,Picard,0,0.0,0.0,,0,5.109140596692353e-14
picard,Picard,10,370,669.277188792,0.023750942817722175,1.0893875360598788,Picard,0,0.0,0.0,,0,2.824698824805817e-14
picard,Picard,10,371,670.980788417,0.0281103153968926,1.2893394364638444,Picard,0,0.0,0.0,,0,3.302480861450424e-14
picard,Picard,10,372,672.783191958,0.028080412400027344,1.2879678718768781,Picard,0,0.0,0.0,,0,3.0068716487811486e-14
picard,Picard,10,373,674.506389708,0.022508414904798872,1.0323963491443373,Picard,0,0.0,0.0,,0,2.8155289689353895e-14
picard,Picard,10,374,676.227054083,0.028449146737922416,1.3048806569777902,Picard,0,0.0,0.0,,0,2.8329989694394717e-14
picard,Picard,10,375,678.0308609169999,0.022540114154105804,1.0338503026720962,Picard,0,0.0,0.0,,0,3.92928141592655e-14
picard,Picard,10,376,679.799337292,0.023283107303007363,1.0679292645896536,Picard,0,0.0,0.0,,0,2.6741577319706583e-14
picard,Picard,10,377,681.512975667,0.02658695043112191,1.2194670604778863,Picard,0,0.0,0.0,,0,2.6367165546253368e-14
picard,Picard,10,378,683.238148292,0.019928784774777136,0.914076123591299,Picard,0,0.0,0.0,,0,3.435032953201101e-14
picard,Picard,10,379,685.034981667,0.027586843347395997,1.2653292769272804,Picard,0,0.0,0.0,,0,2.6889188069925133e-14
picard,Picard,10,380,686.782560417,0.024890851087231866,1.1416718546482276,Picard,0,0.0,0.0,,0,2.8905550945157253e-14
picard,Picard,10,381,688.564033875,0.02390724687684933,1.0965567543580945,Picard,0,0.0,0.0,,0,2.963975024043943e-14
picard,Picard,10,382,690.461958792,0.0305407981486873,1.4008187001180858,Picard,0,0.0,0.0,,0,3.042988239631571e-14
picard,Picard,10,383,692.233943667,0.023812400670316133,1.0922064312558584,Picard,0,0.0,0.0,,0,2.8604062468082615e-14
picard,Picard,10,384,694.0091763749999,0.02799919233659203,1.2842425408252451,Picard,0,0.0,0.0,,0,3.154375379865846e-14
picard,Picard,10,385,695.7147028329999,0.02830556841942002,1.2982951318546259,Picard,0,0.0,0.0,,0,6.035722075913268e-14
picard,Picard,10,386,697.486307042,0.022550501638095858,1.0343267467306176,Picard,0,0.0,0.0,,0,2.832691159378283e-14
picard,Picard,10,387,699.262412292,0.02850368013988269,1.3073819475097237,Picard,0,0.0,0.0,,0,4.066663485168333e-14
picard,Picard,10,388,701.0450909169999,0.02281138430329866,1.0462926853473344,Picard,0,0.0,0.0,,0,3.095456475526378e-14
picard,Picard,10,389,702.85473875,0.023150690781278613,1.061855699028624,Picard,0,0.0,0.0,,0,2.534573357162418e-14
picard,Picard,10,390,704.872520417,0.0266924796278311,1.2243073816587207,Picard,0,0.0,0.0,,0,2.6730677201239343e-14
picard,Picard,10,391,706.667280958,0.019880087291914497,0.9118425099080365,Picard,0,0.0,0.0,,0,3.8752543951732834e-14
picard,Picard,10,392,708.406553292,0.027347902427981068,1.2543697431747471,Picard,0,0.0,0.0,,0,2.567879719996472e-14
picard,Picard,10,393,710.195585417,0.024950046213149845,1.1443869650699674,Picard,0,0.0,0.0,,0,2.3443756958291e-14
picard,Picard,10,394,711.96781375,0.023647556406431455,1.084645498292265,Picard,0,0.0,0.0,,0,2.7865413266677813e-14
picard,Picard,10,395,713.815099667,0.030514611764061523,1.399617605860703,Picard,0,0.0,0.0,,0,3.23015668061692e-14
picard,Picard,10,396,715.594423167,0.023872541171939307,1.0949649033461448,Picard,0,0.0,0.0,,0,2.6872709076019898e-14
picard,Picard,10,397,717.285398208,0.027878204613022733,1.2786931814131082,Picard,0,0.0,0.0,,0,2.5676953568137615e-14
picard,Picard,10,398,719.061177917,0.028522116145256793,1.3082275541293606,Picard,0,0.0,0.0,,0,2.8847742233021106e-14
picard,Picard,10,399,720.874869125,0.022596952023880696,1.0364572925244215,Picard,0,0.0,0.0,,0,2.3379464621622033e-14
picard,Picard,10,400,722.652757875,0.028552415931008563,1.3096173182830022,Picard,0,0.0,0.0,,0,3.814097920208599e-14
picard,Picard,10,401,724.358976,0.02308838461273547,1.0589978940163574,Picard,0,0.0,0.0,,0,3.448249696339479e-14
picard,Picard,10,402,726.078624,0.023029011420318712,1.0562746161957128,Picard,0,0.0,0.0,,0,2.990632741038899e-14
picard,Picard,10,403,727.883838083,0.026798523922698835,1.2291713289127626,Picard,0,0.0,0.0,,0,2.6760148144402342e-14
picard,Picard,10,404,729.6595136669999,0.019851602886623913,0.9105360120425081,Picard,0,0.0,0.0,,0,5.250024279133446e-14
picard,Picard,10,405,731.408513417,0.027106209961836658,1.2432840038759758,Picard,0,0.0,0.0,,0,3.6733196655529854e-14
picard,Picard,10,406,733.234694792,0.02501144452475039,1.1472031292915765,Picard,0,0.0,0.0,,0,3.269939912623052e-14
picard,Picard,10,407,735.000418417,0.023387697378258143,1.0727265109662796,Picard,0,0.0,0.0,,0,2.6092711021214032e-14
picard,Picard,10,408,736.808220333,0.030474313596707082,1.3977692446575753,Picard,0,0.0,0.0,,0,3.2290371299622546e-14
picard,Picard,10,409,738.5358780419999,0.023931336204963554,1.0976616626558868,Picard,0,0.0,0.0,,0,3.096112827297248e-14
picard,Picard,10,410,740.353865208,0.02774736714757236,1.2726920426286323,Picard,0,0.0,0.0,,0,2.215523110111941e-14
picard,Picard,10,411,742.125529125,0.028729661380217434,1.3177470580021093,Picard,0,0.0,0.0,,0,3.1448161180720344e-14
picard,Picard,10,412,743.961083833,0.022647314806782545,1.0387672887378614,Picard,0,0.0,0.0,,0,2.2463085743132778e-14
picard,Picard,10,413,745.755533625,0.02859506544192065,1.3115735288622306,Picard,0,0.0,0.0,,0,3.9017749221187594e-14
picard,Picard,10,414,747.469842125,0.023370055358792077,1.0719173221999743,Picard,0,0.0,0.0,,0,3.427906124403286e-14
picard,Picard,10,415,749.215158292,0.022918129160776384,1.0511887653963317,Picard,0,0.0,0.0,,0,3.114542134844818e-14
picard,Picard,10,416,750.9124759169999,0.0269047810835763,1.2340450397193352,Picard,0,0.0,0.0,,0,2.189052627786397e-14
picard,Picard,10,417,752.7013768329999,0.01984360548246792,0.9101691940818387,Picard,0,0.0,0.0,,0,4.35390852178718e-14
picard,Picard,10,418,754.4381879169999,0.02686274855861713,1.2321171285138282,Picard,0,0.0,0.0,,0,2.7608564028065145e-14
picard,Picard,10,419,756.23015275,0.02507522403217455,1.1501285121269929,Picard,0,0.0,0.0,,0,4.375831289534313e-14
picard,Picard,10,420,758.0446802079999,0.023128658317678914,1.060845133198947,Picard,0,0.0,0.0,,0,2.9606184651130895e-14
picard,Picard,10,421,759.863101125,0.030419928945565392,1.3952747768984886,Picard,0,0.0,0.0,,0,2.483256093948138e-14
picard,Picard,10,422,761.592940875,0.023988785756459876,1.1002967085920685,Picard,0,0.0,0.0,,0,2.341471297478356e-14
picard,Picard,10,423,763.317177458,0.027606729889848688,1.2662414155168744,Picard,0,0.0,0.0,,0,4.2878830302530036e-14
picard,Picard,10,424,765.060822583,0.028927824875762648,1.3268362484315492,Picard,0,0.0,0.0,,0,3.071148462305042e-14
picard,Picard,10,425,766.820026583,0.02270114933134755,1.0412365237707994,Picard,0,0.0,0.0,,0,3.4675285053885915e-14
picard,Picard,10,426,768.658559083,0.028631343145921927,1.3132374829578286,Picard,0,0.0,0.0,,0,2.518512100983501e-14
picard,Picard,10,427,770.379282792,0.02365536997045635,1.0850038840340965,Picard,0,0.0,0.0,,0,3.438375522525977e-14
picard,Picard,10,428,772.111713208,0.022818042596130097,1.0465980821173773,Picard,0,0.0,0.0,,0,3.213440104596847e-14
picard,Picard,10,429,773.947920042,0.027010941975596014,1.23891433494988,Picard,0,0.0,0.0,,0,2.3350895525445345e-14
picard,Picard,10,430,775.7064425,0.01985622642419054,0.9107480804322241,Picard,0,0.0,0.0,,0,3.063653056032944e-14
picard,Picard,10,431,777.4577289169999,0.0266185018580002,1.220914233815379,Picard,0,0.0,0.0,,0,4.8347457608896174e-14
picard,Picard,10,432,779.2581467499999,0.025141539605989954,1.1531702170443763,Picard,0,0.0,0.0,,0,3.561204060950715e-14
picard,Picard,10,433,781.001264875,0.022871472074887902,1.0490487388624012,Picard,0,0.0,0.0,,0,3.5256813807149893e-14
picard,Picard,10,434,782.708937917,0.030351533568301035,1.3921376773699465,Picard,0,0.0,0.0,,0,3.255826575778271e-14
picard,Picard,10,435,784.445833667,0.02404491761268607,1.102871315630535,Picard,0,0.0,0.0,,0,2.5968915616654187e-14
picard,Picard,10,436,786.1508847079999,0.027456379690768036,1.2593452836799366,Picard,0,0.0,0.0,,0,2.523855803521787e-14
picard,Picard,10,437,787.9421663329999,0.02911624038712837,1.3354783268221808,Picard,0,0.0,0.0,,0,2.3970726076402273e-14
picard,Picard,10,438,789.686958292,0.02275802747769852,1.043845360993998,Picard,0,0.0,0.0,,0,2.7519987331857875e-14
picard,Picard,10,439,791.409311667,0.02866096684112492,1.3145962367796808,Picard,0,0.0,0.0,,0,2.899298649722718e-14
picard,Picard,10,440,793.1550280829999,0.023943337784171556,1.0982121406264909,Picard,0,0.0,0.0,,0,3.467563629513915e-14
picard,Picard,10,441,794.928380833,0.02272869171468974,1.0424998137949737,Picard,0,0.0,0.0,,0,3.317388177107102e-14
picard,Picard,10,442,796.768313625,0.027116692090903123,1.2437647890323384,Picard,0,0.0,0.0,,0,2.4002158372273475e-14
picard,Picard,10,443,798.50944375,0.01988945283904343,0.9122720806576671,Picard,0,0.0,0.0,,0,3.7543181750475323e-14
picard,Picard,10,444,800.276714083,0.026374447992905215,1.2097201839285114,Picard,0,0.0,0.0,,0,2.8886685418056244e-14
picard,Picard,10,445,802.040018292,0.02521052048030174,1.1563341716409787,Picard,0,0.0,0.0,,0,2.308693368765174e-14
picard,Picard,10,446,803.855090583,0.022617213081452762,1.037386609046961,Picard,0,0.0,0.0,,0,2.5801438845425193e-14
picard,Picard,10,447,805.6491337919999,0.03026925710426095,1.3883638922564787,Picard,0,0.0,0.0,,0,2.8115093237677534e-14
picard,Picard,10,448,807.538013792,0.024099786943933818,1.1053880142741204,Picard,0,0.0,0.0,,0,2.5345977319483125e-14
picard,Picard,10,449,809.458686542,0.02729644210999977,1.2520094061792544,Picard,0,0.0,0.0,,0,2.7475147992504404e-14
picard,Picard,10,450,811.2245495,0.02929455264881855,1.3436569981659974,Picard,0,0.0,0.0,,0,2.9953163103028585e-14
picard,Picard,10,451,813.038906792,0.02281753467353074,1.0465747851664617,Picard,0,0.0,0.0,,0,2.6537101929021443e-14
picard,Picard,10,452,814.84003875,0.02868365797958269,1.3156370141334313,Picard,0,0.0,0.0,,0,2.4407021012634396e-14
picard,Picard,10,453,816.707098458,0.024233006394909565,1.111498407893755,Picard,0,0.0,0.0,,0,2.967254369919142e-14
picard,Picard,10,454,818.444249875,0.022649961149598538,1.038888668882726,Picard,0,0.0,0.0,,0,2.836098497071004e-14
picard,Picard,10,455,820.293279333,0.0272217129628135,1.2485817948145232,Picard,0,0.0,0.0,,0,3.505126248586201e-14
picard,Picard,10,456,822.133336292,0.01994312861691321,0.914734034435604,Picard,0,0.0,0.0,,0,2.912812709240909e-14
picard,Picard,10,457,824.026352375,0.02613155316252274,1.198579295635243,Picard,0,0.0,0.0,,0,1.436336216439923e-13
picard,Picard,10,458,825.958160833,0.025282268359254914,1.1596250407938444,Picard,0,0.0,0.0,,0,2.7341249547426443e-14
picard,Picard,10,459,827.734391083,0.02236699402151144,1.0259097793784857,Picard,0,0.0,0.0,,0,4.6076827620869196e-14
picard,Picard,10,460,829.477952542,0.030173286205713024,1.383961982761561,Picard,0,0.0,0.0,,0,3.001531145315272e-14
picard,Picard,10,461,831.160037083,0.02415347577819702,1.1078505669113268,Picard,0,0.0,0.0,,0,2.422749384499544e-14
picard,Picard,10,462,833.066845417,0.027127083180151706,1.2442413984537146,Picard,0,0.0,0.0,,0,2.911360235757107e-14
picard,Picard,10,463,834.777341333,0.029462416257804137,1.3513564198180288,Picard,0,0.0,0.0,,0,3.207663321647741e-14
picard,Picard,10,464,836.4527117079999,0.022879271468499367,1.0494064746480651,Picard,0,0.0,0.0,,0,2.6032817610308053e-14
picard,Picard,10,465,838.210017333,0.02869914227659648,1.3163472343676732,Picard,0,0.0,0.0,,0,2.8416275455480384e-14
picard,Picard,10,466,839.935656583,0.02452346287019748,1.1248208122452337,Picard,0,0.0,0.0,,0,3.2592288945632705e-14
picard,Picard,10,467,841.7129219579999,0.022581683499795065,1.03575696917471,Picard,0,0.0,0.0,,0,3.294719290891665e-14
picard,Picard,10,468,843.4478239169999,0.027325683367948606,1.2533506187025907,Picard,0,0.0,0.0,,0,3.5248014246129297e-14
picard,Picard,10,469,845.1480178749999,0.02001695765765198,0.9181203605026291,Picard,0,0.0,0.0,,0,3.057573726041627e-14
picard,Picard,10,470,846.9167685,0.025890765342890875,1.1875350498739228,Picard,0,0.0,0.0,,0,3.706740753014393e-14
picard,Picard,10,471,848.74684125,0.025356855566815713,1.1630461417955957,Picard,0,0.0,0.0,,0,2.3277291309474208e-14
picard,Picard,10,472,850.459940792,0.022121961347251518,1.0146708343262918,Picard,0,0.0,0.0,,0,3.630300476426076e-14
picard,Picard,10,473,852.216984542,0.030063867060854337,1.378943240830759,Picard,0,0.0,0.0,,0,4.536588393014996e-14
picard,Picard,10,474,853.992827917,0.024206091873674188,1.1102639161012458,Picard,0,0.0,0.0,,0,2.2604031925981013e-14
picard,Picard,10,475,855.902061625,0.02694851099806543,1.2360508053078016,Picard,0,0.0,0.0,,0,2.7302566393128532e-14
picard,Picard,10,476,857.763836333,0.02961949437185469,1.358561141792551,Picard,0,0.0,0.0,,0,3.912551164725893e-14
picard,Picard,10,477,859.502691958,0.022942854517205576,1.0523228464863041,Picard,0,0.0,0.0,,0,2.778952666844397e-14
picard,Picard,10,478,861.229043917,0.028707150373573676,1.3167145427773423,Picard,0,0.0,0.0,,0,2.0705031375068893e-14
picard,Picard,10,479,863.062602375,0.024813834366346897,1.1381393188476832,Picard,0,0.0,0.0,,0,3.370932158729312e-14
picard,Picard,10,480,864.806769125,0.022523643076865794,1.0330948216628388,Picard,0,0.0,0.0,,0,3.829968037320183e-14
picard,Picard,10,481,866.535049333,0.02742828036963527,1.2580564485187935,Picard,0,0.0,0.0,,0,3.003785223336907e-14
picard,Picard,10,482,868.257561667,0.020110509949338048,0.9224113354468573,Picard,0,0.0,0.0,,0,2.854818083774459e-14
picard,Picard,10,483,869.975821917,0.025653008087985957,1.176629807413065,Picard,0,0.0,0.0,,0,4.9617791359742056e-14
picard,Picard,10,484,871.705061958,0.02543432401386047,1.1665993969777648,Picard,0,0.0,0.0,,0,2.4382606460177232e-14
picard,Picard,10,485,873.453406583,0.02188328989742234,1.00372366036976,Picard,0,0.0,0.0,,0,5.043805971394587e-14
picard,Picard,10,486,875.1284953329999,0.029941307510076638,1.3733217862187468,Picard,0,0.0,0.0,,0,4.2793735361955784e-14
picard,Picard,10,487,877.093281083,0.02425776765391877,1.1126341357319633,Picard,0,0.0,0.0,,0,2.3011868713393273e-14
picard,Picard,10,488,878.87098325,0.026760977284601445,1.227449172454463,Picard,0,0.0,0.0,,0,3.08775088976955e-14
picard,Picard,10,489,880.677132792,0.029765458319197725,1.365256088859282,Picard,0,0.0,0.0,,0,4.469665045892825e-14
picard,Picard,10,490,882.425361875,0.02300791769297243,1.0553071075019973,Picard,0,0.0,0.0,,0,3.0885642590681795e-14
picard,Picard,10,491,884.2177608329999,0.028707418887332917,1.3167268587323266,Picard,0,0.0,0.0,,0,2.275525911923375e-14
picard,Picard,10,492,885.989020417,0.025103288428836742,1.1514157454029712,Picard,0,0.0,0.0,,0,2.875572259796661e-14
picard,Picard,10,493,887.804935542,0.022475579897291365,1.0308903016497335,Picard,0,0.0,0.0,,0,2.9900906125333916e-14
picard,Picard,10,494,889.661950458,0.027529180259369554,1.2626844366837235,Picard,0,0.0,0.0,,0,2.4232324004755808e-14
picard,Picard,10,495,891.359078792,0.020223229494679546,0.9275814572692945,Picard,0,0.0,0.0,,0,2.86257753061994e-14
picard,Picard,10,496,893.104652417,0.025419174522360376,1.1659045333108988,Picard,0,0.0,0.0,,0,3.1535937361867615e-14
picard,Picard,10,497,894.904463125,0.025514684327260784,1.1702852937644324,Picard,0,0.0,0.0,,0,2.9571827845760533e-14
picard,Picard,10,498,896.822412208,0.021652176047146657,0.9931231317998677,Picard,0,0.0,0.0,,0,3.1256213774562585e-14
picard,Picard,10,499,898.534009708,0.02980597854204924,1.3671146351103332,Picard,0,0.0,0.0,,0,3.9941565665115344e-14
picard,Picard,10,500,900.229297125,0.024308658740678217,1.1149683637261008,Picard,0,0.0,0.0,,0,2.844595997397779e-14
aa_pure,AA_pure,10,0,1.7717178340000146,1.0,45.86712807236492,initial,0,0.0,0.0,,0,1.3983882637437574e-14
aa_pure,AA_pure,10,1,3.537330666999992,0.5628608482962506,25.81681061572409,AA,1,100.0,0.0,,1,2.3955646881308396e-14
aa_pure,AA_pure,10,2,5.335343749999993,0.3043727579863665,13.960704272299603,AA,2,100.0,0.0,,2,1.0830177825118283e-14
aa_pure,AA_pure,10,3,7.054128625000089,0.2806909369442249,12.87448715357287,AA,3,100.0,0.0,,3,8.3380143021664e-15
aa_pure,AA_pure,10,4,8.832673167000053,0.24319113388442312,11.15447888394048,AA,4,100.0,0.0,,4,8.598865962967029e-15
aa_pure,AA_pure,10,5,10.599150542000075,0.1199666461347145,5.502525522673032,AA,5,100.0,0.0,,5,9.09627857297249e-14
aa_pure,AA_pure,10,6,12.293337959000041,0.08990345072419702,4.123613088514293,AA,6,100.0,0.0,,6,3.248447731801092e-14
aa_pure,AA_pure,10,7,14.054371334000052,0.07235090033619147,3.3185280118710043,AA,7,100.0,0.0,,7,2.802190738843619e-14
aa_pure,AA_pure,10,8,15.839170625000065,0.06190079850060873,2.839211852609075,AA,8,100.0,0.0,,8,4.236230344155809e-14
aa_pure,AA_pure,10,9,17.691265292000026,0.0498670815227078,2.287259814797101,AA,9,100.0,0.0,,9,5.418266354800578e-14
aa_pure,AA_pure,10,10,19.453417459000093,0.03494487098310029,1.6028208728541298,AA,10,100.0,0.0,,10,3.9168419713593294e-14
aa_pure,AA_pure,10,11,21.293116292000036,0.014237963047454689,0.6530544745872033,AA,11,100.0,0.0,,10,3.9920138631359135e-14
aa_pure,AA_pure,10,12,23.158364959000096,0.01354195075928004,0.621130389825557,AA,12,100.0,0.0,,10,3.1674508251100524e-14
aa_pure,AA_pure,10,13,25.051302625000062,0.007962817558327607,0.3652315727646885,AA,13,100.0,0.0,,10,2.3861301643126465e-14
aa_pure,AA_pure,10,14,26.89580304200001,0.004848888731984221,0.2224046004785674,AA,14,100.0,0.0,,10,2.3220075256680082e-14
aa_pure,AA_pure,10,15,28.777747667000085,0.0051973482987211096,0.23838744005412907,AA,15,100.0,0.0,,10,2.6929505307490783e-14
aa_pure,AA_pure,10,16,30.738275541999997,0.0036674313494675314,0.16821454340263337,AA,16,100.0,0.0,,10,2.020197243469326e-14
aa_pure,AA_pure,10,17,32.677605374999985,0.0015438722442458787,0.07081298595419518,AA,17,100.0,0.0,,10,3.827079446661271e-14
aa_pure,AA_pure,10,18,34.536239042000034,0.0009314646628487106,0.04272360898576402,AA,18,100.0,0.0,,10,1.8030508797312947e-14
aa_pure,AA_pure,10,19,36.37365950000003,0.0006737644780319306,0.030903641604500664,AA,19,100.0,0.0,,10,2.2556537030687023e-14
aa_pure,AA_pure,10,20,38.43925037500003,0.00047377042985561674,0.021730488983086955,AA,20,100.0,0.0,,10,3.131291981623696e-14
aa_pure,AA_pure,10,21,40.233451709000065,0.0003244302961459797,0.014880685943882931,AA,21,100.0,0.0,,10,2.4857797132897816e-14
aa_pure,AA_pure,10,22,42.003375959000095,0.00027065961189363545,0.01241437908274196,AA,22,100.0,0.0,,10,2.977608328876191e-14
aa_pure,AA_pure,10,23,43.75908691699999,0.00018061353993268885,0.008284224367695835,AA,23,100.0,0.0,,10,3.837116137434849e-14
aa_pure,AA_pure,10,24,45.60249912500001,0.0001042888481443542,0.004783429954356511,AA,24,100.0,0.0,,10,3.919432332923684e-14
aa_pure,AA_pure,10,25,47.441326959000094,4.3586596253483564e-05,0.0019991919925969916,AA,25,100.0,0.0,,10,2.3798734408548937e-14
aa_pure,AA_pure,10,26,49.2119295,2.748852150842827e-05,0.0012608195365470373,AA,26,100.0,0.0,,10,2.600143487723575e-14
aa_pure,AA_pure,10,27,51.024202625000044,1.638729317125137e-05,0.0007516380746451776,AA,27,100.0,0.0,,10,2.105231969288543e-14
aa_pure,AA_pure,10,28,52.90741279200006,1.2489306977228229e-05,0.000572848642659608,AA,28,100.0,0.0,,10,3.643600879487369e-14
aa_pure,AA_pure,10,29,54.66344045900007,7.57721667721839e-06,0.00034754516776603527,AA,29,100.0,0.0,,10,2.3579608764603347e-14
aa_pure,AA_pure,10,30,56.45243008400007,5.049421467345432e-06,0.00023160246113408173,AA,30,100.0,0.0,,10,2.1705206652361124e-14
aa_pure,AA_pure,10,31,58.22532758400007,2.7587703398057645e-06,0.0001265368724981127,AA,31,100.0,0.0,,10,3.504681616610082e-14
aa_pure,AA_pure,10,32,60.08898716700003,1.9811725137185015e-06,9.087069342017565e-05,AA,32,100.0,0.0,,10,2.845272631527735e-14
aa_pure,AA_pure,10,33,61.84441508400005,1.2565812751254167e-06,5.763577427951311e-05,AA,33,100.0,0.0,,10,2.52869211321764e-14
aa_pure,AA_pure,10,34,63.62848358400004,1.057641352945178e-06,4.851097139016578e-05,AA,34,100.0,0.0,,10,3.434255333832728e-14
aa_pure,AA_pure,10,35,65.44332087500004,5.736054403003967e-07,2.6309634193263563e-05,AA,35,100.0,0.0,,10,2.807801074234601e-14
aa_pure,AA_pure,10,36,67.19774812500009,5.011371761173229e-07,2.2985723038796544e-05,AA,36,100.0,0.0,,10,4.3004283984698205e-14
aa_pure,AA_pure,10,37,68.92618066700004,3.16128916760986e-07,1.4499925512454133e-05,AA,37,100.0,0.0,,10,3.528480023712001e-14
aa_pure,AA_pure,10,38,70.73401437500002,1.9305515842677048e-07,8.854885676591381e-06,AA,38,100.0,0.0,,10,3.190088402972284e-14
aa_pure,AA_pure,10,39,72.50904991700008,1.2617630617550515e-07,5.787344795049824e-06,AA,39,100.0,0.0,,10,2.4759119429953182e-14
aa_pure,AA_pure,10,40,74.26780083400001,7.443708097931102e-08,3.414215126611057e-06,AA,40,100.0,0.0,,10,2.970680067338387e-14
aa_pure,AA_pure,10,41,76.11271341700001,5.431213282428668e-08,2.4911415521348516e-06,AA,41,100.0,0.0,,10,3.140426547753338e-14
aa_pure,AA_pure,10,42,77.89781016699999,3.105830582500291e-08,1.424555290986086e-06,AA,42,100.0,0.0,,10,3.9474953956054035e-14
aa_pure,AA_pure,10,43,79.6976903750001,1.8857385609995047e-08,8.64934120883614e-07,AA,43,100.0,0.0,,10,2.762930238607316e-14
aa_pure,AA_pure,10,44,81.54882454200003,1.1883749881596137e-08,5.450734777991215e-07,AA,44,100.0,0.0,,10,3.211141519444738e-14
aa_pure,AA_pure,10,45,83.34223362500006,5.580881958560092e-09,2.559790275500265e-07,AA,45,100.0,0.0,,10,2.589462570485561e-14
aa_pure,AA_pure,10,46,85.10553487499999,3.7069276510373443e-09,1.7002612532512073e-07,AA,46,100.0,0.0,,10,2.854021988347534e-14
aa_pure,AA_pure,10,47,86.81768558400006,1.8582041302367859e-09,8.523048682616812e-08,AA,47,100.0,0.0,,10,2.7312580053208528e-14
aa_pure,AA_pure,10,48,88.64354275000005,1.2873337485080496e-09,5.9046301914696326e-08,AA,48,100.0,0.0,,10,3.2401428842581103e-14
aa_pure,AA_pure,10,49,90.56665787500003,8.749342725795396e-10,4.013072233530718e-08,AA,49,100.0,0.0,,10,2.4143472777593133e-14
aa_pure,AA_pure,10,50,92.37062712500006,6.8573060899202e-10,3.1452493665777774e-08,AA,50,100.0,0.0,,10,2.5259274527467997e-14
aa_pure,AA_pure,10,51,94.12281700000005,3.562697196156001e-10,1.6341068857914272e-08,AA,51,100.0,0.0,,10,3.8972672537809187e-14
aa_pure,AA_pure,10,52,95.91395308400001,2.586106399337969e-10,1.1861727342719713e-08,AA,52,100.0,0.0,,10,3.431553228711408e-14
aa_pure,AA_pure,10,53,97.75604729200006,1.285435263503297e-10,5.8959223859839866e-09,AA,53,100.0,0.0,,10,2.6712216368021705e-14
aa_pure,AA_pure,10,54,99.51296812500004,8.340318964243335e-11,3.82546478097323e-09,AA,54,100.0,0.0,,10,4.333571193411507e-14
global_eta0,GlobalAndersonSolver,10,0,1.9829050829999915,1.0,45.86712807236492,initial,0,0.0,0.0,,0,1.3983882637437574e-14
global_eta0,GlobalAndersonSolver,10,1,5.438387374999934,0.5575466077430563,25.57306166366337,KM,0,0.0,0.0,,0,1.636539277325388e-14
global_eta0,GlobalAndersonSolver,10,2,7.187280790999921,0.23073209264357264,10.583018443687514,AA,1,50.0,0.0,,0,3.123501869137039e-14
global_eta0,GlobalAndersonSolver,10,3,8.907945541000004,0.11883639628322247,5.450684207980876,AA,2,66.66666666666667,0.0,,1,1.882829400141589e-14
global_eta0,GlobalAndersonSolver,10,4,10.661002707999955,0.09171024874962452,4.2064857249474725,AA,3,75.0,0.0,,2,1.9870077396839565e-14
global_eta0,GlobalAndersonSolver,10,5,12.361252040999943,0.07350029009253523,3.3712472190302876,AA,4,80.0,0.0,,3,3.2684836300129187e-14
global_eta0,GlobalAndersonSolver,10,6,14.138662833000012,0.06729339347075779,3.0865546967472928,AA,5,83.33333333333333,0.0,,4,4.5661083226796783e-14
global_eta0,GlobalAndersonSolver,10,7,15.940079458000014,0.05262061107808693,2.4135563075647175,AA,6,85.71428571428571,0.0,,5,4.674299752509235e-14
global_eta0,GlobalAndersonSolver,10,8,17.73498904099995,0.05573280703067564,2.5563037979083996,AA,7,87.5,0.0,,6,5.085872585494933e-14
global_eta0,GlobalAndersonSolver,10,9,19.485572165999997,0.03381037200279736,1.5507846628266075,AA,8,88.88888888888889,0.0,,7,4.142107470863859e-14
global_eta0,GlobalAndersonSolver,10,10,21.20892879099995,0.030491195925160967,1.3985435885789295,AA,9,90.0,0.0,,8,4.379446268024423e-14
global_eta0,GlobalAndersonSolver,10,11,22.97539879099986,0.019773723154563983,0.9069638923978739,AA,10,90.9090909090909,0.0,,9,2.988396466121568e-14
global_eta0,GlobalAndersonSolver,10,12,24.79339604100005,0.022348495254222233,1.0250612940500508,AA,11,91.66666666666667,0.0,,10,5.009075728684725e-14
global_eta0,GlobalAndersonSolver,10,13,26.592128624999987,0.01193894165123974,0.5476049657659051,AA,12,92.3076923076923,0.0,,10,3.3658174491552444e-14
global_eta0,GlobalAndersonSolver,10,14,28.342082749999918,0.005609317406440069,0.2572832798797325,AA,13,92.85714285714286,0.0,,10,2.5726910553473888e-14
global_eta0,GlobalAndersonSolver,10,15,30.139277457999924,0.0058383728488689045,0.2677893951932881,AA,14,93.33333333333333,0.0,,10,2.308794657930278e-14
global_eta0,GlobalAndersonSolver,10,16,31.89803258300003,0.0018547156399085951,0.0850704797935058,AA,15,93.75,0.0,,10,2.3058998487205514e-14
global_eta0,GlobalAndersonSolver,10,17,33.68519712500006,0.0012032999225494564,0.05519191165704271,AA,16,94.11764705882354,0.0,,10,2.8653721688929447e-14
global_eta0,GlobalAndersonSolver,10,18,35.502671415999885,0.0008407162154537115,0.03856123832672933,AA,17,94.44444444444444,0.0,,10,2.7675639115107085e-14
global_eta0,GlobalAndersonSolver,10,19,37.243224374999954,0.0005737086661470425,0.02631436886639205,AA,18,94.73684210526316,0.0,,10,2.4278312666320258e-14
global_eta0,GlobalAndersonSolver,10,20,39.118346499999916,0.00039256965068304597,0.01800604244520283,AA,19,95.0,0.0,,10,4.7514974573706135e-14
global_eta0,GlobalAndersonSolver,10,21,40.82556425000007,0.0002368792039690422,0.010864968786127912,AA,20,95.23809523809524,0.0,,10,3.903783710639722e-14
global_eta0,GlobalAndersonSolver,10,22,42.567981291000024,0.00014530557060542335,0.006664749216587017,AA,21,95.45454545454545,0.0,,10,3.683134138363179e-14
global_eta0,GlobalAndersonSolver,10,23,44.433154750000085,0.00011723217143633658,0.0053771030214718905,AA,22,95.65217391304348,0.0,,10,3.07436344600419e-14
global_eta0,GlobalAndersonSolver,10,24,46.17059291600003,6.342803561163032e-05,0.002909261832777171,AA,23,95.83333333333333,0.0,,10,2.124584949662782e-14
global_eta0,GlobalAndersonSolver,10,25,48.012857624999924,3.9797763589113305e-05,0.0018254091195355614,AA,24,96.0,0.0,,10,3.142723907888682e-14
global_eta0,GlobalAndersonSolver,10,26,49.72605154100006,2.1910929104365264e-05,0.0010049913914144295,AA,25,96.15384615384616,0.0,,10,3.221080527866704e-14
global_eta0,GlobalAndersonSolver,10,27,51.44705258299996,1.3027070874277427e-05,0.0005975143281982576,AA,26,96.29629629629629,0.0,,10,2.795928205655281e-14
global_eta0,GlobalAndersonSolver,10,28,53.24810291599988,8.2474018351019e-06,0.0003782846362348763,AA,27,96.42857142857143,0.0,,10,2.4836421162300128e-14
global_eta0,GlobalAndersonSolver,10,29,54.98401329099988,4.458278443301069e-06,0.00020448842834115387,AA,28,96.55172413793103,0.0,,10,3.420308146970152e-14
global_eta0,GlobalAndersonSolver,10,30,56.79926529099998,2.8094714145226102e-06,0.0001288623851855568,AA,29,96.66666666666667,0.0,,10,2.3977911049642382e-14
global_eta0,GlobalAndersonSolver,10,31,58.54389441600006,1.651061266141674e-06,7.572943854944114e-05,AA,30,96.7741935483871,0.0,,10,2.6334828677872563e-14
global_eta0,GlobalAndersonSolver,10,32,60.24411654100004,1.3096035872472374e-06,6.006775546029756e-05,AA,31,96.875,0.0,,10,2.544862797388927e-14
global_eta0,GlobalAndersonSolver,10,33,62.03444662499987,7.789854913851574e-07,3.572982729987713e-05,AA,32,96.96969696969697,0.0,,10,2.565386779806838e-14
global_eta0,GlobalAndersonSolver,10,34,63.79695483299997,4.852764940675975e-07,2.2258239103906727e-05,AA,33,97.05882352941177,0.0,,10,2.93533063178514e-14
global_eta0,GlobalAndersonSolver,10,35,65.52314208300004,4.171715248956138e-07,1.913445976053089e-05,AA,34,97.14285714285714,0.0,,10,2.8941245111498507e-14
global_eta0,GlobalAndersonSolver,10,36,67.33311191600001,3.4832008322417507e-07,1.5976441867420045e-05,AA,35,97.22222222222223,0.0,,10,3.791490341256929e-14
global_eta0,GlobalAndersonSolver,10,37,69.12227554099991,2.0406666421687317e-07,9.35995182293561e-06,AA,36,97.29729729729729,0.0,,10,4.100168310309949e-14
global_eta0,GlobalAndersonSolver,10,38,70.90222929099991,1.0887707880335554e-07,4.993878917618477e-06,AA,37,97.36842105263158,0.0,,10,2.9393906885471374e-14
global_eta0,GlobalAndersonSolver,10,39,72.64207012499992,6.993383775576798e-08,3.2076642929357993e-06,AA,38,97.43589743589743,0.0,,10,2.5031507095539126e-14
global_eta0,GlobalAndersonSolver,10,40,74.43557687499992,5.3953785494688214e-08,2.474705189273769e-06,AA,39,97.5,0.0,,10,3.381202437924118e-14
global_eta0,GlobalAndersonSolver,10,41,76.2197819999999,2.9558972609103895e-08,1.355785182349295e-06,AA,40,97.5609756097561,0.0,,10,2.562934095613834e-14
global_eta0,GlobalAndersonSolver,10,42,77.98831566600006,1.7300764677825025e-08,7.935363892276476e-07,AA,41,97.61904761904762,0.0,,10,3.688045702638899e-14
global_eta0,GlobalAndersonSolver,10,43,79.75632058299993,1.0123793458559622e-08,4.643493311419244e-07,AA,42,97.67441860465117,0.0,,10,3.077860771692383e-14
global_eta0,GlobalAndersonSolver,10,44,81.45859633300006,6.089395076482967e-09,2.793030638562726e-07,AA,43,97.72727272727273,0.0,,10,3.877005568638952e-14
global_eta0,GlobalAndersonSolver,10,45,83.26495324999996,2.510655649329448e-09,1.1515656421340031e-07,AA,44,97.77777777777777,0.0,,10,2.7357370397435003e-14
global_eta0,GlobalAndersonSolver,10,46,85.01361387499992,1.8601360673645743e-09,8.531909923383615e-08,AA,45,97.82608695652173,0.0,,10,2.6149659296111095e-14
global_eta0,GlobalAndersonSolver,10,47,86.76907308299997,9.709263785566533e-10,4.4533604554095476e-08,AA,46,97.87234042553192,0.0,,10,2.551871016560145e-14
global_eta0,GlobalAndersonSolver,10,48,88.60458479099998,6.043147659280555e-10,2.7718182764843347e-08,AA,47,97.91666666666667,0.0,,10,2.2044033714002877e-14
global_eta0,GlobalAndersonSolver,10,49,90.333054833,3.08337095483001e-10,1.4142537047979818e-08,AA,48,97.95918367346938,0.0,,10,3.564696778676184e-14
global_eta0,GlobalAndersonSolver,10,50,92.07979041599992,2.365101832379413e-10,1.0848042864993148e-08,AA,49,98.0,0.0,,10,2.80374719123857e-14
global_eta0,GlobalAndersonSolver,10,51,93.81069449999995,1.2080372043250313e-10,5.5409197166957885e-09,AA,50,98.03921568627452,0.0,,10,3.1516347456345737e-14
global_eta0,GlobalAndersonSolver,10,52,95.56853550000005,8.243057802909268e-11,3.780853879539464e-09,AA,51,98.07692307692308,0.0,,10,2.273108380867668e-14
global_eta1e10,GlobalAndersonSolver eta=1e-10,10,0,1.7924867080000695,1.0,45.86712807236492,initial,0,0.0,1e-10,,0,1.3983882637437574e-14
global_eta1e10,GlobalAndersonSolver eta=1e-10,10,1,5.268240458000037,0.5575466077430563,25.57306166366337,KM,0,0.0,1e-10,,0,1.636539277325388e-14
global_eta1e10,GlobalAndersonSolver eta=1e-10,10,2,7.018246874999932,0.23073209264357264,10.583018443687514,AA,1,50.0,1e-10,,0,3.123501869137039e-14
global_eta1e10,GlobalAndersonSolver eta=1e-10,10,3,8.799373708000076,0.11883639628322247,5.450684207980876,AA,2,66.66666666666667,1e-10,,1,1.882829400141589e-14
global_eta1e10,GlobalAndersonSolver eta=1e-10,10,4,10.666735833000075,0.09171024878195427,4.206485726430346,AA,3,75.0,1e-10,,2,1.9869584373715884e-14
global_eta1e10,GlobalAndersonSolver eta=1e-10,10,5,12.406470832999958,0.07350029008578722,3.371247218720776,AA,4,80.0,1e-10,,3,2.6682940587894816e-14
global_eta1e10,GlobalAndersonSolver eta=1e-10,10,6,14.070167541000046,0.06729339343738602,3.086554695216626,AA,5,83.33333333333333,1e-10,,4,4.354534697496905e-14
global_eta1e10,GlobalAndersonSolver eta=1e-10,10,7,15.788307583000005,0.0526206110805486,2.413556307677627,AA,6,85.71428571428571,1e-10,,5,4.249748779740096e-14
global_eta1e10,GlobalAndersonSolver eta=1e-10,10,8,17.632292708000023,0.05573280693818852,2.5563037936662814,AA,7,87.5,1e-10,,6,5.15559406599432e-14
global_eta1e10,GlobalAndersonSolver eta=1e-10,10,9,19.396803083000123,0.033810371967478485,1.5507846612066323,AA,8,88.88888888888889,1e-10,,7,3.763352361351707e-14
global_eta1e10,GlobalAndersonSolver eta=1e-10,10,10,21.14631245800001,0.030491195854788274,1.398543585351136,AA,9,90.0,1e-10,,8,4.3966839289347366e-14
global_eta1e10,GlobalAndersonSolver eta=1e-10,10,11,22.923048165999944,0.0197737230521233,0.9069638876992139,AA,10,90.9090909090909,1e-10,,9,3.2259564287957066e-14
global_eta1e10,GlobalAndersonSolver eta=1e-10,10,12,24.63321124999993,0.022348494893094904,1.0250612774861774,AA,11,91.66666666666667,1e-10,,10,5.2827135015338087e-14
global_eta1e10,GlobalAndersonSolver eta=1e-10,10,13,26.36038062500006,0.011938941446897553,0.5476049563933159,AA,12,92.3076923076923,1e-10,,10,3.5458852839034005e-14
global_eta1e10,GlobalAndersonSolver eta=1e-10,10,14,28.029210624999905,0.005609317318270406,0.25728327583564325,AA,13,92.85714285714286,1e-10,,10,2.6070071470196535e-14
global_eta1e10,GlobalAndersonSolver eta=1e-10,10,15,29.724796791000017,0.005838372755405004,0.2677893909063674,AA,14,93.33333333333333,1e-10,,10,2.855836271046244e-14
global_eta1e10,GlobalAndersonSolver eta=1e-10,10,16,31.447701999999936,0.0018547156049072274,0.08507047818809357,AA,15,93.75,1e-10,,10,1.857223681725497e-14
global_eta1e10,GlobalAndersonSolver eta=1e-10,10,17,33.172639333000006,0.001203299909340576,0.0551919110511893,AA,16,94.11764705882354,1e-10,,10,2.8088472991156463e-14
global_eta1e10,GlobalAndersonSolver eta=1e-10,10,18,34.894066374999966,0.0008407162210711343,0.03856123858438438,AA,17,94.44444444444444,1e-10,,10,2.556282142511947e-14
global_eta1e10,GlobalAndersonSolver eta=1e-10,10,19,36.67924166600005,0.0005737086646561009,0.02631436879800684,AA,18,94.73684210526316,1e-10,,10,3.588511975353836e-14
global_eta1e10,GlobalAndersonSolver eta=1e-10,10,20,38.51170937500001,0.0003925696563154038,0.018006042703542908,AA,19,95.0,1e-10,,10,4.0077401576662344e-14
global_eta1e10,GlobalAndersonSolver eta=1e-10,10,21,40.21932908300005,0.0002368792020328443,0.010864968697320074,AA,20,95.23809523809524,1e-10,,10,4.007533941982734e-14
global_eta1e10,GlobalAndersonSolver eta=1e-10,10,22,41.9019014160001,0.00014530557904526308,0.006664749603698226,AA,21,95.45454545454545,1e-10,,10,3.328615349670709e-14
global_eta1e10,GlobalAndersonSolver eta=1e-10,10,23,43.637206416000026,0.00011723215784366435,0.005377102398015052,AA,22,95.65217391304348,1e-10,,10,3.1763452464544276e-14
global_eta1e10,GlobalAndersonSolver eta=1e-10,10,24,45.39387820799993,6.342802412493639e-05,0.002909261305915509,AA,23,95.83333333333333,1e-10,,10,3.2338861067485777e-14
global_eta1e10,GlobalAndersonSolver eta=1e-10,10,25,47.14536620800004,3.979776448995139e-05,0.0018254091608544173,AA,24,96.0,1e-10,,10,3.043131788123644e-14
global_eta1e10,GlobalAndersonSolver eta=1e-10,10,26,48.91136487500012,2.191094089651948e-05,0.0010049919322866771,AA,25,96.15384615384616,1e-10,,10,2.4439529736524106e-14
global_eta1e10,GlobalAndersonSolver eta=1e-10,10,27,50.6342662080001,1.3027082150750897e-05,0.0005975148454177105,AA,26,96.29629629629629,1e-10,,10,3.1468038932630664e-14
global_eta1e10,GlobalAndersonSolver eta=1e-10,10,28,52.43609212499996,8.247397260692401e-06,0.00037828442641985,AA,27,96.42857142857143,1e-10,,10,2.41447712955968e-14
global_eta1e10,GlobalAndersonSolver eta=1e-10,10,29,54.19437295800003,4.458274574690139e-06,0.00020448825089908087,AA,28,96.55172413793103,1e-10,,10,3.248924223423417e-14
global_eta1e10,GlobalAndersonSolver eta=1e-10,10,30,56.016969625,2.809479723773517e-06,0.00012886276630703233,AA,29,96.66666666666667,1e-10,,10,3.005463579234792e-14
global_eta1e10,GlobalAndersonSolver eta=1e-10,10,31,57.97100750000004,1.6510576186848811e-06,7.572927125107329e-05,AA,30,96.7741935483871,1e-10,,10,2.8164521158372246e-14
global_eta1e10,GlobalAndersonSolver eta=1e-10,10,32,59.783753082999965,1.3096198159616517e-06,6.006849982482005e-05,AA,31,96.875,1e-10,,10,3.043905006319518e-14
global_eta1e10,GlobalAndersonSolver eta=1e-10,10,33,61.63530874999992,7.789800346284885e-07,3.572957701412014e-05,AA,32,96.96969696969697,1e-10,,10,2.79561987473718e-14
global_eta1e10,GlobalAndersonSolver eta=1e-10,10,34,63.37698733299999,4.852815501930506e-07,2.2258471013860435e-05,AA,33,97.05882352941177,1e-10,,10,3.330876231978828e-14
global_eta1e10,GlobalAndersonSolver eta=1e-10,10,35,65.07090025000002,4.1716774020654007e-07,1.913428616771243e-05,AA,34,97.14285714285714,1e-10,,10,3.896849623588729e-14
global_eta1e10,GlobalAndersonSolver eta=1e-10,10,36,66.83867970799997,3.482799485445606e-07,1.5974601004930027e-05,AA,35,97.22222222222223,1e-10,,10,2.6218424676574056e-14
global_eta1e10,GlobalAndersonSolver eta=1e-10,10,37,68.6600733329999,2.0410409866127335e-07,9.36166883339123e-06,AA,36,97.29729729729729,1e-10,,10,3.970316697492709e-14
global_eta1e10,GlobalAndersonSolver eta=1e-10,10,38,70.42130754100003,1.0888424596411904e-07,4.994207654699131e-06,AA,37,97.36842105263158,1e-10,,10,3.6462186962531197e-14
global_eta1e10,GlobalAndersonSolver eta=1e-10,10,39,72.1690107500001,6.99373142916816e-08,3.2078237516537975e-06,AA,38,97.43589743589743,1e-10,,10,2.4090929373461916e-14
global_eta1e10,GlobalAndersonSolver eta=1e-10,10,40,73.91453354100008,5.396275446928122e-08,2.4751165703801043e-06,AA,39,97.5,1e-10,,10,3.042921982265138e-14
global_eta1e10,GlobalAndersonSolver eta=1e-10,10,41,75.64682274999996,2.954962070376063e-08,1.355356237309195e-06,AA,40,97.5609756097561,1e-10,,10,2.845734404751531e-14
global_eta1e10,GlobalAndersonSolver eta=1e-10,10,42,77.42380629100012,1.7302796514177915e-08,7.936295837258677e-07,AA,41,97.61904761904762,1e-10,,10,3.433097314278682e-14
global_eta1e10,GlobalAndersonSolver eta=1e-10,10,43,79.12442570799999,1.013354054365458e-08,4.6479640194230705e-07,AA,42,97.67441860465117,1e-10,,10,2.8078232666725344e-14
global_eta1e10,GlobalAndersonSolver eta=1e-10,10,44,80.86065795800005,6.079926822702213e-09,2.7886878224748914e-07,AA,43,97.72727272727273,1e-10,,10,2.9631344888147576e-14
global_eta1e10,GlobalAndersonSolver eta=1e-10,10,45,82.65967662499997,2.5079271972163432e-09,1.1503141795088922e-07,AA,44,97.77777777777777,1e-10,,10,3.5362214992263344e-14
global_eta1e10,GlobalAndersonSolver eta=1e-10,10,46,84.43866133300003,1.8471031641193574e-09,8.472131739153305e-08,AA,45,97.82608695652173,1e-10,,10,3.046883229753936e-14
global_eta1e10,GlobalAndersonSolver eta=1e-10,10,47,86.106940291,9.92154696262129e-10,4.5507286521053387e-08,AA,46,97.87234042553192,1e-10,,10,2.2261695913734935e-14
global_eta1e10,GlobalAndersonSolver eta=1e-10,10,48,87.83723850000001,5.826406424056288e-10,2.6724052965383946e-08,AA,47,97.91666666666667,1e-10,,10,2.328618258711815e-14
global_eta1e10,GlobalAndersonSolver eta=1e-10,10,49,89.61142333299995,3.2876839873436036e-10,1.5079662250895243e-08,AA,48,97.95918367346938,1e-10,,10,3.2656394835578083e-14
global_eta1e10,GlobalAndersonSolver eta=1e-10,10,50,91.2850404159999,2.2955936131139e-10,1.0529228625479818e-08,AA,49,98.0,1e-10,,10,2.7438178873953975e-14
global_eta1e10,GlobalAndersonSolver eta=1e-10,10,51,92.97315950000007,1.1231534903721901e-10,5.151582498782492e-09,AA,50,98.03921568627452,1e-10,,10,2.6703970550028527e-14
global_eta1e10,GlobalAndersonSolver eta=1e-10,10,52,94.71960612499993,8.184460607357966e-11,3.753977028809134e-09,AA,51,98.07692307692308,1e-10,,10,2.547051382526621e-14
faa02,FAA cs=0.2,10,0,1.7824163330001284,1.0,45.86712807236492,initial,0,0.0,0.0,0.2,0,1.3983882637437574e-14
faa02,FAA cs=0.2,10,1,3.6103128750000906,0.5628608482962506,25.81681061572409,AA,1,100.0,0.0,0.2,0,2.3955646881308396e-14
faa02,FAA cs=0.2,10,2,5.356925083000078,0.30437275799245994,13.960704272579093,AA,2,100.0,0.0,0.2,1,1.0829779268359223e-14
faa02,FAA cs=0.2,10,3,7.086756625000135,0.28069093693187736,12.874487153006523,AA,3,100.0,0.0,0.2,2,7.434724919260378e-15
faa02,FAA cs=0.2,10,4,8.890270375,0.2431911338721414,11.154478883377152,AA,4,100.0,0.0,0.2,3,7.375142709836313e-15
faa02,FAA cs=0.2,10,5,10.662941083000078,0.11996664612530324,5.502525522241364,AA,5,100.0,0.0,0.2,4,7.923484195471589e-14
faa02,FAA cs=0.2,10,6,12.372256667000102,0.08990345074492685,4.1236130894651115,AA,6,100.0,0.0,0.2,5,2.704646682932502e-14
faa02,FAA cs=0.2,10,7,14.069154000000026,0.07235090032794601,3.318528011492809,AA,7,100.0,0.0,0.2,6,2.6562948597546957e-14
faa02,FAA cs=0.2,10,8,15.81331129199998,0.06190079848947363,2.83921185209834,AA,8,100.0,0.0,0.2,7,2.6814376804621964e-14
faa02,FAA cs=0.2,10,9,17.565952000000152,0.04986708149188909,2.2872598133835353,AA,9,100.0,0.0,0.2,8,5.5959234806555e-14
faa02,FAA cs=0.2,10,10,19.25459691700007,0.034944870995953684,1.602820873443678,AA,10,100.0,0.0,0.2,9,3.652326997970432e-14
faa02,FAA cs=0.2,10,11,20.953643457999988,0.014666336154045395,0.6727027187299561,AA,11,100.0,0.0,0.2,9,3.702771340452381e-14
faa02,FAA cs=0.2,10,12,22.777147125000056,0.01731880158666401,0.794363690435395,AA,12,100.0,0.0,0.2,9,2.737471581820568e-14
faa02,FAA cs=0.2,10,13,24.532052333000138,0.009298444425220521,0.4264929413253573,AA,13,100.0,0.0,0.2,9,2.4619403793984743e-14
faa02,FAA cs=0.2,10,14,26.430521,0.004773879204589255,0.21896412887889496,AA,14,100.0,0.0,0.2,9,2.5552642662082226e-14
faa02,FAA cs=0.2,10,15,28.21584258300004,0.005392992833148354,0.24736109297136172,AA,15,100.0,0.0,0.2,9,2.7728803404676418e-14
faa02,FAA cs=0.2,10,16,29.92274245800013,0.002550710003247576,0.11699374239441893,AA,16,100.0,0.0,0.2,9,2.1791592132622682e-14
faa02,FAA cs=0.2,10,17,31.705525333000196,0.001271905513556397,0.05833865308623834,AA,17,100.0,0.0,0.2,9,3.101026816325419e-14
faa02,FAA cs=0.2,10,18,33.61440541700017,0.0009120626605509063,0.04183369486151031,AA,18,100.0,0.0,0.2,9,5.724253879355686e-14
faa02,FAA cs=0.2,10,19,35.36247120799999,0.0006643633140806672,0.030472437213518763,AA,19,100.0,0.0,0.2,9,2.869562517585091e-14
faa02,FAA cs=0.2,10,20,37.156767542000125,0.0004322881937120348,0.019827817945161197,AA,20,100.0,0.0,0.2,9,2.983267395879022e-14
faa02,FAA cs=0.2,10,21,38.85405504200003,0.00029658424282550674,0.013603467449922893,AA,21,100.0,0.0,0.2,9,2.573610484527563e-14
faa02,FAA cs=0.2,10,22,40.54159312500019,0.00022488100372129117,0.010314645798726435,AA,22,100.0,0.0,0.2,9,2.7134031926498377e-14
faa02,FAA cs=0.2,10,23,42.31433733300014,0.00014089812084885507,0.006462592154129985,AA,23,100.0,0.0,0.2,9,3.3923868095177324e-14
faa02,FAA cs=0.2,10,24,44.099097708000045,8.115042292070394e-05,0.003722136841230506,AA,24,100.0,0.0,0.2,9,2.374981750927572e-14
faa02,FAA cs=0.2,10,25,45.90258187500012,4.112922216777706e-05,0.0018864793006861807,AA,25,100.0,0.0,0.2,9,2.9760298645027967e-14
faa02,FAA cs=0.2,10,26,47.739339583000174,2.3121174467547818e-05,0.0010605018704865096,AA,26,100.0,0.0,0.2,9,2.2197342252333006e-14
faa02,FAA cs=0.2,10,27,49.4434311670002,1.2342296691957914e-05,0.0005661057030771595,AA,27,100.0,0.0,0.2,9,2.263376709596643e-14
faa02,FAA cs=0.2,10,28,51.144596583000066,7.843844280282006e-06,0.0003597746101833818,AA,28,100.0,0.0,0.2,9,2.7693207729992015e-14
faa02,FAA cs=0.2,10,29,53.0320200000001,5.561556737275531e-06,0.00025509263515034075,AA,29,100.0,0.0,0.2,9,2.214849438918661e-14
faa02,FAA cs=0.2,10,30,54.856167958000015,3.981689803702343e-06,0.0001826286761708449,AA,30,100.0,0.0,0.2,8,3.6977028524591135e-14
faa02,FAA cs=0.2,10,31,56.62522583300006,2.3208375522865548e-06,0.00010645015324588132,AA,31,100.0,0.0,0.2,9,2.2716230988238277e-14
faa02,FAA cs=0.2,10,32,58.35362520800004,1.9079152475299723e-06,8.751059300967505e-05,AA,32,100.0,0.0,0.2,9,3.3671703315689026e-14
faa02,FAA cs=0.2,10,33,60.09483166700011,1.2742331579384823e-06,5.844541544921837e-05,AA,33,100.0,0.0,0.2,9,2.4055592049792685e-14
faa02,FAA cs=0.2,10,34,61.87497579199999,9.503924355222935e-07,4.359177155910785e-05,AA,34,100.0,0.0,0.2,8,3.98698241868948e-14
faa02,FAA cs=0.2,10,35,63.7390475000002,7.160788177813428e-07,3.2844478845084514e-05,AA,35,100.0,0.0,0.2,9,3.317429553517915e-14
faa02,FAA cs=0.2,10,36,65.41663070800018,4.2082715421752933e-07,1.930213297882428e-05,AA,36,100.0,0.0,0.2,9,4.665186551159155e-14
faa02,FAA cs=0.2,10,37,67.08961162500009,2.486672587024936e-07,1.1405653002311177e-05,AA,37,100.0,0.0,0.2,9,2.839967551126256e-14
faa02,FAA cs=0.2,10,38,68.84005750000006,1.577801843509971e-07,7.236923922908531e-06,AA,38,100.0,0.0,0.2,9,3.369957730644909e-14
faa02,FAA cs=0.2,10,39,70.56778066700008,9.78330392313529e-08,4.487320540133165e-06,AA,39,100.0,0.0,0.2,9,3.178639538646111e-14
faa02,FAA cs=0.2,10,40,72.23798704199999,6.092189210917249e-08,2.7943122277822126e-06,AA,40,100.0,0.0,0.2,9,2.745520931040756e-14
faa02,FAA cs=0.2,10,41,74.00110579200009,3.645021634250887e-08,1.6718667412472633e-06,AA,41,100.0,0.0,0.2,9,2.9981879576949647e-14
faa02,FAA cs=0.2,10,42,75.73312583300003,3.30299911092715e-08,1.5149908324380305e-06,AA,42,100.0,0.0,0.2,9,3.4313748134966296e-14
faa02,FAA cs=0.2,10,43,77.4645122500001,2.2629266185718987e-08,1.0379394503240096e-06,AA,43,100.0,0.0,0.2,9,2.2713785060173965e-14
faa02,FAA cs=0.2,10,44,79.20394425000018,1.7817810470546807e-08,8.172517948216951e-07,AA,44,100.0,0.0,0.2,9,4.139482891579907e-14
faa02,FAA cs=0.2,10,45,80.968434333,1.0739454643852602e-08,4.925879415769415e-07,AA,45,100.0,0.0,0.2,9,3.376040369067735e-14
faa02,FAA cs=0.2,10,46,82.70594495800015,6.8416651884837485e-09,3.138075334284248e-07,AA,46,100.0,0.0,0.2,9,4.407534648284865e-14
faa02,FAA cs=0.2,10,47,84.42500054200013,5.054360331499105e-09,2.3182899264875024e-07,AA,47,100.0,0.0,0.2,9,2.368776088055537e-14
faa02,FAA cs=0.2,10,48,86.16501979200007,3.201499274433166e-09,1.468435772440094e-07,AA,48,100.0,0.0,0.2,9,3.35476921330688e-14
faa02,FAA cs=0.2,10,49,87.99687908300007,1.8791759285388198e-09,8.619240298479532e-08,AA,49,100.0,0.0,0.2,9,3.2122975943271605e-14
faa02,FAA cs=0.2,10,50,89.83165579199999,1.1261986612369778e-09,5.1655498229882374e-08,AA,50,100.0,0.0,0.2,9,3.34308388956802e-14
faa02,FAA cs=0.2,10,51,91.645713333,8.232268291110625e-10,3.7759050403443973e-08,AA,51,100.0,0.0,0.2,9,2.374932421348573e-14
faa02,FAA cs=0.2,10,52,93.39355150000006,6.539570815550135e-10,2.9995133213513796e-08,AA,52,100.0,0.0,0.2,9,3.105547994397938e-14
faa02,FAA cs=0.2,10,53,95.0912067920001,4.791160962812644e-10,2.1975679349664278e-08,AA,53,100.0,0.0,0.2,9,2.872266657726492e-14
faa02,FAA cs=0.2,10,54,96.85562766700014,2.1730711175829326e-10,9.967253126053354e-09,AA,54,100.0,0.0,0.2,9,3.520360933233786e-14
faa02,FAA cs=0.2,10,55,98.65425137500006,1.5397256119438032e-10,7.062279183932688e-09,AA,55,100.0,0.0,0.2,9,2.9656668177684094e-14
faa02,FAA cs=0.2,10,56,100.34737466700017,9.444021072876962e-11,4.331701240677608e-09,AA,56,100.0,0.0,0.2,9,3.680458472586991e-14
faa0707,FAA cs=1/sqrt(2),10,0,1.885366791000024,1.0,45.86712807236492,initial,0,0.0,0.0,0.7071067811865475,0,1.3983882637437574e-14
faa0707,FAA cs=1/sqrt(2),10,1,3.578296082999941,0.5628608482962506,25.81681061572409,AA,1,100.0,0.0,0.7071067811865475,0,2.3955646881308396e-14
faa0707,FAA cs=1/sqrt(2),10,2,5.298288624999941,0.30437275799245994,13.960704272579093,AA,2,100.0,0.0,0.7071067811865475,1,1.0829779268359223e-14
faa0707,FAA cs=1/sqrt(2),10,3,7.074083208000047,0.28069093693187736,12.874487153006523,AA,3,100.0,0.0,0.7071067811865475,2,7.434724919260378e-15
faa0707,FAA cs=1/sqrt(2),10,4,8.86156649999998,0.20816155063372568,9.547772502659171,AA,4,100.0,0.0,0.7071067811865475,2,1.6154761306505295e-14
faa0707,FAA cs=1/sqrt(2),10,5,10.55928033300006,0.1292072135163585,5.9263638102282155,AA,5,100.0,0.0,0.7071067811865475,3,1.6955600401446946e-14
faa0707,FAA cs=1/sqrt(2),10,6,12.45908958300015,0.08838066870816239,4.053767450758539,AA,6,100.0,0.0,0.7071067811865475,4,1.9814884424310296e-14
faa0707,FAA cs=1/sqrt(2),10,7,14.256910915999924,0.073688517313973,3.3798806611026793,AA,7,100.0,0.0,0.7071067811865475,4,2.1689561464783246e-14
faa0707,FAA cs=1/sqrt(2),10,8,15.888772208000091,0.05348104292086232,2.4530218450948373,AA,8,100.0,0.0,0.7071067811865475,4,1.7403171541925083e-14
faa0707,FAA cs=1/sqrt(2),10,9,17.67061412499993,0.04781277450696765,2.19303465180619,AA,9,100.0,0.0,0.7071067811865475,5,1.8386159360428366e-14
faa0707,FAA cs=1/sqrt(2),10,10,19.414567041000055,0.03527860843281852,1.6181284512029002,AA,10,100.0,0.0,0.7071067811865475,6,6.707601437675598e-14
faa0707,FAA cs=1/sqrt(2),10,11,21.13677762500015,0.03721292053464672,1.7068497921093795,AA,11,100.0,0.0,0.7071067811865475,7,1.0252054733509327e-13
faa0707,FAA cs=1/sqrt(2),10,12,22.931191249999983,0.01810008086742139,0.8301987272661788,AA,12,100.0,0.0,0.7071067811865475,8,8.712537267059641e-14
faa0707,FAA cs=1/sqrt(2),10,13,24.63047304099996,0.00954258744945611,0.4376910806859455,AA,13,100.0,0.0,0.7071067811865475,8,4.526252631496124e-14
faa0707,FAA cs=1/sqrt(2),10,14,26.327743916000145,0.005276962799526346,0.24203912855898024,AA,14,100.0,0.0,0.7071067811865475,8,2.7258889938932712e-14
faa0707,FAA cs=1/sqrt(2),10,15,28.02690941600008,0.0037584272715643504,0.1723882650155111,AA,15,100.0,0.0,0.7071067811865475,8,3.1145140890006406e-14
faa0707,FAA cs=1/sqrt(2),10,16,29.74919275000002,0.002271648563519402,0.1041939955983482,AA,16,100.0,0.0,0.7071067811865475,8,3.3021259236967096e-14
faa0707,FAA cs=1/sqrt(2),10,17,31.568807332999995,0.0014204055498557452,0.06514992326993138,AA,17,100.0,0.0,0.7071067811865475,9,2.543253721570512e-14
faa0707,FAA cs=1/sqrt(2),10,18,33.273230625,0.0009693520928175196,0.044461396588476136,AA,18,100.0,0.0,0.7071067811865475,10,3.461435531125478e-14
faa0707,FAA cs=1/sqrt(2),10,19,34.99584295800014,0.0006878290278155328,0.0315487421107053,AA,19,100.0,0.0,0.7071067811865475,8,2.955181231889138e-14
faa0707,FAA cs=1/sqrt(2),10,20,36.74283487499997,0.0003580626028735595,0.016423303263925892,AA,20,100.0,0.0,0.7071067811865475,9,2.480425863421392e-14
faa0707,FAA cs=1/sqrt(2),10,21,38.49540183299996,0.00027685103055494106,0.012698361675429697,AA,21,100.0,0.0,0.7071067811865475,8,3.5296568230370303e-14
faa0707,FAA cs=1/sqrt(2),10,22,40.255630165999946,0.00014847423083690108,0.006810086561242015,AA,22,100.0,0.0,0.7071067811865475,9,2.1887815768823236e-14
faa0707,FAA cs=1/sqrt(2),10,23,42.10807929099997,9.300783774155793e-05,0.004266002405425773,AA,23,100.0,0.0,0.7071067811865475,10,2.7344284586949563e-14
faa0707,FAA cs=1/sqrt(2),10,24,43.792609083000116,6.370993568447334e-05,0.002922191779521871,AA,24,100.0,0.0,0.7071067811865475,10,2.0674446814393108e-14
faa0707,FAA cs=1/sqrt(2),10,25,45.63092162499993,3.622155925328877e-05,0.0016613788972513507,AA,25,100.0,0.0,0.7071067811865475,10,2.220796582049111e-14
faa0707,FAA cs=1/sqrt(2),10,26,47.44421433299999,2.1215335685008808e-05,0.0009730865189625128,AA,26,100.0,0.0,0.7071067811865475,9,2.112226488605028e-14
faa0707,FAA cs=1/sqrt(2),10,27,49.113710166000146,1.6938714418451853e-05,0.0007769301836123454,AA,27,100.0,0.0,0.7071067811865475,10,1.921895245766559e-14
faa0707,FAA cs=1/sqrt(2),10,28,50.86185245799993,1.195381664415258e-05,0.0005482872389709139,AA,28,100.0,0.0,0.7071067811865475,10,2.4412587069059624e-14
faa0707,FAA cs=1/sqrt(2),10,29,52.6986629160001,8.31209501486205e-06,0.00038125192659634364,AA,29,100.0,0.0,0.7071067811865475,10,3.394209718136887e-14
faa0707,FAA cs=1/sqrt(2),10,30,54.521884666000005,4.752737826893298e-06,0.00021799443460048822,AA,30,100.0,0.0,0.7071067811865475,10,3.400550068266655e-14
faa0707,FAA cs=1/sqrt(2),10,31,56.29244091600003,3.1626568379200487e-06,0.00014506198623381953,AA,31,100.0,0.0,0.7071067811865475,10,2.846631220072624e-14
faa0707,FAA cs=1/sqrt(2),10,32,57.96944758300015,1.6669770689268373e-06,7.645945071416274e-05,AA,32,100.0,0.0,0.7071067811865475,10,2.881294355178392e-14
faa0707,FAA cs=1/sqrt(2),10,33,59.74707954099995,1.2296403125408989e-06,5.6400069698256236e-05,AA,33,100.0,0.0,0.7071067811865475,9,2.458014920168952e-14
faa0707,FAA cs=1/sqrt(2),10,34,61.54124179099995,8.177122100279047e-07,3.750611066368647e-05,AA,34,100.0,0.0,0.7071067811865475,10,2.691200941580511e-14
faa0707,FAA cs=1/sqrt(2),10,35,63.34059541600004,5.599837009780905e-07,2.5684844131198982e-05,AA,35,100.0,0.0,0.7071067811865475,9,3.169688313445208e-14
faa0707,FAA cs=1/sqrt(2),10,36,65.06529262499998,3.7095803510014365e-07,1.701477970541113e-05,AA,36,100.0,0.0,0.7071067811865475,10,2.292617931467513e-14
faa0707,FAA cs=1/sqrt(2),10,37,66.87995820800006,3.0777512310425997e-07,1.4116760988910972e-05,AA,37,100.0,0.0,0.7071067811865475,10,4.116649858898827e-14
faa0707,FAA cs=1/sqrt(2),10,38,68.63929758300014,2.05668523489683e-07,9.433424507355484e-06,AA,38,100.0,0.0,0.7071067811865475,10,3.2658757232688893e-14
faa0707,FAA cs=1/sqrt(2),10,39,70.39974287500013,1.424257719218729e-07,6.5326611215459805e-06,AA,39,100.0,0.0,0.7071067811865475,10,2.8424048630276176e-14
faa0707,FAA cs=1/sqrt(2),10,40,72.09754100000009,7.735892249239099e-08,3.548231605498649e-06,AA,40,100.0,0.0,0.7071067811865475,10,2.897737461130045e-14
faa0707,FAA cs=1/sqrt(2),10,41,73.80934095800012,4.602343617933783e-08,2.1109628415680012e-06,AA,41,100.0,0.0,0.7071067811865475,10,3.539864436521257e-14
faa0707,FAA cs=1/sqrt(2),10,42,75.54397808299996,3.1128042824321915e-08,1.4277539268652332e-06,AA,42,100.0,0.0,0.7071067811865475,10,2.6861711030240673e-14
faa0707,FAA cs=1/sqrt(2),10,43,77.31619045799994,1.753775885543749e-08,8.044066315246034e-07,AA,43,100.0,0.0,0.7071067811865475,10,2.5430600404462764e-14
faa0707,FAA cs=1/sqrt(2),10,44,78.97552620800002,1.6074255563891142e-08,7.372799386169194e-07,AA,44,100.0,0.0,0.7071067811865475,10,3.587574205959804e-14
faa0707,FAA cs=1/sqrt(2),10,45,80.68360933300005,1.0807667172607452e-08,4.9571665436948e-07,AA,45,100.0,0.0,0.7071067811865475,10,2.255015225931301e-14
faa0707,FAA cs=1/sqrt(2),10,46,82.48514220800007,4.7539310697653205e-09,2.1804916522412075e-07,AA,46,100.0,0.0,0.7071067811865475,10,3.8491642386232884e-14
faa0707,FAA cs=1/sqrt(2),10,47,84.22052191600005,2.2669936015904807e-09,1.039804858633824e-07,AA,47,100.0,0.0,0.7071067811865475,9,3.0894725454346726e-14
faa0707,FAA cs=1/sqrt(2),10,48,85.94967625000004,1.3478111897577155e-09,6.182022845798367e-08,AA,48,100.0,0.0,0.7071067811865475,10,2.883389466655372e-14
faa0707,FAA cs=1/sqrt(2),10,49,87.64977666599998,9.193520864779177e-10,4.216803989407856e-08,AA,49,100.0,0.0,0.7071067811865475,9,3.2063220419039037e-14
faa0707,FAA cs=1/sqrt(2),10,50,89.47971258300004,6.121661537036563e-10,2.8078303373492632e-08,AA,50,100.0,0.0,0.7071067811865475,10,2.589819187986511e-14
faa0707,FAA cs=1/sqrt(2),10,51,91.24616100000003,4.5490718905132514e-10,2.086528630125665e-08,AA,51,100.0,0.0,0.7071067811865475,10,2.4480477562662036e-14
faa0707,FAA cs=1/sqrt(2),10,52,92.99533425000004,3.153688197850808e-10,1.4465062047112872e-08,AA,52,100.0,0.0,0.7071067811865475,10,4.151341228238494e-14
faa0707,FAA cs=1/sqrt(2),10,53,94.71953574999998,1.9448674170034784e-10,8.92054828994681e-09,AA,53,100.0,0.0,0.7071067811865475,9,3.775523078320039e-14
faa0707,FAA cs=1/sqrt(2),10,54,96.45531649999998,1.1023466419393584e-10,5.056147460597394e-09,AA,54,100.0,0.0,0.7071067811865475,9,2.6532455833890633e-14
faa0707,FAA cs=1/sqrt(2),10,55,98.17788758300003,6.902157585437076e-11,3.165821459468874e-09,AA,55,100.0,0.0,0.7071067811865475,10,2.799818192000059e-14
picard,Picard,20,0,1.940534542,1.0,45.86712807236492,Picard,0,0.0,0.0,,0,1.3983882637437574e-14
picard,Picard,20,1,3.9388868749999997,0.5628608482956654,25.81681061569725,Picard,0,0.0,0.0,,0,2.3955780244461462e-14
picard,Picard,20,2,6.768277416999999,0.41458191327334715,19.0156817125947,Picard,0,0.0,0.0,,0,1.3255542601586831e-14
picard,Picard,20,3,8.7326355,0.46658446274244203,21.400889309183167,Picard,0,0.0,0.0,,0,1.0537427943181832e-14
picard,Picard,20,4,10.672659833,0.37849324136300183,17.360397976121334,Picard,0,0.0,0.0,,0,1.377396980456417e-14
picard,Picard,20,5,12.478746083,0.4624963852762294,21.213380936470642,Picard,0,0.0,0.0,,0,1.5704983690859826e-14
picard,Picard,20,6,14.312625582999999,0.35862115936842487,16.448922646211535,Picard,0,0.0,0.0,,0,2.276143331330941e-14
picard,Picard,20,7,16.358046958,0.34259556847105543,15.713874816086566,Picard,0,0.0,0.0,,0,5.4237832476890257e-14
picard,Picard,20,8,18.330189042,0.1705892323358706,7.824438167315791,Picard,0,0.0,0.0,,0,2.101154397205583e-14
picard,Picard,20,9,20.186761957999998,0.1772893603768998,8.131753798274922,Picard,0,0.0,0.0,,0,1.9316371425581854e-14
picard,Picard,20,10,22.137774167,0.04686948097984775,2.1497684867879485,Picard,0,0.0,0.0,,0,3.407342944097443e-14
picard,Picard,20,11,24.074244333,0.040602376118094544,1.8623143854509732,Picard,0,0.0,0.0,,0,4.0546124371947606e-14
picard,Picard,20,12,25.970297332999998,0.03004851074635319,1.3782388907868155,Picard,0,0.0,0.0,,0,4.268817971444549e-14
picard,Picard,20,13,27.857719624999998,0.023866257883704466,1.0946767069599617,Picard,0,0.0,0.0,,0,2.6633786812560798e-14
picard,Picard,20,14,29.758583207999997,0.01495089805202567,0.6857547557491326,Picard,0,0.0,0.0,,0,3.184201131271844e-14
picard,Picard,20,15,31.6543525,0.014881569909569101,0.682574872960058,Picard,0,0.0,0.0,,0,2.8376159046668142e-14
picard,Picard,20,16,33.513554,0.01272375008819213,0.5836018748558729,Picard,0,0.0,0.0,,0,3.06911660349344e-14
picard,Picard,20,17,35.547822958,0.012772043639292177,0.585816961349248,Picard,0,0.0,0.0,,0,2.7062928896989918e-14
picard,Picard,20,18,37.36469375,0.012816501620894673,0.5878561212852486,Picard,0,0.0,0.0,,0,4.9562604113468866e-14
picard,Picard,20,19,39.229118542,0.011859461739584751,0.5439594504788454,Picard,0,0.0,0.0,,0,3.243089979967038e-14
picard,Picard,20,20,41.04009475,0.015368113355938446,0.7048912235274506,Picard,0,0.0,0.0,,0,2.3931961169435896e-14
picard,Picard,20,21,42.942826917,0.0121442365471401,0.5570212530487697,Picard,0,0.0,0.0,,0,2.638466187027917e-14
picard,Picard,20,22,44.8284075,0.014339182042542795,0.6576970991982656,Picard,0,0.0,0.0,,0,2.84363997106197e-14
picard,Picard,20,23,46.678215916999996,0.01663834580976727,0.7631531381688916,Picard,0,0.0,0.0,,0,2.8410073822501252e-14
picard,Picard,20,24,48.523846458,0.013013459741325315,0.5968900246199331,Picard,0,0.0,0.0,,0,2.8257657233301245e-14
picard,Picard,20,25,50.440221333,0.019030225091453003,0.8728617715156073,Picard,0,0.0,0.0,,0,4.050429239033215e-14
picard,Picard,20,26,52.278035583,0.017299957232781896,0.7934993540424431,Picard,0,0.0,0.0,,0,3.222459094105108e-14
picard,Picard,20,27,54.187994625,0.017889220761924507,0.8205271798020009,Picard,0,0.0,0.0,,0,4.2060060222623415e-14
picard,Picard,20,28,55.968223458,0.02312602383546553,1.0607242970658612,Picard,0,0.0,0.0,,0,3.100592941796451e-14
picard,Picard,20,29,57.7488245,0.018161339636254853,0.8330084910618187,Picard,0,0.0,0.0,,0,3.3209136562889114e-14
picard,Picard,20,30,59.528574042,0.023064653447806043,1.057909413635233,Picard,0,0.0,0.0,,0,2.910762932986938e-14
picard,Picard,20,31,61.283129917,0.02273021895157294,1.0425698637646923,Picard,0,0.0,0.0,,0,3.0613988900977556e-14
picard,Picard,20,32,64.45428479200001,0.01916169855691381,0.8788920817940159,Picard,0,0.0,0.0,,0,2.6963261874284027e-14
picard,Picard,20,33,67.002211375,0.02497647665671104,1.145599253609798,Picard,0,0.0,0.0,,0,2.4851446313031257e-14
picard,Picard,20,34,69.17017200000001,0.019261509892570552,0.8834701411096574,Picard,0,0.0,0.0,,0,3.127538833643937e-14
picard,Picard,20,35,71.59320916700001,0.022112791535731615,1.014250241406909,Picard,0,0.0,0.0,,0,3.034241243863376e-14
picard,Picard,20,36,73.898457792,0.024294664962056716,1.114326509289852,Picard,0,0.0,0.0,,0,2.6974252597083703e-14
picard,Picard,20,37,76.33573050000001,0.019186069934235665,0.8800099268789373,Picard,0,0.0,0.0,,0,3.5571694196759004e-14
picard,Picard,20,38,78.330036292,0.027218303188720976,1.2484253982695235,Picard,0,0.0,0.0,,0,2.8151062577559586e-14
picard,Picard,20,39,80.18351975,0.023445122423265553,1.0753604328601958,Picard,0,0.0,0.0,,0,2.6276310482452046e-14
picard,Picard,20,40,82.09080625,0.024187084275744376,1.109392092172651,Picard,0,0.0,0.0,,0,2.6534218756326533e-14
picard,Picard,20,41,83.99497500000001,0.029449672823853003,1.3507719151009103,Picard,0,0.0,0.0,,0,2.7295363904296975e-14
picard,Picard,20,42,85.78861470800001,0.022704697560523686,1.0413992708528512,Picard,0,0.0,0.0,,0,2.72711993304423e-14
picard,Picard,20,43,87.827087042,0.027823314761664657,1.2761755415709943,Picard,0,0.0,0.0,,0,1.9773199470621086e-14
picard,Picard,20,44,89.645863625,0.026419481639096184,1.2117857479459182,Picard,0,0.0,0.0,,0,2.7227589164453978e-14
picard,Picard,20,45,91.44734379200001,0.021956883849244612,1.0070992035833435,Picard,0,0.0,0.0,,0,3.681404907376772e-14
picard,Picard,20,46,93.19377883300001,0.02777554490335526,1.2739844753619185,Picard,0,0.0,0.0,,0,3.0928434698279805e-14
picard,Picard,20,47,95.079308542,0.021132797422030534,0.9693007258836177,Picard,0,0.0,0.0,,0,3.446930471619746e-14
picard,Picard,20,48,96.92091675,0.023810298136927855,1.0921099940876617,Picard,0,0.0,0.0,,0,3.0130223928774264e-14
picard,Picard,20,49,98.85066841700001,0.025915550901034295,1.1886718922436321,Picard,0,0.0,0.0,,0,2.833029712197957e-14
picard,Picard,20,50,100.732089958,0.020260610946983056,0.9292960371296305,Picard,0,0.0,0.0,,0,2.89926374653443e-14
picard,Picard,20,51,102.484854083,0.02848602138995763,1.306571991365313,Picard,0,0.0,0.0,,0,2.6697729898086193e-14
picard,Picard,20,52,104.29270650000001,0.024501051259279906,1.1237928560169692,Picard,0,0.0,0.0,,0,2.6297224727858235e-14
picard,Picard,20,53,106.02966875000001,0.024988813981446575,1.1461651312635133,Picard,0,0.0,0.0,,0,2.735187417657776e-14
picard,Picard,20,54,107.77884125,0.03036780504740112,1.392884003385757,Picard,0,0.0,0.0,,0,2.695049511741961e-14
picard,Picard,20,55,109.547872958,0.023410827464514044,1.0737874215949037,Picard,0,0.0,0.0,,0,2.5867633151153958e-14
picard,Picard,20,56,111.23662225000001,0.02836698546905106,1.3011121555358796,Picard,0,0.0,0.0,,0,2.9264853607434317e-14
picard,Picard,20,57,113.10199250000001,0.027098608604416534,1.2429353514416632,Picard,0,0.0,0.0,,0,3.142833048408018e-14
picard,Picard,20,58,114.84758545800001,0.02233462527852944,1.0244251180985888,Picard,0,0.0,0.0,,0,2.2409060639449288e-14
picard,Picard,20,59,116.704824083,0.028156389854244637,1.291452739500075,Picard,0,0.0,0.0,,0,2.4904829356938678e-14
picard,Picard,20,60,118.519666125,0.021547094362942488,0.9883033367324153,Picard,0,0.0,0.0,,0,3.443005938855727e-14
picard,Picard,20,61,120.291687667,0.02384270468481666,1.0935963893700609,Picard,0,0.0,0.0,,0,2.982446549851047e-14
picard,Picard,20,62,122.092951833,0.026172518359918837,1.2004582515907196,Picard,0,0.0,0.0,,0,2.5483885256878686e-14
picard,Picard,20,63,123.927148208,0.020256857060542185,0.9291238571394781,Picard,0,0.0,0.0,,0,3.5814990475063433e-14
picard,Picard,20,64,125.664600667,0.028424340210260787,1.3037428527965036,Picard,0,0.0,0.0,,0,2.999868609546427e-14
picard,Picard,20,65,127.358593542,0.024658932781028677,1.13103442799528,Picard,0,0.0,0.0,,0,3.083246620708976e-14
picard,Picard,20,66,129.178129917,0.024850758168691717,1.1398329076187517,Picard,0,0.0,0.0,,0,3.3199885945761895e-14
picard,Picard,20,67,130.96419075,0.03049534635041347,1.3987339566655408,Picard,0,0.0,0.0,,0,3.1356073614444635e-14
picard,Picard,20,68,132.78378833300002,0.02355113883888763,1.0802231013733066,Picard,0,0.0,0.0,,0,3.474301435526436e-14
picard,Picard,20,69,134.49850087500002,0.028355500972558127,1.3005853946643917,Picard,0,0.0,0.0,,0,2.93132413798647e-14
picard,Picard,20,70,136.40755075,0.027397774662447114,1.2566572393402564,Picard,0,0.0,0.0,,0,3.2547054090471874e-14
picard,Picard,20,71,138.198722167,0.02240266793909997,1.0275460395253617,Picard,0,0.0,0.0,,0,4.3358876678914166e-14
picard,Picard,20,72,139.949009458,0.02826208446352248,1.2963006476803804,Picard,0,0.0,0.0,,0,2.4292310175474854e-14
picard,Picard,20,73,141.7254565,0.02181232423587254,1.0004686692827152,Picard,0,0.0,0.0,,0,3.134039520408413e-14
picard,Picard,20,74,143.446905292,0.023697860112078514,1.0869527848016933,Picard,0,0.0,0.0,,0,3.05291828626416e-14
picard,Picard,20,75,145.303175583,0.02629180236075528,1.2059294661340687,Picard,0,0.0,0.0,,0,2.2771363066680713e-14
picard,Picard,20,76,147.13831875,0.02015650530149932,0.9245210101551717,Picard,0,0.0,0.0,,0,3.775651723318131e-14
picard,Picard,20,77,148.923803958,0.028221620843246024,1.2944446976268886,Picard,0,0.0,0.0,,0,2.6788244206045283e-14
picard,Picard,20,78,150.67424266700002,0.024727379320232928,1.1341738741750715,Picard,0,0.0,0.0,,0,2.437986033251443e-14
picard,Picard,20,79,152.437384375,0.02461410207755767,1.1289781723776011,Picard,0,0.0,0.0,,0,3.534629777208805e-14
picard,Picard,20,80,154.1140875,0.03053311801775366,1.4004664345689402,Picard,0,0.0,0.0,,0,2.567526373828886e-14
picard,Picard,20,81,155.99732987500002,0.02363009738492023,1.0838447031165916,Picard,0,0.0,0.0,,0,2.942653487608956e-14
picard,Picard,20,82,157.783908792,0.028279858843438997,1.2971159074404182,Picard,0,0.0,0.0,,0,3.5647409894398666e-14
picard,Picard,20,83,159.535480125,0.027653502454303366,1.2683867387209902,Picard,0,0.0,0.0,,0,2.871048229339369e-14
picard,Picard,20,84,161.270900917,0.022440616812190787,1.0292866453476202,Picard,0,0.0,0.0,,0,2.515438242772982e-14
picard,Picard,20,85,163.026435583,0.028336174149218487,1.2996989287830405,Picard,0,0.0,0.0,,0,2.8070984786144147e-14
picard,Picard,20,86,164.842113833,0.02207000082660363,1.0122875544710284,Picard,0,0.0,0.0,,0,3.11466758041887e-14
picard,Picard,20,87,166.5300475,0.023541956804103988,1.0798019478079204,Picard,0,0.0,0.0,,0,2.873391898748785e-14
picard,Picard,20,88,168.322708333,0.026398682216840306,1.2108317381814766,Picard,0,0.0,0.0,,0,3.494961268066223e-14
picard,Picard,20,89,169.99064,0.020060117791525924,0.9200999918906456,Picard,0,0.0,0.0,,0,3.6019198774265464e-14
picard,Picard,20,90,171.74990250000002,0.027998607905837736,1.2842157346649885,Picard,0,0.0,0.0,,0,3.070703722608886e-14
picard,Picard,20,91,173.538476792,0.024786666025534657,1.1368931850801345,Picard,0,0.0,0.0,,0,2.4268793687787152e-14
picard,Picard,20,92,175.19085841700002,0.02436280383687195,1.1174518437877092,Picard,0,0.0,0.0,,0,3.3504485846204596e-14
picard,Picard,20,93,176.94014766700002,0.03054923299137173,1.401205582127763,Picard,0,0.0,0.0,,0,2.7363298696077278e-14
picard,Picard,20,94,178.705165833,0.02369913859003063,1.0870114249136607,Picard,0,0.0,0.0,,0,2.921162169058863e-14
picard,Picard,20,95,180.3958945,0.028188173235448134,1.2929105519163087,Picard,0,0.0,0.0,,0,2.6002914973304482e-14
picard,Picard,20,96,182.18051625,0.02789715184184223,1.2795622363839885,Picard,0,0.0,0.0,,0,3.302076651324839e-14
picard,Picard,20,97,183.933437042,0.022477747958389083,1.0309897443857712,Picard,0,0.0,0.0,,0,2.6344680828669264e-14
picard,Picard,20,98,185.63023025,0.028402044197676914,1.302720198731816,Picard,0,0.0,0.0,,0,2.9511285939414126e-14
picard,Picard,20,99,187.462911875,0.02233265078726401,1.0243345538548396,Picard,0,0.0,0.0,,0,3.3371490396075017e-14
picard,Picard,20,100,189.29992570800002,0.023392469082718297,1.0729453753458769,Picard,0,0.0,0.0,,0,2.5966981464631686e-14
picard,Picard,20,101,191.133060083,0.026504621747026093,1.2156908801804343,Picard,0,0.0,0.0,,0,3.9807250768834086e-14
picard,Picard,20,102,193.041641292,0.01997905226598437,0.9163817490483778,Picard,0,0.0,0.0,,0,4.7217849450684934e-14
picard,Picard,20,103,194.76007325,0.027767916624261924,1.2736345881077726,Picard,0,0.0,0.0,,0,2.886439284425215e-14
picard,Picard,20,104,196.50544687500002,0.024844973152432,1.1395675655370665,Picard,0,0.0,0.0,,0,2.2356196889383957e-14
picard,Picard,20,105,198.313824833,0.024106555336367404,1.1056984609967158,Picard,0,0.0,0.0,,0,3.384591037711086e-14
picard,Picard,20,106,200.285893417,0.030549764345246744,1.4012299538039998,Picard,0,0.0,0.0,,0,3.020631274984592e-14
picard,Picard,20,107,202.080839667,0.023764099846829534,1.0899910111989979,Picard,0,0.0,0.0,,0,3.28455293224161e-14
picard,Picard,20,108,203.927312,0.028085362644554992,1.2881949253766174,Picard,0,0.0,0.0,,0,2.246698901755674e-14
picard,Picard,20,109,205.714558875,0.02813116702350261,1.290295840692083,Picard,0,0.0,0.0,,0,2.858733248178452e-14
picard,Picard,20,110,207.66943975,0.022517726343629117,1.032823438101702,Picard,0,0.0,0.0,,0,2.6879282108191293e-14
picard,Picard,20,111,209.468237125,0.028461734105274274,1.3054580033682117,Picard,0,0.0,0.0,,0,3.458182019015646e-14
picard,Picard,20,112,211.295265417,0.022601026500176792,1.0366441770505224,Picard,0,0.0,0.0,,0,3.318952832873053e-14
picard,Picard,20,113,213.100906917,0.02325222269348561,1.0665126762492545,Picard,0,0.0,0.0,,0,3.095775740721517e-14
picard,Picard,20,114,214.898638,0.026610640002266296,1.2205536330715454,Picard,0,0.0,0.0,,0,2.6328591369692423e-14
picard,Picard,20,115,216.786897417,0.019915943452230366,0.9134871290054278,Picard,0,0.0,0.0,,0,4.2137407850608176e-14
picard,Picard,20,116,218.50784133300002,0.02753202919375618,1.2628151091221047,Picard,0,0.0,0.0,,0,2.86679727160987e-14
picard,Picard,20,117,220.351831333,0.024903831514436585,1.1422672295652605,Picard,0,0.0,0.0,,0,2.2852993931792173e-14
picard,Picard,20,118,222.222827958,0.023847735339483353,1.0938271310519458,Picard,0,0.0,0.0,,0,3.338068327542868e-14
picard,Picard,20,119,224.113376958,0.03053538465700952,1.4005703988019824,Picard,0,0.0,0.0,,0,2.576891304917632e-14
picard,Picard,20,120,225.94379883300002,0.02382633805499974,1.092845699064135,Picard,0,0.0,0.0,,0,2.578177310461813e-14
picard,Picard,20,121,227.697625375,0.027972187380501206,1.2830039010456387,Picard,0,0.0,0.0,,0,2.1533859590913364e-14
picard,Picard,20,122,229.416241542,0.028355730815788845,1.3005959369132916,Picard,0,0.0,0.0,,0,3.273783380999508e-14
picard,Picard,20,123,231.140443708,0.022561349622963644,1.0348243126418755,Picard,0,0.0,0.0,,0,2.7098595968773026e-14
picard,Picard,20,124,233.011013917,0.02851537473142604,1.3079183448377967,Picard,0,0.0,0.0,,0,4.4179970314801684e-14
picard,Picard,20,125,234.711006458,0.02287480108606044,1.0492014310442064,Picard,0,0.0,0.0,,0,3.1799992192823785e-14
picard,Picard,20,126,236.44336916700001,0.023122182028655992,1.060548084420899,Picard,0,0.0,0.0,,0,2.6285688116098967e-14
picard,Picard,20,127,238.177966,0.026716840095384945,1.2254247263439155,Picard,0,0.0,0.0,,0,3.0457906817281477e-14
picard,Picard,20,128,240.06434950000002,0.019872100061370596,0.9114761585817359,Picard,0,0.0,0.0,,0,3.710789650416083e-14
picard,Picard,20,129,241.767820167,0.027292352894966645,1.2518218456296146,Picard,0,0.0,0.0,,0,3.3175934719426565e-14
picard,Picard,20,130,243.459141042,0.02496403710359691,1.1450286870339492,Picard,0,0.0,0.0,,0,2.1914476214261e-14
picard,Picard,20,131,245.275736792,0.0235877657056993,1.081903070564247,Picard,0,0.0,0.0,,0,3.0421199623274416e-14
picard,Picard,20,132,247.038173542,0.03050637857936659,1.3992399733238572,Picard,0,0.0,0.0,,0,2.759768607650101e-14
picard,Picard,20,133,248.836684042,0.023886528039368284,1.0956064407858408,Picard,0,0.0,0.0,,0,3.158589184397152e-14
picard,Picard,20,134,250.57261,0.02784893006568854,1.2773504420012702,Picard,0,0.0,0.0,,0,2.4996900873366605e-14
picard,Picard,20,135,252.32132275,0.028570872363919027,1.3104638618550655,Picard,0,0.0,0.0,,0,2.776110913448449e-14
picard,Picard,20,136,254.07710645800003,0.022608777286335032,1.036999683351904,Picard,0,0.0,0.0,,0,2.61835793377805e-14
picard,Picard,20,137,255.97416358299998,0.028562890459515274,1.310097754823517,Picard,0,0.0,0.0,,0,3.626667379113628e-14
picard,Picard,20,138,257.77136270799997,0.023153413396774215,1.0619805775822526,Picard,0,0.0,0.0,,0,3.5731994371102324e-14
picard,Picard,20,139,259.46827420799997,0.023002790195135053,1.0550719239019994,Picard,0,0.0,0.0,,0,3.019336632778546e-14
picard,Picard,20,140,261.247398,0.026823175047090198,1.230302005192349,Picard,0,0.0,0.0,,0,2.3727602102611457e-14
picard,Picard,20,141,263.096362583,0.019848298010336652,0.910384426858577,Picard,0,0.0,0.0,,0,3.500528111050419e-14
picard,Picard,20,142,264.90332620799995,0.027050066152392405,1.2407088485777258,Picard,0,0.0,0.0,,0,3.3530508906650826e-14
picard,Picard,20,143,266.666855167,0.025026138835388678,1.147877115119558,Picard,0,0.0,0.0,,0,3.5108494320665516e-14
picard,Picard,20,144,268.508122917,0.023327816012784667,1.0699799247069595,Picard,0,0.0,0.0,,0,2.6193888051001745e-14
picard,Picard,20,145,270.213085875,0.03046297718119222,1.3972492758352737,Picard,0,0.0,0.0,,0,3.4304960735995915e-14
picard,Picard,20,146,271.98540466699995,0.023945055362001463,1.0982909209887894,Picard,0,0.0,0.0,,0,2.4502678258793037e-14
picard,Picard,20,147,273.791508208,0.02771575858937578,1.271242248841647,Picard,0,0.0,0.0,,0,3.980208772329487e-14
picard,Picard,20,148,275.65863433299995,0.028776526947377683,1.3198966469732325,Picard,0,0.0,0.0,,0,2.5440972950667433e-14
picard,Picard,20,149,277.430175417,0.0226598670295429,1.0393430231468035,Picard,0,0.0,0.0,,0,2.9028789472603685e-14
picard,Picard,20,150,279.14342445799997,0.028604128372844626,1.3119892194756317,Picard,0,0.0,0.0,,0,2.4816539542025587e-14
picard,Picard,20,151,280.992236875,0.023436140783381392,1.074948470833329,Picard,0,0.0,0.0,,0,3.477472567246611e-14
picard,Picard,20,152,282.761052917,0.022894223632398618,1.050092287464591,Picard,0,0.0,0.0,,0,2.7850694484303735e-14
picard,Picard,20,153,284.505462875,0.026929499840242302,1.2351788180971244,Picard,0,0.0,0.0,,0,3.108875605991761e-14
picard,Picard,20,154,286.19054541699995,0.01984496328043448,0.9102314723750675,Picard,0,0.0,0.0,,0,3.63027539616322e-14
picard,Picard,20,155,287.99546,0.026806239149001473,1.229525204185693,Picard,0,0.0,0.0,,0,2.7782861792838836e-14
picard,Picard,20,156,289.76768925,0.025090510770220783,1.150829670898768,Picard,0,0.0,0.0,,0,3.5734165185659175e-14
picard,Picard,20,157,291.42639166699996,0.023068962232706904,1.058107045224117,Picard,0,0.0,0.0,,0,2.7383610222058907e-14
picard,Picard,20,158,293.21021316699995,0.030405370556464473,1.3946070254010694,Picard,0,0.0,0.0,,0,2.5606086792196037e-14
picard,Picard,20,159,294.895864875,0.024002134630702363,1.1009089831165706,Picard,0,0.0,0.0,,0,2.3246302761850155e-14
picard,Picard,20,160,296.6634315,0.027572796826265757,1.2646850033436285,Picard,0,0.0,0.0,,0,3.016780754981811e-14
picard,Picard,20,161,298.350279958,0.02897252568049091,1.328886545966958,Picard,0,0.0,0.0,,0,2.622672711277137e-14
picard,Picard,20,162,300.063450125,0.022714314393577288,1.0418403673661714,Picard,0,0.0,0.0,,0,3.086160834684481e-14
picard,Picard,20,163,301.84298670799996,0.028638879655768525,1.3135831610201811,Picard,0,0.0,0.0,,0,2.7894160241424235e-14
picard,Picard,20,164,303.642113833,0.0237221499947297,1.088066891960118,Picard,0,0.0,0.0,,0,3.4532763232325355e-14
picard,Picard,20,165,305.41307237499996,0.022796501800563078,1.0456100676883242,Picard,0,0.0,0.0,,0,3.25676303571709e-14
picard,Picard,20,166,307.148218708,0.027035593547196448,1.240045031741662,Picard,0,0.0,0.0,,0,2.3596632982603896e-14
picard,Picard,20,167,308.962359958,0.019862267122287103,0.9110251499054656,Picard,0,0.0,0.0,,0,3.8211529241596375e-14
picard,Picard,20,168,310.69652145799995,0.026561882002501674,1.218317243651789,Picard,0,0.0,0.0,,0,3.206365026720922e-14
picard,Picard,20,169,312.463642458,0.025157402789997493,1.1538978157368855,Picard,0,0.0,0.0,,0,2.6377387596249645e-14
picard,Picard,20,170,314.18669241699996,0.022812260357159678,1.046332867421976,Picard,0,0.0,0.0,,0,2.5043506397554042e-14
picard,Picard,20,171,315.97608354199997,0.03033372985755362,1.3913210722889315,Picard,0,0.0,0.0,,0,4.122676520366647e-14
picard,Picard,20,172,317.76613375,0.02405789174163204,1.103466401664527,Picard,0,0.0,0.0,,0,2.39397705371525e-14
picard,Picard,20,173,319.48005558299997,0.027420163030709866,1.2576841294946952,Picard,0,0.0,0.0,,0,3.537210885073093e-14
picard,Picard,20,174,321.290067583,0.02915861930728506,1.3374221261805763,Picard,0,0.0,0.0,,0,2.4068944366301092e-14
picard,Picard,20,175,323.025643125,0.022771738942469696,1.0444742665047173,Picard,0,0.0,0.0,,0,2.5671663563618956e-14
picard,Picard,20,176,324.870927292,0.028666899658739718,1.3148683580850489,Picard,0,0.0,0.0,,0,2.310065639854988e-14
picard,Picard,20,177,326.531763208,0.02401055063835914,1.101295001217622,Picard,0,0.0,0.0,,0,3.305573561737396e-14
picard,Picard,20,178,328.29292499999997,0.022709547199028367,1.04162170984325,Picard,0,0.0,0.0,,0,3.6343174193962156e-14
picard,Picard,20,179,330.032156167,0.027141184601653788,1.244888190159753,Picard,0,0.0,0.0,,0,2.7784794321253116e-14
picard,Picard,20,180,331.784283708,0.01990018318939873,0.912764251011675,Picard,0,0.0,0.0,,0,3.623852776671717e-14
picard,Picard,20,181,333.48088604199995,0.026317971342736682,1.207129762182133,Picard,0,0.0,0.0,,0,2.6164325209353814e-14
picard,Picard,20,182,335.207751208,0.025226980979144546,1.1570891674495367,Picard,0,0.0,0.0,,0,2.7056006897906473e-14
picard,Picard,20,183,337.187845167,0.022558783747513182,1.0347066233039715,Picard,0,0.0,0.0,,0,2.8478423679739047e-14
picard,Picard,20,184,339.04000533299995,0.030248235920207537,1.387399710915268,Picard,0,0.0,0.0,,0,2.608415836748499e-14
picard,Picard,20,185,340.813971208,0.024112419663765233,1.1059674408525302,Picard,0,0.0,0.0,,0,2.8500017326795104e-14
picard,Picard,20,186,342.50325208299995,0.02725799472334463,1.2502459349714954,Picard,0,0.0,0.0,,0,2.6995891623045265e-14
picard,Picard,20,187,344.32516516699997,0.02933450954446346,1.3454897062159166,Picard,0,0.0,0.0,,0,2.337420872813534e-14
picard,Picard,20,188,346.048496625,0.02283173497359529,1.0472261121481885,Picard,0,0.0,0.0,,0,2.6542796543913278e-14
picard,Picard,20,189,347.781765667,0.028687925221460842,1.3158327402631722,Picard,0,0.0,0.0,,0,2.8471291728563835e-14
picard,Picard,20,190,349.566782667,0.024300437466153704,1.1145912774745668,Picard,0,0.0,0.0,,0,3.184541859162229e-14
picard,Picard,20,191,351.40176025,0.022633216477329,1.0381206388552093,Picard,0,0.0,0.0,,0,2.7192268929017902e-14
picard,Picard,20,192,353.22260874999995,0.02724597193017212,1.2496944839772643,Picard,0,0.0,0.0,,0,4.4009703977877756e-14
picard,Picard,20,193,354.91453924999996,0.01995852088205746,0.9154400334322992,Picard,0,0.0,0.0,,0,2.6509023076883568e-14
picard,Picard,20,194,356.73151787499995,0.02607546188831237,1.1960065499772938,Picard,0,0.0,0.0,,0,3.337760340781445e-14
picard,Picard,20,195,358.38864275,0.025299354394666927,1.1604087281683362,Picard,0,0.0,0.0,,0,2.9300552036014814e-14
picard,Picard,20,196,360.1427065,0.022309638452172317,1.0232790441339448,Picard,0,0.0,0.0,,0,2.8184145640082226e-14
picard,Picard,20,197,361.87172499999997,0.030149102887630064,1.3828527634138352,Picard,0,0.0,0.0,,0,2.4803331002287743e-14
picard,Picard,20,198,363.66227533299997,0.024165811232195075,1.1084163587596862,Picard,0,0.0,0.0,,0,2.4771396288396972e-14
picard,Picard,20,199,365.381353125,0.027086463252478703,1.2423782790288467,Picard,0,0.0,0.0,,0,2.8694989139488405e-14
picard,Picard,20,200,367.12682437499996,0.029499874527624485,1.3530745230772478,Picard,0,0.0,0.0,,0,3.388409756682603e-14
picard,Picard,20,201,368.886774667,0.022893898440064182,1.0500773718261394,Picard,0,0.0,0.0,,0,2.6206988675726717e-14
picard,Picard,20,202,370.64090041699995,0.02870168676020867,1.3164639425233917,Picard,0,0.0,0.0,,0,2.090905714212429e-14
picard,Picard,20,203,372.40152758299996,0.024590918281954578,1.1279147982554705,Picard,0,0.0,0.0,,0,3.274736534938864e-14
picard,Picard,20,204,374.157747917,0.0225673158405152,1.0350979659064203,Picard,0,0.0,0.0,,0,3.1181967425644926e-14
picard,Picard,20,205,375.974231708,0.027349639188665842,1.2544494033995068,Picard,0,0.0,0.0,,0,4.2701543147730055e-14
picard,Picard,20,206,377.788188458,0.020036944491552716,0.9190370991729153,Picard,0,0.0,0.0,,0,3.380668633499896e-14
picard,Picard,20,207,379.55440358299995,0.025835288217258803,1.1849904734474699,Picard,0,0.0,0.0,,0,2.9438428693305797e-14
picard,Picard,20,208,381.544756417,0.02537459005798045,1.1638595719731468,Picard,0,0.0,0.0,,0,4.04077976982687e-14
picard,Picard,20,209,383.31672816699995,0.02206596577724344,1.0121024783452461,Picard,0,0.0,0.0,,0,3.532954752542374e-14
picard,Picard,20,210,385.174088167,0.03003659390078619,1.3776922993049752,Picard,0,0.0,0.0,,0,5.0098039720059116e-14
picard,Picard,20,211,386.96778120799996,0.02421817551985334,1.110818158248126,Picard,0,0.0,0.0,,0,2.188194046571949e-14
picard,Picard,20,212,388.913754333,0.026905781466122044,1.2340909243936822,Picard,0,0.0,0.0,,0,2.7618557506651518e-14
picard,Picard,20,213,390.669566417,0.029654385003067038,1.3601614748428934,Picard,0,0.0,0.0,,0,2.9682530132996665e-14
picard,Picard,20,214,392.405593125,0.0229578398577339,1.0530101810195247,Picard,0,0.0,0.0,,0,2.2070569744101984e-14
picard,Picard,20,215,394.11224158299996,0.028707915579791816,1.3167496405889514,Picard,0,0.0,0.0,,0,2.3026623433988444e-14
picard,Picard,20,216,395.93520724999996,0.02488112986606458,1.1412259701519278,Picard,0,0.0,0.0,,0,4.175809113071499e-14
picard,Picard,20,217,397.706606208,0.022511608289815004,1.0325428205438567,Picard,0,0.0,0.0,,0,4.710424114552822e-14
picard,Picard,20,218,399.555434375,0.02745186327719719,1.2591381287602548,Picard,0,0.0,0.0,,0,2.344010005482374e-14
picard,Picard,20,219,401.380909583,0.020134986202246772,0.9235339908737533,Picard,0,0.0,0.0,,0,2.979976746150867e-14
picard,Picard,20,220,403.12210799999997,0.025598361324949682,1.17412331733414,Picard,0,0.0,0.0,,0,3.730533886692471e-14
picard,Picard,20,221,404.91944054199996,0.025452720222067064,1.1674431782156225,Picard,0,0.0,0.0,,0,2.2287199310665297e-14
picard,Picard,20,222,406.696363583,0.021828938064453386,1.001230697886005,Picard,0,0.0,0.0,,0,3.599619191477412e-14
picard,Picard,20,223,408.454775708,0.029911030166763018,1.37193305143529,Picard,0,0.0,0.0,,0,4.129919598984405e-14
picard,Picard,20,224,410.24381474999996,0.02426964445814363,1.1131788906324354,Picard,0,0.0,0.0,,0,2.875418567776022e-14
picard,Picard,20,225,412.058051917,0.026716207333098256,1.2253957033550726,Picard,0,0.0,0.0,,0,2.649169228071974e-14
picard,Picard,20,226,413.883629458,0.02979771357411267,1.3667355447674725,Picard,0,0.0,0.0,,0,3.959016204376992e-14
picard,Picard,20,227,415.65767708299995,0.023023189110958624,1.0560075635866166,Picard,0,0.0,0.0,,0,3.1959904024967134e-14
picard,Picard,20,228,417.421247667,0.028706348154671584,1.316677747300218,Picard,0,0.0,0.0,,0,3.7717207885813974e-14
picard,Picard,20,229,419.098758375,0.025170245752256435,1.154486885531645,Picard,0,0.0,0.0,,0,3.2281500781726186e-14
picard,Picard,20,230,420.962219167,0.02246581741789006,1.03044252475673,Picard,0,0.0,0.0,,0,2.8983456422165694e-14
picard,Picard,20,231,422.665695583,0.027552318959185577,1.263745742391613,Picard,0,0.0,0.0,,0,3.2234511983250256e-14
picard,Picard,20,232,424.38063308299996,0.020252056231116148,0.9289036568813404,Picard,0,0.0,0.0,,0,3.118353521513722e-14
picard,Picard,20,233,426.10807054199995,0.025365562786585357,1.1634455169599243,Picard,0,0.0,0.0,,0,3.1943924968587396e-14
picard,Picard,20,234,427.932322833,0.02553374523775537,1.1711595629872635,Picard,0,0.0,0.0,,0,2.943522160218189e-14
picard,Picard,20,235,429.68988204199997,0.021599751027096863,0.9907185466910475,Picard,0,0.0,0.0,,0,4.034131990541552e-14
picard,Picard,20,236,431.44536979199995,0.029772795436533033,1.3655926213597824,Picard,0,0.0,0.0,,0,3.5793637553930125e-14
picard,Picard,20,237,433.24163124999995,0.02432037393140387,1.1155057058795064,Picard,0,0.0,0.0,,0,3.802472060584155e-14
picard,Picard,20,238,434.948372167,0.026518045642156554,1.2163065956976131,Picard,0,0.0,0.0,,0,5.1418705971935765e-14
picard,Picard,20,239,436.745341458,0.02992953905058206,1.3727820007798945,Picard,0,0.0,0.0,,0,2.8058916641636263e-14
picard,Picard,20,240,438.467619417,0.023089597173006446,1.0590535106736017,Picard,0,0.0,0.0,,0,2.5929162220900522e-14
picard,Picard,20,241,440.209702667,0.02869672854497741,1.3162365234303692,Picard,0,0.0,0.0,,0,2.7343304638655524e-14
picard,Picard,20,242,442.045547667,0.025457479395459844,1.1676614678311477,Picard,0,0.0,0.0,,0,3.042548354105325e-14
picard,Picard,20,243,444.05459854199995,0.022429630764927787,1.028782746910799,Picard,0,0.0,0.0,,0,3.229552256311049e-14
picard,Picard,20,244,445.874697875,0.027650681151755212,1.268257333675683,Picard,0,0.0,0.0,,0,2.894086876267263e-14
picard,Picard,20,245,447.667511042,0.020387453455455513,0.9351139387107568,Picard,0,0.0,0.0,,0,3.1514699866290326e-14
picard,Picard,20,246,449.42929,0.02513773845108879,1.1529958689857018,Picard,0,0.0,0.0,,0,4.03583228306831e-14
picard,Picard,20,247,451.160901083,0.025617634636428136,1.1750073287801008,Picard,0,0.0,0.0,,0,4.3018318411974614e-14
picard,Picard,20,248,452.992077958,0.021379614371447454,0.9806215105129541,Picard,0,0.0,0.0,,0,2.874708729097244e-14
picard,Picard,20,249,454.696205542,0.029622337672241074,1.3586915558155215,Picard,0,0.0,0.0,,0,2.8696253346210244e-14
picard,Picard,20,250,456.49363925,0.024370542262710508,1.1178067831567249,Picard,0,0.0,0.0,,0,2.6010768817406385e-14
picard,Picard,20,251,458.25518662499996,0.026311648808297894,1.2068397656852874,Picard,0,0.0,0.0,,0,2.673265349046844e-14
picard,Picard,20,252,459.974752375,0.030049549061636212,1.3782865153268813,Picard,0,0.0,0.0,,0,2.7639393618279982e-14
picard,Picard,20,253,461.76717974999997,0.02315673657453924,1.0621330022024082,Picard,0,0.0,0.0,,0,3.024567662101729e-14
picard,Picard,20,254,463.502403375,0.02867881024907427,1.3154146626573413,Picard,0,0.0,0.0,,0,2.3705400609804603e-14
picard,Picard,20,255,465.28706745799997,0.02574208447681182,1.1807154855475648,Picard,0,0.0,0.0,,0,4.299660752329293e-14
picard,Picard,20,256,467.02168125,0.02240270265012119,1.0275476316202177,Picard,0,0.0,0.0,,0,3.099387226672699e-14
picard,Picard,20,257,468.77950549999997,0.027746626109782863,1.272658053353435,Picard,0,0.0,0.0,,0,2.4067862159418678e-14
picard,Picard,20,258,470.584327083,0.020540376424570687,0.9421280761203688,Picard,0,0.0,0.0,,0,2.998195890712274e-14
picard,Picard,20,259,472.323198667,0.02491569218237618,1.1428112443406697,Picard,0,0.0,0.0,,0,2.954884009987997e-14
picard,Picard,20,260,474.172127958,0.025704327543215284,1.1789836834386727,Picard,0,0.0,0.0,,0,2.1370788290060777e-14
picard,Picard,20,261,475.869011458,0.021169741296937397,0.9709952353254602,Picard,0,0.0,0.0,,0,3.63607093344936e-14
picard,Picard,20,262,477.64597045799997,0.02946016897195701,1.3512533432702634,Picard,0,0.0,0.0,,0,2.839836936940504e-14
picard,Picard,20,263,479.34820483299995,0.024420347932764905,1.1200912262038398,Picard,0,0.0,0.0,,0,4.120511485333896e-14
picard,Picard,20,264,481.06478212499997,0.026097417482507938,1.1970135900281669,Picard,0,0.0,0.0,,0,3.325513693135282e-14
picard,Picard,20,265,482.834703625,0.030157441296089757,1.3832352222625757,Picard,0,0.0,0.0,,0,2.9012908964988726e-14
picard,Picard,20,266,484.55674829199995,0.023224301316813894,1.0652320028894962,Picard,0,0.0,0.0,,0,2.7442111280970914e-14
picard,Picard,20,267,486.277583792,0.02865235774956858,1.3142013624746796,Picard,0,0.0,0.0,,0,3.4569061573120634e-14
picard,Picard,20,268,488.031394667,0.026023354137750615,1.193616517108715,Picard,0,0.0,0.0,,0,5.0117052145798515e-14
picard,Picard,20,269,489.77772525,0.022384657692651674,1.026719961244903,Picard,0,0.0,0.0,,0,3.041726847577477e-14
picard,Picard,20,270,491.47010629199997,0.027839832060739846,1.2769331426430854,Picard,0,0.0,0.0,,0,2.4400873893639957e-14
picard,Picard,20,271,493.342794708,0.020709935919617617,0.9499052831955718,Picard,0,0.0,0.0,,0,3.1779412379985756e-14
picard,Picard,20,272,495.091369708,0.024700180340203326,1.1329263350746162,Picard,0,0.0,0.0,,0,2.7422057932711806e-14
picard,Picard,20,273,496.940861,0.025793733235330664,1.1830844657693271,Picard,0,0.0,0.0,,0,3.573500532707217e-14
picard,Picard,20,274,498.761639,0.020971337079633848,0.961895003680301,Picard,0,0.0,0.0,,0,4.167471169901705e-14
picard,Picard,20,275,500.656824417,0.029286864284096995,1.3433043549566468,Picard,0,0.0,0.0,,0,4.3831224308951695e-14
picard,Picard,20,276,502.48202516699996,0.02447000641226298,1.1223689180428569,Picard,0,0.0,0.0,,0,2.5984634973624838e-14
picard,Picard,20,277,504.33662649999997,0.025875800990150043,1.186848677990239,Picard,0,0.0,0.0,,0,2.8358149594694138e-14
picard,Picard,20,278,506.067694125,0.03025292519655751,1.387614794554179,Picard,0,0.0,0.0,,0,2.9539882251515194e-14
picard,Picard,20,279,507.86299216699996,0.023292007531407862,1.0683374925055726,Picard,0,0.0,0.0,,0,2.4628861443788178e-14
picard,Picard,20,280,509.580368583,0.028617148224052365,1.3125864026584602,Picard,0,0.0,0.0,,0,2.0477006036057063e-14
picard,Picard,20,281,511.28992933300003,0.026300619653400158,1.2063338900250629,Picard,0,0.0,0.0,,0,3.859347746490662e-14
picard,Picard,20,282,513.183071625,0.022375094810225028,1.026281339291899,Picard,0,0.0,0.0,,0,2.5445186083883152e-14
picard,Picard,20,283,514.954355667,0.027929979559627473,1.2810679495199677,Picard,0,0.0,0.0,,0,2.4499175023625983e-14
picard,Picard,20,284,516.81176175,0.02089516793818603,0.9584013439143519,Picard,0,0.0,0.0,,0,3.361103942151521e-14
picard,Picard,20,285,518.595761667,0.02449190677491451,1.1233734247814258,Picard,0,0.0,0.0,,0,3.690389106056907e-14
picard,Picard,20,286,520.334848667,0.025885732030048025,1.1873041862691316,Picard,0,0.0,0.0,,0,3.893759318022264e-14
picard,Picard,20,287,522.064013458,0.020785586805039592,0.9533751720460093,Picard,0,0.0,0.0,,0,3.1798558611617253e-14
picard,Picard,20,288,523.873326458,0.02910305922876677,1.3348737449434673,Picard,0,0.0,0.0,,0,4.98134680912576e-14
picard,Picard,20,289,525.6659422079999,0.024519747016638282,1.1246503767141358,Picard,0,0.0,0.0,,0,3.2384217998888856e-14
picard,Picard,20,290,527.4064543329999,0.025647297751323593,1.176367890670036,Picard,0,0.0,0.0,,0,3.4232227605893926e-14
picard,Picard,20,291,529.168028625,0.03033572345033678,1.391412512664441,Picard,0,0.0,0.0,,0,3.01177755289008e-14
picard,Picard,20,292,530.88595325,0.02335959345595917,1.0714374647628568,Picard,0,0.0,0.0,,0,2.668205246227494e-14
picard,Picard,20,293,532.661679167,0.028572973313835907,1.3105602263939766,Picard,0,0.0,0.0,,0,2.7405800025761107e-14
picard,Picard,20,294,534.3777202919999,0.026573248959031386,1.2188386133027305,Picard,0,0.0,0.0,,0,3.923191171626162e-14
picard,Picard,20,295,536.0962,0.022373591074893687,1.0262123672708694,Picard,0,0.0,0.0,,0,2.6662480832419537e-14
picard,Picard,20,296,537.8387356669999,0.028016751821134483,1.2850479439516385,Picard,0,0.0,0.0,,0,2.480139813986727e-14
picard,Picard,20,297,539.472167208,0.02109504726133401,0.9675692344281979,Picard,0,0.0,0.0,,0,4.221861964360267e-14
picard,Picard,20,298,541.2705925,0.02429151853214204,1.1141821915859849,Picard,0,0.0,0.0,,0,2.7873541668575803e-14
picard,Picard,20,299,543.0965300419999,0.025980176608142978,1.1916360878283532,Picard,0,0.0,0.0,,0,2.938531432494229e-14
picard,Picard,20,300,544.861434917,0.020613642480794146,0.9454885797045272,Picard,0,0.0,0.0,,0,4.1057254493367935e-14
picard,Picard,20,301,546.546500125,0.02890944707176045,1.3259933113416915,Picard,0,0.0,0.0,,0,3.3658269403248196e-14
picard,Picard,20,302,548.278892625,0.024569809769728713,1.1269466114217896,Picard,0,0.0,0.0,,0,2.445960691369633e-14
picard,Picard,20,303,550.066157083,0.02541245568065108,1.1655963593377205,Picard,0,0.0,0.0,,0,2.960182040965946e-14
picard,Picard,20,304,551.813379333,0.030405574285878707,1.3946163698842042,Picard,0,0.0,0.0,,0,2.871080178476388e-14
picard,Picard,20,305,553.554020958,0.02342682065110056,1.0745209831323528,Picard,0,0.0,0.0,,0,3.867428926282036e-14
picard,Picard,20,306,555.307671125,0.02851964109533355,1.3081140306975456,Picard,0,0.0,0.0,,0,2.244486517554114e-14
picard,Picard,20,307,557.07690725,0.026840644670584946,1.2311032866505587,Picard,0,0.0,0.0,,0,3.161227275594166e-14
picard,Picard,20,308,558.8536470829999,0.022379705980587715,1.0264928404334879,Picard,0,0.0,0.0,,0,3.323088645067475e-14
picard,Picard,20,309,560.582798833,0.028099834945513526,1.2888587282581843,Picard,0,0.0,0.0,,0,2.4626104390112552e-14
picard,Picard,20,310,562.317467625,0.021308501245808804,0.9773597556716599,Picard,0,0.0,0.0,,0,3.36343369099724e-14
picard,Picard,20,311,564.262233958,0.02409960233183642,1.1053795466474055,Picard,0,0.0,0.0,,0,3.185943276515478e-14
picard,Picard,20,312,566.105765,0.02607689371490562,1.196072223751024,Picard,0,0.0,0.0,,0,2.918463952879259e-14
picard,Picard,20,313,568.047396708,0.020456609375241006,0.9382859221405201,Picard,0,0.0,0.0,,0,3.909486728944193e-14
picard,Picard,20,314,569.858331333,0.028706775037090487,1.3166973271707976,Picard,0,0.0,0.0,,0,2.323026035980502e-14
picard,Picard,20,315,571.6067745,0.024620441772997083,1.1292689560002604,Picard,0,0.0,0.0,,0,2.4494106412327978e-14
picard,Picard,20,316,573.341982,0.02517187239919425,1.1545614951550702,Picard,0,0.0,0.0,,0,2.916930316118107e-14
picard,Picard,20,317,575.090457875,0.030462234010626196,1.3972151887357422,Picard,0,0.0,0.0,,0,2.9914703980441425e-14
picard,Picard,20,318,576.99864125,0.023493474425279024,1.0775782003291028,Picard,0,0.0,0.0,,0,3.1548684308847935e-14
picard,Picard,20,319,578.79432375,0.028456978119244577,1.3052398599478772,Picard,0,0.0,0.0,,0,2.2365497090107334e-14
picard,Picard,20,320,580.526101208,0.027102242532799914,1.2431020293002295,Picard,0,0.0,0.0,,0,2.991295950209648e-14
picard,Picard,20,321,582.342685167,0.022392985505455553,1.0271019341013412,Picard,0,0.0,0.0,,0,3.1131258581653036e-14
picard,Picard,20,322,584.122276417,0.02817891808858354,1.2924860449097417,Picard,0,0.0,0.0,,0,2.6554015115096003e-14
picard,Picard,20,323,585.8921423749999,0.02153442273487942,0.9877221255451611,Picard,0,0.0,0.0,,0,3.0643467873751537e-14
picard,Picard,20,324,587.657992833,0.023916681603415084,1.0969894981698136,Picard,0,0.0,0.0,,0,2.6165288776719982e-14
picard,Picard,20,325,589.40119725,0.02617568609370414,1.200603546441949,Picard,0,0.0,0.0,,0,2.1730320611635946e-14
picard,Picard,20,326,591.138760042,0.02031553214921983,0.9318151149465129,Picard,0,0.0,0.0,,0,3.196498472749082e-14
picard,Picard,20,327,593.097751292,0.028495839861670792,1.3070223364648557,Picard,0,0.0,0.0,,0,2.7317039135917816e-14
picard,Picard,20,328,594.8603382919999,0.02467189396589148,1.1316289203213519,Picard,0,0.0,0.0,,0,2.587552776397058e-14
picard,Picard,20,329,596.563157292,0.02492619543861695,1.143292998539842,Picard,0,0.0,0.0,,0,2.879736064216585e-14
picard,Picard,20,330,598.278400208,0.030505480008099037,1.3991987584404462,Picard,0,0.0,0.0,,0,2.2691628203686356e-14
picard,Picard,20,331,600.038464958,0.023559364794486348,1.0806004023322706,Picard,0,0.0,0.0,,0,3.3766750755416865e-14
picard,Picard,20,332,601.822305542,0.02838483154941607,1.3019307039895713,Picard,0,0.0,0.0,,0,2.876668317252491e-14
picard,Picard,20,333,603.482578125,0.0273575093444566,1.254810384843111,Picard,0,0.0,0.0,,0,2.9322161176115e-14
picard,Picard,20,334,605.246129042,0.022412966162493813,1.028018389456685,Picard,0,0.0,0.0,,0,3.760048138374694e-14
picard,Picard,20,335,607.027289542,0.028253693605068922,1.295915783101054,Picard,0,0.0,0.0,,0,2.4812208645456453e-14
picard,Picard,20,336,608.822859625,0.02177168284084291,0.9986045652118515,Picard,0,0.0,0.0,,0,3.4966017464597035e-14
picard,Picard,20,337,610.599170875,0.02374321434832503,1.0890330533642365,Picard,0,0.0,0.0,,0,2.7809547362628077e-14
picard,Picard,20,338,612.411149625,0.026276334761176922,1.2052200117632361,Picard,0,0.0,0.0,,0,3.045221177233348e-14
picard,Picard,20,339,614.1626327079999,0.02019138092813845,0.9261206549888328,Picard,0,0.0,0.0,,0,3.233580195509815e-14
picard,Picard,20,340,616.046490792,0.02827748282884872,1.297006926474904,Picard,0,0.0,0.0,,0,3.095117498579167e-14
picard,Picard,20,341,617.7941133329999,0.024724417315110953,1.1340380155067908,Picard,0,0.0,0.0,,0,2.8008313898449717e-14
picard,Picard,20,342,619.5909849999999,0.02467612228646229,1.131822861242504,Picard,0,0.0,0.0,,0,2.9064677614690195e-14
picard,Picard,20,343,621.369514125,0.03053511384575381,1.4005579774674333,Picard,0,0.0,0.0,,0,2.7402253611140202e-14
picard,Picard,20,344,623.280655583,0.02362432731470977,1.0835800465672618,Picard,0,0.0,0.0,,0,3.325535380636649e-14
picard,Picard,20,345,625.049820917,0.02830307124459693,1.2981805936171962,Picard,0,0.0,0.0,,0,2.6218551873593376e-14
picard,Picard,20,346,626.83622525,0.027605940837470633,1.2662052239503945,Picard,0,0.0,0.0,,0,3.025009949238402e-14
picard,Picard,20,347,628.57478125,0.022439178726746726,1.0292206844983784,Picard,0,0.0,0.0,,0,3.65973724258255e-14
picard,Picard,20,348,630.3125555419999,0.028323857112873125,1.2991339816995158,Picard,0,0.0,0.0,,0,3.509202984188244e-14
picard,Picard,20,349,632.084721542,0.022019142499338947,1.009954829060833,Picard,0,0.0,0.0,,0,4.5474119384186486e-14
picard,Picard,20,350,633.872637042,0.02357959172212456,1.0815281534127628,Picard,0,0.0,0.0,,0,3.22782262961627e-14
picard,Picard,20,351,635.590133917,0.026378601255280864,1.2099106821458134,Picard,0,0.0,0.0,,0,2.949850046595657e-14
picard,Picard,20,352,637.363717375,0.020085037624742397,0.9212429930723276,Picard,0,0.0,0.0,,0,4.181793030731996e-14
picard,Picard,20,353,639.076465,0.028052584262401866,1.286691475124395,Picard,0,0.0,0.0,,0,2.6462031087642486e-14
picard,Picard,20,354,640.9453367919999,0.024778259408643272,1.136507597706522,Picard,0,0.0,0.0,,0,3.009055912387415e-14
picard,Picard,20,355,642.78016825,0.024422400281631503,1.1201853615521533,Picard,0,0.0,0.0,,0,3.334368261439881e-14
picard,Picard,20,356,644.553653208,0.030550964988296805,1.4012850238525463,Picard,0,0.0,0.0,,0,2.6999299383378835e-14
picard,Picard,20,357,646.31717725,0.023688223740803097,1.086510792126251,Picard,0,0.0,0.0,,0,2.4248903643535242e-14
picard,Picard,20,358,648.07433825,0.028211591953167615,1.2939847012412387,Picard,0,0.0,0.0,,0,2.4242074472666987e-14
picard,Picard,20,359,649.8979117499999,0.027847059529627058,1.2772646458841743,Picard,0,0.0,0.0,,0,3.268358569663626e-14
picard,Picard,20,360,651.6424257919999,0.022471151771551755,1.0306871962393143,Picard,0,0.0,0.0,,0,2.4850900073477747e-14
picard,Picard,20,361,653.435039083,0.028389107463695894,1.3021268278974705,Picard,0,0.0,0.0,,0,2.975180962711905e-14
picard,Picard,20,362,655.1245215829999,0.022275662777111013,1.0217206774945629,Picard,0,0.0,0.0,,0,3.656517301849458e-14
picard,Picard,20,363,656.9126904579999,0.023426137353579304,1.0744896422374337,Picard,0,0.0,0.0,,0,2.715053753553356e-14
picard,Picard,20,364,658.6760631669999,0.026482229956122098,1.2146638330392712,Picard,0,0.0,0.0,,0,3.580792163397903e-14
picard,Picard,20,365,660.405433,0.019997283001032682,0.9172179405076919,Picard,0,0.0,0.0,,0,3.2513010684189337e-14
picard,Picard,20,366,662.217116125,0.02782205762517319,1.2761178803305357,Picard,0,0.0,0.0,,0,3.5089841753339025e-14
picard,Picard,20,367,663.975783792,0.024833660719458816,1.1390486967250755,Picard,0,0.0,0.0,,0,2.41954375713296e-14
picard,Picard,20,368,665.759952542,0.024165826418834305,1.1084170553272128,Picard,0,0.0,0.0,,0,2.988331699843464e-14
picard,Picard,20,369,667.516032667,0.030552894345044882,1.4013735179056075,Picard,0,0.0,0.0,,0,5.109140596692353e-14
picard,Picard,20,370,669.277188792,0.023750942817722175,1.0893875360598788,Picard,0,0.0,0.0,,0,2.824698824805817e-14
picard,Picard,20,371,670.980788417,0.0281103153968926,1.2893394364638444,Picard,0,0.0,0.0,,0,3.302480861450424e-14
picard,Picard,20,372,672.783191958,0.028080412400027344,1.2879678718768781,Picard,0,0.0,0.0,,0,3.0068716487811486e-14
picard,Picard,20,373,674.506389708,0.022508414904798872,1.0323963491443373,Picard,0,0.0,0.0,,0,2.8155289689353895e-14
picard,Picard,20,374,676.227054083,0.028449146737922416,1.3048806569777902,Picard,0,0.0,0.0,,0,2.8329989694394717e-14
picard,Picard,20,375,678.0308609169999,0.022540114154105804,1.0338503026720962,Picard,0,0.0,0.0,,0,3.92928141592655e-14
picard,Picard,20,376,679.799337292,0.023283107303007363,1.0679292645896536,Picard,0,0.0,0.0,,0,2.6741577319706583e-14
picard,Picard,20,377,681.512975667,0.02658695043112191,1.2194670604778863,Picard,0,0.0,0.0,,0,2.6367165546253368e-14
picard,Picard,20,378,683.238148292,0.019928784774777136,0.914076123591299,Picard,0,0.0,0.0,,0,3.435032953201101e-14
picard,Picard,20,379,685.034981667,0.027586843347395997,1.2653292769272804,Picard,0,0.0,0.0,,0,2.6889188069925133e-14
picard,Picard,20,380,686.782560417,0.024890851087231866,1.1416718546482276,Picard,0,0.0,0.0,,0,2.8905550945157253e-14
picard,Picard,20,381,688.564033875,0.02390724687684933,1.0965567543580945,Picard,0,0.0,0.0,,0,2.963975024043943e-14
picard,Picard,20,382,690.461958792,0.0305407981486873,1.4008187001180858,Picard,0,0.0,0.0,,0,3.042988239631571e-14
picard,Picard,20,383,692.233943667,0.023812400670316133,1.0922064312558584,Picard,0,0.0,0.0,,0,2.8604062468082615e-14
picard,Picard,20,384,694.0091763749999,0.02799919233659203,1.2842425408252451,Picard,0,0.0,0.0,,0,3.154375379865846e-14
picard,Picard,20,385,695.7147028329999,0.02830556841942002,1.2982951318546259,Picard,0,0.0,0.0,,0,6.035722075913268e-14
picard,Picard,20,386,697.486307042,0.022550501638095858,1.0343267467306176,Picard,0,0.0,0.0,,0,2.832691159378283e-14
picard,Picard,20,387,699.262412292,0.02850368013988269,1.3073819475097237,Picard,0,0.0,0.0,,0,4.066663485168333e-14
picard,Picard,20,388,701.0450909169999,0.02281138430329866,1.0462926853473344,Picard,0,0.0,0.0,,0,3.095456475526378e-14
picard,Picard,20,389,702.85473875,0.023150690781278613,1.061855699028624,Picard,0,0.0,0.0,,0,2.534573357162418e-14
picard,Picard,20,390,704.872520417,0.0266924796278311,1.2243073816587207,Picard,0,0.0,0.0,,0,2.6730677201239343e-14
picard,Picard,20,391,706.667280958,0.019880087291914497,0.9118425099080365,Picard,0,0.0,0.0,,0,3.8752543951732834e-14
picard,Picard,20,392,708.406553292,0.027347902427981068,1.2543697431747471,Picard,0,0.0,0.0,,0,2.567879719996472e-14
picard,Picard,20,393,710.195585417,0.024950046213149845,1.1443869650699674,Picard,0,0.0,0.0,,0,2.3443756958291e-14
picard,Picard,20,394,711.96781375,0.023647556406431455,1.084645498292265,Picard,0,0.0,0.0,,0,2.7865413266677813e-14
picard,Picard,20,395,713.815099667,0.030514611764061523,1.399617605860703,Picard,0,0.0,0.0,,0,3.23015668061692e-14
picard,Picard,20,396,715.594423167,0.023872541171939307,1.0949649033461448,Picard,0,0.0,0.0,,0,2.6872709076019898e-14
picard,Picard,20,397,717.285398208,0.027878204613022733,1.2786931814131082,Picard,0,0.0,0.0,,0,2.5676953568137615e-14
picard,Picard,20,398,719.061177917,0.028522116145256793,1.3082275541293606,Picard,0,0.0,0.0,,0,2.8847742233021106e-14
picard,Picard,20,399,720.874869125,0.022596952023880696,1.0364572925244215,Picard,0,0.0,0.0,,0,2.3379464621622033e-14
picard,Picard,20,400,722.652757875,0.028552415931008563,1.3096173182830022,Picard,0,0.0,0.0,,0,3.814097920208599e-14
picard,Picard,20,401,724.358976,0.02308838461273547,1.0589978940163574,Picard,0,0.0,0.0,,0,3.448249696339479e-14
picard,Picard,20,402,726.078624,0.023029011420318712,1.0562746161957128,Picard,0,0.0,0.0,,0,2.990632741038899e-14
picard,Picard,20,403,727.883838083,0.026798523922698835,1.2291713289127626,Picard,0,0.0,0.0,,0,2.6760148144402342e-14
picard,Picard,20,404,729.6595136669999,0.019851602886623913,0.9105360120425081,Picard,0,0.0,0.0,,0,5.250024279133446e-14
picard,Picard,20,405,731.408513417,0.027106209961836658,1.2432840038759758,Picard,0,0.0,0.0,,0,3.6733196655529854e-14
picard,Picard,20,406,733.234694792,0.02501144452475039,1.1472031292915765,Picard,0,0.0,0.0,,0,3.269939912623052e-14
picard,Picard,20,407,735.000418417,0.023387697378258143,1.0727265109662796,Picard,0,0.0,0.0,,0,2.6092711021214032e-14
picard,Picard,20,408,736.808220333,0.030474313596707082,1.3977692446575753,Picard,0,0.0,0.0,,0,3.2290371299622546e-14
picard,Picard,20,409,738.5358780419999,0.023931336204963554,1.0976616626558868,Picard,0,0.0,0.0,,0,3.096112827297248e-14
picard,Picard,20,410,740.353865208,0.02774736714757236,1.2726920426286323,Picard,0,0.0,0.0,,0,2.215523110111941e-14
picard,Picard,20,411,742.125529125,0.028729661380217434,1.3177470580021093,Picard,0,0.0,0.0,,0,3.1448161180720344e-14
picard,Picard,20,412,743.961083833,0.022647314806782545,1.0387672887378614,Picard,0,0.0,0.0,,0,2.2463085743132778e-14
picard,Picard,20,413,745.755533625,0.02859506544192065,1.3115735288622306,Picard,0,0.0,0.0,,0,3.9017749221187594e-14
picard,Picard,20,414,747.469842125,0.023370055358792077,1.0719173221999743,Picard,0,0.0,0.0,,0,3.427906124403286e-14
picard,Picard,20,415,749.215158292,0.022918129160776384,1.0511887653963317,Picard,0,0.0,0.0,,0,3.114542134844818e-14
picard,Picard,20,416,750.9124759169999,0.0269047810835763,1.2340450397193352,Picard,0,0.0,0.0,,0,2.189052627786397e-14
picard,Picard,20,417,752.7013768329999,0.01984360548246792,0.9101691940818387,Picard,0,0.0,0.0,,0,4.35390852178718e-14
picard,Picard,20,418,754.4381879169999,0.02686274855861713,1.2321171285138282,Picard,0,0.0,0.0,,0,2.7608564028065145e-14
picard,Picard,20,419,756.23015275,0.02507522403217455,1.1501285121269929,Picard,0,0.0,0.0,,0,4.375831289534313e-14
picard,Picard,20,420,758.0446802079999,0.023128658317678914,1.060845133198947,Picard,0,0.0,0.0,,0,2.9606184651130895e-14
picard,Picard,20,421,759.863101125,0.030419928945565392,1.3952747768984886,Picard,0,0.0,0.0,,0,2.483256093948138e-14
picard,Picard,20,422,761.592940875,0.023988785756459876,1.1002967085920685,Picard,0,0.0,0.0,,0,2.341471297478356e-14
picard,Picard,20,423,763.317177458,0.027606729889848688,1.2662414155168744,Picard,0,0.0,0.0,,0,4.2878830302530036e-14
picard,Picard,20,424,765.060822583,0.028927824875762648,1.3268362484315492,Picard,0,0.0,0.0,,0,3.071148462305042e-14
picard,Picard,20,425,766.820026583,0.02270114933134755,1.0412365237707994,Picard,0,0.0,0.0,,0,3.4675285053885915e-14
picard,Picard,20,426,768.658559083,0.028631343145921927,1.3132374829578286,Picard,0,0.0,0.0,,0,2.518512100983501e-14
picard,Picard,20,427,770.379282792,0.02365536997045635,1.0850038840340965,Picard,0,0.0,0.0,,0,3.438375522525977e-14
picard,Picard,20,428,772.111713208,0.022818042596130097,1.0465980821173773,Picard,0,0.0,0.0,,0,3.213440104596847e-14
picard,Picard,20,429,773.947920042,0.027010941975596014,1.23891433494988,Picard,0,0.0,0.0,,0,2.3350895525445345e-14
picard,Picard,20,430,775.7064425,0.01985622642419054,0.9107480804322241,Picard,0,0.0,0.0,,0,3.063653056032944e-14
picard,Picard,20,431,777.4577289169999,0.0266185018580002,1.220914233815379,Picard,0,0.0,0.0,,0,4.8347457608896174e-14
picard,Picard,20,432,779.2581467499999,0.025141539605989954,1.1531702170443763,Picard,0,0.0,0.0,,0,3.561204060950715e-14
picard,Picard,20,433,781.001264875,0.022871472074887902,1.0490487388624012,Picard,0,0.0,0.0,,0,3.5256813807149893e-14
picard,Picard,20,434,782.708937917,0.030351533568301035,1.3921376773699465,Picard,0,0.0,0.0,,0,3.255826575778271e-14
picard,Picard,20,435,784.445833667,0.02404491761268607,1.102871315630535,Picard,0,0.0,0.0,,0,2.5968915616654187e-14
picard,Picard,20,436,786.1508847079999,0.027456379690768036,1.2593452836799366,Picard,0,0.0,0.0,,0,2.523855803521787e-14
picard,Picard,20,437,787.9421663329999,0.02911624038712837,1.3354783268221808,Picard,0,0.0,0.0,,0,2.3970726076402273e-14
picard,Picard,20,438,789.686958292,0.02275802747769852,1.043845360993998,Picard,0,0.0,0.0,,0,2.7519987331857875e-14
picard,Picard,20,439,791.409311667,0.02866096684112492,1.3145962367796808,Picard,0,0.0,0.0,,0,2.899298649722718e-14
picard,Picard,20,440,793.1550280829999,0.023943337784171556,1.0982121406264909,Picard,0,0.0,0.0,,0,3.467563629513915e-14
picard,Picard,20,441,794.928380833,0.02272869171468974,1.0424998137949737,Picard,0,0.0,0.0,,0,3.317388177107102e-14
picard,Picard,20,442,796.768313625,0.027116692090903123,1.2437647890323384,Picard,0,0.0,0.0,,0,2.4002158372273475e-14
picard,Picard,20,443,798.50944375,0.01988945283904343,0.9122720806576671,Picard,0,0.0,0.0,,0,3.7543181750475323e-14
picard,Picard,20,444,800.276714083,0.026374447992905215,1.2097201839285114,Picard,0,0.0,0.0,,0,2.8886685418056244e-14
picard,Picard,20,445,802.040018292,0.02521052048030174,1.1563341716409787,Picard,0,0.0,0.0,,0,2.308693368765174e-14
picard,Picard,20,446,803.855090583,0.022617213081452762,1.037386609046961,Picard,0,0.0,0.0,,0,2.5801438845425193e-14
picard,Picard,20,447,805.6491337919999,0.03026925710426095,1.3883638922564787,Picard,0,0.0,0.0,,0,2.8115093237677534e-14
picard,Picard,20,448,807.538013792,0.024099786943933818,1.1053880142741204,Picard,0,0.0,0.0,,0,2.5345977319483125e-14
picard,Picard,20,449,809.458686542,0.02729644210999977,1.2520094061792544,Picard,0,0.0,0.0,,0,2.7475147992504404e-14
picard,Picard,20,450,811.2245495,0.02929455264881855,1.3436569981659974,Picard,0,0.0,0.0,,0,2.9953163103028585e-14
picard,Picard,20,451,813.038906792,0.02281753467353074,1.0465747851664617,Picard,0,0.0,0.0,,0,2.6537101929021443e-14
picard,Picard,20,452,814.84003875,0.02868365797958269,1.3156370141334313,Picard,0,0.0,0.0,,0,2.4407021012634396e-14
picard,Picard,20,453,816.707098458,0.024233006394909565,1.111498407893755,Picard,0,0.0,0.0,,0,2.967254369919142e-14
picard,Picard,20,454,818.444249875,0.022649961149598538,1.038888668882726,Picard,0,0.0,0.0,,0,2.836098497071004e-14
picard,Picard,20,455,820.293279333,0.0272217129628135,1.2485817948145232,Picard,0,0.0,0.0,,0,3.505126248586201e-14
picard,Picard,20,456,822.133336292,0.01994312861691321,0.914734034435604,Picard,0,0.0,0.0,,0,2.912812709240909e-14
picard,Picard,20,457,824.026352375,0.02613155316252274,1.198579295635243,Picard,0,0.0,0.0,,0,1.436336216439923e-13
picard,Picard,20,458,825.958160833,0.025282268359254914,1.1596250407938444,Picard,0,0.0,0.0,,0,2.7341249547426443e-14
picard,Picard,20,459,827.734391083,0.02236699402151144,1.0259097793784857,Picard,0,0.0,0.0,,0,4.6076827620869196e-14
picard,Picard,20,460,829.477952542,0.030173286205713024,1.383961982761561,Picard,0,0.0,0.0,,0,3.001531145315272e-14
picard,Picard,20,461,831.160037083,0.02415347577819702,1.1078505669113268,Picard,0,0.0,0.0,,0,2.422749384499544e-14
picard,Picard,20,462,833.066845417,0.027127083180151706,1.2442413984537146,Picard,0,0.0,0.0,,0,2.911360235757107e-14
picard,Picard,20,463,834.777341333,0.029462416257804137,1.3513564198180288,Picard,0,0.0,0.0,,0,3.207663321647741e-14
picard,Picard,20,464,836.4527117079999,0.022879271468499367,1.0494064746480651,Picard,0,0.0,0.0,,0,2.6032817610308053e-14
picard,Picard,20,465,838.210017333,0.02869914227659648,1.3163472343676732,Picard,0,0.0,0.0,,0,2.8416275455480384e-14
picard,Picard,20,466,839.935656583,0.02452346287019748,1.1248208122452337,Picard,0,0.0,0.0,,0,3.2592288945632705e-14
picard,Picard,20,467,841.7129219579999,0.022581683499795065,1.03575696917471,Picard,0,0.0,0.0,,0,3.294719290891665e-14
picard,Picard,20,468,843.4478239169999,0.027325683367948606,1.2533506187025907,Picard,0,0.0,0.0,,0,3.5248014246129297e-14
picard,Picard,20,469,845.1480178749999,0.02001695765765198,0.9181203605026291,Picard,0,0.0,0.0,,0,3.057573726041627e-14
picard,Picard,20,470,846.9167685,0.025890765342890875,1.1875350498739228,Picard,0,0.0,0.0,,0,3.706740753014393e-14
picard,Picard,20,471,848.74684125,0.025356855566815713,1.1630461417955957,Picard,0,0.0,0.0,,0,2.3277291309474208e-14
picard,Picard,20,472,850.459940792,0.022121961347251518,1.0146708343262918,Picard,0,0.0,0.0,,0,3.630300476426076e-14
picard,Picard,20,473,852.216984542,0.030063867060854337,1.378943240830759,Picard,0,0.0,0.0,,0,4.536588393014996e-14
picard,Picard,20,474,853.992827917,0.024206091873674188,1.1102639161012458,Picard,0,0.0,0.0,,0,2.2604031925981013e-14
picard,Picard,20,475,855.902061625,0.02694851099806543,1.2360508053078016,Picard,0,0.0,0.0,,0,2.7302566393128532e-14
picard,Picard,20,476,857.763836333,0.02961949437185469,1.358561141792551,Picard,0,0.0,0.0,,0,3.912551164725893e-14
picard,Picard,20,477,859.502691958,0.022942854517205576,1.0523228464863041,Picard,0,0.0,0.0,,0,2.778952666844397e-14
picard,Picard,20,478,861.229043917,0.028707150373573676,1.3167145427773423,Picard,0,0.0,0.0,,0,2.0705031375068893e-14
picard,Picard,20,479,863.062602375,0.024813834366346897,1.1381393188476832,Picard,0,0.0,0.0,,0,3.370932158729312e-14
picard,Picard,20,480,864.806769125,0.022523643076865794,1.0330948216628388,Picard,0,0.0,0.0,,0,3.829968037320183e-14
picard,Picard,20,481,866.535049333,0.02742828036963527,1.2580564485187935,Picard,0,0.0,0.0,,0,3.003785223336907e-14
picard,Picard,20,482,868.257561667,0.020110509949338048,0.9224113354468573,Picard,0,0.0,0.0,,0,2.854818083774459e-14
picard,Picard,20,483,869.975821917,0.025653008087985957,1.176629807413065,Picard,0,0.0,0.0,,0,4.9617791359742056e-14
picard,Picard,20,484,871.705061958,0.02543432401386047,1.1665993969777648,Picard,0,0.0,0.0,,0,2.4382606460177232e-14
picard,Picard,20,485,873.453406583,0.02188328989742234,1.00372366036976,Picard,0,0.0,0.0,,0,5.043805971394587e-14
picard,Picard,20,486,875.1284953329999,0.029941307510076638,1.3733217862187468,Picard,0,0.0,0.0,,0,4.2793735361955784e-14
picard,Picard,20,487,877.093281083,0.02425776765391877,1.1126341357319633,Picard,0,0.0,0.0,,0,2.3011868713393273e-14
picard,Picard,20,488,878.87098325,0.026760977284601445,1.227449172454463,Picard,0,0.0,0.0,,0,3.08775088976955e-14
picard,Picard,20,489,880.677132792,0.029765458319197725,1.365256088859282,Picard,0,0.0,0.0,,0,4.469665045892825e-14
picard,Picard,20,490,882.425361875,0.02300791769297243,1.0553071075019973,Picard,0,0.0,0.0,,0,3.0885642590681795e-14
picard,Picard,20,491,884.2177608329999,0.028707418887332917,1.3167268587323266,Picard,0,0.0,0.0,,0,2.275525911923375e-14
picard,Picard,20,492,885.989020417,0.025103288428836742,1.1514157454029712,Picard,0,0.0,0.0,,0,2.875572259796661e-14
picard,Picard,20,493,887.804935542,0.022475579897291365,1.0308903016497335,Picard,0,0.0,0.0,,0,2.9900906125333916e-14
picard,Picard,20,494,889.661950458,0.027529180259369554,1.2626844366837235,Picard,0,0.0,0.0,,0,2.4232324004755808e-14
picard,Picard,20,495,891.359078792,0.020223229494679546,0.9275814572692945,Picard,0,0.0,0.0,,0,2.86257753061994e-14
picard,Picard,20,496,893.104652417,0.025419174522360376,1.1659045333108988,Picard,0,0.0,0.0,,0,3.1535937361867615e-14
picard,Picard,20,497,894.904463125,0.025514684327260784,1.1702852937644324,Picard,0,0.0,0.0,,0,2.9571827845760533e-14
picard,Picard,20,498,896.822412208,0.021652176047146657,0.9931231317998677,Picard,0,0.0,0.0,,0,3.1256213774562585e-14
picard,Picard,20,499,898.534009708,0.02980597854204924,1.3671146351103332,Picard,0,0.0,0.0,,0,3.9941565665115344e-14
picard,Picard,20,500,900.229297125,0.024308658740678217,1.1149683637261008,Picard,0,0.0,0.0,,0,2.844595997397779e-14
aa_pure,AA_pure,20,0,1.7238042080000469,1.0,45.86712807236492,initial,0,0.0,0.0,,0,1.3983882637437574e-14
aa_pure,AA_pure,20,1,3.4236407910000253,0.5628608482962506,25.81681061572409,AA,1,100.0,0.0,,1,2.3955646881308396e-14
aa_pure,AA_pure,20,2,5.201612208000142,0.3043727579863665,13.960704272299603,AA,2,100.0,0.0,,2,1.0830177825118283e-14
aa_pure,AA_pure,20,3,6.83311383299997,0.2806909369442249,12.87448715357287,AA,3,100.0,0.0,,3,8.3380143021664e-15
aa_pure,AA_pure,20,4,8.579768958000159,0.24319113388442312,11.15447888394048,AA,4,100.0,0.0,,4,8.598865962967029e-15
aa_pure,AA_pure,20,5,10.361547208000047,0.1199666461347145,5.502525522673032,AA,5,100.0,0.0,,5,9.09627857297249e-14
aa_pure,AA_pure,20,6,12.073549833000015,0.08990345072419702,4.123613088514293,AA,6,100.0,0.0,,6,3.248447731801092e-14
aa_pure,AA_pure,20,7,13.787360000000035,0.07235090033619147,3.3185280118710043,AA,7,100.0,0.0,,7,2.802190738843619e-14
aa_pure,AA_pure,20,8,15.556690708000133,0.06190079850060873,2.839211852609075,AA,8,100.0,0.0,,8,4.236230344155809e-14
aa_pure,AA_pure,20,9,17.25966729100014,0.049867081512762736,2.2872598143409495,AA,9,100.0,0.0,,9,5.418277938938987e-14
aa_pure,AA_pure,20,10,19.225265000000036,0.03494487100323686,1.602820873777736,AA,10,100.0,0.0,,10,4.065913047719039e-14
aa_pure,AA_pure,20,11,21.075638041000047,0.014237963035658914,0.653054474046165,AA,11,100.0,0.0,,11,5.1453790780850714e-14
aa_pure,AA_pure,20,12,22.916432416000134,0.01725002230247234,0.79120898219865,AA,12,100.0,0.0,,12,2.853243939926903e-14
aa_pure,AA_pure,20,13,24.71349083300015,0.008585759102868407,0.39380411236973817,AA,13,100.0,0.0,,13,2.4963408061747292e-14
aa_pure,AA_pure,20,14,26.458651375000045,0.007183148350547254,0.32947038535734774,AA,14,100.0,0.0,,14,3.18234005379783e-14
aa_pure,AA_pure,20,15,28.290810416000113,0.006009559474061961,0.27564123405529395,AA,15,100.0,0.0,,15,1.9252721523981746e-14
aa_pure,AA_pure,20,16,30.275537541000176,0.001988474017921789,0.09120559244858877,AA,16,100.0,0.0,,16,2.6056503263576522e-14
aa_pure,AA_pure,20,17,32.08062583300011,0.0013683085081817826,0.06276038158728041,AA,17,100.0,0.0,,17,2.1912196421006382e-14
aa_pure,AA_pure,20,18,33.908462750000126,0.0008593414564820688,0.039415524642355655,AA,18,100.0,0.0,,18,2.6176388743855717e-14
aa_pure,AA_pure,20,19,35.67766095800016,0.0008377292873290156,0.03842423651189095,AA,19,100.0,0.0,,19,3.5115842455757285e-14
aa_pure,AA_pure,20,20,37.51545354100017,0.0005019328942192163,0.02302222034288559,AA,20,100.0,0.0,,20,3.538746630300352e-14
aa_pure,AA_pure,20,21,39.49155316600013,0.0003723813185860047,0.0170800616313404,AA,21,100.0,0.0,,20,4.225500855341417e-14
aa_pure,AA_pure,20,22,41.25630758300008,0.0003265372949553675,0.01497732792812144,AA,22,100.0,0.0,,20,4.0038023791737094e-14
aa_pure,AA_pure,20,23,42.961232666000114,0.0001425314814448443,0.006537509713774577,AA,23,100.0,0.0,,20,2.786204297348821e-14
aa_pure,AA_pure,20,24,44.86342195800012,9.825735178054705e-05,0.004506782538169765,AA,24,100.0,0.0,,20,2.3231215296823565e-14
aa_pure,AA_pure,20,25,46.568259333000015,4.164215556322088e-05,0.0019100060824275955,AA,25,100.0,0.0,,20,2.5154678300277568e-14
aa_pure,AA_pure,20,26,48.40084954100007,2.973523730206631e-05,0.0013638699375960381,AA,26,100.0,0.0,,20,2.0958961180658712e-14
aa_pure,AA_pure,20,27,50.22060679100014,1.7420637679937306e-05,0.0007990346195679506,AA,27,100.0,0.0,,20,2.0897906067450216e-14
aa_pure,AA_pure,20,28,51.955184458000076,1.1583974839961247e-05,0.0005313236575715555,AA,28,100.0,0.0,,20,2.3982015159389692e-14
aa_pure,AA_pure,20,29,53.77832387500007,7.608409970168767e-06,0.00034897591452878903,AA,29,100.0,0.0,,20,3.1405549457446853e-14
aa_pure,AA_pure,20,30,55.56351929100015,4.191487365260886e-06,0.00019225148779612047,AA,30,100.0,0.0,,20,3.303946489116944e-14
aa_pure,AA_pure,20,31,57.39674066600014,2.069598025044348e-06,9.492651767302262e-05,AA,31,100.0,0.0,,20,3.548623885296945e-14
aa_pure,AA_pure,20,32,59.224802040999975,1.1800636139122631e-06,5.412612891285157e-05,AA,32,100.0,0.0,,20,2.6545787091691126e-14
aa_pure,AA_pure,20,33,60.992877000000135,5.694254538950519e-07,2.6117910221468873e-05,AA,33,100.0,0.0,,20,4.529558372776045e-14
aa_pure,AA_pure,20,34,62.72956533299998,4.324180398865338e-07,1.983377361627665e-05,AA,34,100.0,0.0,,20,3.650974697131303e-14
aa_pure,AA_pure,20,35,64.53319308300001,3.3166846280578343e-07,1.521267986107727e-05,AA,35,100.0,0.0,,20,3.0652343574065814e-14
aa_pure,AA_pure,20,36,66.36071312500007,1.9492134423882838e-07,8.940482260239871e-06,AA,36,100.0,0.0,,20,2.786928939295225e-14
aa_pure,AA_pure,20,37,68.3182018330001,9.61762875161219e-08,4.411330097026554e-06,AA,37,100.0,0.0,,20,2.914896388249957e-14
aa_pure,AA_pure,20,38,70.11680616600006,4.593277511085388e-08,2.1068044787286705e-06,AA,38,100.0,0.0,,20,2.75013178350459e-14
aa_pure,AA_pure,20,39,71.82524187500007,2.981269046094493e-08,1.367422491553933e-06,AA,39,100.0,0.0,,20,3.055645125460847e-14
aa_pure,AA_pure,20,40,73.57899137499999,1.3973622091611854e-08,6.409299141107887e-07,AA,40,100.0,0.0,,20,2.9640341126463884e-14
aa_pure,AA_pure,20,41,75.4719197500001,6.518302819573363e-09,2.989758302398288e-07,AA,41,100.0,0.0,,20,2.2745161504497663e-14
aa_pure,AA_pure,20,42,77.25540858299996,3.413100000683675e-09,1.5654909485514692e-07,AA,42,100.0,0.0,,20,2.910766837746226e-14
aa_pure,AA_pure,20,43,78.92264129099999,1.7103501421026633e-09,7.84488490164104e-08,AA,43,100.0,0.0,,20,2.7523205612363245e-14
aa_pure,AA_pure,20,44,80.6377473330001,1.0068203717717887e-09,4.617995893792269e-08,AA,44,100.0,0.0,,20,3.071177689693008e-14
aa_pure,AA_pure,20,45,82.44042287499997,5.726441606972001e-10,2.6265543058590396e-08,AA,45,100.0,0.0,,20,2.3887995085684012e-14
aa_pure,AA_pure,20,46,84.41823083300005,2.901565794026839e-10,1.3308648988502225e-08,AA,46,100.0,0.0,,20,4.1462609125252833e-14
aa_pure,AA_pure,20,47,86.23182179100013,1.638886871762534e-10,7.517103404324965e-09,AA,47,100.0,0.0,,20,4.2466269951468044e-14
aa_pure,AA_pure,20,48,87.9651006250001,1.0246698984094656e-10,4.699866546224411e-09,AA,48,100.0,0.0,,20,2.5686392960516115e-14
aa_pure,AA_pure,20,49,89.78471608300015,4.882503650178117e-11,2.239464202365089e-09,AA,49,100.0,0.0,,20,2.7769455683754935e-14
global_eta0,GlobalAndersonSolver,20,0,1.7310533750001014,1.0,45.86712807236492,initial,0,0.0,0.0,,0,1.3983882637437574e-14
global_eta0,GlobalAndersonSolver,20,1,5.25230108300002,0.5575466077430563,25.57306166366337,KM,0,0.0,0.0,,0,1.636539277325388e-14
global_eta0,GlobalAndersonSolver,20,2,6.942291374999968,0.23073209264357264,10.583018443687514,AA,1,50.0,0.0,,0,3.123501869137039e-14
global_eta0,GlobalAndersonSolver,20,3,8.66346950000002,0.11883639628322247,5.450684207980876,AA,2,66.66666666666667,0.0,,1,1.882829400141589e-14
global_eta0,GlobalAndersonSolver,20,4,10.458885541999962,0.09171024874962452,4.2064857249474725,AA,3,75.0,0.0,,2,1.9870077396839565e-14
global_eta0,GlobalAndersonSolver,20,5,12.185132374999966,0.07350029009253523,3.3712472190302876,AA,4,80.0,0.0,,3,3.2684836300129187e-14
global_eta0,GlobalAndersonSolver,20,6,13.907557917000076,0.06729339347075779,3.0865546967472928,AA,5,83.33333333333333,0.0,,4,4.5661083226796783e-14
global_eta0,GlobalAndersonSolver,20,7,15.670624916999941,0.05262061107808693,2.4135563075647175,AA,6,85.71428571428571,0.0,,5,4.674299752509235e-14
global_eta0,GlobalAndersonSolver,20,8,17.429032457999938,0.05573280703067564,2.5563037979083996,AA,7,87.5,0.0,,6,5.085872585494933e-14
global_eta0,GlobalAndersonSolver,20,9,19.09561974999997,0.03381037200279736,1.5507846628266075,AA,8,88.88888888888889,0.0,,7,4.142107470863859e-14
global_eta0,GlobalAndersonSolver,20,10,20.810551208000106,0.030491195925992063,1.3985435886170494,AA,9,90.0,0.0,,8,4.3794254089095004e-14
global_eta0,GlobalAndersonSolver,20,11,22.572677375000012,0.019773723156241183,0.9069638924748022,AA,10,90.9090909090909,0.0,,9,3.249912991160818e-14
global_eta0,GlobalAndersonSolver,20,12,24.28783150000004,0.022348495242465276,1.025061293510793,AA,11,91.66666666666667,0.0,,10,5.052676086178481e-14
global_eta0,GlobalAndersonSolver,20,13,26.014254292000032,0.01333614635355645,0.6116907327903761,AA,12,92.3076923076923,0.0,,11,3.466122408419865e-14
global_eta0,GlobalAndersonSolver,20,14,27.778782874999933,0.005216800956144779,0.2392796775835284,AA,13,92.85714285714286,0.0,,12,3.297060311909504e-14
global_eta0,GlobalAndersonSolver,20,15,29.54648387500015,0.0069248512060951185,0.3176230371520355,AA,14,93.33333333333333,0.0,,13,2.3047335340492474e-14
global_eta0,GlobalAndersonSolver,20,16,31.309134083000117,0.0037612656992383428,0.17251845554115827,AA,15,93.75,0.0,,14,2.134971672784098e-14
global_eta0,GlobalAndersonSolver,20,17,33.076708125000096,0.0012160408161854873,0.055776299857202914,AA,16,94.11764705882354,0.0,,15,3.3733637093152836e-14
global_eta0,GlobalAndersonSolver,20,18,34.82718350000005,0.0008910647001692746,0.040870578723427566,AA,17,94.44444444444444,0.0,,16,5.2631449334906906e-14
global_eta0,GlobalAndersonSolver,20,19,36.59702500000003,0.0006147319651398711,0.028195989775247034,AA,18,94.73684210526316,0.0,,17,2.93333279443405e-14
global_eta0,GlobalAndersonSolver,20,20,38.34336183300002,0.00042746578612415116,0.01960662795871059,AA,19,95.0,0.0,,18,3.267909989956044e-14
global_eta0,GlobalAndersonSolver,20,21,40.16922816700003,0.0002374407122872283,0.010890723560071851,AA,20,95.23809523809524,0.0,,19,3.023266608256497e-14
global_eta0,GlobalAndersonSolver,20,22,41.93397020800012,0.0001719295389505837,0.007885914182469075,AA,21,95.45454545454545,0.0,,20,3.7899466954599947e-14
global_eta0,GlobalAndersonSolver,20,23,43.695824124999945,0.00022659667223724162,0.010393338586277258,AA,22,95.65217391304348,0.0,,20,2.5866554422056958e-14
global_eta0,GlobalAndersonSolver,20,24,45.50606704200004,7.836570395082153e-05,0.0035944097795933645,AA,23,95.83333333333333,0.0,,20,2.0374718473223513e-14
global_eta0,GlobalAndersonSolver,20,25,47.40176416700001,5.922453001515049e-05,0.002716459103230528,AA,24,96.0,0.0,,20,2.5675702063227765e-14
global_eta0,GlobalAndersonSolver,20,26,49.29959712499999,3.2247270890814606e-05,0.0014790897039332388,AA,25,96.15384615384616,0.0,,20,2.7202316265988726e-14
global_eta0,GlobalAndersonSolver,20,27,51.24893799999995,1.295734878710529e-05,0.0005943163762964606,AA,26,96.29629629629629,0.0,,20,2.238310156894467e-14
global_eta0,GlobalAndersonSolver,20,28,52.97237904200006,6.922020286855001e-06,0.0003174931910166865,AA,27,96.42857142857143,0.0,,20,3.484780558879449e-14
global_eta0,GlobalAndersonSolver,20,29,54.81945500000006,3.606531217474311e-06,0.0001654212292488764,AA,28,96.55172413793103,0.0,,20,2.6997869736976252e-14
global_eta0,GlobalAndersonSolver,20,30,56.61439025000004,2.0853450859806356e-06,9.564879013375065e-05,AA,29,96.66666666666667,0.0,,20,3.28564801840848e-14
global_eta0,GlobalAndersonSolver,20,31,58.674729458,1.0844792694959156e-06,4.974194954579391e-05,AA,30,96.7741935483871,0.0,,20,2.8247384668341084e-14
global_eta0,GlobalAndersonSolver,20,32,60.532292291999966,5.949188087476203e-07,2.7287217193485874e-05,AA,31,96.875,0.0,,20,3.068170592227536e-14
global_eta0,GlobalAndersonSolver,20,33,62.254699083000105,3.2242582724654187e-07,1.4788746712155343e-05,AA,32,96.96969696969697,0.0,,20,3.0122259816939714e-14
global_eta0,GlobalAndersonSolver,20,34,64.03845041700015,1.8802533354309623e-07,8.624182054470326e-06,AA,33,97.05882352941177,0.0,,20,3.831364225575568e-14
global_eta0,GlobalAndersonSolver,20,35,65.79325095800004,1.19132509512126e-07,5.464266071374915e-06,AA,34,97.14285714285714,0.0,,20,2.5136311702358564e-14
global_eta0,GlobalAndersonSolver,20,36,67.6370445,6.554885331951762e-08,3.0065376502029774e-06,AA,35,97.22222222222223,0.0,,20,2.960215379629749e-14
global_eta0,GlobalAndersonSolver,20,37,69.39606666700001,4.86970276781111e-08,2.2335928052554212e-06,AA,36,97.29729729729729,0.0,,20,2.7373671961038276e-14
global_eta0,GlobalAndersonSolver,20,38,71.31751066700008,3.9291265088642666e-08,1.8021774879460139e-06,AA,37,97.36842105263158,0.0,,20,2.6542409161226462e-14
global_eta0,GlobalAndersonSolver,20,39,73.12598179199995,2.911605920422888e-08,1.3354700164829255e-06,AA,38,97.43589743589743,0.0,,20,2.7341585360000343e-14
global_eta0,GlobalAndersonSolver,20,40,75.00317300000006,2.529942265397642e-08,1.1604118590268269e-06,AA,39,97.5,0.0,,20,4.92123433756127e-14
global_eta0,GlobalAndersonSolver,20,41,76.80227487499997,1.5516873673561796e-08,7.117144320679665e-07,AA,40,97.5609756097561,0.0,,20,3.6461105226283633e-14
global_eta0,GlobalAndersonSolver,20,42,78.60980691700001,7.39295273384507e-09,3.390935098762122e-07,AA,41,97.61904761904762,0.0,,20,4.0898392391040774e-14
global_eta0,GlobalAndersonSolver,20,43,80.42700637500002,4.3555291426656764e-09,1.9977561300956435e-07,AA,42,97.67441860465117,0.0,,20,3.484274468255104e-14
global_eta0,GlobalAndersonSolver,20,44,82.32077895800012,2.1626055053549175e-09,9.919250368411547e-08,AA,43,97.72727272727273,0.0,,20,3.107206846601112e-14
global_eta0,GlobalAndersonSolver,20,45,84.23838891700007,1.0434222603747145e-09,4.785878245016353e-08,AA,44,97.77777777777777,0.0,,20,3.0225225909725777e-14
global_eta0,GlobalAndersonSolver,20,46,86.0875893750001,5.542644034938217e-10,2.5422516381004065e-08,AA,45,97.82608695652173,0.0,,20,2.3855432405283075e-14
global_eta0,GlobalAndersonSolver,20,47,87.91243583300002,3.561433082010841e-10,1.6335270729374857e-08,AA,46,97.87234042553192,0.0,,20,2.5670421409124062e-14
global_eta0,GlobalAndersonSolver,20,48,89.75830333299996,2.1118078943145653e-10,9.686256315275745e-09,AA,47,97.91666666666667,0.0,,20,2.4100040266258834e-14
global_eta0,GlobalAndersonSolver,20,49,91.6389898750001,1.2070826099137161e-10,5.536541266283693e-09,AA,48,97.95918367346938,0.0,,20,2.6537854849239146e-14
global_eta0,GlobalAndersonSolver,20,50,93.572782792,7.532129733196311e-11,3.45477159130183e-09,AA,49,98.0,0.0,,20,2.7695175416814484e-14
global_eta1e10,GlobalAndersonSolver eta=1e-10,20,0,1.8954852500000925,1.0,45.86712807236492,initial,0,0.0,1e-10,,0,1.3983882637437574e-14
global_eta1e10,GlobalAndersonSolver eta=1e-10,20,1,5.346679624999979,0.5575466077430563,25.57306166366337,KM,0,0.0,1e-10,,0,1.636539277325388e-14
global_eta1e10,GlobalAndersonSolver eta=1e-10,20,2,7.124152207999941,0.23073209264357264,10.583018443687514,AA,1,50.0,1e-10,,0,3.123501869137039e-14
global_eta1e10,GlobalAndersonSolver eta=1e-10,20,3,8.875637124999912,0.11883639628322247,5.450684207980876,AA,2,66.66666666666667,1e-10,,1,1.882829400141589e-14
global_eta1e10,GlobalAndersonSolver eta=1e-10,20,4,10.562788582999929,0.09171024878195427,4.206485726430346,AA,3,75.0,1e-10,,2,1.9869584373715884e-14
global_eta1e10,GlobalAndersonSolver eta=1e-10,20,5,12.284763625000096,0.07350029008578722,3.371247218720776,AA,4,80.0,1e-10,,3,2.6682940587894816e-14
global_eta1e10,GlobalAndersonSolver eta=1e-10,20,6,13.988000374999956,0.06729339343738602,3.086554695216626,AA,5,83.33333333333333,1e-10,,4,4.354534697496905e-14
global_eta1e10,GlobalAndersonSolver eta=1e-10,20,7,15.760219250000091,0.0526206110805486,2.413556307677627,AA,6,85.71428571428571,1e-10,,5,4.249748779740096e-14
global_eta1e10,GlobalAndersonSolver eta=1e-10,20,8,17.441208333000077,0.05573280693818852,2.5563037936662814,AA,7,87.5,1e-10,,6,5.15559406599432e-14
global_eta1e10,GlobalAndersonSolver eta=1e-10,20,9,19.095943374999933,0.033810371967478485,1.5507846612066323,AA,8,88.88888888888889,1e-10,,7,3.763352361351707e-14
global_eta1e10,GlobalAndersonSolver eta=1e-10,20,10,21.027592041999924,0.030491195888696743,1.3985435869064202,AA,9,90.0,1e-10,,8,4.396687689561236e-14
global_eta1e10,GlobalAndersonSolver eta=1e-10,20,11,22.829098166999984,0.01977372305226499,0.9069638877057129,AA,10,90.9090909090909,1e-10,,9,3.088682228101468e-14
global_eta1e10,GlobalAndersonSolver eta=1e-10,20,12,24.542389875000026,0.02234849484955418,1.0250612754890893,AA,11,91.66666666666667,1e-10,,10,5.564568547483104e-14
global_eta1e10,GlobalAndersonSolver eta=1e-10,20,13,26.30625920800003,0.013336146045268697,0.6116907186501023,AA,12,92.3076923076923,1e-10,,11,3.489170978483695e-14
global_eta1e10,GlobalAndersonSolver eta=1e-10,20,14,28.11692112500009,0.005216800909855454,0.23927967546036993,AA,13,92.85714285714286,1e-10,,12,3.0392387034753157e-14
global_eta1e10,GlobalAndersonSolver eta=1e-10,20,15,29.834440416999996,0.006924851037540371,0.3176230294209133,AA,14,93.33333333333333,1e-10,,13,2.2290495599405077e-14
global_eta1e10,GlobalAndersonSolver eta=1e-10,20,16,31.733427667000115,0.003761265557920876,0.17251844905933192,AA,15,93.75,1e-10,,14,1.588830393939747e-14
global_eta1e10,GlobalAndersonSolver eta=1e-10,20,17,33.50614529199993,0.0012160407903307501,0.05577629867132037,AA,16,94.11764705882354,1e-10,,15,3.282796012678782e-14
global_eta1e10,GlobalAndersonSolver eta=1e-10,20,18,35.21688408299997,0.0008910646787786508,0.04087057774230109,AA,17,94.44444444444444,1e-10,,16,5.298892862768509e-14
global_eta1e10,GlobalAndersonSolver eta=1e-10,20,19,36.98492800000008,0.0006147319683446167,0.02819598992223951,AA,18,94.73684210526316,1e-10,,17,2.4225752529479476e-14
global_eta1e10,GlobalAndersonSolver eta=1e-10,20,20,38.624139457999945,0.00042746578641896866,0.019606627972233025,AA,19,95.0,1e-10,,18,2.92812365333117e-14
global_eta1e10,GlobalAndersonSolver eta=1e-10,20,21,40.30981316700013,0.0002374407132338363,0.010890723603490042,AA,20,95.23809523809524,1e-10,,19,2.7668630824440164e-14
global_eta1e10,GlobalAndersonSolver eta=1e-10,20,22,42.14076658299996,0.0001719295406831405,0.00788591426193648,AA,21,95.45454545454545,1e-10,,20,4.998176666066347e-14
global_eta1e10,GlobalAndersonSolver eta=1e-10,20,23,43.890949667000086,0.0002265966708284307,0.010393338521659147,AA,22,95.65217391304348,1e-10,,20,2.9465698315039533e-14
global_eta1e10,GlobalAndersonSolver eta=1e-10,20,24,45.619363250000106,7.836571068024538e-05,0.0035944100882527104,AA,23,95.83333333333333,1e-10,,20,2.1853989307138807e-14
global_eta1e10,GlobalAndersonSolver eta=1e-10,20,25,47.35499741700005,5.922452635972542e-05,0.002716458935566678,AA,24,96.0,1e-10,,20,2.4913652845684923e-14
global_eta1e10,GlobalAndersonSolver eta=1e-10,20,26,49.05290108300005,3.2247273994284e-05,0.001479089846280467,AA,25,96.15384615384616,1e-10,,20,2.710366456381138e-14
global_eta1e10,GlobalAndersonSolver eta=1e-10,20,27,50.838912417000074,1.2957346599756259e-05,0.0005943162759690424,AA,26,96.29629629629629,1e-10,,20,2.503694757189844e-14
global_eta1e10,GlobalAndersonSolver eta=1e-10,20,28,52.56212662500002,6.92201910189868e-06,0.00031749313666614316,AA,27,96.42857142857143,1e-10,,20,3.694359182305392e-14
global_eta1e10,GlobalAndersonSolver eta=1e-10,20,29,54.21684458300001,3.6065343889256553e-06,0.0001654213747142414,AA,28,96.55172413793103,1e-10,,20,2.9523801898713807e-14
global_eta1e10,GlobalAndersonSolver eta=1e-10,20,30,55.99009387499996,2.0853520324869656e-06,9.564910875004615e-05,AA,29,96.66666666666667,1e-10,,20,2.6771188187959644e-14
global_eta1e10,GlobalAndersonSolver eta=1e-10,20,31,57.718707958000095,1.0844779098916053e-06,4.974188718464888e-05,AA,30,96.7741935483871,1e-10,,20,2.848797725206576e-14
global_eta1e10,GlobalAndersonSolver eta=1e-10,20,32,59.37735929199994,5.949251202217485e-07,2.7287506682678038e-05,AA,31,96.875,1e-10,,20,2.8580926442002413e-14
global_eta1e10,GlobalAndersonSolver eta=1e-10,20,33,61.12183470800005,3.2242681857285194e-07,1.4788792181446168e-05,AA,32,96.96969696969697,1e-10,,20,3.1433458442087617e-14
global_eta1e10,GlobalAndersonSolver eta=1e-10,20,34,62.86576624999998,1.8802284188586112e-07,8.624067769308812e-06,AA,33,97.05882352941177,1e-10,,20,3.2678621182661255e-14
global_eta1e10,GlobalAndersonSolver eta=1e-10,20,35,64.59550587500007,1.1913896795224143e-07,5.464562301474838e-06,AA,34,97.14285714285714,1e-10,,20,3.504728396753725e-14
global_eta1e10,GlobalAndersonSolver eta=1e-10,20,36,66.34661675000007,6.555104397471733e-08,3.0066381292655845e-06,AA,35,97.22222222222223,1e-10,,20,2.673654040283795e-14
global_eta1e10,GlobalAndersonSolver eta=1e-10,20,37,68.0725795830001,4.8712447133659e-08,2.2343000513978427e-06,AA,36,97.29729729729729,1e-10,,20,2.4077901496881203e-14
global_eta1e10,GlobalAndersonSolver eta=1e-10,20,38,69.83125129199993,3.925705250867646e-08,1.8006082551590177e-06,AA,37,97.36842105263158,1e-10,,20,2.8168097759821045e-14
global_eta1e10,GlobalAndersonSolver eta=1e-10,20,39,71.53675950000002,2.9108776934532858e-08,1.3351359996861206e-06,AA,38,97.43589743589743,1e-10,,20,3.3791472061434014e-14
global_eta1e10,GlobalAndersonSolver eta=1e-10,20,40,73.21260520800001,2.5313430214340855e-08,1.1610543455920437e-06,AA,39,97.5,1e-10,,20,3.3400796141617967e-14
global_eta1e10,GlobalAndersonSolver eta=1e-10,20,41,74.97446666700012,1.548110811463627e-08,7.100739685961496e-07,AA,40,97.5609756097561,1e-10,,20,3.449121544126709e-14
global_eta1e10,GlobalAndersonSolver eta=1e-10,20,42,76.723337292,7.3873494960347575e-09,3.3883650544994666e-07,AA,41,97.61904761904762,1e-10,,20,3.7229437610479e-14
global_eta1e10,GlobalAndersonSolver eta=1e-10,20,43,78.40216329200007,4.343063907370402e-09,1.9920386846582382e-07,AA,42,97.67441860465117,1e-10,,20,2.5450627700910016e-14
global_eta1e10,GlobalAndersonSolver eta=1e-10,20,44,80.13206095800001,2.1579251290972935e-09,9.897782826688016e-08,AA,43,97.72727272727273,1e-10,,20,3.560448233763354e-14
global_eta1e10,GlobalAndersonSolver eta=1e-10,20,45,81.97533416700003,1.0425621483555187e-09,4.781933158202249e-08,AA,44,97.77777777777777,1e-10,,20,2.907413153459939e-14
global_eta1e10,GlobalAndersonSolver eta=1e-10,20,46,83.75152612500005,5.49062678651741e-10,2.5183928201475147e-08,AA,45,97.82608695652173,1e-10,,20,2.469758629262857e-14
global_eta1e10,GlobalAndersonSolver eta=1e-10,20,47,85.60910883299994,3.6509800145012603e-10,1.6745996791477405e-08,AA,46,97.87234042553192,1e-10,,20,2.744647397451542e-14
global_eta1e10,GlobalAndersonSolver eta=1e-10,20,48,87.33641941700012,2.2866340709506342e-10,1.048813377869259e-08,AA,47,97.91666666666667,1e-10,,20,2.516249064096811e-14
global_eta1e10,GlobalAndersonSolver eta=1e-10,20,49,89.06036237500007,1.0651311323653922e-10,4.885450606206651e-09,AA,48,97.95918367346938,1e-10,,20,3.254984298222018e-14
global_eta1e10,GlobalAndersonSolver eta=1e-10,20,50,90.80442279199997,6.706988394239389e-11,3.076302956584432e-09,AA,49,98.0,1e-10,,20,3.3459470516907474e-14
faa02,FAA cs=0.2,20,0,2.029980499999965,1.0,45.86712807236492,initial,0,0.0,0.0,0.2,0,1.3983882637437574e-14
faa02,FAA cs=0.2,20,1,3.7956267090000892,0.5628608482962506,25.81681061572409,AA,1,100.0,0.0,0.2,0,2.3955646881308396e-14
faa02,FAA cs=0.2,20,2,5.584431875000064,0.30437275799245994,13.960704272579093,AA,2,100.0,0.0,0.2,1,1.0829779268359223e-14
faa02,FAA cs=0.2,20,3,7.252519749999919,0.28069093693187736,12.874487153006523,AA,3,100.0,0.0,0.2,2,7.434724919260378e-15
faa02,FAA cs=0.2,20,4,8.978013208999982,0.2431911338721414,11.154478883377152,AA,4,100.0,0.0,0.2,3,7.375142709836313e-15
faa02,FAA cs=0.2,20,5,10.73025979199997,0.11996664612530324,5.502525522241364,AA,5,100.0,0.0,0.2,4,7.923484195471589e-14
faa02,FAA cs=0.2,20,6,12.435000749999972,0.08990345074492685,4.1236130894651115,AA,6,100.0,0.0,0.2,5,2.704646682932502e-14
faa02,FAA cs=0.2,20,7,14.170183334000058,0.07235090032794601,3.318528011492809,AA,7,100.0,0.0,0.2,6,2.6562948597546957e-14
faa02,FAA cs=0.2,20,8,15.947177167000063,0.06190079848947363,2.83921185209834,AA,8,100.0,0.0,0.2,7,2.6814376804621964e-14
faa02,FAA cs=0.2,20,9,17.60886304199994,0.04986708149188909,2.2872598133835353,AA,9,100.0,0.0,0.2,8,5.5959234806555e-14
faa02,FAA cs=0.2,20,10,19.31588812500013,0.034944870995953684,1.602820873443678,AA,10,100.0,0.0,0.2,9,3.652326997970432e-14
faa02,FAA cs=0.2,20,11,21.062299334000045,0.014666336154045395,0.6727027187299561,AA,11,100.0,0.0,0.2,9,3.702771340452381e-14
faa02,FAA cs=0.2,20,12,22.808995916999947,0.01731880158666401,0.794363690435395,AA,12,100.0,0.0,0.2,9,2.737471581820568e-14
faa02,FAA cs=0.2,20,13,24.581382291999944,0.009298444425220521,0.4264929413253573,AA,13,100.0,0.0,0.2,9,2.4619403793984743e-14
faa02,FAA cs=0.2,20,14,26.335494959000016,0.004773879204589255,0.21896412887889496,AA,14,100.0,0.0,0.2,9,2.5552642662082226e-14
faa02,FAA cs=0.2,20,15,28.101372667000078,0.005392992833148354,0.24736109297136172,AA,15,100.0,0.0,0.2,9,2.7728803404676418e-14
faa02,FAA cs=0.2,20,16,29.96442449999995,0.002550710003247576,0.11699374239441893,AA,16,100.0,0.0,0.2,9,2.1791592132622682e-14
faa02,FAA cs=0.2,20,17,31.703289084000062,0.001271905513556397,0.05833865308623834,AA,17,100.0,0.0,0.2,9,3.101026816325419e-14
faa02,FAA cs=0.2,20,18,33.461381374999974,0.0009120626605509063,0.04183369486151031,AA,18,100.0,0.0,0.2,9,5.724253879355686e-14
faa02,FAA cs=0.2,20,19,35.25499416699995,0.0006643633140806672,0.030472437213518763,AA,19,100.0,0.0,0.2,9,2.869562517585091e-14
faa02,FAA cs=0.2,20,20,37.014263334000134,0.0004322881937120348,0.019827817945161197,AA,20,100.0,0.0,0.2,9,2.983267395879022e-14
faa02,FAA cs=0.2,20,21,38.744695584000056,0.00029658424282550674,0.013603467449922893,AA,21,100.0,0.0,0.2,9,2.573610484527563e-14
faa02,FAA cs=0.2,20,22,40.49651133399993,0.00022488100372129117,0.010314645798726435,AA,22,100.0,0.0,0.2,9,2.7134031926498377e-14
faa02,FAA cs=0.2,20,23,42.248791167000036,0.00014089812084885507,0.006462592154129985,AA,23,100.0,0.0,0.2,9,3.3923868095177324e-14
faa02,FAA cs=0.2,20,24,43.97891299999992,8.115042292070394e-05,0.003722136841230506,AA,24,100.0,0.0,0.2,9,2.374981750927572e-14
faa02,FAA cs=0.2,20,25,45.784756625,4.112922216777706e-05,0.0018864793006861807,AA,25,100.0,0.0,0.2,9,2.9760298645027967e-14
faa02,FAA cs=0.2,20,26,47.54944374999991,2.3121174467547818e-05,0.0010605018704865096,AA,26,100.0,0.0,0.2,9,2.2197342252333006e-14
faa02,FAA cs=0.2,20,27,49.29468370900008,1.2342296691957914e-05,0.0005661057030771595,AA,27,100.0,0.0,0.2,9,2.263376709596643e-14
faa02,FAA cs=0.2,20,28,51.06744608400004,7.843844280282006e-06,0.0003597746101833818,AA,28,100.0,0.0,0.2,9,2.7693207729992015e-14
faa02,FAA cs=0.2,20,29,52.868882041999996,5.561556737275531e-06,0.00025509263515034075,AA,29,100.0,0.0,0.2,9,2.214849438918661e-14
faa02,FAA cs=0.2,20,30,54.673057250000056,3.981689803702343e-06,0.0001826286761708449,AA,30,100.0,0.0,0.2,8,3.6977028524591135e-14
faa02,FAA cs=0.2,20,31,56.3874880840001,2.3208375522865548e-06,0.00010645015324588132,AA,31,100.0,0.0,0.2,9,2.2716230988238277e-14
faa02,FAA cs=0.2,20,32,58.105939959000125,1.9079152475299723e-06,8.751059300967505e-05,AA,32,100.0,0.0,0.2,9,3.3671703315689026e-14
faa02,FAA cs=0.2,20,33,59.881111334000025,1.2742331579384823e-06,5.844541544921837e-05,AA,33,100.0,0.0,0.2,9,2.4055592049792685e-14
faa02,FAA cs=0.2,20,34,61.62464645900013,9.503924355222935e-07,4.359177155910785e-05,AA,34,100.0,0.0,0.2,8,3.98698241868948e-14
faa02,FAA cs=0.2,20,35,63.328207625000005,7.160788177813428e-07,3.2844478845084514e-05,AA,35,100.0,0.0,0.2,9,3.317429553517915e-14
faa02,FAA cs=0.2,20,36,65.16431204200012,4.2082715421752933e-07,1.930213297882428e-05,AA,36,100.0,0.0,0.2,9,4.665186551159155e-14
faa02,FAA cs=0.2,20,37,66.91961029200002,2.486672587024936e-07,1.1405653002311177e-05,AA,37,100.0,0.0,0.2,9,2.839967551126256e-14
faa02,FAA cs=0.2,20,38,68.64963387500006,1.577801843509971e-07,7.236923922908531e-06,AA,38,100.0,0.0,0.2,9,3.369957730644909e-14
faa02,FAA cs=0.2,20,39,70.38491158400006,9.78330392313529e-08,4.487320540133165e-06,AA,39,100.0,0.0,0.2,9,3.178639538646111e-14
faa02,FAA cs=0.2,20,40,72.16032704200006,6.092189210917249e-08,2.7943122277822126e-06,AA,40,100.0,0.0,0.2,9,2.745520931040756e-14
faa02,FAA cs=0.2,20,41,73.99618158399994,3.645021634250887e-08,1.6718667412472633e-06,AA,41,100.0,0.0,0.2,9,2.9981879576949647e-14
faa02,FAA cs=0.2,20,42,75.70311733400013,3.30299911092715e-08,1.5149908324380305e-06,AA,42,100.0,0.0,0.2,9,3.4313748134966296e-14
faa02,FAA cs=0.2,20,43,77.42596837499991,2.2629266185718987e-08,1.0379394503240096e-06,AA,43,100.0,0.0,0.2,9,2.2713785060173965e-14
faa02,FAA cs=0.2,20,44,79.16540795900005,1.7817810470546807e-08,8.172517948216951e-07,AA,44,100.0,0.0,0.2,9,4.139482891579907e-14
faa02,FAA cs=0.2,20,45,80.8667767500001,1.0739454643852602e-08,4.925879415769415e-07,AA,45,100.0,0.0,0.2,9,3.376040369067735e-14
faa02,FAA cs=0.2,20,46,82.53629741700001,6.8416651884837485e-09,3.138075334284248e-07,AA,46,100.0,0.0,0.2,9,4.407534648284865e-14
faa02,FAA cs=0.2,20,47,84.33553804200005,5.054360331499105e-09,2.3182899264875024e-07,AA,47,100.0,0.0,0.2,9,2.368776088055537e-14
faa02,FAA cs=0.2,20,48,86.07596087499996,3.201499274433166e-09,1.468435772440094e-07,AA,48,100.0,0.0,0.2,9,3.35476921330688e-14
faa02,FAA cs=0.2,20,49,87.8640713750001,1.8791759285388198e-09,8.619240298479532e-08,AA,49,100.0,0.0,0.2,9,3.2122975943271605e-14
faa02,FAA cs=0.2,20,50,89.59709254199993,1.1261986612369778e-09,5.1655498229882374e-08,AA,50,100.0,0.0,0.2,9,3.34308388956802e-14
faa02,FAA cs=0.2,20,51,91.32003725000004,8.232268291110625e-10,3.7759050403443973e-08,AA,51,100.0,0.0,0.2,9,2.374932421348573e-14
faa02,FAA cs=0.2,20,52,93.03324166700008,6.539570815550135e-10,2.9995133213513796e-08,AA,52,100.0,0.0,0.2,9,3.105547994397938e-14
faa02,FAA cs=0.2,20,53,94.72444516700011,4.791160962812644e-10,2.1975679349664278e-08,AA,53,100.0,0.0,0.2,9,2.872266657726492e-14
faa02,FAA cs=0.2,20,54,96.47424087500008,2.1730711175829326e-10,9.967253126053354e-09,AA,54,100.0,0.0,0.2,9,3.520360933233786e-14
faa02,FAA cs=0.2,20,55,98.24781070900008,1.5397256119438032e-10,7.062279183932688e-09,AA,55,100.0,0.0,0.2,9,2.9656668177684094e-14
faa02,FAA cs=0.2,20,56,100.02114566699993,9.444021072876962e-11,4.331701240677608e-09,AA,56,100.0,0.0,0.2,9,3.680458472586991e-14
faa0707,FAA cs=1/sqrt(2),20,0,1.9201238749999447,1.0,45.86712807236492,initial,0,0.0,0.0,0.7071067811865475,0,1.3983882637437574e-14
faa0707,FAA cs=1/sqrt(2),20,1,3.665201082999829,0.5628608482962506,25.81681061572409,AA,1,100.0,0.0,0.7071067811865475,0,2.3955646881308396e-14
faa0707,FAA cs=1/sqrt(2),20,2,5.407295624999961,0.30437275799245994,13.960704272579093,AA,2,100.0,0.0,0.7071067811865475,1,1.0829779268359223e-14
faa0707,FAA cs=1/sqrt(2),20,3,7.085444374999952,0.28069093693187736,12.874487153006523,AA,3,100.0,0.0,0.7071067811865475,2,7.434724919260378e-15
faa0707,FAA cs=1/sqrt(2),20,4,8.805274332999943,0.20816155063372568,9.547772502659171,AA,4,100.0,0.0,0.7071067811865475,2,1.6154761306505295e-14
faa0707,FAA cs=1/sqrt(2),20,5,10.5374670409999,0.1292072135163585,5.9263638102282155,AA,5,100.0,0.0,0.7071067811865475,3,1.6955600401446946e-14
faa0707,FAA cs=1/sqrt(2),20,6,12.253904082999952,0.08838066870816239,4.053767450758539,AA,6,100.0,0.0,0.7071067811865475,4,1.9814884424310296e-14
faa0707,FAA cs=1/sqrt(2),20,7,14.083127749999903,0.073688517313973,3.3798806611026793,AA,7,100.0,0.0,0.7071067811865475,4,2.1689561464783246e-14
faa0707,FAA cs=1/sqrt(2),20,8,15.836197790999904,0.05348104292086232,2.4530218450948373,AA,8,100.0,0.0,0.7071067811865475,4,1.7403171541925083e-14
faa0707,FAA cs=1/sqrt(2),20,9,17.52406924999991,0.04781277450696765,2.19303465180619,AA,9,100.0,0.0,0.7071067811865475,5,1.8386159360428366e-14
faa0707,FAA cs=1/sqrt(2),20,10,19.273925999999847,0.03527860843281852,1.6181284512029002,AA,10,100.0,0.0,0.7071067811865475,6,6.707601437675598e-14
faa0707,FAA cs=1/sqrt(2),20,11,21.04827924999995,0.03721292053464672,1.7068497921093795,AA,11,100.0,0.0,0.7071067811865475,7,1.0252054733509327e-13
faa0707,FAA cs=1/sqrt(2),20,12,22.75898020799991,0.01810008086742139,0.8301987272661788,AA,12,100.0,0.0,0.7071067811865475,8,8.712537267059641e-14
faa0707,FAA cs=1/sqrt(2),20,13,24.486096749999888,0.00954258744945611,0.4376910806859455,AA,13,100.0,0.0,0.7071067811865475,8,4.526252631496124e-14
faa0707,FAA cs=1/sqrt(2),20,14,26.220901499999854,0.005276962799526346,0.24203912855898024,AA,14,100.0,0.0,0.7071067811865475,8,2.7258889938932712e-14
faa0707,FAA cs=1/sqrt(2),20,15,27.951751249999916,0.0037584272715643504,0.1723882650155111,AA,15,100.0,0.0,0.7071067811865475,8,3.1145140890006406e-14
faa0707,FAA cs=1/sqrt(2),20,16,29.722564250000005,0.002271648563519402,0.1041939955983482,AA,16,100.0,0.0,0.7071067811865475,8,3.3021259236967096e-14
faa0707,FAA cs=1/sqrt(2),20,17,31.47979562499995,0.0014204055498557452,0.06514992326993138,AA,17,100.0,0.0,0.7071067811865475,9,2.543253721570512e-14
faa0707,FAA cs=1/sqrt(2),20,18,33.24991958299984,0.0009693520928175196,0.044461396588476136,AA,18,100.0,0.0,0.7071067811865475,10,3.461435531125478e-14
faa0707,FAA cs=1/sqrt(2),20,19,35.027212040999984,0.0007215163757140312,0.03309388401118404,AA,19,100.0,0.0,0.7071067811865475,9,2.995555620354128e-14
faa0707,FAA cs=1/sqrt(2),20,20,36.73640299999988,0.00038946784543270334,0.01786377154652983,AA,20,100.0,0.0,0.7071067811865475,10,2.674646457168067e-14
faa0707,FAA cs=1/sqrt(2),20,21,38.451847499999985,0.00026738770246066104,0.012264305993738546,AA,21,100.0,0.0,0.7071067811865475,9,3.657501744459541e-14
faa0707,FAA cs=1/sqrt(2),20,22,40.188981457999944,0.00014083290676389593,0.006459600971343043,AA,22,100.0,0.0,0.7071067811865475,10,2.3421594294804865e-14
faa0707,FAA cs=1/sqrt(2),20,23,41.929299540999864,9.07863968801845e-05,0.004164111292931974,AA,23,100.0,0.0,0.7071067811865475,11,2.7830191183926113e-14
faa0707,FAA cs=1/sqrt(2),20,24,43.69064320799998,5.401342139434719e-05,0.002477440516721138,AA,24,100.0,0.0,0.7071067811865475,12,1.9833291110327246e-14
faa0707,FAA cs=1/sqrt(2),20,25,45.44290808300002,3.8883604558714315e-05,0.001783479270209742,AA,25,100.0,0.0,0.7071067811865475,11,2.22591282737573e-14
faa0707,FAA cs=1/sqrt(2),20,26,47.1793144159999,2.28236034086474e-05,0.0010468531406172949,AA,26,100.0,0.0,0.7071067811865475,12,2.0707956635407097e-14
faa0707,FAA cs=1/sqrt(2),20,27,48.97513712499995,1.892277931310932e-05,0.0008679335422394827,AA,27,100.0,0.0,0.7071067811865475,12,2.2305996158544735e-14
faa0707,FAA cs=1/sqrt(2),20,28,50.72041712499981,1.241534255506142e-05,0.0005694561070352845,AA,28,100.0,0.0,0.7071067811865475,13,2.239188511202376e-14
faa0707,FAA cs=1/sqrt(2),20,29,52.42390366599989,6.958673455654981e-06,0.0003191743666042932,AA,29,100.0,0.0,0.7071067811865475,13,3.712357999379793e-14
faa0707,FAA cs=1/sqrt(2),20,30,54.234529458,4.7236268551849264e-06,0.00021665919793282937,AA,30,100.0,0.0,0.7071067811865475,14,2.9672964114261256e-14
faa0707,FAA cs=1/sqrt(2),20,31,56.030639332999954,2.044867147087421e-06,9.379218332643022e-05,AA,31,100.0,0.0,0.7071067811865475,14,3.588220645116754e-14
faa0707,FAA cs=1/sqrt(2),20,32,57.83462629099995,1.4070725644200293e-06,6.453837751936443e-05,AA,32,100.0,0.0,0.7071067811865475,14,2.5563260308662378e-14
faa0707,FAA cs=1/sqrt(2),20,33,59.50714562500002,8.567752432354884e-07,3.9297819810713754e-05,AA,33,100.0,0.0,0.7071067811865475,14,2.5599942550821638e-14
faa0707,FAA cs=1/sqrt(2),20,34,61.35103704099993,5.222428311339893e-07,2.3953778820497134e-05,AA,34,100.0,0.0,0.7071067811865475,15,2.5382925272664798e-14
faa0707,FAA cs=1/sqrt(2),20,35,63.148705457999995,2.106532392526175e-07,9.662059103658337e-06,AA,35,100.0,0.0,0.7071067811865475,15,4.136770040339958e-14
faa0707,FAA cs=1/sqrt(2),20,36,64.96331137499988,1.306620332551634e-07,5.993092213510184e-06,AA,36,100.0,0.0,0.7071067811865475,15,3.79395308169722e-14
faa0707,FAA cs=1/sqrt(2),20,37,66.76181958300003,7.577525671913865e-08,3.4755934046530633e-06,AA,37,100.0,0.0,0.7071067811865475,16,2.6244176282204793e-14
faa0707,FAA cs=1/sqrt(2),20,38,68.68932216600001,4.06981190440454e-08,1.8667058384975843e-06,AA,38,100.0,0.0,0.7071067811865475,16,2.822041477447498e-14
faa0707,FAA cs=1/sqrt(2),20,39,70.55934658299998,2.7572434700470856e-08,1.2646683936734155e-06,AA,39,100.0,0.0,0.7071067811865475,15,3.5438096501245e-14
faa0707,FAA cs=1/sqrt(2),20,40,72.33698970799992,1.3349542066520626e-08,6.123051556725246e-07,AA,40,100.0,0.0,0.7071067811865475,16,1.976485149176864e-14
faa0707,FAA cs=1/sqrt(2),20,41,74.18243195799982,8.412626858675237e-09,3.858630335518741e-07,AA,41,100.0,0.0,0.7071067811865475,16,3.033995852955384e-14
faa0707,FAA cs=1/sqrt(2),20,42,75.99239937499988,6.075835879651308e-09,2.786811424386365e-07,AA,42,100.0,0.0,0.7071067811865475,14,2.449908155922861e-14
faa0707,FAA cs=1/sqrt(2),20,43,77.79032854100001,3.4358473115091655e-09,1.575924486740816e-07,AA,43,100.0,0.0,0.7071067811865475,15,3.6097244020887967e-14
faa0707,FAA cs=1/sqrt(2),20,44,79.68196591599985,2.2912022069338977e-09,1.0509086506512223e-07,AA,44,100.0,0.0,0.7071067811865475,16,2.6059530551194603e-14
faa0707,FAA cs=1/sqrt(2),20,45,81.43726379099985,1.4039396269079962e-09,6.439467867325728e-08,AA,45,100.0,0.0,0.7071067811865475,16,3.4642564382309255e-14
faa0707,FAA cs=1/sqrt(2),20,46,83.21102337499997,7.705168962198755e-10,3.534139716083814e-08,AA,46,100.0,0.0,0.7071067811865475,16,3.0979142664152763e-14
faa0707,FAA cs=1/sqrt(2),20,47,84.96917137499986,4.3868860919103217e-10,2.0121386621652716e-08,AA,47,100.0,0.0,0.7071067811865475,16,3.115650166798237e-14
faa0707,FAA cs=1/sqrt(2),20,48,86.71358962499994,2.6174322799666935e-10,1.2005410160597444e-08,AA,48,100.0,0.0,0.7071067811865475,15,2.510837835722701e-14
faa0707,FAA cs=1/sqrt(2),20,49,88.48342591599999,2.2364418241862842e-10,1.0257916357634573e-08,AA,49,100.0,0.0,0.7071067811865475,14,3.0358451309877984e-14
faa0707,FAA cs=1/sqrt(2),20,50,90.27983966599982,7.182958956824186e-11,3.2946169841119563e-09,AA,50,100.0,0.0,0.7071067811865475,15,3.297321891021378e-14
picard,Picard,30,0,1.940534542,1.0,45.86712807236492,Picard,0,0.0,0.0,,0,1.3983882637437574e-14
picard,Picard,30,1,3.9388868749999997,0.5628608482956654,25.81681061569725,Picard,0,0.0,0.0,,0,2.3955780244461462e-14
picard,Picard,30,2,6.768277416999999,0.41458191327334715,19.0156817125947,Picard,0,0.0,0.0,,0,1.3255542601586831e-14
picard,Picard,30,3,8.7326355,0.46658446274244203,21.400889309183167,Picard,0,0.0,0.0,,0,1.0537427943181832e-14
picard,Picard,30,4,10.672659833,0.37849324136300183,17.360397976121334,Picard,0,0.0,0.0,,0,1.377396980456417e-14
picard,Picard,30,5,12.478746083,0.4624963852762294,21.213380936470642,Picard,0,0.0,0.0,,0,1.5704983690859826e-14
picard,Picard,30,6,14.312625582999999,0.35862115936842487,16.448922646211535,Picard,0,0.0,0.0,,0,2.276143331330941e-14
picard,Picard,30,7,16.358046958,0.34259556847105543,15.713874816086566,Picard,0,0.0,0.0,,0,5.4237832476890257e-14
picard,Picard,30,8,18.330189042,0.1705892323358706,7.824438167315791,Picard,0,0.0,0.0,,0,2.101154397205583e-14
picard,Picard,30,9,20.186761957999998,0.1772893603768998,8.131753798274922,Picard,0,0.0,0.0,,0,1.9316371425581854e-14
picard,Picard,30,10,22.137774167,0.04686948097984775,2.1497684867879485,Picard,0,0.0,0.0,,0,3.407342944097443e-14
picard,Picard,30,11,24.074244333,0.040602376118094544,1.8623143854509732,Picard,0,0.0,0.0,,0,4.0546124371947606e-14
picard,Picard,30,12,25.970297332999998,0.03004851074635319,1.3782388907868155,Picard,0,0.0,0.0,,0,4.268817971444549e-14
picard,Picard,30,13,27.857719624999998,0.023866257883704466,1.0946767069599617,Picard,0,0.0,0.0,,0,2.6633786812560798e-14
picard,Picard,30,14,29.758583207999997,0.01495089805202567,0.6857547557491326,Picard,0,0.0,0.0,,0,3.184201131271844e-14
picard,Picard,30,15,31.6543525,0.014881569909569101,0.682574872960058,Picard,0,0.0,0.0,,0,2.8376159046668142e-14
picard,Picard,30,16,33.513554,0.01272375008819213,0.5836018748558729,Picard,0,0.0,0.0,,0,3.06911660349344e-14
picard,Picard,30,17,35.547822958,0.012772043639292177,0.585816961349248,Picard,0,0.0,0.0,,0,2.7062928896989918e-14
picard,Picard,30,18,37.36469375,0.012816501620894673,0.5878561212852486,Picard,0,0.0,0.0,,0,4.9562604113468866e-14
picard,Picard,30,19,39.229118542,0.011859461739584751,0.5439594504788454,Picard,0,0.0,0.0,,0,3.243089979967038e-14
picard,Picard,30,20,41.04009475,0.015368113355938446,0.7048912235274506,Picard,0,0.0,0.0,,0,2.3931961169435896e-14
picard,Picard,30,21,42.942826917,0.0121442365471401,0.5570212530487697,Picard,0,0.0,0.0,,0,2.638466187027917e-14
picard,Picard,30,22,44.8284075,0.014339182042542795,0.6576970991982656,Picard,0,0.0,0.0,,0,2.84363997106197e-14
picard,Picard,30,23,46.678215916999996,0.01663834580976727,0.7631531381688916,Picard,0,0.0,0.0,,0,2.8410073822501252e-14
picard,Picard,30,24,48.523846458,0.013013459741325315,0.5968900246199331,Picard,0,0.0,0.0,,0,2.8257657233301245e-14
picard,Picard,30,25,50.440221333,0.019030225091453003,0.8728617715156073,Picard,0,0.0,0.0,,0,4.050429239033215e-14
picard,Picard,30,26,52.278035583,0.017299957232781896,0.7934993540424431,Picard,0,0.0,0.0,,0,3.222459094105108e-14
picard,Picard,30,27,54.187994625,0.017889220761924507,0.8205271798020009,Picard,0,0.0,0.0,,0,4.2060060222623415e-14
picard,Picard,30,28,55.968223458,0.02312602383546553,1.0607242970658612,Picard,0,0.0,0.0,,0,3.100592941796451e-14
picard,Picard,30,29,57.7488245,0.018161339636254853,0.8330084910618187,Picard,0,0.0,0.0,,0,3.3209136562889114e-14
picard,Picard,30,30,59.528574042,0.023064653447806043,1.057909413635233,Picard,0,0.0,0.0,,0,2.910762932986938e-14
picard,Picard,30,31,61.283129917,0.02273021895157294,1.0425698637646923,Picard,0,0.0,0.0,,0,3.0613988900977556e-14
picard,Picard,30,32,64.45428479200001,0.01916169855691381,0.8788920817940159,Picard,0,0.0,0.0,,0,2.6963261874284027e-14
picard,Picard,30,33,67.002211375,0.02497647665671104,1.145599253609798,Picard,0,0.0,0.0,,0,2.4851446313031257e-14
picard,Picard,30,34,69.17017200000001,0.019261509892570552,0.8834701411096574,Picard,0,0.0,0.0,,0,3.127538833643937e-14
picard,Picard,30,35,71.59320916700001,0.022112791535731615,1.014250241406909,Picard,0,0.0,0.0,,0,3.034241243863376e-14
picard,Picard,30,36,73.898457792,0.024294664962056716,1.114326509289852,Picard,0,0.0,0.0,,0,2.6974252597083703e-14
picard,Picard,30,37,76.33573050000001,0.019186069934235665,0.8800099268789373,Picard,0,0.0,0.0,,0,3.5571694196759004e-14
picard,Picard,30,38,78.330036292,0.027218303188720976,1.2484253982695235,Picard,0,0.0,0.0,,0,2.8151062577559586e-14
picard,Picard,30,39,80.18351975,0.023445122423265553,1.0753604328601958,Picard,0,0.0,0.0,,0,2.6276310482452046e-14
picard,Picard,30,40,82.09080625,0.024187084275744376,1.109392092172651,Picard,0,0.0,0.0,,0,2.6534218756326533e-14
picard,Picard,30,41,83.99497500000001,0.029449672823853003,1.3507719151009103,Picard,0,0.0,0.0,,0,2.7295363904296975e-14
picard,Picard,30,42,85.78861470800001,0.022704697560523686,1.0413992708528512,Picard,0,0.0,0.0,,0,2.72711993304423e-14
picard,Picard,30,43,87.827087042,0.027823314761664657,1.2761755415709943,Picard,0,0.0,0.0,,0,1.9773199470621086e-14
picard,Picard,30,44,89.645863625,0.026419481639096184,1.2117857479459182,Picard,0,0.0,0.0,,0,2.7227589164453978e-14
picard,Picard,30,45,91.44734379200001,0.021956883849244612,1.0070992035833435,Picard,0,0.0,0.0,,0,3.681404907376772e-14
picard,Picard,30,46,93.19377883300001,0.02777554490335526,1.2739844753619185,Picard,0,0.0,0.0,,0,3.0928434698279805e-14
picard,Picard,30,47,95.079308542,0.021132797422030534,0.9693007258836177,Picard,0,0.0,0.0,,0,3.446930471619746e-14
picard,Picard,30,48,96.92091675,0.023810298136927855,1.0921099940876617,Picard,0,0.0,0.0,,0,3.0130223928774264e-14
picard,Picard,30,49,98.85066841700001,0.025915550901034295,1.1886718922436321,Picard,0,0.0,0.0,,0,2.833029712197957e-14
picard,Picard,30,50,100.732089958,0.020260610946983056,0.9292960371296305,Picard,0,0.0,0.0,,0,2.89926374653443e-14
picard,Picard,30,51,102.484854083,0.02848602138995763,1.306571991365313,Picard,0,0.0,0.0,,0,2.6697729898086193e-14
picard,Picard,30,52,104.29270650000001,0.024501051259279906,1.1237928560169692,Picard,0,0.0,0.0,,0,2.6297224727858235e-14
picard,Picard,30,53,106.02966875000001,0.024988813981446575,1.1461651312635133,Picard,0,0.0,0.0,,0,2.735187417657776e-14
picard,Picard,30,54,107.77884125,0.03036780504740112,1.392884003385757,Picard,0,0.0,0.0,,0,2.695049511741961e-14
picard,Picard,30,55,109.547872958,0.023410827464514044,1.0737874215949037,Picard,0,0.0,0.0,,0,2.5867633151153958e-14
picard,Picard,30,56,111.23662225000001,0.02836698546905106,1.3011121555358796,Picard,0,0.0,0.0,,0,2.9264853607434317e-14
picard,Picard,30,57,113.10199250000001,0.027098608604416534,1.2429353514416632,Picard,0,0.0,0.0,,0,3.142833048408018e-14
picard,Picard,30,58,114.84758545800001,0.02233462527852944,1.0244251180985888,Picard,0,0.0,0.0,,0,2.2409060639449288e-14
picard,Picard,30,59,116.704824083,0.028156389854244637,1.291452739500075,Picard,0,0.0,0.0,,0,2.4904829356938678e-14
picard,Picard,30,60,118.519666125,0.021547094362942488,0.9883033367324153,Picard,0,0.0,0.0,,0,3.443005938855727e-14
picard,Picard,30,61,120.291687667,0.02384270468481666,1.0935963893700609,Picard,0,0.0,0.0,,0,2.982446549851047e-14
picard,Picard,30,62,122.092951833,0.026172518359918837,1.2004582515907196,Picard,0,0.0,0.0,,0,2.5483885256878686e-14
picard,Picard,30,63,123.927148208,0.020256857060542185,0.9291238571394781,Picard,0,0.0,0.0,,0,3.5814990475063433e-14
picard,Picard,30,64,125.664600667,0.028424340210260787,1.3037428527965036,Picard,0,0.0,0.0,,0,2.999868609546427e-14
picard,Picard,30,65,127.358593542,0.024658932781028677,1.13103442799528,Picard,0,0.0,0.0,,0,3.083246620708976e-14
picard,Picard,30,66,129.178129917,0.024850758168691717,1.1398329076187517,Picard,0,0.0,0.0,,0,3.3199885945761895e-14
picard,Picard,30,67,130.96419075,0.03049534635041347,1.3987339566655408,Picard,0,0.0,0.0,,0,3.1356073614444635e-14
picard,Picard,30,68,132.78378833300002,0.02355113883888763,1.0802231013733066,Picard,0,0.0,0.0,,0,3.474301435526436e-14
picard,Picard,30,69,134.49850087500002,0.028355500972558127,1.3005853946643917,Picard,0,0.0,0.0,,0,2.93132413798647e-14
picard,Picard,30,70,136.40755075,0.027397774662447114,1.2566572393402564,Picard,0,0.0,0.0,,0,3.2547054090471874e-14
picard,Picard,30,71,138.198722167,0.02240266793909997,1.0275460395253617,Picard,0,0.0,0.0,,0,4.3358876678914166e-14
picard,Picard,30,72,139.949009458,0.02826208446352248,1.2963006476803804,Picard,0,0.0,0.0,,0,2.4292310175474854e-14
picard,Picard,30,73,141.7254565,0.02181232423587254,1.0004686692827152,Picard,0,0.0,0.0,,0,3.134039520408413e-14
picard,Picard,30,74,143.446905292,0.023697860112078514,1.0869527848016933,Picard,0,0.0,0.0,,0,3.05291828626416e-14
picard,Picard,30,75,145.303175583,0.02629180236075528,1.2059294661340687,Picard,0,0.0,0.0,,0,2.2771363066680713e-14
picard,Picard,30,76,147.13831875,0.02015650530149932,0.9245210101551717,Picard,0,0.0,0.0,,0,3.775651723318131e-14
picard,Picard,30,77,148.923803958,0.028221620843246024,1.2944446976268886,Picard,0,0.0,0.0,,0,2.6788244206045283e-14
picard,Picard,30,78,150.67424266700002,0.024727379320232928,1.1341738741750715,Picard,0,0.0,0.0,,0,2.437986033251443e-14
picard,Picard,30,79,152.437384375,0.02461410207755767,1.1289781723776011,Picard,0,0.0,0.0,,0,3.534629777208805e-14
picard,Picard,30,80,154.1140875,0.03053311801775366,1.4004664345689402,Picard,0,0.0,0.0,,0,2.567526373828886e-14
picard,Picard,30,81,155.99732987500002,0.02363009738492023,1.0838447031165916,Picard,0,0.0,0.0,,0,2.942653487608956e-14
picard,Picard,30,82,157.783908792,0.028279858843438997,1.2971159074404182,Picard,0,0.0,0.0,,0,3.5647409894398666e-14
picard,Picard,30,83,159.535480125,0.027653502454303366,1.2683867387209902,Picard,0,0.0,0.0,,0,2.871048229339369e-14
picard,Picard,30,84,161.270900917,0.022440616812190787,1.0292866453476202,Picard,0,0.0,0.0,,0,2.515438242772982e-14
picard,Picard,30,85,163.026435583,0.028336174149218487,1.2996989287830405,Picard,0,0.0,0.0,,0,2.8070984786144147e-14
picard,Picard,30,86,164.842113833,0.02207000082660363,1.0122875544710284,Picard,0,0.0,0.0,,0,3.11466758041887e-14
picard,Picard,30,87,166.5300475,0.023541956804103988,1.0798019478079204,Picard,0,0.0,0.0,,0,2.873391898748785e-14
picard,Picard,30,88,168.322708333,0.026398682216840306,1.2108317381814766,Picard,0,0.0,0.0,,0,3.494961268066223e-14
picard,Picard,30,89,169.99064,0.020060117791525924,0.9200999918906456,Picard,0,0.0,0.0,,0,3.6019198774265464e-14
picard,Picard,30,90,171.74990250000002,0.027998607905837736,1.2842157346649885,Picard,0,0.0,0.0,,0,3.070703722608886e-14
picard,Picard,30,91,173.538476792,0.024786666025534657,1.1368931850801345,Picard,0,0.0,0.0,,0,2.4268793687787152e-14
picard,Picard,30,92,175.19085841700002,0.02436280383687195,1.1174518437877092,Picard,0,0.0,0.0,,0,3.3504485846204596e-14
picard,Picard,30,93,176.94014766700002,0.03054923299137173,1.401205582127763,Picard,0,0.0,0.0,,0,2.7363298696077278e-14
picard,Picard,30,94,178.705165833,0.02369913859003063,1.0870114249136607,Picard,0,0.0,0.0,,0,2.921162169058863e-14
picard,Picard,30,95,180.3958945,0.028188173235448134,1.2929105519163087,Picard,0,0.0,0.0,,0,2.6002914973304482e-14
picard,Picard,30,96,182.18051625,0.02789715184184223,1.2795622363839885,Picard,0,0.0,0.0,,0,3.302076651324839e-14
picard,Picard,30,97,183.933437042,0.022477747958389083,1.0309897443857712,Picard,0,0.0,0.0,,0,2.6344680828669264e-14
picard,Picard,30,98,185.63023025,0.028402044197676914,1.302720198731816,Picard,0,0.0,0.0,,0,2.9511285939414126e-14
picard,Picard,30,99,187.462911875,0.02233265078726401,1.0243345538548396,Picard,0,0.0,0.0,,0,3.3371490396075017e-14
picard,Picard,30,100,189.29992570800002,0.023392469082718297,1.0729453753458769,Picard,0,0.0,0.0,,0,2.5966981464631686e-14
picard,Picard,30,101,191.133060083,0.026504621747026093,1.2156908801804343,Picard,0,0.0,0.0,,0,3.9807250768834086e-14
picard,Picard,30,102,193.041641292,0.01997905226598437,0.9163817490483778,Picard,0,0.0,0.0,,0,4.7217849450684934e-14
picard,Picard,30,103,194.76007325,0.027767916624261924,1.2736345881077726,Picard,0,0.0,0.0,,0,2.886439284425215e-14
picard,Picard,30,104,196.50544687500002,0.024844973152432,1.1395675655370665,Picard,0,0.0,0.0,,0,2.2356196889383957e-14
picard,Picard,30,105,198.313824833,0.024106555336367404,1.1056984609967158,Picard,0,0.0,0.0,,0,3.384591037711086e-14
picard,Picard,30,106,200.285893417,0.030549764345246744,1.4012299538039998,Picard,0,0.0,0.0,,0,3.020631274984592e-14
picard,Picard,30,107,202.080839667,0.023764099846829534,1.0899910111989979,Picard,0,0.0,0.0,,0,3.28455293224161e-14
picard,Picard,30,108,203.927312,0.028085362644554992,1.2881949253766174,Picard,0,0.0,0.0,,0,2.246698901755674e-14
picard,Picard,30,109,205.714558875,0.02813116702350261,1.290295840692083,Picard,0,0.0,0.0,,0,2.858733248178452e-14
picard,Picard,30,110,207.66943975,0.022517726343629117,1.032823438101702,Picard,0,0.0,0.0,,0,2.6879282108191293e-14
picard,Picard,30,111,209.468237125,0.028461734105274274,1.3054580033682117,Picard,0,0.0,0.0,,0,3.458182019015646e-14
picard,Picard,30,112,211.295265417,0.022601026500176792,1.0366441770505224,Picard,0,0.0,0.0,,0,3.318952832873053e-14
picard,Picard,30,113,213.100906917,0.02325222269348561,1.0665126762492545,Picard,0,0.0,0.0,,0,3.095775740721517e-14
picard,Picard,30,114,214.898638,0.026610640002266296,1.2205536330715454,Picard,0,0.0,0.0,,0,2.6328591369692423e-14
picard,Picard,30,115,216.786897417,0.019915943452230366,0.9134871290054278,Picard,0,0.0,0.0,,0,4.2137407850608176e-14
picard,Picard,30,116,218.50784133300002,0.02753202919375618,1.2628151091221047,Picard,0,0.0,0.0,,0,2.86679727160987e-14
picard,Picard,30,117,220.351831333,0.024903831514436585,1.1422672295652605,Picard,0,0.0,0.0,,0,2.2852993931792173e-14
picard,Picard,30,118,222.222827958,0.023847735339483353,1.0938271310519458,Picard,0,0.0,0.0,,0,3.338068327542868e-14
picard,Picard,30,119,224.113376958,0.03053538465700952,1.4005703988019824,Picard,0,0.0,0.0,,0,2.576891304917632e-14
picard,Picard,30,120,225.94379883300002,0.02382633805499974,1.092845699064135,Picard,0,0.0,0.0,,0,2.578177310461813e-14
picard,Picard,30,121,227.697625375,0.027972187380501206,1.2830039010456387,Picard,0,0.0,0.0,,0,2.1533859590913364e-14
picard,Picard,30,122,229.416241542,0.028355730815788845,1.3005959369132916,Picard,0,0.0,0.0,,0,3.273783380999508e-14
picard,Picard,30,123,231.140443708,0.022561349622963644,1.0348243126418755,Picard,0,0.0,0.0,,0,2.7098595968773026e-14
picard,Picard,30,124,233.011013917,0.02851537473142604,1.3079183448377967,Picard,0,0.0,0.0,,0,4.4179970314801684e-14
picard,Picard,30,125,234.711006458,0.02287480108606044,1.0492014310442064,Picard,0,0.0,0.0,,0,3.1799992192823785e-14
picard,Picard,30,126,236.44336916700001,0.023122182028655992,1.060548084420899,Picard,0,0.0,0.0,,0,2.6285688116098967e-14
picard,Picard,30,127,238.177966,0.026716840095384945,1.2254247263439155,Picard,0,0.0,0.0,,0,3.0457906817281477e-14
picard,Picard,30,128,240.06434950000002,0.019872100061370596,0.9114761585817359,Picard,0,0.0,0.0,,0,3.710789650416083e-14
picard,Picard,30,129,241.767820167,0.027292352894966645,1.2518218456296146,Picard,0,0.0,0.0,,0,3.3175934719426565e-14
picard,Picard,30,130,243.459141042,0.02496403710359691,1.1450286870339492,Picard,0,0.0,0.0,,0,2.1914476214261e-14
picard,Picard,30,131,245.275736792,0.0235877657056993,1.081903070564247,Picard,0,0.0,0.0,,0,3.0421199623274416e-14
picard,Picard,30,132,247.038173542,0.03050637857936659,1.3992399733238572,Picard,0,0.0,0.0,,0,2.759768607650101e-14
picard,Picard,30,133,248.836684042,0.023886528039368284,1.0956064407858408,Picard,0,0.0,0.0,,0,3.158589184397152e-14
picard,Picard,30,134,250.57261,0.02784893006568854,1.2773504420012702,Picard,0,0.0,0.0,,0,2.4996900873366605e-14
picard,Picard,30,135,252.32132275,0.028570872363919027,1.3104638618550655,Picard,0,0.0,0.0,,0,2.776110913448449e-14
picard,Picard,30,136,254.07710645800003,0.022608777286335032,1.036999683351904,Picard,0,0.0,0.0,,0,2.61835793377805e-14
picard,Picard,30,137,255.97416358299998,0.028562890459515274,1.310097754823517,Picard,0,0.0,0.0,,0,3.626667379113628e-14
picard,Picard,30,138,257.77136270799997,0.023153413396774215,1.0619805775822526,Picard,0,0.0,0.0,,0,3.5731994371102324e-14
picard,Picard,30,139,259.46827420799997,0.023002790195135053,1.0550719239019994,Picard,0,0.0,0.0,,0,3.019336632778546e-14
picard,Picard,30,140,261.247398,0.026823175047090198,1.230302005192349,Picard,0,0.0,0.0,,0,2.3727602102611457e-14
picard,Picard,30,141,263.096362583,0.019848298010336652,0.910384426858577,Picard,0,0.0,0.0,,0,3.500528111050419e-14
picard,Picard,30,142,264.90332620799995,0.027050066152392405,1.2407088485777258,Picard,0,0.0,0.0,,0,3.3530508906650826e-14
picard,Picard,30,143,266.666855167,0.025026138835388678,1.147877115119558,Picard,0,0.0,0.0,,0,3.5108494320665516e-14
picard,Picard,30,144,268.508122917,0.023327816012784667,1.0699799247069595,Picard,0,0.0,0.0,,0,2.6193888051001745e-14
picard,Picard,30,145,270.213085875,0.03046297718119222,1.3972492758352737,Picard,0,0.0,0.0,,0,3.4304960735995915e-14
picard,Picard,30,146,271.98540466699995,0.023945055362001463,1.0982909209887894,Picard,0,0.0,0.0,,0,2.4502678258793037e-14
picard,Picard,30,147,273.791508208,0.02771575858937578,1.271242248841647,Picard,0,0.0,0.0,,0,3.980208772329487e-14
picard,Picard,30,148,275.65863433299995,0.028776526947377683,1.3198966469732325,Picard,0,0.0,0.0,,0,2.5440972950667433e-14
picard,Picard,30,149,277.430175417,0.0226598670295429,1.0393430231468035,Picard,0,0.0,0.0,,0,2.9028789472603685e-14
picard,Picard,30,150,279.14342445799997,0.028604128372844626,1.3119892194756317,Picard,0,0.0,0.0,,0,2.4816539542025587e-14
picard,Picard,30,151,280.992236875,0.023436140783381392,1.074948470833329,Picard,0,0.0,0.0,,0,3.477472567246611e-14
picard,Picard,30,152,282.761052917,0.022894223632398618,1.050092287464591,Picard,0,0.0,0.0,,0,2.7850694484303735e-14
picard,Picard,30,153,284.505462875,0.026929499840242302,1.2351788180971244,Picard,0,0.0,0.0,,0,3.108875605991761e-14
picard,Picard,30,154,286.19054541699995,0.01984496328043448,0.9102314723750675,Picard,0,0.0,0.0,,0,3.63027539616322e-14
picard,Picard,30,155,287.99546,0.026806239149001473,1.229525204185693,Picard,0,0.0,0.0,,0,2.7782861792838836e-14
picard,Picard,30,156,289.76768925,0.025090510770220783,1.150829670898768,Picard,0,0.0,0.0,,0,3.5734165185659175e-14
picard,Picard,30,157,291.42639166699996,0.023068962232706904,1.058107045224117,Picard,0,0.0,0.0,,0,2.7383610222058907e-14
picard,Picard,30,158,293.21021316699995,0.030405370556464473,1.3946070254010694,Picard,0,0.0,0.0,,0,2.5606086792196037e-14
picard,Picard,30,159,294.895864875,0.024002134630702363,1.1009089831165706,Picard,0,0.0,0.0,,0,2.3246302761850155e-14
picard,Picard,30,160,296.6634315,0.027572796826265757,1.2646850033436285,Picard,0,0.0,0.0,,0,3.016780754981811e-14
picard,Picard,30,161,298.350279958,0.02897252568049091,1.328886545966958,Picard,0,0.0,0.0,,0,2.622672711277137e-14
picard,Picard,30,162,300.063450125,0.022714314393577288,1.0418403673661714,Picard,0,0.0,0.0,,0,3.086160834684481e-14
picard,Picard,30,163,301.84298670799996,0.028638879655768525,1.3135831610201811,Picard,0,0.0,0.0,,0,2.7894160241424235e-14
picard,Picard,30,164,303.642113833,0.0237221499947297,1.088066891960118,Picard,0,0.0,0.0,,0,3.4532763232325355e-14
picard,Picard,30,165,305.41307237499996,0.022796501800563078,1.0456100676883242,Picard,0,0.0,0.0,,0,3.25676303571709e-14
picard,Picard,30,166,307.148218708,0.027035593547196448,1.240045031741662,Picard,0,0.0,0.0,,0,2.3596632982603896e-14
picard,Picard,30,167,308.962359958,0.019862267122287103,0.9110251499054656,Picard,0,0.0,0.0,,0,3.8211529241596375e-14
picard,Picard,30,168,310.69652145799995,0.026561882002501674,1.218317243651789,Picard,0,0.0,0.0,,0,3.206365026720922e-14
picard,Picard,30,169,312.463642458,0.025157402789997493,1.1538978157368855,Picard,0,0.0,0.0,,0,2.6377387596249645e-14
picard,Picard,30,170,314.18669241699996,0.022812260357159678,1.046332867421976,Picard,0,0.0,0.0,,0,2.5043506397554042e-14
picard,Picard,30,171,315.97608354199997,0.03033372985755362,1.3913210722889315,Picard,0,0.0,0.0,,0,4.122676520366647e-14
picard,Picard,30,172,317.76613375,0.02405789174163204,1.103466401664527,Picard,0,0.0,0.0,,0,2.39397705371525e-14
picard,Picard,30,173,319.48005558299997,0.027420163030709866,1.2576841294946952,Picard,0,0.0,0.0,,0,3.537210885073093e-14
picard,Picard,30,174,321.290067583,0.02915861930728506,1.3374221261805763,Picard,0,0.0,0.0,,0,2.4068944366301092e-14
picard,Picard,30,175,323.025643125,0.022771738942469696,1.0444742665047173,Picard,0,0.0,0.0,,0,2.5671663563618956e-14
picard,Picard,30,176,324.870927292,0.028666899658739718,1.3148683580850489,Picard,0,0.0,0.0,,0,2.310065639854988e-14
picard,Picard,30,177,326.531763208,0.02401055063835914,1.101295001217622,Picard,0,0.0,0.0,,0,3.305573561737396e-14
picard,Picard,30,178,328.29292499999997,0.022709547199028367,1.04162170984325,Picard,0,0.0,0.0,,0,3.6343174193962156e-14
picard,Picard,30,179,330.032156167,0.027141184601653788,1.244888190159753,Picard,0,0.0,0.0,,0,2.7784794321253116e-14
picard,Picard,30,180,331.784283708,0.01990018318939873,0.912764251011675,Picard,0,0.0,0.0,,0,3.623852776671717e-14
picard,Picard,30,181,333.48088604199995,0.026317971342736682,1.207129762182133,Picard,0,0.0,0.0,,0,2.6164325209353814e-14
picard,Picard,30,182,335.207751208,0.025226980979144546,1.1570891674495367,Picard,0,0.0,0.0,,0,2.7056006897906473e-14
picard,Picard,30,183,337.187845167,0.022558783747513182,1.0347066233039715,Picard,0,0.0,0.0,,0,2.8478423679739047e-14
picard,Picard,30,184,339.04000533299995,0.030248235920207537,1.387399710915268,Picard,0,0.0,0.0,,0,2.608415836748499e-14
picard,Picard,30,185,340.813971208,0.024112419663765233,1.1059674408525302,Picard,0,0.0,0.0,,0,2.8500017326795104e-14
picard,Picard,30,186,342.50325208299995,0.02725799472334463,1.2502459349714954,Picard,0,0.0,0.0,,0,2.6995891623045265e-14
picard,Picard,30,187,344.32516516699997,0.02933450954446346,1.3454897062159166,Picard,0,0.0,0.0,,0,2.337420872813534e-14
picard,Picard,30,188,346.048496625,0.02283173497359529,1.0472261121481885,Picard,0,0.0,0.0,,0,2.6542796543913278e-14
picard,Picard,30,189,347.781765667,0.028687925221460842,1.3158327402631722,Picard,0,0.0,0.0,,0,2.8471291728563835e-14
picard,Picard,30,190,349.566782667,0.024300437466153704,1.1145912774745668,Picard,0,0.0,0.0,,0,3.184541859162229e-14
picard,Picard,30,191,351.40176025,0.022633216477329,1.0381206388552093,Picard,0,0.0,0.0,,0,2.7192268929017902e-14
picard,Picard,30,192,353.22260874999995,0.02724597193017212,1.2496944839772643,Picard,0,0.0,0.0,,0,4.4009703977877756e-14
picard,Picard,30,193,354.91453924999996,0.01995852088205746,0.9154400334322992,Picard,0,0.0,0.0,,0,2.6509023076883568e-14
picard,Picard,30,194,356.73151787499995,0.02607546188831237,1.1960065499772938,Picard,0,0.0,0.0,,0,3.337760340781445e-14
picard,Picard,30,195,358.38864275,0.025299354394666927,1.1604087281683362,Picard,0,0.0,0.0,,0,2.9300552036014814e-14
picard,Picard,30,196,360.1427065,0.022309638452172317,1.0232790441339448,Picard,0,0.0,0.0,,0,2.8184145640082226e-14
picard,Picard,30,197,361.87172499999997,0.030149102887630064,1.3828527634138352,Picard,0,0.0,0.0,,0,2.4803331002287743e-14
picard,Picard,30,198,363.66227533299997,0.024165811232195075,1.1084163587596862,Picard,0,0.0,0.0,,0,2.4771396288396972e-14
picard,Picard,30,199,365.381353125,0.027086463252478703,1.2423782790288467,Picard,0,0.0,0.0,,0,2.8694989139488405e-14
picard,Picard,30,200,367.12682437499996,0.029499874527624485,1.3530745230772478,Picard,0,0.0,0.0,,0,3.388409756682603e-14
picard,Picard,30,201,368.886774667,0.022893898440064182,1.0500773718261394,Picard,0,0.0,0.0,,0,2.6206988675726717e-14
picard,Picard,30,202,370.64090041699995,0.02870168676020867,1.3164639425233917,Picard,0,0.0,0.0,,0,2.090905714212429e-14
picard,Picard,30,203,372.40152758299996,0.024590918281954578,1.1279147982554705,Picard,0,0.0,0.0,,0,3.274736534938864e-14
picard,Picard,30,204,374.157747917,0.0225673158405152,1.0350979659064203,Picard,0,0.0,0.0,,0,3.1181967425644926e-14
picard,Picard,30,205,375.974231708,0.027349639188665842,1.2544494033995068,Picard,0,0.0,0.0,,0,4.2701543147730055e-14
picard,Picard,30,206,377.788188458,0.020036944491552716,0.9190370991729153,Picard,0,0.0,0.0,,0,3.380668633499896e-14
picard,Picard,30,207,379.55440358299995,0.025835288217258803,1.1849904734474699,Picard,0,0.0,0.0,,0,2.9438428693305797e-14
picard,Picard,30,208,381.544756417,0.02537459005798045,1.1638595719731468,Picard,0,0.0,0.0,,0,4.04077976982687e-14
picard,Picard,30,209,383.31672816699995,0.02206596577724344,1.0121024783452461,Picard,0,0.0,0.0,,0,3.532954752542374e-14
picard,Picard,30,210,385.174088167,0.03003659390078619,1.3776922993049752,Picard,0,0.0,0.0,,0,5.0098039720059116e-14
picard,Picard,30,211,386.96778120799996,0.02421817551985334,1.110818158248126,Picard,0,0.0,0.0,,0,2.188194046571949e-14
picard,Picard,30,212,388.913754333,0.026905781466122044,1.2340909243936822,Picard,0,0.0,0.0,,0,2.7618557506651518e-14
picard,Picard,30,213,390.669566417,0.029654385003067038,1.3601614748428934,Picard,0,0.0,0.0,,0,2.9682530132996665e-14
picard,Picard,30,214,392.405593125,0.0229578398577339,1.0530101810195247,Picard,0,0.0,0.0,,0,2.2070569744101984e-14
picard,Picard,30,215,394.11224158299996,0.028707915579791816,1.3167496405889514,Picard,0,0.0,0.0,,0,2.3026623433988444e-14
picard,Picard,30,216,395.93520724999996,0.02488112986606458,1.1412259701519278,Picard,0,0.0,0.0,,0,4.175809113071499e-14
picard,Picard,30,217,397.706606208,0.022511608289815004,1.0325428205438567,Picard,0,0.0,0.0,,0,4.710424114552822e-14
picard,Picard,30,218,399.555434375,0.02745186327719719,1.2591381287602548,Picard,0,0.0,0.0,,0,2.344010005482374e-14
picard,Picard,30,219,401.380909583,0.020134986202246772,0.9235339908737533,Picard,0,0.0,0.0,,0,2.979976746150867e-14
picard,Picard,30,220,403.12210799999997,0.025598361324949682,1.17412331733414,Picard,0,0.0,0.0,,0,3.730533886692471e-14
picard,Picard,30,221,404.91944054199996,0.025452720222067064,1.1674431782156225,Picard,0,0.0,0.0,,0,2.2287199310665297e-14
picard,Picard,30,222,406.696363583,0.021828938064453386,1.001230697886005,Picard,0,0.0,0.0,,0,3.599619191477412e-14
picard,Picard,30,223,408.454775708,0.029911030166763018,1.37193305143529,Picard,0,0.0,0.0,,0,4.129919598984405e-14
picard,Picard,30,224,410.24381474999996,0.02426964445814363,1.1131788906324354,Picard,0,0.0,0.0,,0,2.875418567776022e-14
picard,Picard,30,225,412.058051917,0.026716207333098256,1.2253957033550726,Picard,0,0.0,0.0,,0,2.649169228071974e-14
picard,Picard,30,226,413.883629458,0.02979771357411267,1.3667355447674725,Picard,0,0.0,0.0,,0,3.959016204376992e-14
picard,Picard,30,227,415.65767708299995,0.023023189110958624,1.0560075635866166,Picard,0,0.0,0.0,,0,3.1959904024967134e-14
picard,Picard,30,228,417.421247667,0.028706348154671584,1.316677747300218,Picard,0,0.0,0.0,,0,3.7717207885813974e-14
picard,Picard,30,229,419.098758375,0.025170245752256435,1.154486885531645,Picard,0,0.0,0.0,,0,3.2281500781726186e-14
picard,Picard,30,230,420.962219167,0.02246581741789006,1.03044252475673,Picard,0,0.0,0.0,,0,2.8983456422165694e-14
picard,Picard,30,231,422.665695583,0.027552318959185577,1.263745742391613,Picard,0,0.0,0.0,,0,3.2234511983250256e-14
picard,Picard,30,232,424.38063308299996,0.020252056231116148,0.9289036568813404,Picard,0,0.0,0.0,,0,3.118353521513722e-14
picard,Picard,30,233,426.10807054199995,0.025365562786585357,1.1634455169599243,Picard,0,0.0,0.0,,0,3.1943924968587396e-14
picard,Picard,30,234,427.932322833,0.02553374523775537,1.1711595629872635,Picard,0,0.0,0.0,,0,2.943522160218189e-14
picard,Picard,30,235,429.68988204199997,0.021599751027096863,0.9907185466910475,Picard,0,0.0,0.0,,0,4.034131990541552e-14
picard,Picard,30,236,431.44536979199995,0.029772795436533033,1.3655926213597824,Picard,0,0.0,0.0,,0,3.5793637553930125e-14
picard,Picard,30,237,433.24163124999995,0.02432037393140387,1.1155057058795064,Picard,0,0.0,0.0,,0,3.802472060584155e-14
picard,Picard,30,238,434.948372167,0.026518045642156554,1.2163065956976131,Picard,0,0.0,0.0,,0,5.1418705971935765e-14
picard,Picard,30,239,436.745341458,0.02992953905058206,1.3727820007798945,Picard,0,0.0,0.0,,0,2.8058916641636263e-14
picard,Picard,30,240,438.467619417,0.023089597173006446,1.0590535106736017,Picard,0,0.0,0.0,,0,2.5929162220900522e-14
picard,Picard,30,241,440.209702667,0.02869672854497741,1.3162365234303692,Picard,0,0.0,0.0,,0,2.7343304638655524e-14
picard,Picard,30,242,442.045547667,0.025457479395459844,1.1676614678311477,Picard,0,0.0,0.0,,0,3.042548354105325e-14
picard,Picard,30,243,444.05459854199995,0.022429630764927787,1.028782746910799,Picard,0,0.0,0.0,,0,3.229552256311049e-14
picard,Picard,30,244,445.874697875,0.027650681151755212,1.268257333675683,Picard,0,0.0,0.0,,0,2.894086876267263e-14
picard,Picard,30,245,447.667511042,0.020387453455455513,0.9351139387107568,Picard,0,0.0,0.0,,0,3.1514699866290326e-14
picard,Picard,30,246,449.42929,0.02513773845108879,1.1529958689857018,Picard,0,0.0,0.0,,0,4.03583228306831e-14
picard,Picard,30,247,451.160901083,0.025617634636428136,1.1750073287801008,Picard,0,0.0,0.0,,0,4.3018318411974614e-14
picard,Picard,30,248,452.992077958,0.021379614371447454,0.9806215105129541,Picard,0,0.0,0.0,,0,2.874708729097244e-14
picard,Picard,30,249,454.696205542,0.029622337672241074,1.3586915558155215,Picard,0,0.0,0.0,,0,2.8696253346210244e-14
picard,Picard,30,250,456.49363925,0.024370542262710508,1.1178067831567249,Picard,0,0.0,0.0,,0,2.6010768817406385e-14
picard,Picard,30,251,458.25518662499996,0.026311648808297894,1.2068397656852874,Picard,0,0.0,0.0,,0,2.673265349046844e-14
picard,Picard,30,252,459.974752375,0.030049549061636212,1.3782865153268813,Picard,0,0.0,0.0,,0,2.7639393618279982e-14
picard,Picard,30,253,461.76717974999997,0.02315673657453924,1.0621330022024082,Picard,0,0.0,0.0,,0,3.024567662101729e-14
picard,Picard,30,254,463.502403375,0.02867881024907427,1.3154146626573413,Picard,0,0.0,0.0,,0,2.3705400609804603e-14
picard,Picard,30,255,465.28706745799997,0.02574208447681182,1.1807154855475648,Picard,0,0.0,0.0,,0,4.299660752329293e-14
picard,Picard,30,256,467.02168125,0.02240270265012119,1.0275476316202177,Picard,0,0.0,0.0,,0,3.099387226672699e-14
picard,Picard,30,257,468.77950549999997,0.027746626109782863,1.272658053353435,Picard,0,0.0,0.0,,0,2.4067862159418678e-14
picard,Picard,30,258,470.584327083,0.020540376424570687,0.9421280761203688,Picard,0,0.0,0.0,,0,2.998195890712274e-14
picard,Picard,30,259,472.323198667,0.02491569218237618,1.1428112443406697,Picard,0,0.0,0.0,,0,2.954884009987997e-14
picard,Picard,30,260,474.172127958,0.025704327543215284,1.1789836834386727,Picard,0,0.0,0.0,,0,2.1370788290060777e-14
picard,Picard,30,261,475.869011458,0.021169741296937397,0.9709952353254602,Picard,0,0.0,0.0,,0,3.63607093344936e-14
picard,Picard,30,262,477.64597045799997,0.02946016897195701,1.3512533432702634,Picard,0,0.0,0.0,,0,2.839836936940504e-14
picard,Picard,30,263,479.34820483299995,0.024420347932764905,1.1200912262038398,Picard,0,0.0,0.0,,0,4.120511485333896e-14
picard,Picard,30,264,481.06478212499997,0.026097417482507938,1.1970135900281669,Picard,0,0.0,0.0,,0,3.325513693135282e-14
picard,Picard,30,265,482.834703625,0.030157441296089757,1.3832352222625757,Picard,0,0.0,0.0,,0,2.9012908964988726e-14
picard,Picard,30,266,484.55674829199995,0.023224301316813894,1.0652320028894962,Picard,0,0.0,0.0,,0,2.7442111280970914e-14
picard,Picard,30,267,486.277583792,0.02865235774956858,1.3142013624746796,Picard,0,0.0,0.0,,0,3.4569061573120634e-14
picard,Picard,30,268,488.031394667,0.026023354137750615,1.193616517108715,Picard,0,0.0,0.0,,0,5.0117052145798515e-14
picard,Picard,30,269,489.77772525,0.022384657692651674,1.026719961244903,Picard,0,0.0,0.0,,0,3.041726847577477e-14
picard,Picard,30,270,491.47010629199997,0.027839832060739846,1.2769331426430854,Picard,0,0.0,0.0,,0,2.4400873893639957e-14
picard,Picard,30,271,493.342794708,0.020709935919617617,0.9499052831955718,Picard,0,0.0,0.0,,0,3.1779412379985756e-14
picard,Picard,30,272,495.091369708,0.024700180340203326,1.1329263350746162,Picard,0,0.0,0.0,,0,2.7422057932711806e-14
picard,Picard,30,273,496.940861,0.025793733235330664,1.1830844657693271,Picard,0,0.0,0.0,,0,3.573500532707217e-14
picard,Picard,30,274,498.761639,0.020971337079633848,0.961895003680301,Picard,0,0.0,0.0,,0,4.167471169901705e-14
picard,Picard,30,275,500.656824417,0.029286864284096995,1.3433043549566468,Picard,0,0.0,0.0,,0,4.3831224308951695e-14
picard,Picard,30,276,502.48202516699996,0.02447000641226298,1.1223689180428569,Picard,0,0.0,0.0,,0,2.5984634973624838e-14
picard,Picard,30,277,504.33662649999997,0.025875800990150043,1.186848677990239,Picard,0,0.0,0.0,,0,2.8358149594694138e-14
picard,Picard,30,278,506.067694125,0.03025292519655751,1.387614794554179,Picard,0,0.0,0.0,,0,2.9539882251515194e-14
picard,Picard,30,279,507.86299216699996,0.023292007531407862,1.0683374925055726,Picard,0,0.0,0.0,,0,2.4628861443788178e-14
picard,Picard,30,280,509.580368583,0.028617148224052365,1.3125864026584602,Picard,0,0.0,0.0,,0,2.0477006036057063e-14
picard,Picard,30,281,511.28992933300003,0.026300619653400158,1.2063338900250629,Picard,0,0.0,0.0,,0,3.859347746490662e-14
picard,Picard,30,282,513.183071625,0.022375094810225028,1.026281339291899,Picard,0,0.0,0.0,,0,2.5445186083883152e-14
picard,Picard,30,283,514.954355667,0.027929979559627473,1.2810679495199677,Picard,0,0.0,0.0,,0,2.4499175023625983e-14
picard,Picard,30,284,516.81176175,0.02089516793818603,0.9584013439143519,Picard,0,0.0,0.0,,0,3.361103942151521e-14
picard,Picard,30,285,518.595761667,0.02449190677491451,1.1233734247814258,Picard,0,0.0,0.0,,0,3.690389106056907e-14
picard,Picard,30,286,520.334848667,0.025885732030048025,1.1873041862691316,Picard,0,0.0,0.0,,0,3.893759318022264e-14
picard,Picard,30,287,522.064013458,0.020785586805039592,0.9533751720460093,Picard,0,0.0,0.0,,0,3.1798558611617253e-14
picard,Picard,30,288,523.873326458,0.02910305922876677,1.3348737449434673,Picard,0,0.0,0.0,,0,4.98134680912576e-14
picard,Picard,30,289,525.6659422079999,0.024519747016638282,1.1246503767141358,Picard,0,0.0,0.0,,0,3.2384217998888856e-14
picard,Picard,30,290,527.4064543329999,0.025647297751323593,1.176367890670036,Picard,0,0.0,0.0,,0,3.4232227605893926e-14
picard,Picard,30,291,529.168028625,0.03033572345033678,1.391412512664441,Picard,0,0.0,0.0,,0,3.01177755289008e-14
picard,Picard,30,292,530.88595325,0.02335959345595917,1.0714374647628568,Picard,0,0.0,0.0,,0,2.668205246227494e-14
picard,Picard,30,293,532.661679167,0.028572973313835907,1.3105602263939766,Picard,0,0.0,0.0,,0,2.7405800025761107e-14
picard,Picard,30,294,534.3777202919999,0.026573248959031386,1.2188386133027305,Picard,0,0.0,0.0,,0,3.923191171626162e-14
picard,Picard,30,295,536.0962,0.022373591074893687,1.0262123672708694,Picard,0,0.0,0.0,,0,2.6662480832419537e-14
picard,Picard,30,296,537.8387356669999,0.028016751821134483,1.2850479439516385,Picard,0,0.0,0.0,,0,2.480139813986727e-14
picard,Picard,30,297,539.472167208,0.02109504726133401,0.9675692344281979,Picard,0,0.0,0.0,,0,4.221861964360267e-14
picard,Picard,30,298,541.2705925,0.02429151853214204,1.1141821915859849,Picard,0,0.0,0.0,,0,2.7873541668575803e-14
picard,Picard,30,299,543.0965300419999,0.025980176608142978,1.1916360878283532,Picard,0,0.0,0.0,,0,2.938531432494229e-14
picard,Picard,30,300,544.861434917,0.020613642480794146,0.9454885797045272,Picard,0,0.0,0.0,,0,4.1057254493367935e-14
picard,Picard,30,301,546.546500125,0.02890944707176045,1.3259933113416915,Picard,0,0.0,0.0,,0,3.3658269403248196e-14
picard,Picard,30,302,548.278892625,0.024569809769728713,1.1269466114217896,Picard,0,0.0,0.0,,0,2.445960691369633e-14
picard,Picard,30,303,550.066157083,0.02541245568065108,1.1655963593377205,Picard,0,0.0,0.0,,0,2.960182040965946e-14
picard,Picard,30,304,551.813379333,0.030405574285878707,1.3946163698842042,Picard,0,0.0,0.0,,0,2.871080178476388e-14
picard,Picard,30,305,553.554020958,0.02342682065110056,1.0745209831323528,Picard,0,0.0,0.0,,0,3.867428926282036e-14
picard,Picard,30,306,555.307671125,0.02851964109533355,1.3081140306975456,Picard,0,0.0,0.0,,0,2.244486517554114e-14
picard,Picard,30,307,557.07690725,0.026840644670584946,1.2311032866505587,Picard,0,0.0,0.0,,0,3.161227275594166e-14
picard,Picard,30,308,558.8536470829999,0.022379705980587715,1.0264928404334879,Picard,0,0.0,0.0,,0,3.323088645067475e-14
picard,Picard,30,309,560.582798833,0.028099834945513526,1.2888587282581843,Picard,0,0.0,0.0,,0,2.4626104390112552e-14
picard,Picard,30,310,562.317467625,0.021308501245808804,0.9773597556716599,Picard,0,0.0,0.0,,0,3.36343369099724e-14
picard,Picard,30,311,564.262233958,0.02409960233183642,1.1053795466474055,Picard,0,0.0,0.0,,0,3.185943276515478e-14
picard,Picard,30,312,566.105765,0.02607689371490562,1.196072223751024,Picard,0,0.0,0.0,,0,2.918463952879259e-14
picard,Picard,30,313,568.047396708,0.020456609375241006,0.9382859221405201,Picard,0,0.0,0.0,,0,3.909486728944193e-14
picard,Picard,30,314,569.858331333,0.028706775037090487,1.3166973271707976,Picard,0,0.0,0.0,,0,2.323026035980502e-14
picard,Picard,30,315,571.6067745,0.024620441772997083,1.1292689560002604,Picard,0,0.0,0.0,,0,2.4494106412327978e-14
picard,Picard,30,316,573.341982,0.02517187239919425,1.1545614951550702,Picard,0,0.0,0.0,,0,2.916930316118107e-14
picard,Picard,30,317,575.090457875,0.030462234010626196,1.3972151887357422,Picard,0,0.0,0.0,,0,2.9914703980441425e-14
picard,Picard,30,318,576.99864125,0.023493474425279024,1.0775782003291028,Picard,0,0.0,0.0,,0,3.1548684308847935e-14
picard,Picard,30,319,578.79432375,0.028456978119244577,1.3052398599478772,Picard,0,0.0,0.0,,0,2.2365497090107334e-14
picard,Picard,30,320,580.526101208,0.027102242532799914,1.2431020293002295,Picard,0,0.0,0.0,,0,2.991295950209648e-14
picard,Picard,30,321,582.342685167,0.022392985505455553,1.0271019341013412,Picard,0,0.0,0.0,,0,3.1131258581653036e-14
picard,Picard,30,322,584.122276417,0.02817891808858354,1.2924860449097417,Picard,0,0.0,0.0,,0,2.6554015115096003e-14
picard,Picard,30,323,585.8921423749999,0.02153442273487942,0.9877221255451611,Picard,0,0.0,0.0,,0,3.0643467873751537e-14
picard,Picard,30,324,587.657992833,0.023916681603415084,1.0969894981698136,Picard,0,0.0,0.0,,0,2.6165288776719982e-14
picard,Picard,30,325,589.40119725,0.02617568609370414,1.200603546441949,Picard,0,0.0,0.0,,0,2.1730320611635946e-14
picard,Picard,30,326,591.138760042,0.02031553214921983,0.9318151149465129,Picard,0,0.0,0.0,,0,3.196498472749082e-14
picard,Picard,30,327,593.097751292,0.028495839861670792,1.3070223364648557,Picard,0,0.0,0.0,,0,2.7317039135917816e-14
picard,Picard,30,328,594.8603382919999,0.02467189396589148,1.1316289203213519,Picard,0,0.0,0.0,,0,2.587552776397058e-14
picard,Picard,30,329,596.563157292,0.02492619543861695,1.143292998539842,Picard,0,0.0,0.0,,0,2.879736064216585e-14
picard,Picard,30,330,598.278400208,0.030505480008099037,1.3991987584404462,Picard,0,0.0,0.0,,0,2.2691628203686356e-14
picard,Picard,30,331,600.038464958,0.023559364794486348,1.0806004023322706,Picard,0,0.0,0.0,,0,3.3766750755416865e-14
picard,Picard,30,332,601.822305542,0.02838483154941607,1.3019307039895713,Picard,0,0.0,0.0,,0,2.876668317252491e-14
picard,Picard,30,333,603.482578125,0.0273575093444566,1.254810384843111,Picard,0,0.0,0.0,,0,2.9322161176115e-14
picard,Picard,30,334,605.246129042,0.022412966162493813,1.028018389456685,Picard,0,0.0,0.0,,0,3.760048138374694e-14
picard,Picard,30,335,607.027289542,0.028253693605068922,1.295915783101054,Picard,0,0.0,0.0,,0,2.4812208645456453e-14
picard,Picard,30,336,608.822859625,0.02177168284084291,0.9986045652118515,Picard,0,0.0,0.0,,0,3.4966017464597035e-14
picard,Picard,30,337,610.599170875,0.02374321434832503,1.0890330533642365,Picard,0,0.0,0.0,,0,2.7809547362628077e-14
picard,Picard,30,338,612.411149625,0.026276334761176922,1.2052200117632361,Picard,0,0.0,0.0,,0,3.045221177233348e-14
picard,Picard,30,339,614.1626327079999,0.02019138092813845,0.9261206549888328,Picard,0,0.0,0.0,,0,3.233580195509815e-14
picard,Picard,30,340,616.046490792,0.02827748282884872,1.297006926474904,Picard,0,0.0,0.0,,0,3.095117498579167e-14
picard,Picard,30,341,617.7941133329999,0.024724417315110953,1.1340380155067908,Picard,0,0.0,0.0,,0,2.8008313898449717e-14
picard,Picard,30,342,619.5909849999999,0.02467612228646229,1.131822861242504,Picard,0,0.0,0.0,,0,2.9064677614690195e-14
picard,Picard,30,343,621.369514125,0.03053511384575381,1.4005579774674333,Picard,0,0.0,0.0,,0,2.7402253611140202e-14
picard,Picard,30,344,623.280655583,0.02362432731470977,1.0835800465672618,Picard,0,0.0,0.0,,0,3.325535380636649e-14
picard,Picard,30,345,625.049820917,0.02830307124459693,1.2981805936171962,Picard,0,0.0,0.0,,0,2.6218551873593376e-14
picard,Picard,30,346,626.83622525,0.027605940837470633,1.2662052239503945,Picard,0,0.0,0.0,,0,3.025009949238402e-14
picard,Picard,30,347,628.57478125,0.022439178726746726,1.0292206844983784,Picard,0,0.0,0.0,,0,3.65973724258255e-14
picard,Picard,30,348,630.3125555419999,0.028323857112873125,1.2991339816995158,Picard,0,0.0,0.0,,0,3.509202984188244e-14
picard,Picard,30,349,632.084721542,0.022019142499338947,1.009954829060833,Picard,0,0.0,0.0,,0,4.5474119384186486e-14
picard,Picard,30,350,633.872637042,0.02357959172212456,1.0815281534127628,Picard,0,0.0,0.0,,0,3.22782262961627e-14
picard,Picard,30,351,635.590133917,0.026378601255280864,1.2099106821458134,Picard,0,0.0,0.0,,0,2.949850046595657e-14
picard,Picard,30,352,637.363717375,0.020085037624742397,0.9212429930723276,Picard,0,0.0,0.0,,0,4.181793030731996e-14
picard,Picard,30,353,639.076465,0.028052584262401866,1.286691475124395,Picard,0,0.0,0.0,,0,2.6462031087642486e-14
picard,Picard,30,354,640.9453367919999,0.024778259408643272,1.136507597706522,Picard,0,0.0,0.0,,0,3.009055912387415e-14
picard,Picard,30,355,642.78016825,0.024422400281631503,1.1201853615521533,Picard,0,0.0,0.0,,0,3.334368261439881e-14
picard,Picard,30,356,644.553653208,0.030550964988296805,1.4012850238525463,Picard,0,0.0,0.0,,0,2.6999299383378835e-14
picard,Picard,30,357,646.31717725,0.023688223740803097,1.086510792126251,Picard,0,0.0,0.0,,0,2.4248903643535242e-14
picard,Picard,30,358,648.07433825,0.028211591953167615,1.2939847012412387,Picard,0,0.0,0.0,,0,2.4242074472666987e-14
picard,Picard,30,359,649.8979117499999,0.027847059529627058,1.2772646458841743,Picard,0,0.0,0.0,,0,3.268358569663626e-14
picard,Picard,30,360,651.6424257919999,0.022471151771551755,1.0306871962393143,Picard,0,0.0,0.0,,0,2.4850900073477747e-14
picard,Picard,30,361,653.435039083,0.028389107463695894,1.3021268278974705,Picard,0,0.0,0.0,,0,2.975180962711905e-14
picard,Picard,30,362,655.1245215829999,0.022275662777111013,1.0217206774945629,Picard,0,0.0,0.0,,0,3.656517301849458e-14
picard,Picard,30,363,656.9126904579999,0.023426137353579304,1.0744896422374337,Picard,0,0.0,0.0,,0,2.715053753553356e-14
picard,Picard,30,364,658.6760631669999,0.026482229956122098,1.2146638330392712,Picard,0,0.0,0.0,,0,3.580792163397903e-14
picard,Picard,30,365,660.405433,0.019997283001032682,0.9172179405076919,Picard,0,0.0,0.0,,0,3.2513010684189337e-14
picard,Picard,30,366,662.217116125,0.02782205762517319,1.2761178803305357,Picard,0,0.0,0.0,,0,3.5089841753339025e-14
picard,Picard,30,367,663.975783792,0.024833660719458816,1.1390486967250755,Picard,0,0.0,0.0,,0,2.41954375713296e-14
picard,Picard,30,368,665.759952542,0.024165826418834305,1.1084170553272128,Picard,0,0.0,0.0,,0,2.988331699843464e-14
picard,Picard,30,369,667.516032667,0.030552894345044882,1.4013735179056075,Picard,0,0.0,0.0,,0,5.109140596692353e-14
picard,Picard,30,370,669.277188792,0.023750942817722175,1.0893875360598788,Picard,0,0.0,0.0,,0,2.824698824805817e-14
picard,Picard,30,371,670.980788417,0.0281103153968926,1.2893394364638444,Picard,0,0.0,0.0,,0,3.302480861450424e-14
picard,Picard,30,372,672.783191958,0.028080412400027344,1.2879678718768781,Picard,0,0.0,0.0,,0,3.0068716487811486e-14
picard,Picard,30,373,674.506389708,0.022508414904798872,1.0323963491443373,Picard,0,0.0,0.0,,0,2.8155289689353895e-14
picard,Picard,30,374,676.227054083,0.028449146737922416,1.3048806569777902,Picard,0,0.0,0.0,,0,2.8329989694394717e-14
picard,Picard,30,375,678.0308609169999,0.022540114154105804,1.0338503026720962,Picard,0,0.0,0.0,,0,3.92928141592655e-14
picard,Picard,30,376,679.799337292,0.023283107303007363,1.0679292645896536,Picard,0,0.0,0.0,,0,2.6741577319706583e-14
picard,Picard,30,377,681.512975667,0.02658695043112191,1.2194670604778863,Picard,0,0.0,0.0,,0,2.6367165546253368e-14
picard,Picard,30,378,683.238148292,0.019928784774777136,0.914076123591299,Picard,0,0.0,0.0,,0,3.435032953201101e-14
picard,Picard,30,379,685.034981667,0.027586843347395997,1.2653292769272804,Picard,0,0.0,0.0,,0,2.6889188069925133e-14
picard,Picard,30,380,686.782560417,0.024890851087231866,1.1416718546482276,Picard,0,0.0,0.0,,0,2.8905550945157253e-14
picard,Picard,30,381,688.564033875,0.02390724687684933,1.0965567543580945,Picard,0,0.0,0.0,,0,2.963975024043943e-14
picard,Picard,30,382,690.461958792,0.0305407981486873,1.4008187001180858,Picard,0,0.0,0.0,,0,3.042988239631571e-14
picard,Picard,30,383,692.233943667,0.023812400670316133,1.0922064312558584,Picard,0,0.0,0.0,,0,2.8604062468082615e-14
picard,Picard,30,384,694.0091763749999,0.02799919233659203,1.2842425408252451,Picard,0,0.0,0.0,,0,3.154375379865846e-14
picard,Picard,30,385,695.7147028329999,0.02830556841942002,1.2982951318546259,Picard,0,0.0,0.0,,0,6.035722075913268e-14
picard,Picard,30,386,697.486307042,0.022550501638095858,1.0343267467306176,Picard,0,0.0,0.0,,0,2.832691159378283e-14
picard,Picard,30,387,699.262412292,0.02850368013988269,1.3073819475097237,Picard,0,0.0,0.0,,0,4.066663485168333e-14
picard,Picard,30,388,701.0450909169999,0.02281138430329866,1.0462926853473344,Picard,0,0.0,0.0,,0,3.095456475526378e-14
picard,Picard,30,389,702.85473875,0.023150690781278613,1.061855699028624,Picard,0,0.0,0.0,,0,2.534573357162418e-14
picard,Picard,30,390,704.872520417,0.0266924796278311,1.2243073816587207,Picard,0,0.0,0.0,,0,2.6730677201239343e-14
picard,Picard,30,391,706.667280958,0.019880087291914497,0.9118425099080365,Picard,0,0.0,0.0,,0,3.8752543951732834e-14
picard,Picard,30,392,708.406553292,0.027347902427981068,1.2543697431747471,Picard,0,0.0,0.0,,0,2.567879719996472e-14
picard,Picard,30,393,710.195585417,0.024950046213149845,1.1443869650699674,Picard,0,0.0,0.0,,0,2.3443756958291e-14
picard,Picard,30,394,711.96781375,0.023647556406431455,1.084645498292265,Picard,0,0.0,0.0,,0,2.7865413266677813e-14
picard,Picard,30,395,713.815099667,0.030514611764061523,1.399617605860703,Picard,0,0.0,0.0,,0,3.23015668061692e-14
picard,Picard,30,396,715.594423167,0.023872541171939307,1.0949649033461448,Picard,0,0.0,0.0,,0,2.6872709076019898e-14
picard,Picard,30,397,717.285398208,0.027878204613022733,1.2786931814131082,Picard,0,0.0,0.0,,0,2.5676953568137615e-14
picard,Picard,30,398,719.061177917,0.028522116145256793,1.3082275541293606,Picard,0,0.0,0.0,,0,2.8847742233021106e-14
picard,Picard,30,399,720.874869125,0.022596952023880696,1.0364572925244215,Picard,0,0.0,0.0,,0,2.3379464621622033e-14
picard,Picard,30,400,722.652757875,0.028552415931008563,1.3096173182830022,Picard,0,0.0,0.0,,0,3.814097920208599e-14
picard,Picard,30,401,724.358976,0.02308838461273547,1.0589978940163574,Picard,0,0.0,0.0,,0,3.448249696339479e-14
picard,Picard,30,402,726.078624,0.023029011420318712,1.0562746161957128,Picard,0,0.0,0.0,,0,2.990632741038899e-14
picard,Picard,30,403,727.883838083,0.026798523922698835,1.2291713289127626,Picard,0,0.0,0.0,,0,2.6760148144402342e-14
picard,Picard,30,404,729.6595136669999,0.019851602886623913,0.9105360120425081,Picard,0,0.0,0.0,,0,5.250024279133446e-14
picard,Picard,30,405,731.408513417,0.027106209961836658,1.2432840038759758,Picard,0,0.0,0.0,,0,3.6733196655529854e-14
picard,Picard,30,406,733.234694792,0.02501144452475039,1.1472031292915765,Picard,0,0.0,0.0,,0,3.269939912623052e-14
picard,Picard,30,407,735.000418417,0.023387697378258143,1.0727265109662796,Picard,0,0.0,0.0,,0,2.6092711021214032e-14
picard,Picard,30,408,736.808220333,0.030474313596707082,1.3977692446575753,Picard,0,0.0,0.0,,0,3.2290371299622546e-14
picard,Picard,30,409,738.5358780419999,0.023931336204963554,1.0976616626558868,Picard,0,0.0,0.0,,0,3.096112827297248e-14
picard,Picard,30,410,740.353865208,0.02774736714757236,1.2726920426286323,Picard,0,0.0,0.0,,0,2.215523110111941e-14
picard,Picard,30,411,742.125529125,0.028729661380217434,1.3177470580021093,Picard,0,0.0,0.0,,0,3.1448161180720344e-14
picard,Picard,30,412,743.961083833,0.022647314806782545,1.0387672887378614,Picard,0,0.0,0.0,,0,2.2463085743132778e-14
picard,Picard,30,413,745.755533625,0.02859506544192065,1.3115735288622306,Picard,0,0.0,0.0,,0,3.9017749221187594e-14
picard,Picard,30,414,747.469842125,0.023370055358792077,1.0719173221999743,Picard,0,0.0,0.0,,0,3.427906124403286e-14
picard,Picard,30,415,749.215158292,0.022918129160776384,1.0511887653963317,Picard,0,0.0,0.0,,0,3.114542134844818e-14
picard,Picard,30,416,750.9124759169999,0.0269047810835763,1.2340450397193352,Picard,0,0.0,0.0,,0,2.189052627786397e-14
picard,Picard,30,417,752.7013768329999,0.01984360548246792,0.9101691940818387,Picard,0,0.0,0.0,,0,4.35390852178718e-14
picard,Picard,30,418,754.4381879169999,0.02686274855861713,1.2321171285138282,Picard,0,0.0,0.0,,0,2.7608564028065145e-14
picard,Picard,30,419,756.23015275,0.02507522403217455,1.1501285121269929,Picard,0,0.0,0.0,,0,4.375831289534313e-14
picard,Picard,30,420,758.0446802079999,0.023128658317678914,1.060845133198947,Picard,0,0.0,0.0,,0,2.9606184651130895e-14
picard,Picard,30,421,759.863101125,0.030419928945565392,1.3952747768984886,Picard,0,0.0,0.0,,0,2.483256093948138e-14
picard,Picard,30,422,761.592940875,0.023988785756459876,1.1002967085920685,Picard,0,0.0,0.0,,0,2.341471297478356e-14
picard,Picard,30,423,763.317177458,0.027606729889848688,1.2662414155168744,Picard,0,0.0,0.0,,0,4.2878830302530036e-14
picard,Picard,30,424,765.060822583,0.028927824875762648,1.3268362484315492,Picard,0,0.0,0.0,,0,3.071148462305042e-14
picard,Picard,30,425,766.820026583,0.02270114933134755,1.0412365237707994,Picard,0,0.0,0.0,,0,3.4675285053885915e-14
picard,Picard,30,426,768.658559083,0.028631343145921927,1.3132374829578286,Picard,0,0.0,0.0,,0,2.518512100983501e-14
picard,Picard,30,427,770.379282792,0.02365536997045635,1.0850038840340965,Picard,0,0.0,0.0,,0,3.438375522525977e-14
picard,Picard,30,428,772.111713208,0.022818042596130097,1.0465980821173773,Picard,0,0.0,0.0,,0,3.213440104596847e-14
picard,Picard,30,429,773.947920042,0.027010941975596014,1.23891433494988,Picard,0,0.0,0.0,,0,2.3350895525445345e-14
picard,Picard,30,430,775.7064425,0.01985622642419054,0.9107480804322241,Picard,0,0.0,0.0,,0,3.063653056032944e-14
picard,Picard,30,431,777.4577289169999,0.0266185018580002,1.220914233815379,Picard,0,0.0,0.0,,0,4.8347457608896174e-14
picard,Picard,30,432,779.2581467499999,0.025141539605989954,1.1531702170443763,Picard,0,0.0,0.0,,0,3.561204060950715e-14
picard,Picard,30,433,781.001264875,0.022871472074887902,1.0490487388624012,Picard,0,0.0,0.0,,0,3.5256813807149893e-14
picard,Picard,30,434,782.708937917,0.030351533568301035,1.3921376773699465,Picard,0,0.0,0.0,,0,3.255826575778271e-14
picard,Picard,30,435,784.445833667,0.02404491761268607,1.102871315630535,Picard,0,0.0,0.0,,0,2.5968915616654187e-14
picard,Picard,30,436,786.1508847079999,0.027456379690768036,1.2593452836799366,Picard,0,0.0,0.0,,0,2.523855803521787e-14
picard,Picard,30,437,787.9421663329999,0.02911624038712837,1.3354783268221808,Picard,0,0.0,0.0,,0,2.3970726076402273e-14
picard,Picard,30,438,789.686958292,0.02275802747769852,1.043845360993998,Picard,0,0.0,0.0,,0,2.7519987331857875e-14
picard,Picard,30,439,791.409311667,0.02866096684112492,1.3145962367796808,Picard,0,0.0,0.0,,0,2.899298649722718e-14
picard,Picard,30,440,793.1550280829999,0.023943337784171556,1.0982121406264909,Picard,0,0.0,0.0,,0,3.467563629513915e-14
picard,Picard,30,441,794.928380833,0.02272869171468974,1.0424998137949737,Picard,0,0.0,0.0,,0,3.317388177107102e-14
picard,Picard,30,442,796.768313625,0.027116692090903123,1.2437647890323384,Picard,0,0.0,0.0,,0,2.4002158372273475e-14
picard,Picard,30,443,798.50944375,0.01988945283904343,0.9122720806576671,Picard,0,0.0,0.0,,0,3.7543181750475323e-14
picard,Picard,30,444,800.276714083,0.026374447992905215,1.2097201839285114,Picard,0,0.0,0.0,,0,2.8886685418056244e-14
picard,Picard,30,445,802.040018292,0.02521052048030174,1.1563341716409787,Picard,0,0.0,0.0,,0,2.308693368765174e-14
picard,Picard,30,446,803.855090583,0.022617213081452762,1.037386609046961,Picard,0,0.0,0.0,,0,2.5801438845425193e-14
picard,Picard,30,447,805.6491337919999,0.03026925710426095,1.3883638922564787,Picard,0,0.0,0.0,,0,2.8115093237677534e-14
picard,Picard,30,448,807.538013792,0.024099786943933818,1.1053880142741204,Picard,0,0.0,0.0,,0,2.5345977319483125e-14
picard,Picard,30,449,809.458686542,0.02729644210999977,1.2520094061792544,Picard,0,0.0,0.0,,0,2.7475147992504404e-14
picard,Picard,30,450,811.2245495,0.02929455264881855,1.3436569981659974,Picard,0,0.0,0.0,,0,2.9953163103028585e-14
picard,Picard,30,451,813.038906792,0.02281753467353074,1.0465747851664617,Picard,0,0.0,0.0,,0,2.6537101929021443e-14
picard,Picard,30,452,814.84003875,0.02868365797958269,1.3156370141334313,Picard,0,0.0,0.0,,0,2.4407021012634396e-14
picard,Picard,30,453,816.707098458,0.024233006394909565,1.111498407893755,Picard,0,0.0,0.0,,0,2.967254369919142e-14
picard,Picard,30,454,818.444249875,0.022649961149598538,1.038888668882726,Picard,0,0.0,0.0,,0,2.836098497071004e-14
picard,Picard,30,455,820.293279333,0.0272217129628135,1.2485817948145232,Picard,0,0.0,0.0,,0,3.505126248586201e-14
picard,Picard,30,456,822.133336292,0.01994312861691321,0.914734034435604,Picard,0,0.0,0.0,,0,2.912812709240909e-14
picard,Picard,30,457,824.026352375,0.02613155316252274,1.198579295635243,Picard,0,0.0,0.0,,0,1.436336216439923e-13
picard,Picard,30,458,825.958160833,0.025282268359254914,1.1596250407938444,Picard,0,0.0,0.0,,0,2.7341249547426443e-14
picard,Picard,30,459,827.734391083,0.02236699402151144,1.0259097793784857,Picard,0,0.0,0.0,,0,4.6076827620869196e-14
picard,Picard,30,460,829.477952542,0.030173286205713024,1.383961982761561,Picard,0,0.0,0.0,,0,3.001531145315272e-14
picard,Picard,30,461,831.160037083,0.02415347577819702,1.1078505669113268,Picard,0,0.0,0.0,,0,2.422749384499544e-14
picard,Picard,30,462,833.066845417,0.027127083180151706,1.2442413984537146,Picard,0,0.0,0.0,,0,2.911360235757107e-14
picard,Picard,30,463,834.777341333,0.029462416257804137,1.3513564198180288,Picard,0,0.0,0.0,,0,3.207663321647741e-14
picard,Picard,30,464,836.4527117079999,0.022879271468499367,1.0494064746480651,Picard,0,0.0,0.0,,0,2.6032817610308053e-14
picard,Picard,30,465,838.210017333,0.02869914227659648,1.3163472343676732,Picard,0,0.0,0.0,,0,2.8416275455480384e-14
picard,Picard,30,466,839.935656583,0.02452346287019748,1.1248208122452337,Picard,0,0.0,0.0,,0,3.2592288945632705e-14
picard,Picard,30,467,841.7129219579999,0.022581683499795065,1.03575696917471,Picard,0,0.0,0.0,,0,3.294719290891665e-14
picard,Picard,30,468,843.4478239169999,0.027325683367948606,1.2533506187025907,Picard,0,0.0,0.0,,0,3.5248014246129297e-14
picard,Picard,30,469,845.1480178749999,0.02001695765765198,0.9181203605026291,Picard,0,0.0,0.0,,0,3.057573726041627e-14
picard,Picard,30,470,846.9167685,0.025890765342890875,1.1875350498739228,Picard,0,0.0,0.0,,0,3.706740753014393e-14
picard,Picard,30,471,848.74684125,0.025356855566815713,1.1630461417955957,Picard,0,0.0,0.0,,0,2.3277291309474208e-14
picard,Picard,30,472,850.459940792,0.022121961347251518,1.0146708343262918,Picard,0,0.0,0.0,,0,3.630300476426076e-14
picard,Picard,30,473,852.216984542,0.030063867060854337,1.378943240830759,Picard,0,0.0,0.0,,0,4.536588393014996e-14
picard,Picard,30,474,853.992827917,0.024206091873674188,1.1102639161012458,Picard,0,0.0,0.0,,0,2.2604031925981013e-14
picard,Picard,30,475,855.902061625,0.02694851099806543,1.2360508053078016,Picard,0,0.0,0.0,,0,2.7302566393128532e-14
picard,Picard,30,476,857.763836333,0.02961949437185469,1.358561141792551,Picard,0,0.0,0.0,,0,3.912551164725893e-14
picard,Picard,30,477,859.502691958,0.022942854517205576,1.0523228464863041,Picard,0,0.0,0.0,,0,2.778952666844397e-14
picard,Picard,30,478,861.229043917,0.028707150373573676,1.3167145427773423,Picard,0,0.0,0.0,,0,2.0705031375068893e-14
picard,Picard,30,479,863.062602375,0.024813834366346897,1.1381393188476832,Picard,0,0.0,0.0,,0,3.370932158729312e-14
picard,Picard,30,480,864.806769125,0.022523643076865794,1.0330948216628388,Picard,0,0.0,0.0,,0,3.829968037320183e-14
picard,Picard,30,481,866.535049333,0.02742828036963527,1.2580564485187935,Picard,0,0.0,0.0,,0,3.003785223336907e-14
picard,Picard,30,482,868.257561667,0.020110509949338048,0.9224113354468573,Picard,0,0.0,0.0,,0,2.854818083774459e-14
picard,Picard,30,483,869.975821917,0.025653008087985957,1.176629807413065,Picard,0,0.0,0.0,,0,4.9617791359742056e-14
picard,Picard,30,484,871.705061958,0.02543432401386047,1.1665993969777648,Picard,0,0.0,0.0,,0,2.4382606460177232e-14
picard,Picard,30,485,873.453406583,0.02188328989742234,1.00372366036976,Picard,0,0.0,0.0,,0,5.043805971394587e-14
picard,Picard,30,486,875.1284953329999,0.029941307510076638,1.3733217862187468,Picard,0,0.0,0.0,,0,4.2793735361955784e-14
picard,Picard,30,487,877.093281083,0.02425776765391877,1.1126341357319633,Picard,0,0.0,0.0,,0,2.3011868713393273e-14
picard,Picard,30,488,878.87098325,0.026760977284601445,1.227449172454463,Picard,0,0.0,0.0,,0,3.08775088976955e-14
picard,Picard,30,489,880.677132792,0.029765458319197725,1.365256088859282,Picard,0,0.0,0.0,,0,4.469665045892825e-14
picard,Picard,30,490,882.425361875,0.02300791769297243,1.0553071075019973,Picard,0,0.0,0.0,,0,3.0885642590681795e-14
picard,Picard,30,491,884.2177608329999,0.028707418887332917,1.3167268587323266,Picard,0,0.0,0.0,,0,2.275525911923375e-14
picard,Picard,30,492,885.989020417,0.025103288428836742,1.1514157454029712,Picard,0,0.0,0.0,,0,2.875572259796661e-14
picard,Picard,30,493,887.804935542,0.022475579897291365,1.0308903016497335,Picard,0,0.0,0.0,,0,2.9900906125333916e-14
picard,Picard,30,494,889.661950458,0.027529180259369554,1.2626844366837235,Picard,0,0.0,0.0,,0,2.4232324004755808e-14
picard,Picard,30,495,891.359078792,0.020223229494679546,0.9275814572692945,Picard,0,0.0,0.0,,0,2.86257753061994e-14
picard,Picard,30,496,893.104652417,0.025419174522360376,1.1659045333108988,Picard,0,0.0,0.0,,0,3.1535937361867615e-14
picard,Picard,30,497,894.904463125,0.025514684327260784,1.1702852937644324,Picard,0,0.0,0.0,,0,2.9571827845760533e-14
picard,Picard,30,498,896.822412208,0.021652176047146657,0.9931231317998677,Picard,0,0.0,0.0,,0,3.1256213774562585e-14
picard,Picard,30,499,898.534009708,0.02980597854204924,1.3671146351103332,Picard,0,0.0,0.0,,0,3.9941565665115344e-14
picard,Picard,30,500,900.229297125,0.024308658740678217,1.1149683637261008,Picard,0,0.0,0.0,,0,2.844595997397779e-14
aa_pure,AA_pure,30,0,1.7294158339998376,1.0,45.86712807236492,initial,0,0.0,0.0,,0,1.3983882637437574e-14
aa_pure,AA_pure,30,1,3.473701083999913,0.5628608482962506,25.81681061572409,AA,1,100.0,0.0,,1,2.3955646881308396e-14
aa_pure,AA_pure,30,2,5.251789374999817,0.3043727579863665,13.960704272299603,AA,2,100.0,0.0,,2,1.0830177825118283e-14
aa_pure,AA_pure,30,3,7.017366124999853,0.2806909369442249,12.87448715357287,AA,3,100.0,0.0,,3,8.3380143021664e-15
aa_pure,AA_pure,30,4,8.759769958999868,0.24319113388442312,11.15447888394048,AA,4,100.0,0.0,,4,8.598865962967029e-15
aa_pure,AA_pure,30,5,10.479349291999824,0.1199666461347145,5.502525522673032,AA,5,100.0,0.0,,5,9.09627857297249e-14
aa_pure,AA_pure,30,6,12.21063270899981,0.08990345072419702,4.123613088514293,AA,6,100.0,0.0,,6,3.248447731801092e-14
aa_pure,AA_pure,30,7,13.902016999999887,0.07235090033619147,3.3185280118710043,AA,7,100.0,0.0,,7,2.802190738843619e-14
aa_pure,AA_pure,30,8,16.01046899999983,0.06190079850060873,2.839211852609075,AA,8,100.0,0.0,,8,4.236230344155809e-14
aa_pure,AA_pure,30,9,17.821771249999983,0.0498670815260246,2.287259814949233,AA,9,100.0,0.0,,9,5.4182897919232525e-14
aa_pure,AA_pure,30,10,19.544606999999814,0.03494487096648866,1.6028208720922021,AA,10,100.0,0.0,,10,4.0362896038612407e-14
aa_pure,AA_pure,30,11,21.277286624999988,0.01423796305130811,0.6530544747639487,AA,11,100.0,0.0,,11,3.056189858866859e-14
aa_pure,AA_pure,30,12,22.98922254199988,0.017250022213491718,0.7912089781173645,AA,12,100.0,0.0,,12,3.4156254316372813e-14
aa_pure,AA_pure,30,13,24.752477999999883,0.008585759073953493,0.39380411104349405,AA,13,100.0,0.0,,13,2.2590241621318274e-14
aa_pure,AA_pure,30,14,26.494601958999965,0.007183148383095193,0.3294703868502282,AA,14,100.0,0.0,,14,2.9432108839197564e-14
aa_pure,AA_pure,30,15,28.297055208999836,0.006009559447502661,0.27564123283709513,AA,15,100.0,0.0,,15,2.7211786446300205e-14
aa_pure,AA_pure,30,16,30.095705958999815,0.0019884740093716316,0.09120559205641758,AA,16,100.0,0.0,,16,2.5270723968839402e-14
aa_pure,AA_pure,30,17,31.897795499999802,0.0013683085277140516,0.0627603824831695,AA,17,100.0,0.0,,17,2.8359935619652596e-14
aa_pure,AA_pure,30,18,33.72161558399989,0.0008593414785157002,0.03941552565297505,AA,18,100.0,0.0,,18,3.146556242503063e-14
aa_pure,AA_pure,30,19,35.453423708999935,0.0008377293202565217,0.03842423802218109,AA,19,100.0,0.0,,19,4.211794915328476e-14
aa_pure,AA_pure,30,20,37.203326124999876,0.0005019329039745588,0.02302222079033513,AA,20,100.0,0.0,,20,3.708874912034601e-14
aa_pure,AA_pure,30,21,39.019361624999874,0.000372381310995287,0.01708006128317598,AA,21,100.0,0.0,,21,4.996183036133075e-14
aa_pure,AA_pure,30,22,41.06433458399988,0.0002786901069428418,0.0127827148276484,AA,22,100.0,0.0,,22,3.423669134324627e-14
aa_pure,AA_pure,30,23,42.972198083999956,0.00015560579258909918,0.007137190817486065,AA,23,100.0,0.0,,23,2.5498482650732822e-14
aa_pure,AA_pure,30,24,44.96047458399994,0.0001040665394802073,0.004773233294386488,AA,24,100.0,0.0,,24,2.3911717503309675e-14
aa_pure,AA_pure,30,25,46.833265125000025,4.659689559494255e-05,0.0021372657780278467,AA,25,100.0,0.0,,25,2.795367155625616e-14
aa_pure,AA_pure,30,26,48.679586499999914,3.183567919354246e-05,0.0014602111748409352,AA,26,100.0,0.0,,26,2.0702297919917415e-14
aa_pure,AA_pure,30,27,50.646136583999805,2.8120418412796186e-05,0.0012898028327882113,AA,27,100.0,0.0,,27,2.3393086249975492e-14
aa_pure,AA_pure,30,28,52.51437254199982,1.061816919860285e-05,0.00048702492652635734,AA,28,100.0,0.0,,28,2.214969677473814e-14
aa_pure,AA_pure,30,29,54.338945249999824,6.583949180830701e-06,0.00030198684029910386,AA,29,100.0,0.0,,29,2.8385168419614416e-14
aa_pure,AA_pure,30,30,56.23203083399994,4.228463114011282e-06,0.00019394745919962644,AA,30,100.0,0.0,,30,3.667495798980381e-14
aa_pure,AA_pure,30,31,58.03182449999986,3.1125164380677766e-06,0.00014276219009219578,AA,31,100.0,0.0,,30,3.8435488325613777e-14
aa_pure,AA_pure,30,32,59.93676704199993,1.5165055476698162e-06,6.955775417742336e-05,AA,32,100.0,0.0,,30,2.891598775484189e-14
aa_pure,AA_pure,30,33,61.77281320899988,1.047707249069167e-06,4.805532257540062e-05,AA,33,100.0,0.0,,30,3.3771153695777904e-14
aa_pure,AA_pure,30,34,63.53151991699997,9.172807850007324e-07,4.207303524394803e-05,AA,34,100.0,0.0,,30,2.4832265977244757e-14
aa_pure,AA_pure,30,35,65.43407749999983,9.313491072763266e-07,4.271830878352601e-05,AA,35,100.0,0.0,,30,4.258773896367089e-14
aa_pure,AA_pure,30,36,67.43480791699994,3.885073831121192e-07,1.7819717898262917e-05,AA,36,100.0,0.0,,30,3.020934870350588e-14
aa_pure,AA_pure,30,37,69.31395462499995,1.2753309197839738e-07,5.849576663237848e-06,AA,37,100.0,0.0,,30,3.0984518261559466e-14
aa_pure,AA_pure,30,38,71.21051604199988,6.793180723887912e-08,3.115836902812875e-06,AA,38,100.0,0.0,,30,2.3140886852481014e-14
aa_pure,AA_pure,30,39,73.03196754199985,2.998827385545399e-08,1.3754759975972608e-06,AA,39,100.0,0.0,,30,4.5151856522169004e-14
aa_pure,AA_pure,30,40,74.97124204199986,1.4939105424894705e-08,6.852138618102069e-07,AA,40,100.0,0.0,,30,3.003878933730702e-14
aa_pure,AA_pure,30,41,76.93182045899994,7.673629691314298e-09,3.51967355831415e-07,AA,41,100.0,0.0,,30,3.289241048120634e-14
aa_pure,AA_pure,30,42,78.91276425000001,4.5508379421829655e-09,2.0873386673068372e-07,AA,42,100.0,0.0,,30,3.510696393050196e-14
aa_pure,AA_pure,30,43,80.79778966699996,2.526420321620757e-09,1.1587964445640463e-07,AA,43,100.0,0.0,,30,2.9067354341484576e-14
aa_pure,AA_pure,30,44,82.70931874999997,1.1128573123367334e-09,5.1043568871216755e-08,AA,44,100.0,0.0,,30,3.5475345950865555e-14
aa_pure,AA_pure,30,45,84.61157829199988,5.485935391416543e-10,2.51624101194822e-08,AA,45,100.0,0.0,,30,3.4690136192133645e-14
aa_pure,AA_pure,30,46,86.49079812499986,2.537362088210454e-10,1.1638151186591219e-08,AA,46,100.0,0.0,,30,2.382193788334397e-14
aa_pure,AA_pure,30,47,88.41185941699996,1.9869442640890978e-10,9.113542703362552e-09,AA,47,100.0,0.0,,30,3.618338825394084e-14
aa_pure,AA_pure,30,48,90.32754049999994,8.761167100488248e-11,4.018495734614845e-09,AA,48,100.0,0.0,,30,2.684073614182275e-14
global_eta0,GlobalAndersonSolver,30,0,1.7378347500000473,1.0,45.86712807236492,initial,0,0.0,0.0,,0,1.3983882637437574e-14
global_eta0,GlobalAndersonSolver,30,1,5.302928875000134,0.5575466077430563,25.57306166366337,KM,0,0.0,0.0,,0,1.636539277325388e-14
global_eta0,GlobalAndersonSolver,30,2,7.061721458999955,0.23073209264357264,10.583018443687514,AA,1,50.0,0.0,,0,3.123501869137039e-14
global_eta0,GlobalAndersonSolver,30,3,8.870466292000174,0.11883639628322247,5.450684207980876,AA,2,66.66666666666667,0.0,,1,1.882829400141589e-14
global_eta0,GlobalAndersonSolver,30,4,10.717939291999983,0.09171024874962452,4.2064857249474725,AA,3,75.0,0.0,,2,1.9870077396839565e-14
global_eta0,GlobalAndersonSolver,30,5,12.572073292000141,0.07350029009253523,3.3712472190302876,AA,4,80.0,0.0,,3,3.2684836300129187e-14
global_eta0,GlobalAndersonSolver,30,6,14.4207684590001,0.06729339347075779,3.0865546967472928,AA,5,83.33333333333333,0.0,,4,4.5661083226796783e-14
global_eta0,GlobalAndersonSolver,30,7,16.267050791999964,0.05262061107808693,2.4135563075647175,AA,6,85.71428571428571,0.0,,5,4.674299752509235e-14
global_eta0,GlobalAndersonSolver,30,8,17.98832712500007,0.05573280703067564,2.5563037979083996,AA,7,87.5,0.0,,6,5.085872585494933e-14
global_eta0,GlobalAndersonSolver,30,9,19.8218206250001,0.03381037200279736,1.5507846628266075,AA,8,88.88888888888889,0.0,,7,4.142107470863859e-14
global_eta0,GlobalAndersonSolver,30,10,21.597099292000166,0.030491195896441902,1.3985435872616685,AA,9,90.0,0.0,,8,4.379419399331642e-14
global_eta0,GlobalAndersonSolver,30,11,23.402124125,0.01977372316561012,0.9069638929045285,AA,10,90.9090909090909,0.0,,9,3.060757286127015e-14
global_eta0,GlobalAndersonSolver,30,12,25.160457083999972,0.022348495262000723,1.0250612944068278,AA,11,91.66666666666667,0.0,,10,5.551181115097849e-14
global_eta0,GlobalAndersonSolver,30,13,26.921603541999957,0.013336146327768975,0.6116907316075787,AA,12,92.3076923076923,0.0,,11,3.3851191442063826e-14
global_eta0,GlobalAndersonSolver,30,14,28.683580542000072,0.005216800969949059,0.23927967821669105,AA,13,92.85714285714286,0.0,,12,2.7725381715673373e-14
global_eta0,GlobalAndersonSolver,30,15,30.475158375000092,0.006924851200327461,0.3176230368874896,AA,14,93.33333333333333,0.0,,13,2.0165042716128934e-14
global_eta0,GlobalAndersonSolver,30,16,32.19736104200001,0.00376126569620892,0.17251845540220734,AA,15,93.75,0.0,,14,1.6256211991630683e-14
global_eta0,GlobalAndersonSolver,30,17,33.97251158400013,0.001216040812718989,0.05577629969820459,AA,16,94.11764705882354,0.0,,15,3.667664153044516e-14
global_eta0,GlobalAndersonSolver,30,18,35.730420459000015,0.0008910647145853916,0.04087057938465345,AA,17,94.44444444444444,0.0,,16,4.7695675425192914e-14
global_eta0,GlobalAndersonSolver,30,19,37.499801209,0.0006147319708432597,0.02819599003684509,AA,18,94.73684210526316,0.0,,17,3.2670558777713046e-14
global_eta0,GlobalAndersonSolver,30,20,39.29643383400003,0.00042746580350197684,0.01960662875578155,AA,19,95.0,0.0,,18,2.562259864086267e-14
global_eta0,GlobalAndersonSolver,30,21,41.15802974999997,0.00023744071072694803,0.010890723488506277,AA,20,95.23809523809524,0.0,,19,2.9511368283069747e-14
global_eta0,GlobalAndersonSolver,30,22,42.98050516700005,0.00017192950476239104,0.007885912614354864,AA,21,95.45454545454545,0.0,,20,4.363143462051679e-14
global_eta0,GlobalAndersonSolver,30,23,44.767134166999995,0.00020520729764881708,0.009412269402642202,AA,22,95.65217391304348,0.0,,21,2.7637906056486332e-14
global_eta0,GlobalAndersonSolver,30,24,46.556201999999985,9.806186272045541e-05,0.004497816016413796,AA,23,95.83333333333333,0.0,,22,2.2260272980169683e-14
global_eta0,GlobalAndersonSolver,30,25,48.38621987500005,5.829086064014384e-05,0.002673634370429853,AA,24,96.0,0.0,,23,2.3625201812674583e-14
global_eta0,GlobalAndersonSolver,30,26,50.14418679200003,5.0430739902349726e-05,0.002313113205885199,AA,25,96.15384615384616,0.0,,24,2.4031911944716015e-14
global_eta0,GlobalAndersonSolver,30,27,51.989208625000174,1.4506279765906833e-05,0.0006653613918764045,AA,26,96.29629629629629,0.0,,25,3.3386369547743854e-14
global_eta0,GlobalAndersonSolver,30,28,53.815275749999955,6.921578609319777e-06,0.0003174729325366117,AA,27,96.42857142857143,0.0,,26,3.050758147760693e-14
global_eta0,GlobalAndersonSolver,30,29,55.66474233400004,8.393961967149647e-06,0.000385006928581813,AA,28,96.55172413793103,0.0,,27,2.6304422802461392e-14
global_eta0,GlobalAndersonSolver,30,30,57.55165224999996,1.986104867174797e-06,9.109692630785373e-05,AA,29,96.66666666666667,0.0,,28,3.011015787919356e-14
global_eta0,GlobalAndersonSolver,30,31,59.43642812500002,1.2768150348448577e-06,5.8563838727950165e-05,AA,30,96.7741935483871,0.0,,29,2.759064984516976e-14
global_eta0,GlobalAndersonSolver,30,32,61.312367084000016,5.986986168414858e-07,2.746058613541616e-05,AA,31,96.875,0.0,,30,3.1546713382092504e-14
global_eta0,GlobalAndersonSolver,30,33,63.03323212500004,5.874114795248763e-07,2.6942877562544863e-05,AA,32,96.96969696969697,0.0,,30,3.3548629628793657e-14
global_eta0,GlobalAndersonSolver,30,34,65.04869937500007,2.174572613370841e-07,9.974140056013765e-06,AA,33,97.05882352941177,0.0,,30,3.229089745494422e-14
global_eta0,GlobalAndersonSolver,30,35,66.97214633400017,1.4698013126636032e-07,6.741556504887157e-06,AA,34,97.14285714285714,0.0,,30,2.9607860653207406e-14
global_eta0,GlobalAndersonSolver,30,36,68.73812483400002,9.466001493454383e-08,4.341783028334698e-06,AA,35,97.22222222222223,0.0,,30,2.515546832028144e-14
global_eta0,GlobalAndersonSolver,30,37,70.6006641670001,5.467229919854752e-08,2.5076613493504332e-06,AA,36,97.29729729729729,0.0,,30,2.6214440918585586e-14
global_eta0,GlobalAndersonSolver,30,38,72.51418791700007,3.605367770898754e-08,1.6536786529578998e-06,AA,37,97.36842105263158,0.0,,30,3.2078855368251654e-14
global_eta0,GlobalAndersonSolver,30,39,74.518309542,2.4802760583721053e-08,1.137631396241738e-06,AA,38,97.43589743589743,0.0,,30,3.1074938730489434e-14
global_eta0,GlobalAndersonSolver,30,40,76.49832404200015,1.4684274260074332e-08,6.73525488136561e-07,AA,39,97.5,0.0,,30,4.846805830972399e-14
global_eta0,GlobalAndersonSolver,30,41,78.61013341700004,6.9274585208783475e-09,3.177426271931228e-07,AA,40,97.5609756097561,0.0,,30,4.095986019759245e-14
global_eta0,GlobalAndersonSolver,30,42,80.59175045899997,2.6226390341897178e-09,1.2029292046876323e-07,AA,41,97.61904761904762,0.0,,30,3.130851123150277e-14
global_eta0,GlobalAndersonSolver,30,43,82.38686712499998,1.2449655614103365e-09,5.7102994850891596e-08,AA,42,97.67441860465117,0.0,,30,3.294062123166188e-14
global_eta0,GlobalAndersonSolver,30,44,84.15349783400006,5.146304159742946e-10,2.3604619199427402e-08,AA,43,97.72727272727273,0.0,,30,3.0283093391448334e-14
global_eta0,GlobalAndersonSolver,30,45,85.98080633400014,3.0385829083442724e-10,1.3937107141552583e-08,AA,44,97.77777777777777,0.0,,30,3.236501544581374e-14
global_eta0,GlobalAndersonSolver,30,46,87.77173225000001,1.1048494037033636e-10,5.067626910033819e-09,AA,45,97.82608695652173,0.0,,30,3.186126490166407e-14
global_eta0,GlobalAndersonSolver,30,47,89.6269514170001,5.6512413686980056e-11,2.5920621162591826e-09,AA,46,97.87234042553192,0.0,,30,2.7908355136215078e-14
global_eta1e10,GlobalAndersonSolver eta=1e-10,30,0,1.7502947499999664,1.0,45.86712807236492,initial,0,0.0,1e-10,,0,1.3983882637437574e-14
global_eta1e10,GlobalAndersonSolver eta=1e-10,30,1,5.160175791000029,0.5575466077430563,25.57306166366337,KM,0,0.0,1e-10,,0,1.636539277325388e-14
global_eta1e10,GlobalAndersonSolver eta=1e-10,30,2,6.966265791000069,0.23073209264357264,10.583018443687514,AA,1,50.0,1e-10,,0,3.123501869137039e-14
global_eta1e10,GlobalAndersonSolver eta=1e-10,30,3,8.690388457999916,0.11883639628322247,5.450684207980876,AA,2,66.66666666666667,1e-10,,1,1.882829400141589e-14
global_eta1e10,GlobalAndersonSolver eta=1e-10,30,4,10.358200874999966,0.09171024878195427,4.206485726430346,AA,3,75.0,1e-10,,2,1.9869584373715884e-14
global_eta1e10,GlobalAndersonSolver eta=1e-10,30,5,12.137336833000063,0.07350029008578722,3.371247218720776,AA,4,80.0,1e-10,,3,2.6682940587894816e-14
global_eta1e10,GlobalAndersonSolver eta=1e-10,30,6,13.923135124999817,0.06729339343738602,3.086554695216626,AA,5,83.33333333333333,1e-10,,4,4.354534697496905e-14
global_eta1e10,GlobalAndersonSolver eta=1e-10,30,7,15.767512208000198,0.0526206110805486,2.413556307677627,AA,6,85.71428571428571,1e-10,,5,4.249748779740096e-14
global_eta1e10,GlobalAndersonSolver eta=1e-10,30,8,17.499620207999897,0.05573280693818852,2.5563037936662814,AA,7,87.5,1e-10,,6,5.15559406599432e-14
global_eta1e10,GlobalAndersonSolver eta=1e-10,30,9,19.241754833000186,0.033810371967478485,1.5507846612066323,AA,8,88.88888888888889,1e-10,,7,3.763352361351707e-14
global_eta1e10,GlobalAndersonSolver eta=1e-10,30,10,21.016263207999828,0.030491195845058803,1.3985435849048733,AA,9,90.0,1e-10,,8,4.396686911492817e-14
global_eta1e10,GlobalAndersonSolver eta=1e-10,30,11,22.875411332999875,0.019773723048183964,0.906963887518528,AA,10,90.9090909090909,1e-10,,9,2.8372481358226875e-14
global_eta1e10,GlobalAndersonSolver eta=1e-10,30,12,24.709963874999858,0.022348494848353297,1.0250612754340083,AA,11,91.66666666666667,1e-10,,10,5.4936515712681725e-14
global_eta1e10,GlobalAndersonSolver eta=1e-10,30,13,26.39050116600015,0.013336146065305686,0.6116907195691415,AA,12,92.3076923076923,1e-10,,11,3.0654467055656735e-14
global_eta1e10,GlobalAndersonSolver eta=1e-10,30,14,28.152413874999866,0.005216800912697789,0.23927967559073968,AA,13,92.85714285714286,1e-10,,12,3.301868713218759e-14
global_eta1e10,GlobalAndersonSolver eta=1e-10,30,15,29.97151749999989,0.006924851049868342,0.31762302998636194,AA,14,93.33333333333333,1e-10,,13,2.214337514107369e-14
global_eta1e10,GlobalAndersonSolver eta=1e-10,30,16,31.73069629099996,0.0037612655484455617,0.17251844862472646,AA,15,93.75,1e-10,,14,1.5822378797022e-14
global_eta1e10,GlobalAndersonSolver eta=1e-10,30,17,33.46652525000013,0.0012160407836129571,0.0557762983631945,AA,16,94.11764705882354,1e-10,,15,3.833790142569535e-14
global_eta1e10,GlobalAndersonSolver eta=1e-10,30,18,35.272507583000106,0.0008910647204006893,0.04087057965138446,AA,17,94.44444444444444,1e-10,,16,6.283343954877803e-14
global_eta1e10,GlobalAndersonSolver eta=1e-10,30,19,37.02746124999999,0.0006147319721691557,0.02819599009766013,AA,18,94.73684210526316,1e-10,,17,2.6518850101442507e-14
global_eta1e10,GlobalAndersonSolver eta=1e-10,30,20,38.802521458,0.0004274657928123866,0.019606628265480746,AA,19,95.0,1e-10,,18,3.2682976444948625e-14
global_eta1e10,GlobalAndersonSolver eta=1e-10,30,21,40.5314317079999,0.0002374407199982117,0.010890723913752514,AA,20,95.23809523809524,1e-10,,19,2.725355037657888e-14
global_eta1e10,GlobalAndersonSolver eta=1e-10,30,22,42.28914129100008,0.00017192951423385317,0.007885913048783631,AA,21,95.45454545454545,1e-10,,20,4.819243695036882e-14
global_eta1e10,GlobalAndersonSolver eta=1e-10,30,23,44.02521275000004,0.0002052073119604679,0.009412270059076524,AA,22,95.65217391304348,1e-10,,21,3.208636481873045e-14
global_eta1e10,GlobalAndersonSolver eta=1e-10,30,24,45.801755207999804,9.806186961037962e-05,0.004497816332434831,AA,23,95.83333333333333,1e-10,,22,1.9838593417797252e-14
global_eta1e10,GlobalAndersonSolver eta=1e-10,30,25,47.554436332999785,5.829085212551741e-05,0.002673633979888392,AA,24,96.0,1e-10,,23,2.402397948828825e-14
global_eta1e10,GlobalAndersonSolver eta=1e-10,30,26,49.31406495799979,5.043075354507068e-05,0.002313113831637628,AA,25,96.15384615384616,1e-10,,24,2.2681675058419743e-14
global_eta1e10,GlobalAndersonSolver eta=1e-10,30,27,51.08614954100017,1.4506283894240113e-05,0.0006653615812311958,AA,26,96.29629629629629,1e-10,,25,3.648136035456225e-14
global_eta1e10,GlobalAndersonSolver eta=1e-10,30,28,52.82933312499995,6.921572783214747e-06,0.00031747266530990614,AA,27,96.42857142857143,1e-10,,26,2.9230531875311394e-14
global_eta1e10,GlobalAndersonSolver eta=1e-10,30,29,54.57630720800012,8.393945492477067e-06,0.0003850061729358959,AA,28,96.55172413793103,1e-10,,27,3.145587945096031e-14
global_eta1e10,GlobalAndersonSolver eta=1e-10,30,30,56.350952458000165,1.9861048771723036e-06,9.109692676641065e-05,AA,29,96.66666666666667,1e-10,,28,3.6288646495076646e-14
global_eta1e10,GlobalAndersonSolver eta=1e-10,30,31,58.04859724999983,1.2768267301872e-06,5.856437515971523e-05,AA,30,96.7741935483871,1e-10,,29,3.174818304288939e-14
global_eta1e10,GlobalAndersonSolver eta=1e-10,30,32,59.80139958299992,5.987012252771878e-07,2.7460705776870576e-05,AA,31,96.875,1e-10,,30,2.994512175737312e-14
global_eta1e10,GlobalAndersonSolver eta=1e-10,30,33,61.52364595799986,5.874086035301343e-07,2.6942745648925695e-05,AA,32,96.96969696969697,1e-10,,30,2.780224660201214e-14
global_eta1e10,GlobalAndersonSolver eta=1e-10,30,34,63.22131608299992,2.1746910704810924e-07,9.974683384758463e-06,AA,33,97.05882352941177,1e-10,,30,3.2706440383432934e-14
global_eta1e10,GlobalAndersonSolver eta=1e-10,30,35,64.99603754099985,1.4697368330275524e-07,6.741260755314676e-06,AA,34,97.14285714285714,1e-10,,30,3.0630785119550976e-14
global_eta1e10,GlobalAndersonSolver eta=1e-10,30,36,66.77114287500012,9.466553170404001e-08,4.342036066707725e-06,AA,35,97.22222222222223,1e-10,,30,3.2912630356123665e-14
global_eta1e10,GlobalAndersonSolver eta=1e-10,30,37,68.44922849999989,5.465681260005129e-08,2.5069510235538014e-06,AA,36,97.29729729729729,1e-10,,30,2.907260547000126e-14
global_eta1e10,GlobalAndersonSolver eta=1e-10,30,38,70.19218904100012,3.604732206695926e-08,1.6533871379110065e-06,AA,37,97.36842105263158,1e-10,,30,3.620392117102029e-14
global_eta1e10,GlobalAndersonSolver eta=1e-10,30,39,71.95394129100009,2.4813520750413433e-08,1.1381249341854974e-06,AA,38,97.43589743589743,1e-10,,30,4.5445901719612314e-14
global_eta1e10,GlobalAndersonSolver eta=1e-10,30,40,73.67986745799976,1.4691807783211443e-08,6.73871029207127e-07,AA,39,97.5,1e-10,,30,3.703492003881708e-14
global_eta1e10,GlobalAndersonSolver eta=1e-10,30,41,75.42308333300002,6.943499197090165e-09,3.184783669432976e-07,AA,40,97.5609756097561,1e-10,,30,2.7892120650399034e-14
global_eta1e10,GlobalAndersonSolver eta=1e-10,30,42,77.18870045800008,2.6232729655609948e-09,1.2032199708015867e-07,AA,41,97.61904761904762,1e-10,,30,2.9235723651585404e-14
global_eta1e10,GlobalAndersonSolver eta=1e-10,30,43,79.00459479100005,1.2270788270469543e-09,5.628258171504998e-08,AA,42,97.67441860465117,1e-10,,30,3.07445428830332e-14
global_eta1e10,GlobalAndersonSolver eta=1e-10,30,44,80.78728387500018,4.997165052888266e-10,2.2920560947957233e-08,AA,43,97.72727272727273,1e-10,,30,2.9275141767018275e-14
global_eta1e10,GlobalAndersonSolver eta=1e-10,30,45,82.47832320800012,3.223055088178138e-10,1.4783228051375406e-08,AA,44,97.77777777777777,1e-10,,30,2.927739792995262e-14
global_eta1e10,GlobalAndersonSolver eta=1e-10,30,46,84.2587665829999,1.1354123168623683e-10,5.2078102152466825e-09,AA,45,97.82608695652173,1e-10,,30,2.5051957292469527e-14
global_eta1e10,GlobalAndersonSolver eta=1e-10,30,47,86.0227440000001,5.91187959012212e-11,2.711609383085315e-09,AA,46,97.87234042553192,1e-10,,30,3.0774536938862776e-14
faa02,FAA cs=0.2,30,0,1.7877348340002754,1.0,45.86712807236492,initial,0,0.0,0.0,0.2,0,1.3983882637437574e-14
faa02,FAA cs=0.2,30,1,3.4753096250001363,0.5628608482962506,25.81681061572409,AA,1,100.0,0.0,0.2,0,2.3955646881308396e-14
faa02,FAA cs=0.2,30,2,5.225189084000249,0.30437275799245994,13.960704272579093,AA,2,100.0,0.0,0.2,1,1.0829779268359223e-14
faa02,FAA cs=0.2,30,3,6.987336292000236,0.28069093693187736,12.874487153006523,AA,3,100.0,0.0,0.2,2,7.434724919260378e-15
faa02,FAA cs=0.2,30,4,8.821000500000082,0.2431911338721414,11.154478883377152,AA,4,100.0,0.0,0.2,3,7.375142709836313e-15
faa02,FAA cs=0.2,30,5,10.603522208999948,0.11996664612530324,5.502525522241364,AA,5,100.0,0.0,0.2,4,7.923484195471589e-14
faa02,FAA cs=0.2,30,6,12.338052125000104,0.08990345074492685,4.1236130894651115,AA,6,100.0,0.0,0.2,5,2.704646682932502e-14
faa02,FAA cs=0.2,30,7,14.216893125000297,0.07235090032794601,3.318528011492809,AA,7,100.0,0.0,0.2,6,2.6562948597546957e-14
faa02,FAA cs=0.2,30,8,16.09958733400026,0.06190079848947363,2.83921185209834,AA,8,100.0,0.0,0.2,7,2.6814376804621964e-14
faa02,FAA cs=0.2,30,9,17.952155500000117,0.04986708149188909,2.2872598133835353,AA,9,100.0,0.0,0.2,8,5.5959234806555e-14
faa02,FAA cs=0.2,30,10,19.811290167000152,0.034944870995953684,1.602820873443678,AA,10,100.0,0.0,0.2,9,3.652326997970432e-14
faa02,FAA cs=0.2,30,11,21.728591750000305,0.014666336154045395,0.6727027187299561,AA,11,100.0,0.0,0.2,9,3.702771340452381e-14
faa02,FAA cs=0.2,30,12,23.656412499999988,0.01731880158666401,0.794363690435395,AA,12,100.0,0.0,0.2,9,2.737471581820568e-14
faa02,FAA cs=0.2,30,13,25.535464000000047,0.009298444425220521,0.4264929413253573,AA,13,100.0,0.0,0.2,9,2.4619403793984743e-14
faa02,FAA cs=0.2,30,14,27.3239926250003,0.004773879204589255,0.21896412887889496,AA,14,100.0,0.0,0.2,9,2.5552642662082226e-14
faa02,FAA cs=0.2,30,15,29.062740249999933,0.005392992833148354,0.24736109297136172,AA,15,100.0,0.0,0.2,9,2.7728803404676418e-14
faa02,FAA cs=0.2,30,16,30.90579266700024,0.002550710003247576,0.11699374239441893,AA,16,100.0,0.0,0.2,9,2.1791592132622682e-14
faa02,FAA cs=0.2,30,17,32.66750050000019,0.001271905513556397,0.05833865308623834,AA,17,100.0,0.0,0.2,9,3.101026816325419e-14
faa02,FAA cs=0.2,30,18,34.45403016699993,0.0009120626605509063,0.04183369486151031,AA,18,100.0,0.0,0.2,9,5.724253879355686e-14
faa02,FAA cs=0.2,30,19,36.20038587499994,0.0006643633140806672,0.030472437213518763,AA,19,100.0,0.0,0.2,9,2.869562517585091e-14
faa02,FAA cs=0.2,30,20,37.907872042000236,0.0004322881937120348,0.019827817945161197,AA,20,100.0,0.0,0.2,9,2.983267395879022e-14
faa02,FAA cs=0.2,30,21,39.63189691700018,0.00029658424282550674,0.013603467449922893,AA,21,100.0,0.0,0.2,9,2.573610484527563e-14
faa02,FAA cs=0.2,30,22,41.35974133400032,0.00022488100372129117,0.010314645798726435,AA,22,100.0,0.0,0.2,9,2.7134031926498377e-14
faa02,FAA cs=0.2,30,23,43.053952292000304,0.00014089812084885507,0.006462592154129985,AA,23,100.0,0.0,0.2,9,3.3923868095177324e-14
faa02,FAA cs=0.2,30,24,44.8235759170002,8.115042292070394e-05,0.003722136841230506,AA,24,100.0,0.0,0.2,9,2.374981750927572e-14
faa02,FAA cs=0.2,30,25,46.55157079200035,4.112922216777706e-05,0.0018864793006861807,AA,25,100.0,0.0,0.2,9,2.9760298645027967e-14
faa02,FAA cs=0.2,30,26,48.31092620900017,2.3121174467547818e-05,0.0010605018704865096,AA,26,100.0,0.0,0.2,9,2.2197342252333006e-14
faa02,FAA cs=0.2,30,27,50.07211695900014,1.2342296691957914e-05,0.0005661057030771595,AA,27,100.0,0.0,0.2,9,2.263376709596643e-14
faa02,FAA cs=0.2,30,28,51.85512616699998,7.843844280282006e-06,0.0003597746101833818,AA,28,100.0,0.0,0.2,9,2.7693207729992015e-14
faa02,FAA cs=0.2,30,29,53.59551966700019,5.561556737275531e-06,0.00025509263515034075,AA,29,100.0,0.0,0.2,9,2.214849438918661e-14
faa02,FAA cs=0.2,30,30,55.369290958999954,3.981689803702343e-06,0.0001826286761708449,AA,30,100.0,0.0,0.2,8,3.6977028524591135e-14
faa02,FAA cs=0.2,30,31,57.23060829199994,2.3208375522865548e-06,0.00010645015324588132,AA,31,100.0,0.0,0.2,9,2.2716230988238277e-14
faa02,FAA cs=0.2,30,32,59.03023304199996,1.9079152475299723e-06,8.751059300967505e-05,AA,32,100.0,0.0,0.2,9,3.3671703315689026e-14
faa02,FAA cs=0.2,30,33,60.79853420900008,1.2742331579384823e-06,5.844541544921837e-05,AA,33,100.0,0.0,0.2,9,2.4055592049792685e-14
faa02,FAA cs=0.2,30,34,62.50444370900004,9.503924355222935e-07,4.359177155910785e-05,AA,34,100.0,0.0,0.2,8,3.98698241868948e-14
faa02,FAA cs=0.2,30,35,64.36122929200019,7.160788177813428e-07,3.2844478845084514e-05,AA,35,100.0,0.0,0.2,9,3.317429553517915e-14
faa02,FAA cs=0.2,30,36,66.09806083400008,4.2082715421752933e-07,1.930213297882428e-05,AA,36,100.0,0.0,0.2,9,4.665186551159155e-14
faa02,FAA cs=0.2,30,37,67.82129612500012,2.486672587024936e-07,1.1405653002311177e-05,AA,37,100.0,0.0,0.2,9,2.839967551126256e-14
faa02,FAA cs=0.2,30,38,69.57022262500004,1.577801843509971e-07,7.236923922908531e-06,AA,38,100.0,0.0,0.2,9,3.369957730644909e-14
faa02,FAA cs=0.2,30,39,71.24607662500011,9.78330392313529e-08,4.487320540133165e-06,AA,39,100.0,0.0,0.2,9,3.178639538646111e-14
faa02,FAA cs=0.2,30,40,72.96823283399999,6.092189210917249e-08,2.7943122277822126e-06,AA,40,100.0,0.0,0.2,9,2.745520931040756e-14
faa02,FAA cs=0.2,30,41,74.78059845899998,3.645021634250887e-08,1.6718667412472633e-06,AA,41,100.0,0.0,0.2,9,2.9981879576949647e-14
faa02,FAA cs=0.2,30,42,76.63838187500005,3.30299911092715e-08,1.5149908324380305e-06,AA,42,100.0,0.0,0.2,9,3.4313748134966296e-14
faa02,FAA cs=0.2,30,43,78.38134000000036,2.2629266185718987e-08,1.0379394503240096e-06,AA,43,100.0,0.0,0.2,9,2.2713785060173965e-14
faa02,FAA cs=0.2,30,44,80.08895370900018,1.7817810470546807e-08,8.172517948216951e-07,AA,44,100.0,0.0,0.2,9,4.139482891579907e-14
faa02,FAA cs=0.2,30,45,81.96251087500013,1.0739454643852602e-08,4.925879415769415e-07,AA,45,100.0,0.0,0.2,9,3.376040369067735e-14
faa02,FAA cs=0.2,30,46,83.82041512500018,6.8416651884837485e-09,3.138075334284248e-07,AA,46,100.0,0.0,0.2,9,4.407534648284865e-14
faa02,FAA cs=0.2,30,47,85.67049654200036,5.054360331499105e-09,2.3182899264875024e-07,AA,47,100.0,0.0,0.2,9,2.368776088055537e-14
faa02,FAA cs=0.2,30,48,87.3612521670002,3.201499274433166e-09,1.468435772440094e-07,AA,48,100.0,0.0,0.2,9,3.35476921330688e-14
faa02,FAA cs=0.2,30,49,89.13680400000021,1.8791759285388198e-09,8.619240298479532e-08,AA,49,100.0,0.0,0.2,9,3.2122975943271605e-14
faa02,FAA cs=0.2,30,50,90.8457853750001,1.1261986612369778e-09,5.1655498229882374e-08,AA,50,100.0,0.0,0.2,9,3.34308388956802e-14
faa02,FAA cs=0.2,30,51,92.54788116700001,8.232268291110625e-10,3.7759050403443973e-08,AA,51,100.0,0.0,0.2,9,2.374932421348573e-14
faa02,FAA cs=0.2,30,52,94.40223500000002,6.539570815550135e-10,2.9995133213513796e-08,AA,52,100.0,0.0,0.2,9,3.105547994397938e-14
faa02,FAA cs=0.2,30,53,96.12895641700015,4.791160962812644e-10,2.1975679349664278e-08,AA,53,100.0,0.0,0.2,9,2.872266657726492e-14
faa02,FAA cs=0.2,30,54,97.91458858400028,2.1730711175829326e-10,9.967253126053354e-09,AA,54,100.0,0.0,0.2,9,3.520360933233786e-14
faa02,FAA cs=0.2,30,55,99.70872883400034,1.5397256119438032e-10,7.062279183932688e-09,AA,55,100.0,0.0,0.2,9,2.9656668177684094e-14
faa02,FAA cs=0.2,30,56,101.43077329200014,9.444021072876962e-11,4.331701240677608e-09,AA,56,100.0,0.0,0.2,9,3.680458472586991e-14
faa0707,FAA cs=1/sqrt(2),30,0,1.7049919999999474,1.0,45.86712807236492,initial,0,0.0,0.0,0.7071067811865475,0,1.3983882637437574e-14
faa0707,FAA cs=1/sqrt(2),30,1,3.509559624999838,0.5628608482962506,25.81681061572409,AA,1,100.0,0.0,0.7071067811865475,0,2.3955646881308396e-14
faa0707,FAA cs=1/sqrt(2),30,2,5.250468208999791,0.30437275799245994,13.960704272579093,AA,2,100.0,0.0,0.7071067811865475,1,1.0829779268359223e-14
faa0707,FAA cs=1/sqrt(2),30,3,6.937210583999786,0.28069093693187736,12.874487153006523,AA,3,100.0,0.0,0.7071067811865475,2,7.434724919260378e-15
faa0707,FAA cs=1/sqrt(2),30,4,8.719188374999703,0.20816155063372568,9.547772502659171,AA,4,100.0,0.0,0.7071067811865475,2,1.6154761306505295e-14
faa0707,FAA cs=1/sqrt(2),30,5,10.497434791999694,0.1292072135163585,5.9263638102282155,AA,5,100.0,0.0,0.7071067811865475,3,1.6955600401446946e-14
faa0707,FAA cs=1/sqrt(2),30,6,12.206191750000016,0.08838066870816239,4.053767450758539,AA,6,100.0,0.0,0.7071067811865475,4,1.9814884424310296e-14
faa0707,FAA cs=1/sqrt(2),30,7,13.899942874999851,0.073688517313973,3.3798806611026793,AA,7,100.0,0.0,0.7071067811865475,4,2.1689561464783246e-14
faa0707,FAA cs=1/sqrt(2),30,8,15.63252333399987,0.05348104292086232,2.4530218450948373,AA,8,100.0,0.0,0.7071067811865475,4,1.7403171541925083e-14
faa0707,FAA cs=1/sqrt(2),30,9,17.377783999999792,0.04781277450696765,2.19303465180619,AA,9,100.0,0.0,0.7071067811865475,5,1.8386159360428366e-14
faa0707,FAA cs=1/sqrt(2),30,10,19.098616458999913,0.03527860843281852,1.6181284512029002,AA,10,100.0,0.0,0.7071067811865475,6,6.707601437675598e-14
faa0707,FAA cs=1/sqrt(2),30,11,20.909449833999588,0.03721292053464672,1.7068497921093795,AA,11,100.0,0.0,0.7071067811865475,7,1.0252054733509327e-13
faa0707,FAA cs=1/sqrt(2),30,12,22.75375245899977,0.01810008086742139,0.8301987272661788,AA,12,100.0,0.0,0.7071067811865475,8,8.712537267059641e-14
faa0707,FAA cs=1/sqrt(2),30,13,24.530835333999676,0.00954258744945611,0.4376910806859455,AA,13,100.0,0.0,0.7071067811865475,8,4.526252631496124e-14
faa0707,FAA cs=1/sqrt(2),30,14,26.29992804199992,0.005276962799526346,0.24203912855898024,AA,14,100.0,0.0,0.7071067811865475,8,2.7258889938932712e-14
faa0707,FAA cs=1/sqrt(2),30,15,28.015848749999805,0.0037584272715643504,0.1723882650155111,AA,15,100.0,0.0,0.7071067811865475,8,3.1145140890006406e-14
faa0707,FAA cs=1/sqrt(2),30,16,29.741788708999593,0.002271648563519402,0.1041939955983482,AA,16,100.0,0.0,0.7071067811865475,8,3.3021259236967096e-14
faa0707,FAA cs=1/sqrt(2),30,17,31.53822354199974,0.0014204055498557452,0.06514992326993138,AA,17,100.0,0.0,0.7071067811865475,9,2.543253721570512e-14
faa0707,FAA cs=1/sqrt(2),30,18,33.29120891699995,0.0009693520928175196,0.044461396588476136,AA,18,100.0,0.0,0.7071067811865475,10,3.461435531125478e-14
faa0707,FAA cs=1/sqrt(2),30,19,34.99889058399958,0.0007215163757140312,0.03309388401118404,AA,19,100.0,0.0,0.7071067811865475,9,2.995555620354128e-14
faa0707,FAA cs=1/sqrt(2),30,20,36.73431795899978,0.00038946784543270334,0.01786377154652983,AA,20,100.0,0.0,0.7071067811865475,10,2.674646457168067e-14
faa0707,FAA cs=1/sqrt(2),30,21,38.53496454199967,0.00026738770246066104,0.012264305993738546,AA,21,100.0,0.0,0.7071067811865475,9,3.657501744459541e-14
faa0707,FAA cs=1/sqrt(2),30,22,40.31831029199975,0.00014083290676389593,0.006459600971343043,AA,22,100.0,0.0,0.7071067811865475,10,2.3421594294804865e-14
faa0707,FAA cs=1/sqrt(2),30,23,42.04557316699993,9.07863968801845e-05,0.004164111292931974,AA,23,100.0,0.0,0.7071067811865475,11,2.7830191183926113e-14
faa0707,FAA cs=1/sqrt(2),30,24,43.790392874999725,5.401342139434719e-05,0.002477440516721138,AA,24,100.0,0.0,0.7071067811865475,12,1.9833291110327246e-14
faa0707,FAA cs=1/sqrt(2),30,25,45.53023370899973,3.8883604558714315e-05,0.001783479270209742,AA,25,100.0,0.0,0.7071067811865475,11,2.22591282737573e-14
faa0707,FAA cs=1/sqrt(2),30,26,47.27308195899968,2.28236034086474e-05,0.0010468531406172949,AA,26,100.0,0.0,0.7071067811865475,12,2.0707956635407097e-14
faa0707,FAA cs=1/sqrt(2),30,27,49.03324708399987,1.892277931310932e-05,0.0008679335422394827,AA,27,100.0,0.0,0.7071067811865475,12,2.2305996158544735e-14
faa0707,FAA cs=1/sqrt(2),30,28,50.778177959000004,1.241534255506142e-05,0.0005694561070352845,AA,28,100.0,0.0,0.7071067811865475,13,2.239188511202376e-14
faa0707,FAA cs=1/sqrt(2),30,29,52.63616887499984,6.958673455654981e-06,0.0003191743666042932,AA,29,100.0,0.0,0.7071067811865475,13,3.712357999379793e-14
faa0707,FAA cs=1/sqrt(2),30,30,54.45131704199957,4.7236268551849264e-06,0.00021665919793282937,AA,30,100.0,0.0,0.7071067811865475,14,2.9672964114261256e-14
faa0707,FAA cs=1/sqrt(2),30,31,56.22706416699975,2.044867147087421e-06,9.379218332643022e-05,AA,31,100.0,0.0,0.7071067811865475,14,3.588220645116754e-14
faa0707,FAA cs=1/sqrt(2),30,32,57.936945416999606,1.4070725644200293e-06,6.453837751936443e-05,AA,32,100.0,0.0,0.7071067811865475,14,2.5563260308662378e-14
faa0707,FAA cs=1/sqrt(2),30,33,59.655487958999856,8.567752432354884e-07,3.9297819810713754e-05,AA,33,100.0,0.0,0.7071067811865475,14,2.5599942550821638e-14
faa0707,FAA cs=1/sqrt(2),30,34,61.527222249999795,5.222428311339893e-07,2.3953778820497134e-05,AA,34,100.0,0.0,0.7071067811865475,15,2.5382925272664798e-14
faa0707,FAA cs=1/sqrt(2),30,35,63.28400970899975,2.106532392526175e-07,9.662059103658337e-06,AA,35,100.0,0.0,0.7071067811865475,15,4.136770040339958e-14
faa0707,FAA cs=1/sqrt(2),30,36,64.99285999999984,1.306620332551634e-07,5.993092213510184e-06,AA,36,100.0,0.0,0.7071067811865475,15,3.79395308169722e-14
faa0707,FAA cs=1/sqrt(2),30,37,66.7238320839997,7.577525671913865e-08,3.4755934046530633e-06,AA,37,100.0,0.0,0.7071067811865475,16,2.6244176282204793e-14
faa0707,FAA cs=1/sqrt(2),30,38,68.52988112499997,4.06981190440454e-08,1.8667058384975843e-06,AA,38,100.0,0.0,0.7071067811865475,16,2.822041477447498e-14
faa0707,FAA cs=1/sqrt(2),30,39,70.27525716699984,2.7572434700470856e-08,1.2646683936734155e-06,AA,39,100.0,0.0,0.7071067811865475,15,3.5438096501245e-14
faa0707,FAA cs=1/sqrt(2),30,40,72.02478812499976,1.3349542066520626e-08,6.123051556725246e-07,AA,40,100.0,0.0,0.7071067811865475,16,1.976485149176864e-14
faa0707,FAA cs=1/sqrt(2),30,41,73.76382941699967,8.412626858675237e-09,3.858630335518741e-07,AA,41,100.0,0.0,0.7071067811865475,16,3.033995852955384e-14
faa0707,FAA cs=1/sqrt(2),30,42,75.61766679199991,6.075835879651308e-09,2.786811424386365e-07,AA,42,100.0,0.0,0.7071067811865475,14,2.449908155922861e-14
faa0707,FAA cs=1/sqrt(2),30,43,77.4266269589998,3.4358473115091655e-09,1.575924486740816e-07,AA,43,100.0,0.0,0.7071067811865475,15,3.6097244020887967e-14
faa0707,FAA cs=1/sqrt(2),30,44,79.19588191699995,2.2912022069338977e-09,1.0509086506512223e-07,AA,44,100.0,0.0,0.7071067811865475,16,2.6059530551194603e-14
faa0707,FAA cs=1/sqrt(2),30,45,80.90237245899971,1.4039396269079962e-09,6.439467867325728e-08,AA,45,100.0,0.0,0.7071067811865475,16,3.4642564382309255e-14
faa0707,FAA cs=1/sqrt(2),30,46,82.72506112499968,7.705168962198755e-10,3.534139716083814e-08,AA,46,100.0,0.0,0.7071067811865475,16,3.0979142664152763e-14
faa0707,FAA cs=1/sqrt(2),30,47,84.58331974999965,4.3868860919103217e-10,2.0121386621652716e-08,AA,47,100.0,0.0,0.7071067811865475,16,3.115650166798237e-14
faa0707,FAA cs=1/sqrt(2),30,48,86.3531782089999,2.6174322799666935e-10,1.2005410160597444e-08,AA,48,100.0,0.0,0.7071067811865475,15,2.510837835722701e-14
faa0707,FAA cs=1/sqrt(2),30,49,88.11254691699969,2.2364418241862842e-10,1.0257916357634573e-08,AA,49,100.0,0.0,0.7071067811865475,14,3.0358451309877984e-14
faa0707,FAA cs=1/sqrt(2),30,50,89.82123729199975,7.182958956824186e-11,3.2946169841119563e-09,AA,50,100.0,0.0,0.7071067811865475,15,3.297321891021378e-14
picard,Picard,50,0,1.940534542,1.0,45.86712807236492,Picard,0,0.0,0.0,,0,1.3983882637437574e-14
picard,Picard,50,1,3.9388868749999997,0.5628608482956654,25.81681061569725,Picard,0,0.0,0.0,,0,2.3955780244461462e-14
picard,Picard,50,2,6.768277416999999,0.41458191327334715,19.0156817125947,Picard,0,0.0,0.0,,0,1.3255542601586831e-14
picard,Picard,50,3,8.7326355,0.46658446274244203,21.400889309183167,Picard,0,0.0,0.0,,0,1.0537427943181832e-14
picard,Picard,50,4,10.672659833,0.37849324136300183,17.360397976121334,Picard,0,0.0,0.0,,0,1.377396980456417e-14
picard,Picard,50,5,12.478746083,0.4624963852762294,21.213380936470642,Picard,0,0.0,0.0,,0,1.5704983690859826e-14
picard,Picard,50,6,14.312625582999999,0.35862115936842487,16.448922646211535,Picard,0,0.0,0.0,,0,2.276143331330941e-14
picard,Picard,50,7,16.358046958,0.34259556847105543,15.713874816086566,Picard,0,0.0,0.0,,0,5.4237832476890257e-14
picard,Picard,50,8,18.330189042,0.1705892323358706,7.824438167315791,Picard,0,0.0,0.0,,0,2.101154397205583e-14
picard,Picard,50,9,20.186761957999998,0.1772893603768998,8.131753798274922,Picard,0,0.0,0.0,,0,1.9316371425581854e-14
picard,Picard,50,10,22.137774167,0.04686948097984775,2.1497684867879485,Picard,0,0.0,0.0,,0,3.407342944097443e-14
picard,Picard,50,11,24.074244333,0.040602376118094544,1.8623143854509732,Picard,0,0.0,0.0,,0,4.0546124371947606e-14
picard,Picard,50,12,25.970297332999998,0.03004851074635319,1.3782388907868155,Picard,0,0.0,0.0,,0,4.268817971444549e-14
picard,Picard,50,13,27.857719624999998,0.023866257883704466,1.0946767069599617,Picard,0,0.0,0.0,,0,2.6633786812560798e-14
picard,Picard,50,14,29.758583207999997,0.01495089805202567,0.6857547557491326,Picard,0,0.0,0.0,,0,3.184201131271844e-14
picard,Picard,50,15,31.6543525,0.014881569909569101,0.682574872960058,Picard,0,0.0,0.0,,0,2.8376159046668142e-14
picard,Picard,50,16,33.513554,0.01272375008819213,0.5836018748558729,Picard,0,0.0,0.0,,0,3.06911660349344e-14
picard,Picard,50,17,35.547822958,0.012772043639292177,0.585816961349248,Picard,0,0.0,0.0,,0,2.7062928896989918e-14
picard,Picard,50,18,37.36469375,0.012816501620894673,0.5878561212852486,Picard,0,0.0,0.0,,0,4.9562604113468866e-14
picard,Picard,50,19,39.229118542,0.011859461739584751,0.5439594504788454,Picard,0,0.0,0.0,,0,3.243089979967038e-14
picard,Picard,50,20,41.04009475,0.015368113355938446,0.7048912235274506,Picard,0,0.0,0.0,,0,2.3931961169435896e-14
picard,Picard,50,21,42.942826917,0.0121442365471401,0.5570212530487697,Picard,0,0.0,0.0,,0,2.638466187027917e-14
picard,Picard,50,22,44.8284075,0.014339182042542795,0.6576970991982656,Picard,0,0.0,0.0,,0,2.84363997106197e-14
picard,Picard,50,23,46.678215916999996,0.01663834580976727,0.7631531381688916,Picard,0,0.0,0.0,,0,2.8410073822501252e-14
picard,Picard,50,24,48.523846458,0.013013459741325315,0.5968900246199331,Picard,0,0.0,0.0,,0,2.8257657233301245e-14
picard,Picard,50,25,50.440221333,0.019030225091453003,0.8728617715156073,Picard,0,0.0,0.0,,0,4.050429239033215e-14
picard,Picard,50,26,52.278035583,0.017299957232781896,0.7934993540424431,Picard,0,0.0,0.0,,0,3.222459094105108e-14
picard,Picard,50,27,54.187994625,0.017889220761924507,0.8205271798020009,Picard,0,0.0,0.0,,0,4.2060060222623415e-14
picard,Picard,50,28,55.968223458,0.02312602383546553,1.0607242970658612,Picard,0,0.0,0.0,,0,3.100592941796451e-14
picard,Picard,50,29,57.7488245,0.018161339636254853,0.8330084910618187,Picard,0,0.0,0.0,,0,3.3209136562889114e-14
picard,Picard,50,30,59.528574042,0.023064653447806043,1.057909413635233,Picard,0,0.0,0.0,,0,2.910762932986938e-14
picard,Picard,50,31,61.283129917,0.02273021895157294,1.0425698637646923,Picard,0,0.0,0.0,,0,3.0613988900977556e-14
picard,Picard,50,32,64.45428479200001,0.01916169855691381,0.8788920817940159,Picard,0,0.0,0.0,,0,2.6963261874284027e-14
picard,Picard,50,33,67.002211375,0.02497647665671104,1.145599253609798,Picard,0,0.0,0.0,,0,2.4851446313031257e-14
picard,Picard,50,34,69.17017200000001,0.019261509892570552,0.8834701411096574,Picard,0,0.0,0.0,,0,3.127538833643937e-14
picard,Picard,50,35,71.59320916700001,0.022112791535731615,1.014250241406909,Picard,0,0.0,0.0,,0,3.034241243863376e-14
picard,Picard,50,36,73.898457792,0.024294664962056716,1.114326509289852,Picard,0,0.0,0.0,,0,2.6974252597083703e-14
picard,Picard,50,37,76.33573050000001,0.019186069934235665,0.8800099268789373,Picard,0,0.0,0.0,,0,3.5571694196759004e-14
picard,Picard,50,38,78.330036292,0.027218303188720976,1.2484253982695235,Picard,0,0.0,0.0,,0,2.8151062577559586e-14
picard,Picard,50,39,80.18351975,0.023445122423265553,1.0753604328601958,Picard,0,0.0,0.0,,0,2.6276310482452046e-14
picard,Picard,50,40,82.09080625,0.024187084275744376,1.109392092172651,Picard,0,0.0,0.0,,0,2.6534218756326533e-14
picard,Picard,50,41,83.99497500000001,0.029449672823853003,1.3507719151009103,Picard,0,0.0,0.0,,0,2.7295363904296975e-14
picard,Picard,50,42,85.78861470800001,0.022704697560523686,1.0413992708528512,Picard,0,0.0,0.0,,0,2.72711993304423e-14
picard,Picard,50,43,87.827087042,0.027823314761664657,1.2761755415709943,Picard,0,0.0,0.0,,0,1.9773199470621086e-14
picard,Picard,50,44,89.645863625,0.026419481639096184,1.2117857479459182,Picard,0,0.0,0.0,,0,2.7227589164453978e-14
picard,Picard,50,45,91.44734379200001,0.021956883849244612,1.0070992035833435,Picard,0,0.0,0.0,,0,3.681404907376772e-14
picard,Picard,50,46,93.19377883300001,0.02777554490335526,1.2739844753619185,Picard,0,0.0,0.0,,0,3.0928434698279805e-14
picard,Picard,50,47,95.079308542,0.021132797422030534,0.9693007258836177,Picard,0,0.0,0.0,,0,3.446930471619746e-14
picard,Picard,50,48,96.92091675,0.023810298136927855,1.0921099940876617,Picard,0,0.0,0.0,,0,3.0130223928774264e-14
picard,Picard,50,49,98.85066841700001,0.025915550901034295,1.1886718922436321,Picard,0,0.0,0.0,,0,2.833029712197957e-14
picard,Picard,50,50,100.732089958,0.020260610946983056,0.9292960371296305,Picard,0,0.0,0.0,,0,2.89926374653443e-14
picard,Picard,50,51,102.484854083,0.02848602138995763,1.306571991365313,Picard,0,0.0,0.0,,0,2.6697729898086193e-14
picard,Picard,50,52,104.29270650000001,0.024501051259279906,1.1237928560169692,Picard,0,0.0,0.0,,0,2.6297224727858235e-14
picard,Picard,50,53,106.02966875000001,0.024988813981446575,1.1461651312635133,Picard,0,0.0,0.0,,0,2.735187417657776e-14
picard,Picard,50,54,107.77884125,0.03036780504740112,1.392884003385757,Picard,0,0.0,0.0,,0,2.695049511741961e-14
picard,Picard,50,55,109.547872958,0.023410827464514044,1.0737874215949037,Picard,0,0.0,0.0,,0,2.5867633151153958e-14
picard,Picard,50,56,111.23662225000001,0.02836698546905106,1.3011121555358796,Picard,0,0.0,0.0,,0,2.9264853607434317e-14
picard,Picard,50,57,113.10199250000001,0.027098608604416534,1.2429353514416632,Picard,0,0.0,0.0,,0,3.142833048408018e-14
picard,Picard,50,58,114.84758545800001,0.02233462527852944,1.0244251180985888,Picard,0,0.0,0.0,,0,2.2409060639449288e-14
picard,Picard,50,59,116.704824083,0.028156389854244637,1.291452739500075,Picard,0,0.0,0.0,,0,2.4904829356938678e-14
picard,Picard,50,60,118.519666125,0.021547094362942488,0.9883033367324153,Picard,0,0.0,0.0,,0,3.443005938855727e-14
picard,Picard,50,61,120.291687667,0.02384270468481666,1.0935963893700609,Picard,0,0.0,0.0,,0,2.982446549851047e-14
picard,Picard,50,62,122.092951833,0.026172518359918837,1.2004582515907196,Picard,0,0.0,0.0,,0,2.5483885256878686e-14
picard,Picard,50,63,123.927148208,0.020256857060542185,0.9291238571394781,Picard,0,0.0,0.0,,0,3.5814990475063433e-14
picard,Picard,50,64,125.664600667,0.028424340210260787,1.3037428527965036,Picard,0,0.0,0.0,,0,2.999868609546427e-14
picard,Picard,50,65,127.358593542,0.024658932781028677,1.13103442799528,Picard,0,0.0,0.0,,0,3.083246620708976e-14
picard,Picard,50,66,129.178129917,0.024850758168691717,1.1398329076187517,Picard,0,0.0,0.0,,0,3.3199885945761895e-14
picard,Picard,50,67,130.96419075,0.03049534635041347,1.3987339566655408,Picard,0,0.0,0.0,,0,3.1356073614444635e-14
picard,Picard,50,68,132.78378833300002,0.02355113883888763,1.0802231013733066,Picard,0,0.0,0.0,,0,3.474301435526436e-14
picard,Picard,50,69,134.49850087500002,0.028355500972558127,1.3005853946643917,Picard,0,0.0,0.0,,0,2.93132413798647e-14
picard,Picard,50,70,136.40755075,0.027397774662447114,1.2566572393402564,Picard,0,0.0,0.0,,0,3.2547054090471874e-14
picard,Picard,50,71,138.198722167,0.02240266793909997,1.0275460395253617,Picard,0,0.0,0.0,,0,4.3358876678914166e-14
picard,Picard,50,72,139.949009458,0.02826208446352248,1.2963006476803804,Picard,0,0.0,0.0,,0,2.4292310175474854e-14
picard,Picard,50,73,141.7254565,0.02181232423587254,1.0004686692827152,Picard,0,0.0,0.0,,0,3.134039520408413e-14
picard,Picard,50,74,143.446905292,0.023697860112078514,1.0869527848016933,Picard,0,0.0,0.0,,0,3.05291828626416e-14
picard,Picard,50,75,145.303175583,0.02629180236075528,1.2059294661340687,Picard,0,0.0,0.0,,0,2.2771363066680713e-14
picard,Picard,50,76,147.13831875,0.02015650530149932,0.9245210101551717,Picard,0,0.0,0.0,,0,3.775651723318131e-14
picard,Picard,50,77,148.923803958,0.028221620843246024,1.2944446976268886,Picard,0,0.0,0.0,,0,2.6788244206045283e-14
picard,Picard,50,78,150.67424266700002,0.024727379320232928,1.1341738741750715,Picard,0,0.0,0.0,,0,2.437986033251443e-14
picard,Picard,50,79,152.437384375,0.02461410207755767,1.1289781723776011,Picard,0,0.0,0.0,,0,3.534629777208805e-14
picard,Picard,50,80,154.1140875,0.03053311801775366,1.4004664345689402,Picard,0,0.0,0.0,,0,2.567526373828886e-14
picard,Picard,50,81,155.99732987500002,0.02363009738492023,1.0838447031165916,Picard,0,0.0,0.0,,0,2.942653487608956e-14
picard,Picard,50,82,157.783908792,0.028279858843438997,1.2971159074404182,Picard,0,0.0,0.0,,0,3.5647409894398666e-14
picard,Picard,50,83,159.535480125,0.027653502454303366,1.2683867387209902,Picard,0,0.0,0.0,,0,2.871048229339369e-14
picard,Picard,50,84,161.270900917,0.022440616812190787,1.0292866453476202,Picard,0,0.0,0.0,,0,2.515438242772982e-14
picard,Picard,50,85,163.026435583,0.028336174149218487,1.2996989287830405,Picard,0,0.0,0.0,,0,2.8070984786144147e-14
picard,Picard,50,86,164.842113833,0.02207000082660363,1.0122875544710284,Picard,0,0.0,0.0,,0,3.11466758041887e-14
picard,Picard,50,87,166.5300475,0.023541956804103988,1.0798019478079204,Picard,0,0.0,0.0,,0,2.873391898748785e-14
picard,Picard,50,88,168.322708333,0.026398682216840306,1.2108317381814766,Picard,0,0.0,0.0,,0,3.494961268066223e-14
picard,Picard,50,89,169.99064,0.020060117791525924,0.9200999918906456,Picard,0,0.0,0.0,,0,3.6019198774265464e-14
picard,Picard,50,90,171.74990250000002,0.027998607905837736,1.2842157346649885,Picard,0,0.0,0.0,,0,3.070703722608886e-14
picard,Picard,50,91,173.538476792,0.024786666025534657,1.1368931850801345,Picard,0,0.0,0.0,,0,2.4268793687787152e-14
picard,Picard,50,92,175.19085841700002,0.02436280383687195,1.1174518437877092,Picard,0,0.0,0.0,,0,3.3504485846204596e-14
picard,Picard,50,93,176.94014766700002,0.03054923299137173,1.401205582127763,Picard,0,0.0,0.0,,0,2.7363298696077278e-14
picard,Picard,50,94,178.705165833,0.02369913859003063,1.0870114249136607,Picard,0,0.0,0.0,,0,2.921162169058863e-14
picard,Picard,50,95,180.3958945,0.028188173235448134,1.2929105519163087,Picard,0,0.0,0.0,,0,2.6002914973304482e-14
picard,Picard,50,96,182.18051625,0.02789715184184223,1.2795622363839885,Picard,0,0.0,0.0,,0,3.302076651324839e-14
picard,Picard,50,97,183.933437042,0.022477747958389083,1.0309897443857712,Picard,0,0.0,0.0,,0,2.6344680828669264e-14
picard,Picard,50,98,185.63023025,0.028402044197676914,1.302720198731816,Picard,0,0.0,0.0,,0,2.9511285939414126e-14
picard,Picard,50,99,187.462911875,0.02233265078726401,1.0243345538548396,Picard,0,0.0,0.0,,0,3.3371490396075017e-14
picard,Picard,50,100,189.29992570800002,0.023392469082718297,1.0729453753458769,Picard,0,0.0,0.0,,0,2.5966981464631686e-14
picard,Picard,50,101,191.133060083,0.026504621747026093,1.2156908801804343,Picard,0,0.0,0.0,,0,3.9807250768834086e-14
picard,Picard,50,102,193.041641292,0.01997905226598437,0.9163817490483778,Picard,0,0.0,0.0,,0,4.7217849450684934e-14
picard,Picard,50,103,194.76007325,0.027767916624261924,1.2736345881077726,Picard,0,0.0,0.0,,0,2.886439284425215e-14
picard,Picard,50,104,196.50544687500002,0.024844973152432,1.1395675655370665,Picard,0,0.0,0.0,,0,2.2356196889383957e-14
picard,Picard,50,105,198.313824833,0.024106555336367404,1.1056984609967158,Picard,0,0.0,0.0,,0,3.384591037711086e-14
picard,Picard,50,106,200.285893417,0.030549764345246744,1.4012299538039998,Picard,0,0.0,0.0,,0,3.020631274984592e-14
picard,Picard,50,107,202.080839667,0.023764099846829534,1.0899910111989979,Picard,0,0.0,0.0,,0,3.28455293224161e-14
picard,Picard,50,108,203.927312,0.028085362644554992,1.2881949253766174,Picard,0,0.0,0.0,,0,2.246698901755674e-14
picard,Picard,50,109,205.714558875,0.02813116702350261,1.290295840692083,Picard,0,0.0,0.0,,0,2.858733248178452e-14
picard,Picard,50,110,207.66943975,0.022517726343629117,1.032823438101702,Picard,0,0.0,0.0,,0,2.6879282108191293e-14
picard,Picard,50,111,209.468237125,0.028461734105274274,1.3054580033682117,Picard,0,0.0,0.0,,0,3.458182019015646e-14
picard,Picard,50,112,211.295265417,0.022601026500176792,1.0366441770505224,Picard,0,0.0,0.0,,0,3.318952832873053e-14
picard,Picard,50,113,213.100906917,0.02325222269348561,1.0665126762492545,Picard,0,0.0,0.0,,0,3.095775740721517e-14
picard,Picard,50,114,214.898638,0.026610640002266296,1.2205536330715454,Picard,0,0.0,0.0,,0,2.6328591369692423e-14
picard,Picard,50,115,216.786897417,0.019915943452230366,0.9134871290054278,Picard,0,0.0,0.0,,0,4.2137407850608176e-14
picard,Picard,50,116,218.50784133300002,0.02753202919375618,1.2628151091221047,Picard,0,0.0,0.0,,0,2.86679727160987e-14
picard,Picard,50,117,220.351831333,0.024903831514436585,1.1422672295652605,Picard,0,0.0,0.0,,0,2.2852993931792173e-14
picard,Picard,50,118,222.222827958,0.023847735339483353,1.0938271310519458,Picard,0,0.0,0.0,,0,3.338068327542868e-14
picard,Picard,50,119,224.113376958,0.03053538465700952,1.4005703988019824,Picard,0,0.0,0.0,,0,2.576891304917632e-14
picard,Picard,50,120,225.94379883300002,0.02382633805499974,1.092845699064135,Picard,0,0.0,0.0,,0,2.578177310461813e-14
picard,Picard,50,121,227.697625375,0.027972187380501206,1.2830039010456387,Picard,0,0.0,0.0,,0,2.1533859590913364e-14
picard,Picard,50,122,229.416241542,0.028355730815788845,1.3005959369132916,Picard,0,0.0,0.0,,0,3.273783380999508e-14
picard,Picard,50,123,231.140443708,0.022561349622963644,1.0348243126418755,Picard,0,0.0,0.0,,0,2.7098595968773026e-14
picard,Picard,50,124,233.011013917,0.02851537473142604,1.3079183448377967,Picard,0,0.0,0.0,,0,4.4179970314801684e-14
picard,Picard,50,125,234.711006458,0.02287480108606044,1.0492014310442064,Picard,0,0.0,0.0,,0,3.1799992192823785e-14
picard,Picard,50,126,236.44336916700001,0.023122182028655992,1.060548084420899,Picard,0,0.0,0.0,,0,2.6285688116098967e-14
picard,Picard,50,127,238.177966,0.026716840095384945,1.2254247263439155,Picard,0,0.0,0.0,,0,3.0457906817281477e-14
picard,Picard,50,128,240.06434950000002,0.019872100061370596,0.9114761585817359,Picard,0,0.0,0.0,,0,3.710789650416083e-14
picard,Picard,50,129,241.767820167,0.027292352894966645,1.2518218456296146,Picard,0,0.0,0.0,,0,3.3175934719426565e-14
picard,Picard,50,130,243.459141042,0.02496403710359691,1.1450286870339492,Picard,0,0.0,0.0,,0,2.1914476214261e-14
picard,Picard,50,131,245.275736792,0.0235877657056993,1.081903070564247,Picard,0,0.0,0.0,,0,3.0421199623274416e-14
picard,Picard,50,132,247.038173542,0.03050637857936659,1.3992399733238572,Picard,0,0.0,0.0,,0,2.759768607650101e-14
picard,Picard,50,133,248.836684042,0.023886528039368284,1.0956064407858408,Picard,0,0.0,0.0,,0,3.158589184397152e-14
picard,Picard,50,134,250.57261,0.02784893006568854,1.2773504420012702,Picard,0,0.0,0.0,,0,2.4996900873366605e-14
picard,Picard,50,135,252.32132275,0.028570872363919027,1.3104638618550655,Picard,0,0.0,0.0,,0,2.776110913448449e-14
picard,Picard,50,136,254.07710645800003,0.022608777286335032,1.036999683351904,Picard,0,0.0,0.0,,0,2.61835793377805e-14
picard,Picard,50,137,255.97416358299998,0.028562890459515274,1.310097754823517,Picard,0,0.0,0.0,,0,3.626667379113628e-14
picard,Picard,50,138,257.77136270799997,0.023153413396774215,1.0619805775822526,Picard,0,0.0,0.0,,0,3.5731994371102324e-14
picard,Picard,50,139,259.46827420799997,0.023002790195135053,1.0550719239019994,Picard,0,0.0,0.0,,0,3.019336632778546e-14
picard,Picard,50,140,261.247398,0.026823175047090198,1.230302005192349,Picard,0,0.0,0.0,,0,2.3727602102611457e-14
picard,Picard,50,141,263.096362583,0.019848298010336652,0.910384426858577,Picard,0,0.0,0.0,,0,3.500528111050419e-14
picard,Picard,50,142,264.90332620799995,0.027050066152392405,1.2407088485777258,Picard,0,0.0,0.0,,0,3.3530508906650826e-14
picard,Picard,50,143,266.666855167,0.025026138835388678,1.147877115119558,Picard,0,0.0,0.0,,0,3.5108494320665516e-14
picard,Picard,50,144,268.508122917,0.023327816012784667,1.0699799247069595,Picard,0,0.0,0.0,,0,2.6193888051001745e-14
picard,Picard,50,145,270.213085875,0.03046297718119222,1.3972492758352737,Picard,0,0.0,0.0,,0,3.4304960735995915e-14
picard,Picard,50,146,271.98540466699995,0.023945055362001463,1.0982909209887894,Picard,0,0.0,0.0,,0,2.4502678258793037e-14
picard,Picard,50,147,273.791508208,0.02771575858937578,1.271242248841647,Picard,0,0.0,0.0,,0,3.980208772329487e-14
picard,Picard,50,148,275.65863433299995,0.028776526947377683,1.3198966469732325,Picard,0,0.0,0.0,,0,2.5440972950667433e-14
picard,Picard,50,149,277.430175417,0.0226598670295429,1.0393430231468035,Picard,0,0.0,0.0,,0,2.9028789472603685e-14
picard,Picard,50,150,279.14342445799997,0.028604128372844626,1.3119892194756317,Picard,0,0.0,0.0,,0,2.4816539542025587e-14
picard,Picard,50,151,280.992236875,0.023436140783381392,1.074948470833329,Picard,0,0.0,0.0,,0,3.477472567246611e-14
picard,Picard,50,152,282.761052917,0.022894223632398618,1.050092287464591,Picard,0,0.0,0.0,,0,2.7850694484303735e-14
picard,Picard,50,153,284.505462875,0.026929499840242302,1.2351788180971244,Picard,0,0.0,0.0,,0,3.108875605991761e-14
picard,Picard,50,154,286.19054541699995,0.01984496328043448,0.9102314723750675,Picard,0,0.0,0.0,,0,3.63027539616322e-14
picard,Picard,50,155,287.99546,0.026806239149001473,1.229525204185693,Picard,0,0.0,0.0,,0,2.7782861792838836e-14
picard,Picard,50,156,289.76768925,0.025090510770220783,1.150829670898768,Picard,0,0.0,0.0,,0,3.5734165185659175e-14
picard,Picard,50,157,291.42639166699996,0.023068962232706904,1.058107045224117,Picard,0,0.0,0.0,,0,2.7383610222058907e-14
picard,Picard,50,158,293.21021316699995,0.030405370556464473,1.3946070254010694,Picard,0,0.0,0.0,,0,2.5606086792196037e-14
picard,Picard,50,159,294.895864875,0.024002134630702363,1.1009089831165706,Picard,0,0.0,0.0,,0,2.3246302761850155e-14
picard,Picard,50,160,296.6634315,0.027572796826265757,1.2646850033436285,Picard,0,0.0,0.0,,0,3.016780754981811e-14
picard,Picard,50,161,298.350279958,0.02897252568049091,1.328886545966958,Picard,0,0.0,0.0,,0,2.622672711277137e-14
picard,Picard,50,162,300.063450125,0.022714314393577288,1.0418403673661714,Picard,0,0.0,0.0,,0,3.086160834684481e-14
picard,Picard,50,163,301.84298670799996,0.028638879655768525,1.3135831610201811,Picard,0,0.0,0.0,,0,2.7894160241424235e-14
picard,Picard,50,164,303.642113833,0.0237221499947297,1.088066891960118,Picard,0,0.0,0.0,,0,3.4532763232325355e-14
picard,Picard,50,165,305.41307237499996,0.022796501800563078,1.0456100676883242,Picard,0,0.0,0.0,,0,3.25676303571709e-14
picard,Picard,50,166,307.148218708,0.027035593547196448,1.240045031741662,Picard,0,0.0,0.0,,0,2.3596632982603896e-14
picard,Picard,50,167,308.962359958,0.019862267122287103,0.9110251499054656,Picard,0,0.0,0.0,,0,3.8211529241596375e-14
picard,Picard,50,168,310.69652145799995,0.026561882002501674,1.218317243651789,Picard,0,0.0,0.0,,0,3.206365026720922e-14
picard,Picard,50,169,312.463642458,0.025157402789997493,1.1538978157368855,Picard,0,0.0,0.0,,0,2.6377387596249645e-14
picard,Picard,50,170,314.18669241699996,0.022812260357159678,1.046332867421976,Picard,0,0.0,0.0,,0,2.5043506397554042e-14
picard,Picard,50,171,315.97608354199997,0.03033372985755362,1.3913210722889315,Picard,0,0.0,0.0,,0,4.122676520366647e-14
picard,Picard,50,172,317.76613375,0.02405789174163204,1.103466401664527,Picard,0,0.0,0.0,,0,2.39397705371525e-14
picard,Picard,50,173,319.48005558299997,0.027420163030709866,1.2576841294946952,Picard,0,0.0,0.0,,0,3.537210885073093e-14
picard,Picard,50,174,321.290067583,0.02915861930728506,1.3374221261805763,Picard,0,0.0,0.0,,0,2.4068944366301092e-14
picard,Picard,50,175,323.025643125,0.022771738942469696,1.0444742665047173,Picard,0,0.0,0.0,,0,2.5671663563618956e-14
picard,Picard,50,176,324.870927292,0.028666899658739718,1.3148683580850489,Picard,0,0.0,0.0,,0,2.310065639854988e-14
picard,Picard,50,177,326.531763208,0.02401055063835914,1.101295001217622,Picard,0,0.0,0.0,,0,3.305573561737396e-14
picard,Picard,50,178,328.29292499999997,0.022709547199028367,1.04162170984325,Picard,0,0.0,0.0,,0,3.6343174193962156e-14
picard,Picard,50,179,330.032156167,0.027141184601653788,1.244888190159753,Picard,0,0.0,0.0,,0,2.7784794321253116e-14
picard,Picard,50,180,331.784283708,0.01990018318939873,0.912764251011675,Picard,0,0.0,0.0,,0,3.623852776671717e-14
picard,Picard,50,181,333.48088604199995,0.026317971342736682,1.207129762182133,Picard,0,0.0,0.0,,0,2.6164325209353814e-14
picard,Picard,50,182,335.207751208,0.025226980979144546,1.1570891674495367,Picard,0,0.0,0.0,,0,2.7056006897906473e-14
picard,Picard,50,183,337.187845167,0.022558783747513182,1.0347066233039715,Picard,0,0.0,0.0,,0,2.8478423679739047e-14
picard,Picard,50,184,339.04000533299995,0.030248235920207537,1.387399710915268,Picard,0,0.0,0.0,,0,2.608415836748499e-14
picard,Picard,50,185,340.813971208,0.024112419663765233,1.1059674408525302,Picard,0,0.0,0.0,,0,2.8500017326795104e-14
picard,Picard,50,186,342.50325208299995,0.02725799472334463,1.2502459349714954,Picard,0,0.0,0.0,,0,2.6995891623045265e-14
picard,Picard,50,187,344.32516516699997,0.02933450954446346,1.3454897062159166,Picard,0,0.0,0.0,,0,2.337420872813534e-14
picard,Picard,50,188,346.048496625,0.02283173497359529,1.0472261121481885,Picard,0,0.0,0.0,,0,2.6542796543913278e-14
picard,Picard,50,189,347.781765667,0.028687925221460842,1.3158327402631722,Picard,0,0.0,0.0,,0,2.8471291728563835e-14
picard,Picard,50,190,349.566782667,0.024300437466153704,1.1145912774745668,Picard,0,0.0,0.0,,0,3.184541859162229e-14
picard,Picard,50,191,351.40176025,0.022633216477329,1.0381206388552093,Picard,0,0.0,0.0,,0,2.7192268929017902e-14
picard,Picard,50,192,353.22260874999995,0.02724597193017212,1.2496944839772643,Picard,0,0.0,0.0,,0,4.4009703977877756e-14
picard,Picard,50,193,354.91453924999996,0.01995852088205746,0.9154400334322992,Picard,0,0.0,0.0,,0,2.6509023076883568e-14
picard,Picard,50,194,356.73151787499995,0.02607546188831237,1.1960065499772938,Picard,0,0.0,0.0,,0,3.337760340781445e-14
picard,Picard,50,195,358.38864275,0.025299354394666927,1.1604087281683362,Picard,0,0.0,0.0,,0,2.9300552036014814e-14
picard,Picard,50,196,360.1427065,0.022309638452172317,1.0232790441339448,Picard,0,0.0,0.0,,0,2.8184145640082226e-14
picard,Picard,50,197,361.87172499999997,0.030149102887630064,1.3828527634138352,Picard,0,0.0,0.0,,0,2.4803331002287743e-14
picard,Picard,50,198,363.66227533299997,0.024165811232195075,1.1084163587596862,Picard,0,0.0,0.0,,0,2.4771396288396972e-14
picard,Picard,50,199,365.381353125,0.027086463252478703,1.2423782790288467,Picard,0,0.0,0.0,,0,2.8694989139488405e-14
picard,Picard,50,200,367.12682437499996,0.029499874527624485,1.3530745230772478,Picard,0,0.0,0.0,,0,3.388409756682603e-14
picard,Picard,50,201,368.886774667,0.022893898440064182,1.0500773718261394,Picard,0,0.0,0.0,,0,2.6206988675726717e-14
picard,Picard,50,202,370.64090041699995,0.02870168676020867,1.3164639425233917,Picard,0,0.0,0.0,,0,2.090905714212429e-14
picard,Picard,50,203,372.40152758299996,0.024590918281954578,1.1279147982554705,Picard,0,0.0,0.0,,0,3.274736534938864e-14
picard,Picard,50,204,374.157747917,0.0225673158405152,1.0350979659064203,Picard,0,0.0,0.0,,0,3.1181967425644926e-14
picard,Picard,50,205,375.974231708,0.027349639188665842,1.2544494033995068,Picard,0,0.0,0.0,,0,4.2701543147730055e-14
picard,Picard,50,206,377.788188458,0.020036944491552716,0.9190370991729153,Picard,0,0.0,0.0,,0,3.380668633499896e-14
picard,Picard,50,207,379.55440358299995,0.025835288217258803,1.1849904734474699,Picard,0,0.0,0.0,,0,2.9438428693305797e-14
picard,Picard,50,208,381.544756417,0.02537459005798045,1.1638595719731468,Picard,0,0.0,0.0,,0,4.04077976982687e-14
picard,Picard,50,209,383.31672816699995,0.02206596577724344,1.0121024783452461,Picard,0,0.0,0.0,,0,3.532954752542374e-14
picard,Picard,50,210,385.174088167,0.03003659390078619,1.3776922993049752,Picard,0,0.0,0.0,,0,5.0098039720059116e-14
picard,Picard,50,211,386.96778120799996,0.02421817551985334,1.110818158248126,Picard,0,0.0,0.0,,0,2.188194046571949e-14
picard,Picard,50,212,388.913754333,0.026905781466122044,1.2340909243936822,Picard,0,0.0,0.0,,0,2.7618557506651518e-14
picard,Picard,50,213,390.669566417,0.029654385003067038,1.3601614748428934,Picard,0,0.0,0.0,,0,2.9682530132996665e-14
picard,Picard,50,214,392.405593125,0.0229578398577339,1.0530101810195247,Picard,0,0.0,0.0,,0,2.2070569744101984e-14
picard,Picard,50,215,394.11224158299996,0.028707915579791816,1.3167496405889514,Picard,0,0.0,0.0,,0,2.3026623433988444e-14
picard,Picard,50,216,395.93520724999996,0.02488112986606458,1.1412259701519278,Picard,0,0.0,0.0,,0,4.175809113071499e-14
picard,Picard,50,217,397.706606208,0.022511608289815004,1.0325428205438567,Picard,0,0.0,0.0,,0,4.710424114552822e-14
picard,Picard,50,218,399.555434375,0.02745186327719719,1.2591381287602548,Picard,0,0.0,0.0,,0,2.344010005482374e-14
picard,Picard,50,219,401.380909583,0.020134986202246772,0.9235339908737533,Picard,0,0.0,0.0,,0,2.979976746150867e-14
picard,Picard,50,220,403.12210799999997,0.025598361324949682,1.17412331733414,Picard,0,0.0,0.0,,0,3.730533886692471e-14
picard,Picard,50,221,404.91944054199996,0.025452720222067064,1.1674431782156225,Picard,0,0.0,0.0,,0,2.2287199310665297e-14
picard,Picard,50,222,406.696363583,0.021828938064453386,1.001230697886005,Picard,0,0.0,0.0,,0,3.599619191477412e-14
picard,Picard,50,223,408.454775708,0.029911030166763018,1.37193305143529,Picard,0,0.0,0.0,,0,4.129919598984405e-14
picard,Picard,50,224,410.24381474999996,0.02426964445814363,1.1131788906324354,Picard,0,0.0,0.0,,0,2.875418567776022e-14
picard,Picard,50,225,412.058051917,0.026716207333098256,1.2253957033550726,Picard,0,0.0,0.0,,0,2.649169228071974e-14
picard,Picard,50,226,413.883629458,0.02979771357411267,1.3667355447674725,Picard,0,0.0,0.0,,0,3.959016204376992e-14
picard,Picard,50,227,415.65767708299995,0.023023189110958624,1.0560075635866166,Picard,0,0.0,0.0,,0,3.1959904024967134e-14
picard,Picard,50,228,417.421247667,0.028706348154671584,1.316677747300218,Picard,0,0.0,0.0,,0,3.7717207885813974e-14
picard,Picard,50,229,419.098758375,0.025170245752256435,1.154486885531645,Picard,0,0.0,0.0,,0,3.2281500781726186e-14
picard,Picard,50,230,420.962219167,0.02246581741789006,1.03044252475673,Picard,0,0.0,0.0,,0,2.8983456422165694e-14
picard,Picard,50,231,422.665695583,0.027552318959185577,1.263745742391613,Picard,0,0.0,0.0,,0,3.2234511983250256e-14
picard,Picard,50,232,424.38063308299996,0.020252056231116148,0.9289036568813404,Picard,0,0.0,0.0,,0,3.118353521513722e-14
picard,Picard,50,233,426.10807054199995,0.025365562786585357,1.1634455169599243,Picard,0,0.0,0.0,,0,3.1943924968587396e-14
picard,Picard,50,234,427.932322833,0.02553374523775537,1.1711595629872635,Picard,0,0.0,0.0,,0,2.943522160218189e-14
picard,Picard,50,235,429.68988204199997,0.021599751027096863,0.9907185466910475,Picard,0,0.0,0.0,,0,4.034131990541552e-14
picard,Picard,50,236,431.44536979199995,0.029772795436533033,1.3655926213597824,Picard,0,0.0,0.0,,0,3.5793637553930125e-14
picard,Picard,50,237,433.24163124999995,0.02432037393140387,1.1155057058795064,Picard,0,0.0,0.0,,0,3.802472060584155e-14
picard,Picard,50,238,434.948372167,0.026518045642156554,1.2163065956976131,Picard,0,0.0,0.0,,0,5.1418705971935765e-14
picard,Picard,50,239,436.745341458,0.02992953905058206,1.3727820007798945,Picard,0,0.0,0.0,,0,2.8058916641636263e-14
picard,Picard,50,240,438.467619417,0.023089597173006446,1.0590535106736017,Picard,0,0.0,0.0,,0,2.5929162220900522e-14
picard,Picard,50,241,440.209702667,0.02869672854497741,1.3162365234303692,Picard,0,0.0,0.0,,0,2.7343304638655524e-14
picard,Picard,50,242,442.045547667,0.025457479395459844,1.1676614678311477,Picard,0,0.0,0.0,,0,3.042548354105325e-14
picard,Picard,50,243,444.05459854199995,0.022429630764927787,1.028782746910799,Picard,0,0.0,0.0,,0,3.229552256311049e-14
picard,Picard,50,244,445.874697875,0.027650681151755212,1.268257333675683,Picard,0,0.0,0.0,,0,2.894086876267263e-14
picard,Picard,50,245,447.667511042,0.020387453455455513,0.9351139387107568,Picard,0,0.0,0.0,,0,3.1514699866290326e-14
picard,Picard,50,246,449.42929,0.02513773845108879,1.1529958689857018,Picard,0,0.0,0.0,,0,4.03583228306831e-14
picard,Picard,50,247,451.160901083,0.025617634636428136,1.1750073287801008,Picard,0,0.0,0.0,,0,4.3018318411974614e-14
picard,Picard,50,248,452.992077958,0.021379614371447454,0.9806215105129541,Picard,0,0.0,0.0,,0,2.874708729097244e-14
picard,Picard,50,249,454.696205542,0.029622337672241074,1.3586915558155215,Picard,0,0.0,0.0,,0,2.8696253346210244e-14
picard,Picard,50,250,456.49363925,0.024370542262710508,1.1178067831567249,Picard,0,0.0,0.0,,0,2.6010768817406385e-14
picard,Picard,50,251,458.25518662499996,0.026311648808297894,1.2068397656852874,Picard,0,0.0,0.0,,0,2.673265349046844e-14
picard,Picard,50,252,459.974752375,0.030049549061636212,1.3782865153268813,Picard,0,0.0,0.0,,0,2.7639393618279982e-14
picard,Picard,50,253,461.76717974999997,0.02315673657453924,1.0621330022024082,Picard,0,0.0,0.0,,0,3.024567662101729e-14
picard,Picard,50,254,463.502403375,0.02867881024907427,1.3154146626573413,Picard,0,0.0,0.0,,0,2.3705400609804603e-14
picard,Picard,50,255,465.28706745799997,0.02574208447681182,1.1807154855475648,Picard,0,0.0,0.0,,0,4.299660752329293e-14
picard,Picard,50,256,467.02168125,0.02240270265012119,1.0275476316202177,Picard,0,0.0,0.0,,0,3.099387226672699e-14
picard,Picard,50,257,468.77950549999997,0.027746626109782863,1.272658053353435,Picard,0,0.0,0.0,,0,2.4067862159418678e-14
picard,Picard,50,258,470.584327083,0.020540376424570687,0.9421280761203688,Picard,0,0.0,0.0,,0,2.998195890712274e-14
picard,Picard,50,259,472.323198667,0.02491569218237618,1.1428112443406697,Picard,0,0.0,0.0,,0,2.954884009987997e-14
picard,Picard,50,260,474.172127958,0.025704327543215284,1.1789836834386727,Picard,0,0.0,0.0,,0,2.1370788290060777e-14
picard,Picard,50,261,475.869011458,0.021169741296937397,0.9709952353254602,Picard,0,0.0,0.0,,0,3.63607093344936e-14
picard,Picard,50,262,477.64597045799997,0.02946016897195701,1.3512533432702634,Picard,0,0.0,0.0,,0,2.839836936940504e-14
picard,Picard,50,263,479.34820483299995,0.024420347932764905,1.1200912262038398,Picard,0,0.0,0.0,,0,4.120511485333896e-14
picard,Picard,50,264,481.06478212499997,0.026097417482507938,1.1970135900281669,Picard,0,0.0,0.0,,0,3.325513693135282e-14
picard,Picard,50,265,482.834703625,0.030157441296089757,1.3832352222625757,Picard,0,0.0,0.0,,0,2.9012908964988726e-14
picard,Picard,50,266,484.55674829199995,0.023224301316813894,1.0652320028894962,Picard,0,0.0,0.0,,0,2.7442111280970914e-14
picard,Picard,50,267,486.277583792,0.02865235774956858,1.3142013624746796,Picard,0,0.0,0.0,,0,3.4569061573120634e-14
picard,Picard,50,268,488.031394667,0.026023354137750615,1.193616517108715,Picard,0,0.0,0.0,,0,5.0117052145798515e-14
picard,Picard,50,269,489.77772525,0.022384657692651674,1.026719961244903,Picard,0,0.0,0.0,,0,3.041726847577477e-14
picard,Picard,50,270,491.47010629199997,0.027839832060739846,1.2769331426430854,Picard,0,0.0,0.0,,0,2.4400873893639957e-14
picard,Picard,50,271,493.342794708,0.020709935919617617,0.9499052831955718,Picard,0,0.0,0.0,,0,3.1779412379985756e-14
picard,Picard,50,272,495.091369708,0.024700180340203326,1.1329263350746162,Picard,0,0.0,0.0,,0,2.7422057932711806e-14
picard,Picard,50,273,496.940861,0.025793733235330664,1.1830844657693271,Picard,0,0.0,0.0,,0,3.573500532707217e-14
picard,Picard,50,274,498.761639,0.020971337079633848,0.961895003680301,Picard,0,0.0,0.0,,0,4.167471169901705e-14
picard,Picard,50,275,500.656824417,0.029286864284096995,1.3433043549566468,Picard,0,0.0,0.0,,0,4.3831224308951695e-14
picard,Picard,50,276,502.48202516699996,0.02447000641226298,1.1223689180428569,Picard,0,0.0,0.0,,0,2.5984634973624838e-14
picard,Picard,50,277,504.33662649999997,0.025875800990150043,1.186848677990239,Picard,0,0.0,0.0,,0,2.8358149594694138e-14
picard,Picard,50,278,506.067694125,0.03025292519655751,1.387614794554179,Picard,0,0.0,0.0,,0,2.9539882251515194e-14
picard,Picard,50,279,507.86299216699996,0.023292007531407862,1.0683374925055726,Picard,0,0.0,0.0,,0,2.4628861443788178e-14
picard,Picard,50,280,509.580368583,0.028617148224052365,1.3125864026584602,Picard,0,0.0,0.0,,0,2.0477006036057063e-14
picard,Picard,50,281,511.28992933300003,0.026300619653400158,1.2063338900250629,Picard,0,0.0,0.0,,0,3.859347746490662e-14
picard,Picard,50,282,513.183071625,0.022375094810225028,1.026281339291899,Picard,0,0.0,0.0,,0,2.5445186083883152e-14
picard,Picard,50,283,514.954355667,0.027929979559627473,1.2810679495199677,Picard,0,0.0,0.0,,0,2.4499175023625983e-14
picard,Picard,50,284,516.81176175,0.02089516793818603,0.9584013439143519,Picard,0,0.0,0.0,,0,3.361103942151521e-14
picard,Picard,50,285,518.595761667,0.02449190677491451,1.1233734247814258,Picard,0,0.0,0.0,,0,3.690389106056907e-14
picard,Picard,50,286,520.334848667,0.025885732030048025,1.1873041862691316,Picard,0,0.0,0.0,,0,3.893759318022264e-14
picard,Picard,50,287,522.064013458,0.020785586805039592,0.9533751720460093,Picard,0,0.0,0.0,,0,3.1798558611617253e-14
picard,Picard,50,288,523.873326458,0.02910305922876677,1.3348737449434673,Picard,0,0.0,0.0,,0,4.98134680912576e-14
picard,Picard,50,289,525.6659422079999,0.024519747016638282,1.1246503767141358,Picard,0,0.0,0.0,,0,3.2384217998888856e-14
picard,Picard,50,290,527.4064543329999,0.025647297751323593,1.176367890670036,Picard,0,0.0,0.0,,0,3.4232227605893926e-14
picard,Picard,50,291,529.168028625,0.03033572345033678,1.391412512664441,Picard,0,0.0,0.0,,0,3.01177755289008e-14
picard,Picard,50,292,530.88595325,0.02335959345595917,1.0714374647628568,Picard,0,0.0,0.0,,0,2.668205246227494e-14
picard,Picard,50,293,532.661679167,0.028572973313835907,1.3105602263939766,Picard,0,0.0,0.0,,0,2.7405800025761107e-14
picard,Picard,50,294,534.3777202919999,0.026573248959031386,1.2188386133027305,Picard,0,0.0,0.0,,0,3.923191171626162e-14
picard,Picard,50,295,536.0962,0.022373591074893687,1.0262123672708694,Picard,0,0.0,0.0,,0,2.6662480832419537e-14
picard,Picard,50,296,537.8387356669999,0.028016751821134483,1.2850479439516385,Picard,0,0.0,0.0,,0,2.480139813986727e-14
picard,Picard,50,297,539.472167208,0.02109504726133401,0.9675692344281979,Picard,0,0.0,0.0,,0,4.221861964360267e-14
picard,Picard,50,298,541.2705925,0.02429151853214204,1.1141821915859849,Picard,0,0.0,0.0,,0,2.7873541668575803e-14
picard,Picard,50,299,543.0965300419999,0.025980176608142978,1.1916360878283532,Picard,0,0.0,0.0,,0,2.938531432494229e-14
picard,Picard,50,300,544.861434917,0.020613642480794146,0.9454885797045272,Picard,0,0.0,0.0,,0,4.1057254493367935e-14
picard,Picard,50,301,546.546500125,0.02890944707176045,1.3259933113416915,Picard,0,0.0,0.0,,0,3.3658269403248196e-14
picard,Picard,50,302,548.278892625,0.024569809769728713,1.1269466114217896,Picard,0,0.0,0.0,,0,2.445960691369633e-14
picard,Picard,50,303,550.066157083,0.02541245568065108,1.1655963593377205,Picard,0,0.0,0.0,,0,2.960182040965946e-14
picard,Picard,50,304,551.813379333,0.030405574285878707,1.3946163698842042,Picard,0,0.0,0.0,,0,2.871080178476388e-14
picard,Picard,50,305,553.554020958,0.02342682065110056,1.0745209831323528,Picard,0,0.0,0.0,,0,3.867428926282036e-14
picard,Picard,50,306,555.307671125,0.02851964109533355,1.3081140306975456,Picard,0,0.0,0.0,,0,2.244486517554114e-14
picard,Picard,50,307,557.07690725,0.026840644670584946,1.2311032866505587,Picard,0,0.0,0.0,,0,3.161227275594166e-14
picard,Picard,50,308,558.8536470829999,0.022379705980587715,1.0264928404334879,Picard,0,0.0,0.0,,0,3.323088645067475e-14
picard,Picard,50,309,560.582798833,0.028099834945513526,1.2888587282581843,Picard,0,0.0,0.0,,0,2.4626104390112552e-14
picard,Picard,50,310,562.317467625,0.021308501245808804,0.9773597556716599,Picard,0,0.0,0.0,,0,3.36343369099724e-14
picard,Picard,50,311,564.262233958,0.02409960233183642,1.1053795466474055,Picard,0,0.0,0.0,,0,3.185943276515478e-14
picard,Picard,50,312,566.105765,0.02607689371490562,1.196072223751024,Picard,0,0.0,0.0,,0,2.918463952879259e-14
picard,Picard,50,313,568.047396708,0.020456609375241006,0.9382859221405201,Picard,0,0.0,0.0,,0,3.909486728944193e-14
picard,Picard,50,314,569.858331333,0.028706775037090487,1.3166973271707976,Picard,0,0.0,0.0,,0,2.323026035980502e-14
picard,Picard,50,315,571.6067745,0.024620441772997083,1.1292689560002604,Picard,0,0.0,0.0,,0,2.4494106412327978e-14
picard,Picard,50,316,573.341982,0.02517187239919425,1.1545614951550702,Picard,0,0.0,0.0,,0,2.916930316118107e-14
picard,Picard,50,317,575.090457875,0.030462234010626196,1.3972151887357422,Picard,0,0.0,0.0,,0,2.9914703980441425e-14
picard,Picard,50,318,576.99864125,0.023493474425279024,1.0775782003291028,Picard,0,0.0,0.0,,0,3.1548684308847935e-14
picard,Picard,50,319,578.79432375,0.028456978119244577,1.3052398599478772,Picard,0,0.0,0.0,,0,2.2365497090107334e-14
picard,Picard,50,320,580.526101208,0.027102242532799914,1.2431020293002295,Picard,0,0.0,0.0,,0,2.991295950209648e-14
picard,Picard,50,321,582.342685167,0.022392985505455553,1.0271019341013412,Picard,0,0.0,0.0,,0,3.1131258581653036e-14
picard,Picard,50,322,584.122276417,0.02817891808858354,1.2924860449097417,Picard,0,0.0,0.0,,0,2.6554015115096003e-14
picard,Picard,50,323,585.8921423749999,0.02153442273487942,0.9877221255451611,Picard,0,0.0,0.0,,0,3.0643467873751537e-14
picard,Picard,50,324,587.657992833,0.023916681603415084,1.0969894981698136,Picard,0,0.0,0.0,,0,2.6165288776719982e-14
picard,Picard,50,325,589.40119725,0.02617568609370414,1.200603546441949,Picard,0,0.0,0.0,,0,2.1730320611635946e-14
picard,Picard,50,326,591.138760042,0.02031553214921983,0.9318151149465129,Picard,0,0.0,0.0,,0,3.196498472749082e-14
picard,Picard,50,327,593.097751292,0.028495839861670792,1.3070223364648557,Picard,0,0.0,0.0,,0,2.7317039135917816e-14
picard,Picard,50,328,594.8603382919999,0.02467189396589148,1.1316289203213519,Picard,0,0.0,0.0,,0,2.587552776397058e-14
picard,Picard,50,329,596.563157292,0.02492619543861695,1.143292998539842,Picard,0,0.0,0.0,,0,2.879736064216585e-14
picard,Picard,50,330,598.278400208,0.030505480008099037,1.3991987584404462,Picard,0,0.0,0.0,,0,2.2691628203686356e-14
picard,Picard,50,331,600.038464958,0.023559364794486348,1.0806004023322706,Picard,0,0.0,0.0,,0,3.3766750755416865e-14
picard,Picard,50,332,601.822305542,0.02838483154941607,1.3019307039895713,Picard,0,0.0,0.0,,0,2.876668317252491e-14
picard,Picard,50,333,603.482578125,0.0273575093444566,1.254810384843111,Picard,0,0.0,0.0,,0,2.9322161176115e-14
picard,Picard,50,334,605.246129042,0.022412966162493813,1.028018389456685,Picard,0,0.0,0.0,,0,3.760048138374694e-14
picard,Picard,50,335,607.027289542,0.028253693605068922,1.295915783101054,Picard,0,0.0,0.0,,0,2.4812208645456453e-14
picard,Picard,50,336,608.822859625,0.02177168284084291,0.9986045652118515,Picard,0,0.0,0.0,,0,3.4966017464597035e-14
picard,Picard,50,337,610.599170875,0.02374321434832503,1.0890330533642365,Picard,0,0.0,0.0,,0,2.7809547362628077e-14
picard,Picard,50,338,612.411149625,0.026276334761176922,1.2052200117632361,Picard,0,0.0,0.0,,0,3.045221177233348e-14
picard,Picard,50,339,614.1626327079999,0.02019138092813845,0.9261206549888328,Picard,0,0.0,0.0,,0,3.233580195509815e-14
picard,Picard,50,340,616.046490792,0.02827748282884872,1.297006926474904,Picard,0,0.0,0.0,,0,3.095117498579167e-14
picard,Picard,50,341,617.7941133329999,0.024724417315110953,1.1340380155067908,Picard,0,0.0,0.0,,0,2.8008313898449717e-14
picard,Picard,50,342,619.5909849999999,0.02467612228646229,1.131822861242504,Picard,0,0.0,0.0,,0,2.9064677614690195e-14
picard,Picard,50,343,621.369514125,0.03053511384575381,1.4005579774674333,Picard,0,0.0,0.0,,0,2.7402253611140202e-14
picard,Picard,50,344,623.280655583,0.02362432731470977,1.0835800465672618,Picard,0,0.0,0.0,,0,3.325535380636649e-14
picard,Picard,50,345,625.049820917,0.02830307124459693,1.2981805936171962,Picard,0,0.0,0.0,,0,2.6218551873593376e-14
picard,Picard,50,346,626.83622525,0.027605940837470633,1.2662052239503945,Picard,0,0.0,0.0,,0,3.025009949238402e-14
picard,Picard,50,347,628.57478125,0.022439178726746726,1.0292206844983784,Picard,0,0.0,0.0,,0,3.65973724258255e-14
picard,Picard,50,348,630.3125555419999,0.028323857112873125,1.2991339816995158,Picard,0,0.0,0.0,,0,3.509202984188244e-14
picard,Picard,50,349,632.084721542,0.022019142499338947,1.009954829060833,Picard,0,0.0,0.0,,0,4.5474119384186486e-14
picard,Picard,50,350,633.872637042,0.02357959172212456,1.0815281534127628,Picard,0,0.0,0.0,,0,3.22782262961627e-14
picard,Picard,50,351,635.590133917,0.026378601255280864,1.2099106821458134,Picard,0,0.0,0.0,,0,2.949850046595657e-14
picard,Picard,50,352,637.363717375,0.020085037624742397,0.9212429930723276,Picard,0,0.0,0.0,,0,4.181793030731996e-14
picard,Picard,50,353,639.076465,0.028052584262401866,1.286691475124395,Picard,0,0.0,0.0,,0,2.6462031087642486e-14
picard,Picard,50,354,640.9453367919999,0.024778259408643272,1.136507597706522,Picard,0,0.0,0.0,,0,3.009055912387415e-14
picard,Picard,50,355,642.78016825,0.024422400281631503,1.1201853615521533,Picard,0,0.0,0.0,,0,3.334368261439881e-14
picard,Picard,50,356,644.553653208,0.030550964988296805,1.4012850238525463,Picard,0,0.0,0.0,,0,2.6999299383378835e-14
picard,Picard,50,357,646.31717725,0.023688223740803097,1.086510792126251,Picard,0,0.0,0.0,,0,2.4248903643535242e-14
picard,Picard,50,358,648.07433825,0.028211591953167615,1.2939847012412387,Picard,0,0.0,0.0,,0,2.4242074472666987e-14
picard,Picard,50,359,649.8979117499999,0.027847059529627058,1.2772646458841743,Picard,0,0.0,0.0,,0,3.268358569663626e-14
picard,Picard,50,360,651.6424257919999,0.022471151771551755,1.0306871962393143,Picard,0,0.0,0.0,,0,2.4850900073477747e-14
picard,Picard,50,361,653.435039083,0.028389107463695894,1.3021268278974705,Picard,0,0.0,0.0,,0,2.975180962711905e-14
picard,Picard,50,362,655.1245215829999,0.022275662777111013,1.0217206774945629,Picard,0,0.0,0.0,,0,3.656517301849458e-14
picard,Picard,50,363,656.9126904579999,0.023426137353579304,1.0744896422374337,Picard,0,0.0,0.0,,0,2.715053753553356e-14
picard,Picard,50,364,658.6760631669999,0.026482229956122098,1.2146638330392712,Picard,0,0.0,0.0,,0,3.580792163397903e-14
picard,Picard,50,365,660.405433,0.019997283001032682,0.9172179405076919,Picard,0,0.0,0.0,,0,3.2513010684189337e-14
picard,Picard,50,366,662.217116125,0.02782205762517319,1.2761178803305357,Picard,0,0.0,0.0,,0,3.5089841753339025e-14
picard,Picard,50,367,663.975783792,0.024833660719458816,1.1390486967250755,Picard,0,0.0,0.0,,0,2.41954375713296e-14
picard,Picard,50,368,665.759952542,0.024165826418834305,1.1084170553272128,Picard,0,0.0,0.0,,0,2.988331699843464e-14
picard,Picard,50,369,667.516032667,0.030552894345044882,1.4013735179056075,Picard,0,0.0,0.0,,0,5.109140596692353e-14
picard,Picard,50,370,669.277188792,0.023750942817722175,1.0893875360598788,Picard,0,0.0,0.0,,0,2.824698824805817e-14
picard,Picard,50,371,670.980788417,0.0281103153968926,1.2893394364638444,Picard,0,0.0,0.0,,0,3.302480861450424e-14
picard,Picard,50,372,672.783191958,0.028080412400027344,1.2879678718768781,Picard,0,0.0,0.0,,0,3.0068716487811486e-14
picard,Picard,50,373,674.506389708,0.022508414904798872,1.0323963491443373,Picard,0,0.0,0.0,,0,2.8155289689353895e-14
picard,Picard,50,374,676.227054083,0.028449146737922416,1.3048806569777902,Picard,0,0.0,0.0,,0,2.8329989694394717e-14
picard,Picard,50,375,678.0308609169999,0.022540114154105804,1.0338503026720962,Picard,0,0.0,0.0,,0,3.92928141592655e-14
picard,Picard,50,376,679.799337292,0.023283107303007363,1.0679292645896536,Picard,0,0.0,0.0,,0,2.6741577319706583e-14
picard,Picard,50,377,681.512975667,0.02658695043112191,1.2194670604778863,Picard,0,0.0,0.0,,0,2.6367165546253368e-14
picard,Picard,50,378,683.238148292,0.019928784774777136,0.914076123591299,Picard,0,0.0,0.0,,0,3.435032953201101e-14
picard,Picard,50,379,685.034981667,0.027586843347395997,1.2653292769272804,Picard,0,0.0,0.0,,0,2.6889188069925133e-14
picard,Picard,50,380,686.782560417,0.024890851087231866,1.1416718546482276,Picard,0,0.0,0.0,,0,2.8905550945157253e-14
picard,Picard,50,381,688.564033875,0.02390724687684933,1.0965567543580945,Picard,0,0.0,0.0,,0,2.963975024043943e-14
picard,Picard,50,382,690.461958792,0.0305407981486873,1.4008187001180858,Picard,0,0.0,0.0,,0,3.042988239631571e-14
picard,Picard,50,383,692.233943667,0.023812400670316133,1.0922064312558584,Picard,0,0.0,0.0,,0,2.8604062468082615e-14
picard,Picard,50,384,694.0091763749999,0.02799919233659203,1.2842425408252451,Picard,0,0.0,0.0,,0,3.154375379865846e-14
picard,Picard,50,385,695.7147028329999,0.02830556841942002,1.2982951318546259,Picard,0,0.0,0.0,,0,6.035722075913268e-14
picard,Picard,50,386,697.486307042,0.022550501638095858,1.0343267467306176,Picard,0,0.0,0.0,,0,2.832691159378283e-14
picard,Picard,50,387,699.262412292,0.02850368013988269,1.3073819475097237,Picard,0,0.0,0.0,,0,4.066663485168333e-14
picard,Picard,50,388,701.0450909169999,0.02281138430329866,1.0462926853473344,Picard,0,0.0,0.0,,0,3.095456475526378e-14
picard,Picard,50,389,702.85473875,0.023150690781278613,1.061855699028624,Picard,0,0.0,0.0,,0,2.534573357162418e-14
picard,Picard,50,390,704.872520417,0.0266924796278311,1.2243073816587207,Picard,0,0.0,0.0,,0,2.6730677201239343e-14
picard,Picard,50,391,706.667280958,0.019880087291914497,0.9118425099080365,Picard,0,0.0,0.0,,0,3.8752543951732834e-14
picard,Picard,50,392,708.406553292,0.027347902427981068,1.2543697431747471,Picard,0,0.0,0.0,,0,2.567879719996472e-14
picard,Picard,50,393,710.195585417,0.024950046213149845,1.1443869650699674,Picard,0,0.0,0.0,,0,2.3443756958291e-14
picard,Picard,50,394,711.96781375,0.023647556406431455,1.084645498292265,Picard,0,0.0,0.0,,0,2.7865413266677813e-14
picard,Picard,50,395,713.815099667,0.030514611764061523,1.399617605860703,Picard,0,0.0,0.0,,0,3.23015668061692e-14
picard,Picard,50,396,715.594423167,0.023872541171939307,1.0949649033461448,Picard,0,0.0,0.0,,0,2.6872709076019898e-14
picard,Picard,50,397,717.285398208,0.027878204613022733,1.2786931814131082,Picard,0,0.0,0.0,,0,2.5676953568137615e-14
picard,Picard,50,398,719.061177917,0.028522116145256793,1.3082275541293606,Picard,0,0.0,0.0,,0,2.8847742233021106e-14
picard,Picard,50,399,720.874869125,0.022596952023880696,1.0364572925244215,Picard,0,0.0,0.0,,0,2.3379464621622033e-14
picard,Picard,50,400,722.652757875,0.028552415931008563,1.3096173182830022,Picard,0,0.0,0.0,,0,3.814097920208599e-14
picard,Picard,50,401,724.358976,0.02308838461273547,1.0589978940163574,Picard,0,0.0,0.0,,0,3.448249696339479e-14
picard,Picard,50,402,726.078624,0.023029011420318712,1.0562746161957128,Picard,0,0.0,0.0,,0,2.990632741038899e-14
picard,Picard,50,403,727.883838083,0.026798523922698835,1.2291713289127626,Picard,0,0.0,0.0,,0,2.6760148144402342e-14
picard,Picard,50,404,729.6595136669999,0.019851602886623913,0.9105360120425081,Picard,0,0.0,0.0,,0,5.250024279133446e-14
picard,Picard,50,405,731.408513417,0.027106209961836658,1.2432840038759758,Picard,0,0.0,0.0,,0,3.6733196655529854e-14
picard,Picard,50,406,733.234694792,0.02501144452475039,1.1472031292915765,Picard,0,0.0,0.0,,0,3.269939912623052e-14
picard,Picard,50,407,735.000418417,0.023387697378258143,1.0727265109662796,Picard,0,0.0,0.0,,0,2.6092711021214032e-14
picard,Picard,50,408,736.808220333,0.030474313596707082,1.3977692446575753,Picard,0,0.0,0.0,,0,3.2290371299622546e-14
picard,Picard,50,409,738.5358780419999,0.023931336204963554,1.0976616626558868,Picard,0,0.0,0.0,,0,3.096112827297248e-14
picard,Picard,50,410,740.353865208,0.02774736714757236,1.2726920426286323,Picard,0,0.0,0.0,,0,2.215523110111941e-14
picard,Picard,50,411,742.125529125,0.028729661380217434,1.3177470580021093,Picard,0,0.0,0.0,,0,3.1448161180720344e-14
picard,Picard,50,412,743.961083833,0.022647314806782545,1.0387672887378614,Picard,0,0.0,0.0,,0,2.2463085743132778e-14
picard,Picard,50,413,745.755533625,0.02859506544192065,1.3115735288622306,Picard,0,0.0,0.0,,0,3.9017749221187594e-14
picard,Picard,50,414,747.469842125,0.023370055358792077,1.0719173221999743,Picard,0,0.0,0.0,,0,3.427906124403286e-14
picard,Picard,50,415,749.215158292,0.022918129160776384,1.0511887653963317,Picard,0,0.0,0.0,,0,3.114542134844818e-14
picard,Picard,50,416,750.9124759169999,0.0269047810835763,1.2340450397193352,Picard,0,0.0,0.0,,0,2.189052627786397e-14
picard,Picard,50,417,752.7013768329999,0.01984360548246792,0.9101691940818387,Picard,0,0.0,0.0,,0,4.35390852178718e-14
picard,Picard,50,418,754.4381879169999,0.02686274855861713,1.2321171285138282,Picard,0,0.0,0.0,,0,2.7608564028065145e-14
picard,Picard,50,419,756.23015275,0.02507522403217455,1.1501285121269929,Picard,0,0.0,0.0,,0,4.375831289534313e-14
picard,Picard,50,420,758.0446802079999,0.023128658317678914,1.060845133198947,Picard,0,0.0,0.0,,0,2.9606184651130895e-14
picard,Picard,50,421,759.863101125,0.030419928945565392,1.3952747768984886,Picard,0,0.0,0.0,,0,2.483256093948138e-14
picard,Picard,50,422,761.592940875,0.023988785756459876,1.1002967085920685,Picard,0,0.0,0.0,,0,2.341471297478356e-14
picard,Picard,50,423,763.317177458,0.027606729889848688,1.2662414155168744,Picard,0,0.0,0.0,,0,4.2878830302530036e-14
picard,Picard,50,424,765.060822583,0.028927824875762648,1.3268362484315492,Picard,0,0.0,0.0,,0,3.071148462305042e-14
picard,Picard,50,425,766.820026583,0.02270114933134755,1.0412365237707994,Picard,0,0.0,0.0,,0,3.4675285053885915e-14
picard,Picard,50,426,768.658559083,0.028631343145921927,1.3132374829578286,Picard,0,0.0,0.0,,0,2.518512100983501e-14
picard,Picard,50,427,770.379282792,0.02365536997045635,1.0850038840340965,Picard,0,0.0,0.0,,0,3.438375522525977e-14
picard,Picard,50,428,772.111713208,0.022818042596130097,1.0465980821173773,Picard,0,0.0,0.0,,0,3.213440104596847e-14
picard,Picard,50,429,773.947920042,0.027010941975596014,1.23891433494988,Picard,0,0.0,0.0,,0,2.3350895525445345e-14
picard,Picard,50,430,775.7064425,0.01985622642419054,0.9107480804322241,Picard,0,0.0,0.0,,0,3.063653056032944e-14
picard,Picard,50,431,777.4577289169999,0.0266185018580002,1.220914233815379,Picard,0,0.0,0.0,,0,4.8347457608896174e-14
picard,Picard,50,432,779.2581467499999,0.025141539605989954,1.1531702170443763,Picard,0,0.0,0.0,,0,3.561204060950715e-14
picard,Picard,50,433,781.001264875,0.022871472074887902,1.0490487388624012,Picard,0,0.0,0.0,,0,3.5256813807149893e-14
picard,Picard,50,434,782.708937917,0.030351533568301035,1.3921376773699465,Picard,0,0.0,0.0,,0,3.255826575778271e-14
picard,Picard,50,435,784.445833667,0.02404491761268607,1.102871315630535,Picard,0,0.0,0.0,,0,2.5968915616654187e-14
picard,Picard,50,436,786.1508847079999,0.027456379690768036,1.2593452836799366,Picard,0,0.0,0.0,,0,2.523855803521787e-14
picard,Picard,50,437,787.9421663329999,0.02911624038712837,1.3354783268221808,Picard,0,0.0,0.0,,0,2.3970726076402273e-14
picard,Picard,50,438,789.686958292,0.02275802747769852,1.043845360993998,Picard,0,0.0,0.0,,0,2.7519987331857875e-14
picard,Picard,50,439,791.409311667,0.02866096684112492,1.3145962367796808,Picard,0,0.0,0.0,,0,2.899298649722718e-14
picard,Picard,50,440,793.1550280829999,0.023943337784171556,1.0982121406264909,Picard,0,0.0,0.0,,0,3.467563629513915e-14
picard,Picard,50,441,794.928380833,0.02272869171468974,1.0424998137949737,Picard,0,0.0,0.0,,0,3.317388177107102e-14
picard,Picard,50,442,796.768313625,0.027116692090903123,1.2437647890323384,Picard,0,0.0,0.0,,0,2.4002158372273475e-14
picard,Picard,50,443,798.50944375,0.01988945283904343,0.9122720806576671,Picard,0,0.0,0.0,,0,3.7543181750475323e-14
picard,Picard,50,444,800.276714083,0.026374447992905215,1.2097201839285114,Picard,0,0.0,0.0,,0,2.8886685418056244e-14
picard,Picard,50,445,802.040018292,0.02521052048030174,1.1563341716409787,Picard,0,0.0,0.0,,0,2.308693368765174e-14
picard,Picard,50,446,803.855090583,0.022617213081452762,1.037386609046961,Picard,0,0.0,0.0,,0,2.5801438845425193e-14
picard,Picard,50,447,805.6491337919999,0.03026925710426095,1.3883638922564787,Picard,0,0.0,0.0,,0,2.8115093237677534e-14
picard,Picard,50,448,807.538013792,0.024099786943933818,1.1053880142741204,Picard,0,0.0,0.0,,0,2.5345977319483125e-14
picard,Picard,50,449,809.458686542,0.02729644210999977,1.2520094061792544,Picard,0,0.0,0.0,,0,2.7475147992504404e-14
picard,Picard,50,450,811.2245495,0.02929455264881855,1.3436569981659974,Picard,0,0.0,0.0,,0,2.9953163103028585e-14
picard,Picard,50,451,813.038906792,0.02281753467353074,1.0465747851664617,Picard,0,0.0,0.0,,0,2.6537101929021443e-14
picard,Picard,50,452,814.84003875,0.02868365797958269,1.3156370141334313,Picard,0,0.0,0.0,,0,2.4407021012634396e-14
picard,Picard,50,453,816.707098458,0.024233006394909565,1.111498407893755,Picard,0,0.0,0.0,,0,2.967254369919142e-14
picard,Picard,50,454,818.444249875,0.022649961149598538,1.038888668882726,Picard,0,0.0,0.0,,0,2.836098497071004e-14
picard,Picard,50,455,820.293279333,0.0272217129628135,1.2485817948145232,Picard,0,0.0,0.0,,0,3.505126248586201e-14
picard,Picard,50,456,822.133336292,0.01994312861691321,0.914734034435604,Picard,0,0.0,0.0,,0,2.912812709240909e-14
picard,Picard,50,457,824.026352375,0.02613155316252274,1.198579295635243,Picard,0,0.0,0.0,,0,1.436336216439923e-13
picard,Picard,50,458,825.958160833,0.025282268359254914,1.1596250407938444,Picard,0,0.0,0.0,,0,2.7341249547426443e-14
picard,Picard,50,459,827.734391083,0.02236699402151144,1.0259097793784857,Picard,0,0.0,0.0,,0,4.6076827620869196e-14
picard,Picard,50,460,829.477952542,0.030173286205713024,1.383961982761561,Picard,0,0.0,0.0,,0,3.001531145315272e-14
picard,Picard,50,461,831.160037083,0.02415347577819702,1.1078505669113268,Picard,0,0.0,0.0,,0,2.422749384499544e-14
picard,Picard,50,462,833.066845417,0.027127083180151706,1.2442413984537146,Picard,0,0.0,0.0,,0,2.911360235757107e-14
picard,Picard,50,463,834.777341333,0.029462416257804137,1.3513564198180288,Picard,0,0.0,0.0,,0,3.207663321647741e-14
picard,Picard,50,464,836.4527117079999,0.022879271468499367,1.0494064746480651,Picard,0,0.0,0.0,,0,2.6032817610308053e-14
picard,Picard,50,465,838.210017333,0.02869914227659648,1.3163472343676732,Picard,0,0.0,0.0,,0,2.8416275455480384e-14
picard,Picard,50,466,839.935656583,0.02452346287019748,1.1248208122452337,Picard,0,0.0,0.0,,0,3.2592288945632705e-14
picard,Picard,50,467,841.7129219579999,0.022581683499795065,1.03575696917471,Picard,0,0.0,0.0,,0,3.294719290891665e-14
picard,Picard,50,468,843.4478239169999,0.027325683367948606,1.2533506187025907,Picard,0,0.0,0.0,,0,3.5248014246129297e-14
picard,Picard,50,469,845.1480178749999,0.02001695765765198,0.9181203605026291,Picard,0,0.0,0.0,,0,3.057573726041627e-14
picard,Picard,50,470,846.9167685,0.025890765342890875,1.1875350498739228,Picard,0,0.0,0.0,,0,3.706740753014393e-14
picard,Picard,50,471,848.74684125,0.025356855566815713,1.1630461417955957,Picard,0,0.0,0.0,,0,2.3277291309474208e-14
picard,Picard,50,472,850.459940792,0.022121961347251518,1.0146708343262918,Picard,0,0.0,0.0,,0,3.630300476426076e-14
picard,Picard,50,473,852.216984542,0.030063867060854337,1.378943240830759,Picard,0,0.0,0.0,,0,4.536588393014996e-14
picard,Picard,50,474,853.992827917,0.024206091873674188,1.1102639161012458,Picard,0,0.0,0.0,,0,2.2604031925981013e-14
picard,Picard,50,475,855.902061625,0.02694851099806543,1.2360508053078016,Picard,0,0.0,0.0,,0,2.7302566393128532e-14
picard,Picard,50,476,857.763836333,0.02961949437185469,1.358561141792551,Picard,0,0.0,0.0,,0,3.912551164725893e-14
picard,Picard,50,477,859.502691958,0.022942854517205576,1.0523228464863041,Picard,0,0.0,0.0,,0,2.778952666844397e-14
picard,Picard,50,478,861.229043917,0.028707150373573676,1.3167145427773423,Picard,0,0.0,0.0,,0,2.0705031375068893e-14
picard,Picard,50,479,863.062602375,0.024813834366346897,1.1381393188476832,Picard,0,0.0,0.0,,0,3.370932158729312e-14
picard,Picard,50,480,864.806769125,0.022523643076865794,1.0330948216628388,Picard,0,0.0,0.0,,0,3.829968037320183e-14
picard,Picard,50,481,866.535049333,0.02742828036963527,1.2580564485187935,Picard,0,0.0,0.0,,0,3.003785223336907e-14
picard,Picard,50,482,868.257561667,0.020110509949338048,0.9224113354468573,Picard,0,0.0,0.0,,0,2.854818083774459e-14
picard,Picard,50,483,869.975821917,0.025653008087985957,1.176629807413065,Picard,0,0.0,0.0,,0,4.9617791359742056e-14
picard,Picard,50,484,871.705061958,0.02543432401386047,1.1665993969777648,Picard,0,0.0,0.0,,0,2.4382606460177232e-14
picard,Picard,50,485,873.453406583,0.02188328989742234,1.00372366036976,Picard,0,0.0,0.0,,0,5.043805971394587e-14
picard,Picard,50,486,875.1284953329999,0.029941307510076638,1.3733217862187468,Picard,0,0.0,0.0,,0,4.2793735361955784e-14
picard,Picard,50,487,877.093281083,0.02425776765391877,1.1126341357319633,Picard,0,0.0,0.0,,0,2.3011868713393273e-14
picard,Picard,50,488,878.87098325,0.026760977284601445,1.227449172454463,Picard,0,0.0,0.0,,0,3.08775088976955e-14
picard,Picard,50,489,880.677132792,0.029765458319197725,1.365256088859282,Picard,0,0.0,0.0,,0,4.469665045892825e-14
picard,Picard,50,490,882.425361875,0.02300791769297243,1.0553071075019973,Picard,0,0.0,0.0,,0,3.0885642590681795e-14
picard,Picard,50,491,884.2177608329999,0.028707418887332917,1.3167268587323266,Picard,0,0.0,0.0,,0,2.275525911923375e-14
picard,Picard,50,492,885.989020417,0.025103288428836742,1.1514157454029712,Picard,0,0.0,0.0,,0,2.875572259796661e-14
picard,Picard,50,493,887.804935542,0.022475579897291365,1.0308903016497335,Picard,0,0.0,0.0,,0,2.9900906125333916e-14
picard,Picard,50,494,889.661950458,0.027529180259369554,1.2626844366837235,Picard,0,0.0,0.0,,0,2.4232324004755808e-14
picard,Picard,50,495,891.359078792,0.020223229494679546,0.9275814572692945,Picard,0,0.0,0.0,,0,2.86257753061994e-14
picard,Picard,50,496,893.104652417,0.025419174522360376,1.1659045333108988,Picard,0,0.0,0.0,,0,3.1535937361867615e-14
picard,Picard,50,497,894.904463125,0.025514684327260784,1.1702852937644324,Picard,0,0.0,0.0,,0,2.9571827845760533e-14
picard,Picard,50,498,896.822412208,0.021652176047146657,0.9931231317998677,Picard,0,0.0,0.0,,0,3.1256213774562585e-14
picard,Picard,50,499,898.534009708,0.02980597854204924,1.3671146351103332,Picard,0,0.0,0.0,,0,3.9941565665115344e-14
picard,Picard,50,500,900.229297125,0.024308658740678217,1.1149683637261008,Picard,0,0.0,0.0,,0,2.844595997397779e-14
aa_pure,AA_pure,50,0,1.7286586660002285,1.0,45.86712807236492,initial,0,0.0,0.0,,0,1.3983882637437574e-14
aa_pure,AA_pure,50,1,3.511256875000072,0.5628608482962506,25.81681061572409,AA,1,100.0,0.0,,1,2.3955646881308396e-14
aa_pure,AA_pure,50,2,5.20608862500012,0.3043727579863665,13.960704272299603,AA,2,100.0,0.0,,2,1.0830177825118283e-14
aa_pure,AA_pure,50,3,6.935519083000145,0.2806909369442249,12.87448715357287,AA,3,100.0,0.0,,3,8.3380143021664e-15
aa_pure,AA_pure,50,4,8.650750916000106,0.24319113388442312,11.15447888394048,AA,4,100.0,0.0,,4,8.598865962967029e-15
aa_pure,AA_pure,50,5,10.361487665999903,0.1199666461347145,5.502525522673032,AA,5,100.0,0.0,,5,9.09627857297249e-14
aa_pure,AA_pure,50,6,12.078875790999973,0.08990345072419702,4.123613088514293,AA,6,100.0,0.0,,6,3.248447731801092e-14
aa_pure,AA_pure,50,7,13.78433908299985,0.07235090033619147,3.3185280118710043,AA,7,100.0,0.0,,7,2.802190738843619e-14
aa_pure,AA_pure,50,8,15.526233333000164,0.06190079850060873,2.839211852609075,AA,8,100.0,0.0,,8,4.236230344155809e-14
aa_pure,AA_pure,50,9,17.256035333,0.04986708151067595,2.2872598142452345,AA,9,100.0,0.0,,9,5.418263397551587e-14
aa_pure,AA_pure,50,10,18.958200125000076,0.034944871005175314,1.6028208738666476,AA,10,100.0,0.0,,10,4.057584222854995e-14
aa_pure,AA_pure,50,11,20.671011916000225,0.014237963043996766,0.6530544744285983,AA,11,100.0,0.0,,11,4.660584873679133e-14
aa_pure,AA_pure,50,12,22.473388082999918,0.017250022297235885,0.7912089819584689,AA,12,100.0,0.0,,12,2.935457162122651e-14
aa_pure,AA_pure,50,13,24.195608708000236,0.008585759100784799,0.39380411227416906,AA,13,100.0,0.0,,13,2.4811350567596488e-14
aa_pure,AA_pure,50,14,25.903544499999953,0.007183148358209573,0.32947038570879633,AA,14,100.0,0.0,,14,3.991734278142533e-14
aa_pure,AA_pure,50,15,27.746748832999856,0.0060095594727402135,0.27564123399466917,AA,15,100.0,0.0,,15,1.8399762016092795e-14
aa_pure,AA_pure,50,16,29.498005124999963,0.001988474018593227,0.09120559247938569,AA,16,100.0,0.0,,16,3.010192958522476e-14
aa_pure,AA_pure,50,17,31.249094332999903,0.0013683085031272505,0.06276038135544354,AA,17,100.0,0.0,,17,2.6927353619444215e-14
aa_pure,AA_pure,50,18,33.115202625000165,0.0008593414597857909,0.0394155247938879,AA,18,100.0,0.0,,18,2.2720417519635913e-14
aa_pure,AA_pure,50,19,34.837876957999924,0.0008377292829956314,0.03842423631313106,AA,19,100.0,0.0,,19,2.7992136489020116e-14
aa_pure,AA_pure,50,20,36.680436208000174,0.0005019328642372437,0.02302221896769861,AA,20,100.0,0.0,,20,4.049189577511541e-14
aa_pure,AA_pure,50,21,38.43709712500004,0.0003723813215558335,0.01708006176755792,AA,21,100.0,0.0,,21,3.798015764423321e-14
aa_pure,AA_pure,50,22,40.1751079579999,0.0002786901116995891,0.012782715045826738,AA,22,100.0,0.0,,22,3.817116800844146e-14
aa_pure,AA_pure,50,23,41.97732120799992,0.00015560576427158077,0.007137189518642821,AA,23,100.0,0.0,,23,2.846280541002952e-14
aa_pure,AA_pure,50,24,43.74900054099999,0.00010406652342842241,0.004773232558137215,AA,24,100.0,0.0,,24,2.369425350974735e-14
aa_pure,AA_pure,50,25,45.5606572910001,4.659692349405268e-05,0.0021372670576799042,AA,25,100.0,0.0,,25,2.240294317952382e-14
aa_pure,AA_pure,50,26,47.419677541000055,3.1835697054659825e-05,0.001460211994079093,AA,26,100.0,0.0,,26,2.1136323304487566e-14
aa_pure,AA_pure,50,27,49.1857480409999,2.8120396466241925e-05,0.0012898018261627963,AA,27,100.0,0.0,,27,2.112145440986178e-14
aa_pure,AA_pure,50,28,50.980868208000174,1.0618164929311279e-05,0.00048702473070621403,AA,28,100.0,0.0,,28,2.564488819041796e-14
aa_pure,AA_pure,50,29,52.878539374999946,6.583945240005846e-06,0.0003019866595447855,AA,29,100.0,0.0,,29,3.1646735166214006e-14
aa_pure,AA_pure,50,30,54.70941158300002,4.228464261224906e-06,0.00019394751181902068,AA,30,100.0,0.0,,30,3.6948294605115656e-14
aa_pure,AA_pure,50,31,56.62647095800003,3.1125398949330258e-06,0.00014276326599123835,AA,31,100.0,0.0,,31,3.8514165055604785e-14
aa_pure,AA_pure,50,32,58.571561374999874,1.7666531384080226e-06,8.10313057588062e-05,AA,32,100.0,0.0,,32,2.519788408564702e-14
aa_pure,AA_pure,50,33,60.4939334579999,8.674309274982161e-07,3.978656544549097e-05,AA,33,100.0,0.0,,33,3.550066384661599e-14
aa_pure,AA_pure,50,34,62.38827274999994,9.574916964086353e-07,4.3917394267400825e-05,AA,34,100.0,0.0,,34,2.4581330249265176e-14
aa_pure,AA_pure,50,35,64.17897320800012,7.964075891325741e-07,3.6528928888547155e-05,AA,35,100.0,0.0,,35,2.779286558162886e-14
aa_pure,AA_pure,50,36,66.07062291600005,3.689139271765068e-07,1.6921022345483942e-05,AA,36,100.0,0.0,,36,3.977530335391494e-14
aa_pure,AA_pure,50,37,67.9778530829999,1.1499259386156559e-07,5.274380030021873e-06,AA,37,100.0,0.0,,37,2.685079709338289e-14
aa_pure,AA_pure,50,38,69.79421512499994,1.2898424620056152e-07,5.916136939798603e-06,AA,38,100.0,0.0,,38,2.764678978835765e-14
aa_pure,AA_pure,50,39,71.66556545799995,6.048659623010653e-08,2.774346455947721e-06,AA,39,100.0,0.0,,39,3.011154024480061e-14
aa_pure,AA_pure,50,40,73.5477934999999,3.0097396550408774e-08,1.3804811422223535e-06,AA,40,100.0,0.0,,40,3.362970590332678e-14
aa_pure,AA_pure,50,41,75.42815366600007,1.5119769440310094e-08,6.935004013433324e-07,AA,41,100.0,0.0,,41,2.761009336441641e-14
aa_pure,AA_pure,50,42,77.31216512499986,7.429322549042932e-09,3.407616888478608e-07,AA,42,100.0,0.0,,42,2.90267393534314e-14
aa_pure,AA_pure,50,43,79.19082029099991,4.3346231916539365e-09,1.988167170770343e-07,AA,43,100.0,0.0,,43,2.711453741890255e-14
aa_pure,AA_pure,50,44,80.99710362499991,1.2639083392943608e-09,5.79718456701445e-08,AA,44,100.0,0.0,,44,3.003815983151857e-14
aa_pure,AA_pure,50,45,82.8905400829999,7.423737333737454e-10,3.405055110621327e-08,AA,45,100.0,0.0,,45,2.5666567213846613e-14
aa_pure,AA_pure,50,46,84.78579412499994,7.372473620992565e-10,3.3815419178419794e-08,AA,46,100.0,0.0,,46,3.422452663984444e-14
aa_pure,AA_pure,50,47,86.63440912500027,3.026065781283841e-10,1.3879694674554695e-08,AA,47,100.0,0.0,,47,3.119966617776063e-14
aa_pure,AA_pure,50,48,88.52514612499999,1.636833949999314e-10,7.507687241781349e-09,AA,48,100.0,0.0,,48,3.601688212862433e-14
aa_pure,AA_pure,50,49,90.39427433299988,1.074951696483701e-10,4.930494713422386e-09,AA,49,100.0,0.0,,49,3.356913686392466e-14
aa_pure,AA_pure,50,50,92.23651054099992,3.623964359004988e-11,1.6622083738416763e-09,AA,50,100.0,0.0,,50,3.5469133807974005e-14
global_eta0,GlobalAndersonSolver,50,0,1.7105172500000663,1.0,45.86712807236492,initial,0,0.0,0.0,,0,1.3983882637437574e-14
global_eta0,GlobalAndersonSolver,50,1,5.220941375000166,0.5575466077430563,25.57306166366337,KM,0,0.0,0.0,,0,1.636539277325388e-14
global_eta0,GlobalAndersonSolver,50,2,6.886807458000021,0.23073209264357264,10.583018443687514,AA,1,50.0,0.0,,0,3.123501869137039e-14
global_eta0,GlobalAndersonSolver,50,3,8.59643908299995,0.11883639628322247,5.450684207980876,AA,2,66.66666666666667,0.0,,1,1.882829400141589e-14
global_eta0,GlobalAndersonSolver,50,4,10.3933618330002,0.09171024874962452,4.2064857249474725,AA,3,75.0,0.0,,2,1.9870077396839565e-14
global_eta0,GlobalAndersonSolver,50,5,12.135723958000199,0.07350029009253523,3.3712472190302876,AA,4,80.0,0.0,,3,3.2684836300129187e-14
global_eta0,GlobalAndersonSolver,50,6,13.878933625000172,0.06729339347075779,3.0865546967472928,AA,5,83.33333333333333,0.0,,4,4.5661083226796783e-14
global_eta0,GlobalAndersonSolver,50,7,15.60438958299983,0.05262061107808693,2.4135563075647175,AA,6,85.71428571428571,0.0,,5,4.674299752509235e-14
global_eta0,GlobalAndersonSolver,50,8,17.35504416699996,0.05573280703067564,2.5563037979083996,AA,7,87.5,0.0,,6,5.085872585494933e-14
global_eta0,GlobalAndersonSolver,50,9,19.04842591700026,0.03381037200279736,1.5507846628266075,AA,8,88.88888888888889,0.0,,7,4.142107470863859e-14
global_eta0,GlobalAndersonSolver,50,10,20.834561832999952,0.030491195950317664,1.398543589732795,AA,9,90.0,0.0,,8,4.379447481181843e-14
global_eta0,GlobalAndersonSolver,50,11,22.595240125000146,0.01977372314394081,0.9069638919106195,AA,10,90.9090909090909,0.0,,9,3.120169756437835e-14
global_eta0,GlobalAndersonSolver,50,12,24.308270042000004,0.022348495253011632,1.025061293994524,AA,11,91.66666666666667,0.0,,10,4.600682109517015e-14
global_eta0,GlobalAndersonSolver,50,13,26.05617516700022,0.013336146332996675,0.6116907318473583,AA,12,92.3076923076923,0.0,,11,3.265819040023205e-14
global_eta0,GlobalAndersonSolver,50,14,27.805233874999885,0.005216800977741793,0.23927967857412133,AA,13,92.85714285714286,0.0,,12,3.045174120898144e-14
global_eta0,GlobalAndersonSolver,50,15,29.694530457999917,0.006924851192303826,0.3176230365194685,AA,14,93.33333333333333,0.0,,13,2.5364506518121004e-14
global_eta0,GlobalAndersonSolver,50,16,31.58946983299984,0.0037612656823946297,0.17251845476858552,AA,15,93.75,0.0,,14,2.4520293449338576e-14
global_eta0,GlobalAndersonSolver,50,17,33.43040429199982,0.0012160408149858033,0.055776299802176854,AA,16,94.11764705882354,0.0,,15,5.149253649624274e-14
global_eta0,GlobalAndersonSolver,50,18,35.24403795800026,0.0008910647427581191,0.040870580676855554,AA,17,94.44444444444444,0.0,,16,5.4945411025427336e-14
global_eta0,GlobalAndersonSolver,50,19,37.25085983300005,0.0006147319746750768,0.02819599021259954,AA,18,94.73684210526316,0.0,,17,2.4463177116737274e-14
global_eta0,GlobalAndersonSolver,50,20,39.047732500000166,0.0004274657934899791,0.019606628296559965,AA,19,95.0,0.0,,18,2.9056554125635894e-14
global_eta0,GlobalAndersonSolver,50,21,40.87410450000016,0.0002374407081524856,0.010890723370423079,AA,20,95.23809523809524,0.0,,19,3.152119205321321e-14
global_eta0,GlobalAndersonSolver,50,22,42.63180312500026,0.00017192955718317354,0.00788591501874561,AA,21,95.45454545454545,0.0,,20,4.689074667258058e-14
global_eta0,GlobalAndersonSolver,50,23,44.438014249999924,0.00020520725777692099,0.009412267573832837,AA,22,95.65217391304348,0.0,,21,3.1337635469806256e-14
global_eta0,GlobalAndersonSolver,50,24,46.29685670800018,9.806185732133282e-05,0.004497815768771548,AA,23,95.83333333333333,0.0,,22,2.157460222599227e-14
global_eta0,GlobalAndersonSolver,50,25,48.14136533300007,5.829084564242712e-05,0.0026736336825276593,AA,24,96.0,0.0,,23,2.506217244288542e-14
global_eta0,GlobalAndersonSolver,50,26,49.926742083000136,5.043076954663921e-05,0.0023131145655836214,AA,25,96.15384615384616,0.0,,24,3.0085962858027386e-14
global_eta0,GlobalAndersonSolver,50,27,51.75315687500006,1.4506271087086372e-05,0.000665360993803835,AA,26,96.29629629629629,0.0,,25,2.8752061927230546e-14
global_eta0,GlobalAndersonSolver,50,28,53.586476167,6.921573838902771e-06,0.00031747271373128394,AA,27,96.42857142857143,0.0,,26,3.2317300932635464e-14
global_eta0,GlobalAndersonSolver,50,29,55.40783829200018,8.393956721337236e-06,0.00038500668797146335,AA,28,96.55172413793103,0.0,,27,2.8326120340110755e-14
global_eta0,GlobalAndersonSolver,50,30,57.19962645800024,1.98609981854428e-06,9.109669474167123e-05,AA,29,96.66666666666667,0.0,,28,2.6536719961028435e-14
global_eta0,GlobalAndersonSolver,50,31,59.10265612500007,1.2768083553398429e-06,5.8563532358238196e-05,AA,30,96.7741935483871,0.0,,29,3.415447570945947e-14
global_eta0,GlobalAndersonSolver,50,32,61.29257741699985,5.986981876304515e-07,2.7460566448738682e-05,AA,31,96.875,0.0,,30,3.165548089340802e-14
global_eta0,GlobalAndersonSolver,50,33,63.358918667000125,5.844007779484047e-07,2.6804785327749174e-05,AA,32,96.96969696969697,0.0,,31,2.606092620575924e-14
global_eta0,GlobalAndersonSolver,50,34,65.35056087500016,2.1585709722684194e-07,9.900745123832486e-06,AA,33,97.05882352941177,0.0,,32,3.34022295914225e-14
global_eta0,GlobalAndersonSolver,50,35,67.35737929200013,1.1974520062906678e-07,5.492368453304438e-06,AA,34,97.14285714285714,0.0,,33,3.291037750240718e-14
global_eta0,GlobalAndersonSolver,50,36,69.22807458299985,6.72236642097687e-08,3.0833564158031147e-06,AA,35,97.22222222222223,0.0,,34,3.292208595470896e-14
global_eta0,GlobalAndersonSolver,50,37,71.15961883299997,7.200930734453867e-08,3.302860122374243e-06,AA,36,97.29729729729729,0.0,,35,2.873076981363635e-14
global_eta0,GlobalAndersonSolver,50,38,72.96618050000006,7.194302311455222e-08,3.2998198551082765e-06,AA,37,97.36842105263158,0.0,,36,3.742986386086482e-14
global_eta0,GlobalAndersonSolver,50,39,74.81756691700002,2.828977477909488e-08,1.297570722931104e-06,AA,38,97.43589743589743,0.0,,37,3.847189479578336e-14
global_eta0,GlobalAndersonSolver,50,40,76.6674935420001,1.8313614774875174e-08,8.39992914347154e-07,AA,39,97.5,0.0,,38,3.6324924115334065e-14
global_eta0,GlobalAndersonSolver,50,41,78.55985825000016,5.6139454323829495e-09,2.574955541383768e-07,AA,40,97.5609756097561,0.0,,39,3.8127572967756547e-14
global_eta0,GlobalAndersonSolver,50,42,80.51736841699994,2.5064789420534854e-09,1.1496499064585295e-07,AA,41,97.61904761904762,0.0,,40,3.2010621776489164e-14
global_eta0,GlobalAndersonSolver,50,43,82.35802520800007,1.0505364771799661e-09,4.818509114350458e-08,AA,42,97.67441860465117,0.0,,41,3.0981313158435494e-14
global_eta0,GlobalAndersonSolver,50,44,84.234674542,5.652219670025754e-10,2.5925108349821147e-08,AA,43,97.72727272727273,0.0,,42,3.6299764447129553e-14
global_eta0,GlobalAndersonSolver,50,45,86.1333339580001,2.4180924271476773e-10,1.1091095504679824e-08,AA,44,97.77777777777777,0.0,,43,2.7277509421551887e-14
global_eta0,GlobalAndersonSolver,50,46,87.92399754200005,3.3815554575481333e-10,1.551022372551648e-08,AA,45,97.82608695652173,0.0,,44,2.733706781689771e-14
global_eta0,GlobalAndersonSolver,50,47,89.83096791700018,8.065409772886085e-11,3.6993718300906974e-09,AA,46,97.87234042553192,0.0,,45,3.0896575683821675e-14
global_eta1e10,GlobalAndersonSolver eta=1e-10,50,0,1.787398334000045,1.0,45.86712807236492,initial,0,0.0,1e-10,,0,1.3983882637437574e-14
global_eta1e10,GlobalAndersonSolver eta=1e-10,50,1,5.685069791999922,0.5575466077430563,25.57306166366337,KM,0,0.0,1e-10,,0,1.636539277325388e-14
global_eta1e10,GlobalAndersonSolver eta=1e-10,50,2,7.4236814589999085,0.23073209264357264,10.583018443687514,AA,1,50.0,1e-10,,0,3.123501869137039e-14
global_eta1e10,GlobalAndersonSolver eta=1e-10,50,3,9.129931292000038,0.11883639628322247,5.450684207980876,AA,2,66.66666666666667,1e-10,,1,1.882829400141589e-14
global_eta1e10,GlobalAndersonSolver eta=1e-10,50,4,10.827549458999783,0.09171024878195427,4.206485726430346,AA,3,75.0,1e-10,,2,1.9869584373715884e-14
global_eta1e10,GlobalAndersonSolver eta=1e-10,50,5,12.606388374999824,0.07350029008578722,3.371247218720776,AA,4,80.0,1e-10,,3,2.6682940587894816e-14
global_eta1e10,GlobalAndersonSolver eta=1e-10,50,6,14.461366666999766,0.06729339343738602,3.086554695216626,AA,5,83.33333333333333,1e-10,,4,4.354534697496905e-14
global_eta1e10,GlobalAndersonSolver eta=1e-10,50,7,16.19500991699988,0.0526206110805486,2.413556307677627,AA,6,85.71428571428571,1e-10,,5,4.249748779740096e-14
global_eta1e10,GlobalAndersonSolver eta=1e-10,50,8,17.902678999999807,0.05573280693818852,2.5563037936662814,AA,7,87.5,1e-10,,6,5.15559406599432e-14
global_eta1e10,GlobalAndersonSolver eta=1e-10,50,9,19.611842833999617,0.033810371967478485,1.5507846612066323,AA,8,88.88888888888889,1e-10,,7,3.763352361351707e-14
global_eta1e10,GlobalAndersonSolver eta=1e-10,50,10,21.428937958999995,0.0304911958732833,1.3985435861994497,AA,9,90.0,1e-10,,8,4.396685705854935e-14
global_eta1e10,GlobalAndersonSolver eta=1e-10,50,11,23.143909124999936,0.01977372303158837,0.9069638867573357,AA,10,90.9090909090909,1e-10,,9,2.926597947676245e-14
global_eta1e10,GlobalAndersonSolver eta=1e-10,50,12,24.825717249999798,0.02234849486131189,1.0250612760283817,AA,11,91.66666666666667,1e-10,,10,5.4876197622022187e-14
global_eta1e10,GlobalAndersonSolver eta=1e-10,50,13,26.63611141699994,0.01333614604602736,0.6116907186849,AA,12,92.3076923076923,1e-10,,11,4.151276816131181e-14
global_eta1e10,GlobalAndersonSolver eta=1e-10,50,14,28.566576666999936,0.005216800914902319,0.23927967569185513,AA,13,92.85714285714286,1e-10,,12,2.846821681010522e-14
global_eta1e10,GlobalAndersonSolver eta=1e-10,50,15,30.33270074999973,0.006924851034057008,0.31762302926114144,AA,14,93.33333333333333,1e-10,,13,2.031492800076196e-14
global_eta1e10,GlobalAndersonSolver eta=1e-10,50,16,32.02253687499979,0.0037612655495534177,0.17251844867554064,AA,15,93.75,1e-10,,14,1.6373599094859015e-14
global_eta1e10,GlobalAndersonSolver eta=1e-10,50,17,33.71020324999972,0.0012160407921836245,0.0557762987563064,AA,16,94.11764705882354,1e-10,,15,4.307769373107661e-14
global_eta1e10,GlobalAndersonSolver eta=1e-10,50,18,35.48093424999979,0.0008910646915470492,0.04087057832795085,AA,17,94.44444444444444,1e-10,,16,5.222536296893157e-14
global_eta1e10,GlobalAndersonSolver eta=1e-10,50,19,37.320877499999824,0.0006147319634741079,0.028195989698843262,AA,18,94.73684210526316,1e-10,,17,2.5458898760090806e-14
global_eta1e10,GlobalAndersonSolver eta=1e-10,50,20,39.003799916999924,0.00042746578993194833,0.019606628133363314,AA,19,95.0,1e-10,,18,3.196655039952866e-14
global_eta1e10,GlobalAndersonSolver eta=1e-10,50,21,40.76567304199989,0.00023744071567152508,0.010890723715299826,AA,20,95.23809523809524,1e-10,,19,2.757080194389964e-14
global_eta1e10,GlobalAndersonSolver eta=1e-10,50,22,42.452457666999635,0.00017192954600601465,0.007885914506081431,AA,21,95.45454545454545,1e-10,,20,4.352273155531837e-14
global_eta1e10,GlobalAndersonSolver eta=1e-10,50,23,44.20166900000004,0.00020520730447873037,0.00941226971591071,AA,22,95.65217391304348,1e-10,,21,2.656532756819276e-14
global_eta1e10,GlobalAndersonSolver eta=1e-10,50,24,45.89004141699979,9.806189335996047e-05,0.004497817421759898,AA,23,95.83333333333333,1e-10,,22,2.169598764352933e-14
global_eta1e10,GlobalAndersonSolver eta=1e-10,50,25,47.59102579199998,5.8290851520008794e-05,0.0026736339521154506,AA,24,96.0,1e-10,,23,2.4732206559868487e-14
global_eta1e10,GlobalAndersonSolver eta=1e-10,50,26,49.353942583999924,5.043072731599426e-05,0.0023131126285852207,AA,25,96.15384615384616,1e-10,,24,2.4388950648120263e-14
global_eta1e10,GlobalAndersonSolver eta=1e-10,50,27,51.16668258399977,1.4506289259539623e-05,0.0006653618273220756,AA,26,96.29629629629629,1e-10,,25,3.1445291956338035e-14
global_eta1e10,GlobalAndersonSolver eta=1e-10,50,28,52.842989249999846,6.921560641696406e-06,0.0003174721084133294,AA,27,96.42857142857143,1e-10,,26,2.7389141688772112e-14
global_eta1e10,GlobalAndersonSolver eta=1e-10,50,29,54.59630037499983,8.393953123420564e-06,0.00038500652294535853,AA,28,96.55172413793103,1e-10,,27,2.857820280978078e-14
global_eta1e10,GlobalAndersonSolver eta=1e-10,50,30,56.40900775,1.9860965318783102e-06,9.109654399174226e-05,AA,29,96.66666666666667,1e-10,,28,3.2675249359358993e-14
global_eta1e10,GlobalAndersonSolver eta=1e-10,50,31,58.080252041999756,1.2768055246048371e-06,5.8563402520553145e-05,AA,30,96.7741935483871,1e-10,,29,3.303968150903387e-14
global_eta1e10,GlobalAndersonSolver eta=1e-10,50,32,59.811128458999974,5.986953712116526e-07,2.7460437267696926e-05,AA,31,96.875,1e-10,,30,3.367361528045801e-14
global_eta1e10,GlobalAndersonSolver eta=1e-10,50,33,61.61496179200003,5.84392780165332e-07,2.680441849240868e-05,AA,32,96.96969696969697,1e-10,,31,3.187513697811839e-14
global_eta1e10,GlobalAndersonSolver eta=1e-10,50,34,63.42426670899977,2.1586565493562806e-07,9.901137641357385e-06,AA,33,97.05882352941177,1e-10,,32,3.2434013666989106e-14
global_eta1e10,GlobalAndersonSolver eta=1e-10,50,35,65.15126479199989,1.1975329906156675e-07,5.4927399051450995e-06,AA,34,97.14285714285714,1e-10,,33,2.959795348428537e-14
global_eta1e10,GlobalAndersonSolver eta=1e-10,50,36,66.93414641699974,6.722512684391509e-08,3.0834235026308302e-06,AA,35,97.22222222222223,1e-10,,34,3.259177361424206e-14
global_eta1e10,GlobalAndersonSolver eta=1e-10,50,37,68.78140979199998,7.200865741866363e-08,3.302830312140895e-06,AA,36,97.29729729729729,1e-10,,35,3.160337065278932e-14
global_eta1e10,GlobalAndersonSolver eta=1e-10,50,38,70.49682474999963,7.194287982695297e-08,3.2998132829176105e-06,AA,37,97.36842105263158,1e-10,,36,3.4507185636691604e-14
global_eta1e10,GlobalAndersonSolver eta=1e-10,50,39,72.24324937499978,2.8305352410358747e-08,1.2982852241393478e-06,AA,38,97.43589743589743,1e-10,,37,5.122086834961511e-14
global_eta1e10,GlobalAndersonSolver eta=1e-10,50,40,73.89717433399983,1.829643203139931e-08,8.392047912515119e-07,AA,39,97.5,1e-10,,38,4.259132798969583e-14
global_eta1e10,GlobalAndersonSolver eta=1e-10,50,41,75.66599999999971,5.574749953332423e-09,2.556977700809086e-07,AA,40,97.5609756097561,1e-10,,39,3.4225626961701473e-14
global_eta1e10,GlobalAndersonSolver eta=1e-10,50,42,77.40454783399991,2.516166767225132e-09,1.1540934336374354e-07,AA,41,97.61904761904762,1e-10,,40,3.667980584047486e-14
global_eta1e10,GlobalAndersonSolver eta=1e-10,50,43,79.08977933400001,1.0364722257452795e-09,4.754000432170786e-08,AA,42,97.67441860465117,1e-10,,41,2.936388234547347e-14
global_eta1e10,GlobalAndersonSolver eta=1e-10,50,44,80.90466141699972,5.670727150972026e-10,2.6009996849707094e-08,AA,43,97.72727272727273,1e-10,,42,2.8204468757144253e-14
global_eta1e10,GlobalAndersonSolver eta=1e-10,50,45,82.71013249999987,2.561063924169616e-10,1.1746864701140125e-08,AA,44,97.77777777777777,1e-10,,43,2.937182973459675e-14
global_eta1e10,GlobalAndersonSolver eta=1e-10,50,46,84.47149783399982,3.253696222953801e-10,1.49237701366792e-08,AA,45,97.82608695652173,1e-10,,44,3.1757235385151575e-14
global_eta1e10,GlobalAndersonSolver eta=1e-10,50,47,86.30056295899976,1.1010783213405781e-10,5.050330038263287e-09,AA,46,97.87234042553192,1e-10,,45,2.6564650928180158e-14
global_eta1e10,GlobalAndersonSolver eta=1e-10,50,48,87.96765516699998,5.679194491102788e-11,2.604883410712809e-09,AA,47,97.91666666666667,1e-10,,46,2.931577886583841e-14
faa02,FAA cs=0.2,50,0,1.703288374999829,1.0,45.86712807236492,initial,0,0.0,0.0,0.2,0,1.3983882637437574e-14
faa02,FAA cs=0.2,50,1,3.4790797089999614,0.5628608482962506,25.81681061572409,AA,1,100.0,0.0,0.2,0,2.3955646881308396e-14
faa02,FAA cs=0.2,50,2,5.176035374999628,0.30437275799245994,13.960704272579093,AA,2,100.0,0.0,0.2,1,1.0829779268359223e-14
faa02,FAA cs=0.2,50,3,6.893206291999832,0.28069093693187736,12.874487153006523,AA,3,100.0,0.0,0.2,2,7.434724919260378e-15
faa02,FAA cs=0.2,50,4,8.664402541999607,0.2431911338721414,11.154478883377152,AA,4,100.0,0.0,0.2,3,7.375142709836313e-15
faa02,FAA cs=0.2,50,5,10.388062333999642,0.11996664612530324,5.502525522241364,AA,5,100.0,0.0,0.2,4,7.923484195471589e-14
faa02,FAA cs=0.2,50,6,12.135856459000024,0.08990345074492685,4.1236130894651115,AA,6,100.0,0.0,0.2,5,2.704646682932502e-14
faa02,FAA cs=0.2,50,7,13.857966791999843,0.07235090032794601,3.318528011492809,AA,7,100.0,0.0,0.2,6,2.6562948597546957e-14
faa02,FAA cs=0.2,50,8,15.633018999999877,0.06190079848947363,2.83921185209834,AA,8,100.0,0.0,0.2,7,2.6814376804621964e-14
faa02,FAA cs=0.2,50,9,17.353800916999717,0.04986708149188909,2.2872598133835353,AA,9,100.0,0.0,0.2,8,5.5959234806555e-14
faa02,FAA cs=0.2,50,10,19.058732874999805,0.034944870995953684,1.602820873443678,AA,10,100.0,0.0,0.2,9,3.652326997970432e-14
faa02,FAA cs=0.2,50,11,20.777718584000013,0.014666336154045395,0.6727027187299561,AA,11,100.0,0.0,0.2,9,3.702771340452381e-14
faa02,FAA cs=0.2,50,12,22.65684070899988,0.01731880158666401,0.794363690435395,AA,12,100.0,0.0,0.2,9,2.737471581820568e-14
faa02,FAA cs=0.2,50,13,24.375882958999682,0.009298444425220521,0.4264929413253573,AA,13,100.0,0.0,0.2,9,2.4619403793984743e-14
faa02,FAA cs=0.2,50,14,26.06926404199976,0.004773879204589255,0.21896412887889496,AA,14,100.0,0.0,0.2,9,2.5552642662082226e-14
faa02,FAA cs=0.2,50,15,28.035330208999767,0.005392992833148354,0.24736109297136172,AA,15,100.0,0.0,0.2,9,2.7728803404676418e-14
faa02,FAA cs=0.2,50,16,29.84959620899963,0.002550710003247576,0.11699374239441893,AA,16,100.0,0.0,0.2,9,2.1791592132622682e-14
faa02,FAA cs=0.2,50,17,31.641459166999994,0.001271905513556397,0.05833865308623834,AA,17,100.0,0.0,0.2,9,3.101026816325419e-14
faa02,FAA cs=0.2,50,18,33.46452237499989,0.0009120626605509063,0.04183369486151031,AA,18,100.0,0.0,0.2,9,5.724253879355686e-14
faa02,FAA cs=0.2,50,19,35.20861129199966,0.0006643633140806672,0.030472437213518763,AA,19,100.0,0.0,0.2,9,2.869562517585091e-14
faa02,FAA cs=0.2,50,20,37.058384374999605,0.0004322881937120348,0.019827817945161197,AA,20,100.0,0.0,0.2,9,2.983267395879022e-14
faa02,FAA cs=0.2,50,21,38.90843499999983,0.00029658424282550674,0.013603467449922893,AA,21,100.0,0.0,0.2,9,2.573610484527563e-14
faa02,FAA cs=0.2,50,22,40.79341299999987,0.00022488100372129117,0.010314645798726435,AA,22,100.0,0.0,0.2,9,2.7134031926498377e-14
faa02,FAA cs=0.2,50,23,42.69380195899976,0.00014089812084885507,0.006462592154129985,AA,23,100.0,0.0,0.2,9,3.3923868095177324e-14
faa02,FAA cs=0.2,50,24,44.78446062499961,8.115042292070394e-05,0.003722136841230506,AA,24,100.0,0.0,0.2,9,2.374981750927572e-14
faa02,FAA cs=0.2,50,25,46.5706582089997,4.112922216777706e-05,0.0018864793006861807,AA,25,100.0,0.0,0.2,9,2.9760298645027967e-14
faa02,FAA cs=0.2,50,26,48.32059716699996,2.3121174467547818e-05,0.0010605018704865096,AA,26,100.0,0.0,0.2,9,2.2197342252333006e-14
faa02,FAA cs=0.2,50,27,50.05588291699996,1.2342296691957914e-05,0.0005661057030771595,AA,27,100.0,0.0,0.2,9,2.263376709596643e-14
faa02,FAA cs=0.2,50,28,51.811325333999775,7.843844280282006e-06,0.0003597746101833818,AA,28,100.0,0.0,0.2,9,2.7693207729992015e-14
faa02,FAA cs=0.2,50,29,53.62612975000002,5.561556737275531e-06,0.00025509263515034075,AA,29,100.0,0.0,0.2,9,2.214849438918661e-14
faa02,FAA cs=0.2,50,30,55.37145699999974,3.981689803702343e-06,0.0001826286761708449,AA,30,100.0,0.0,0.2,8,3.6977028524591135e-14
faa02,FAA cs=0.2,50,31,57.11792966699977,2.3208375522865548e-06,0.00010645015324588132,AA,31,100.0,0.0,0.2,9,2.2716230988238277e-14
faa02,FAA cs=0.2,50,32,58.89753054199991,1.9079152475299723e-06,8.751059300967505e-05,AA,32,100.0,0.0,0.2,9,3.3671703315689026e-14
faa02,FAA cs=0.2,50,33,60.6340272919997,1.2742331579384823e-06,5.844541544921837e-05,AA,33,100.0,0.0,0.2,9,2.4055592049792685e-14
faa02,FAA cs=0.2,50,34,62.4472919169998,9.503924355222935e-07,4.359177155910785e-05,AA,34,100.0,0.0,0.2,8,3.98698241868948e-14
faa02,FAA cs=0.2,50,35,64.15400062499975,7.160788177813428e-07,3.2844478845084514e-05,AA,35,100.0,0.0,0.2,9,3.317429553517915e-14
faa02,FAA cs=0.2,50,36,65.96971241699976,4.2082715421752933e-07,1.930213297882428e-05,AA,36,100.0,0.0,0.2,9,4.665186551159155e-14
faa02,FAA cs=0.2,50,37,67.81046729199988,2.486672587024936e-07,1.1405653002311177e-05,AA,37,100.0,0.0,0.2,9,2.839967551126256e-14
faa02,FAA cs=0.2,50,38,69.55845816700003,1.577801843509971e-07,7.236923922908531e-06,AA,38,100.0,0.0,0.2,9,3.369957730644909e-14
faa02,FAA cs=0.2,50,39,71.3147944999996,9.78330392313529e-08,4.487320540133165e-06,AA,39,100.0,0.0,0.2,9,3.178639538646111e-14
faa02,FAA cs=0.2,50,40,73.00769970900001,6.092189210917249e-08,2.7943122277822126e-06,AA,40,100.0,0.0,0.2,9,2.745520931040756e-14
faa02,FAA cs=0.2,50,41,74.75721108399966,3.645021634250887e-08,1.6718667412472633e-06,AA,41,100.0,0.0,0.2,9,2.9981879576949647e-14
faa02,FAA cs=0.2,50,42,76.71048074999999,3.30299911092715e-08,1.5149908324380305e-06,AA,42,100.0,0.0,0.2,9,3.4313748134966296e-14
faa02,FAA cs=0.2,50,43,78.47253333399976,2.2629266185718987e-08,1.0379394503240096e-06,AA,43,100.0,0.0,0.2,9,2.2713785060173965e-14
faa02,FAA cs=0.2,50,44,80.31439262499998,1.7817810470546807e-08,8.172517948216951e-07,AA,44,100.0,0.0,0.2,9,4.139482891579907e-14
faa02,FAA cs=0.2,50,45,82.155393,1.0739454643852602e-08,4.925879415769415e-07,AA,45,100.0,0.0,0.2,9,3.376040369067735e-14
faa02,FAA cs=0.2,50,46,84.05937754199977,6.8416651884837485e-09,3.138075334284248e-07,AA,46,100.0,0.0,0.2,9,4.407534648284865e-14
faa02,FAA cs=0.2,50,47,85.91706283399981,5.054360331499105e-09,2.3182899264875024e-07,AA,47,100.0,0.0,0.2,9,2.368776088055537e-14
faa02,FAA cs=0.2,50,48,87.70140516699985,3.201499274433166e-09,1.468435772440094e-07,AA,48,100.0,0.0,0.2,9,3.35476921330688e-14
faa02,FAA cs=0.2,50,49,89.42387770899995,1.8791759285388198e-09,8.619240298479532e-08,AA,49,100.0,0.0,0.2,9,3.2122975943271605e-14
faa02,FAA cs=0.2,50,50,91.19082770899968,1.1261986612369778e-09,5.1655498229882374e-08,AA,50,100.0,0.0,0.2,9,3.34308388956802e-14
faa02,FAA cs=0.2,50,51,92.92076862499971,8.232268291110625e-10,3.7759050403443973e-08,AA,51,100.0,0.0,0.2,9,2.374932421348573e-14
faa02,FAA cs=0.2,50,52,94.70852570899979,6.539570815550135e-10,2.9995133213513796e-08,AA,52,100.0,0.0,0.2,9,3.105547994397938e-14
faa02,FAA cs=0.2,50,53,96.48968995899986,4.791160962812644e-10,2.1975679349664278e-08,AA,53,100.0,0.0,0.2,9,2.872266657726492e-14
faa02,FAA cs=0.2,50,54,98.42333891699991,2.1730711175829326e-10,9.967253126053354e-09,AA,54,100.0,0.0,0.2,9,3.520360933233786e-14
faa02,FAA cs=0.2,50,55,100.35802349999994,1.5397256119438032e-10,7.062279183932688e-09,AA,55,100.0,0.0,0.2,9,2.9656668177684094e-14
faa02,FAA cs=0.2,50,56,102.11871629199959,9.444021072876962e-11,4.331701240677608e-09,AA,56,100.0,0.0,0.2,9,3.680458472586991e-14
faa0707,FAA cs=1/sqrt(2),50,0,1.7172617910000554,1.0,45.86712807236492,initial,0,0.0,0.0,0.7071067811865475,0,1.3983882637437574e-14
faa0707,FAA cs=1/sqrt(2),50,1,3.4518077080001603,0.5628608482962506,25.81681061572409,AA,1,100.0,0.0,0.7071067811865475,0,2.3955646881308396e-14
faa0707,FAA cs=1/sqrt(2),50,2,5.193805750000138,0.30437275799245994,13.960704272579093,AA,2,100.0,0.0,0.7071067811865475,1,1.0829779268359223e-14
faa0707,FAA cs=1/sqrt(2),50,3,6.921523250000064,0.28069093693187736,12.874487153006523,AA,3,100.0,0.0,0.7071067811865475,2,7.434724919260378e-15
faa0707,FAA cs=1/sqrt(2),50,4,8.670212583000193,0.20816155063372568,9.547772502659171,AA,4,100.0,0.0,0.7071067811865475,2,1.6154761306505295e-14
faa0707,FAA cs=1/sqrt(2),50,5,10.552831208000043,0.1292072135163585,5.9263638102282155,AA,5,100.0,0.0,0.7071067811865475,3,1.6955600401446946e-14
faa0707,FAA cs=1/sqrt(2),50,6,12.269834457999877,0.08838066870816239,4.053767450758539,AA,6,100.0,0.0,0.7071067811865475,4,1.9814884424310296e-14
faa0707,FAA cs=1/sqrt(2),50,7,13.971977166000215,0.073688517313973,3.3798806611026793,AA,7,100.0,0.0,0.7071067811865475,4,2.1689561464783246e-14
faa0707,FAA cs=1/sqrt(2),50,8,15.66487966600016,0.05348104292086232,2.4530218450948373,AA,8,100.0,0.0,0.7071067811865475,4,1.7403171541925083e-14
faa0707,FAA cs=1/sqrt(2),50,9,17.381461625000156,0.04781277450696765,2.19303465180619,AA,9,100.0,0.0,0.7071067811865475,5,1.8386159360428366e-14
faa0707,FAA cs=1/sqrt(2),50,10,19.21979870799987,0.03527860843281852,1.6181284512029002,AA,10,100.0,0.0,0.7071067811865475,6,6.707601437675598e-14
faa0707,FAA cs=1/sqrt(2),50,11,21.027663249999932,0.03721292053464672,1.7068497921093795,AA,11,100.0,0.0,0.7071067811865475,7,1.0252054733509327e-13
faa0707,FAA cs=1/sqrt(2),50,12,22.709257833000265,0.01810008086742139,0.8301987272661788,AA,12,100.0,0.0,0.7071067811865475,8,8.712537267059641e-14
faa0707,FAA cs=1/sqrt(2),50,13,24.40839787499999,0.00954258744945611,0.4376910806859455,AA,13,100.0,0.0,0.7071067811865475,8,4.526252631496124e-14
faa0707,FAA cs=1/sqrt(2),50,14,26.217657458000303,0.005276962799526346,0.24203912855898024,AA,14,100.0,0.0,0.7071067811865475,8,2.7258889938932712e-14
faa0707,FAA cs=1/sqrt(2),50,15,27.99265604099992,0.0037584272715643504,0.1723882650155111,AA,15,100.0,0.0,0.7071067811865475,8,3.1145140890006406e-14
faa0707,FAA cs=1/sqrt(2),50,16,29.73338637500001,0.002271648563519402,0.1041939955983482,AA,16,100.0,0.0,0.7071067811865475,8,3.3021259236967096e-14
faa0707,FAA cs=1/sqrt(2),50,17,31.506112083000062,0.0014204055498557452,0.06514992326993138,AA,17,100.0,0.0,0.7071067811865475,9,2.543253721570512e-14
faa0707,FAA cs=1/sqrt(2),50,18,33.242369832999884,0.0009693520928175196,0.044461396588476136,AA,18,100.0,0.0,0.7071067811865475,10,3.461435531125478e-14
faa0707,FAA cs=1/sqrt(2),50,19,34.935335166000186,0.0007215163757140312,0.03309388401118404,AA,19,100.0,0.0,0.7071067811865475,9,2.995555620354128e-14
faa0707,FAA cs=1/sqrt(2),50,20,36.68325233299993,0.00038946784543270334,0.01786377154652983,AA,20,100.0,0.0,0.7071067811865475,10,2.674646457168067e-14
faa0707,FAA cs=1/sqrt(2),50,21,38.44888333300014,0.00026738770246066104,0.012264305993738546,AA,21,100.0,0.0,0.7071067811865475,9,3.657501744459541e-14
faa0707,FAA cs=1/sqrt(2),50,22,40.29764687500028,0.00014083290676389593,0.006459600971343043,AA,22,100.0,0.0,0.7071067811865475,10,2.3421594294804865e-14
faa0707,FAA cs=1/sqrt(2),50,23,42.11279241600005,9.07863968801845e-05,0.004164111292931974,AA,23,100.0,0.0,0.7071067811865475,11,2.7830191183926113e-14
faa0707,FAA cs=1/sqrt(2),50,24,43.82224350000024,5.401342139434719e-05,0.002477440516721138,AA,24,100.0,0.0,0.7071067811865475,12,1.9833291110327246e-14
faa0707,FAA cs=1/sqrt(2),50,25,45.606101124999896,3.8883604558714315e-05,0.001783479270209742,AA,25,100.0,0.0,0.7071067811865475,11,2.22591282737573e-14
faa0707,FAA cs=1/sqrt(2),50,26,47.38749658300003,2.28236034086474e-05,0.0010468531406172949,AA,26,100.0,0.0,0.7071067811865475,12,2.0707956635407097e-14
faa0707,FAA cs=1/sqrt(2),50,27,49.157438833000015,1.892277931310932e-05,0.0008679335422394827,AA,27,100.0,0.0,0.7071067811865475,12,2.2305996158544735e-14
faa0707,FAA cs=1/sqrt(2),50,28,50.89228075000028,1.241534255506142e-05,0.0005694561070352845,AA,28,100.0,0.0,0.7071067811865475,13,2.239188511202376e-14
faa0707,FAA cs=1/sqrt(2),50,29,52.646078708000005,6.958673455654981e-06,0.0003191743666042932,AA,29,100.0,0.0,0.7071067811865475,13,3.712357999379793e-14
faa0707,FAA cs=1/sqrt(2),50,30,54.51576404100024,4.7236268551849264e-06,0.00021665919793282937,AA,30,100.0,0.0,0.7071067811865475,14,2.9672964114261256e-14
faa0707,FAA cs=1/sqrt(2),50,31,56.3733426660001,2.044867147087421e-06,9.379218332643022e-05,AA,31,100.0,0.0,0.7071067811865475,14,3.588220645116754e-14
faa0707,FAA cs=1/sqrt(2),50,32,58.28273500000023,1.4070725644200293e-06,6.453837751936443e-05,AA,32,100.0,0.0,0.7071067811865475,14,2.5563260308662378e-14
faa0707,FAA cs=1/sqrt(2),50,33,60.031957582999894,8.567752432354884e-07,3.9297819810713754e-05,AA,33,100.0,0.0,0.7071067811865475,14,2.5599942550821638e-14
faa0707,FAA cs=1/sqrt(2),50,34,61.77273491599999,5.222428311339893e-07,2.3953778820497134e-05,AA,34,100.0,0.0,0.7071067811865475,15,2.5382925272664798e-14
faa0707,FAA cs=1/sqrt(2),50,35,63.67320312499987,2.106532392526175e-07,9.662059103658337e-06,AA,35,100.0,0.0,0.7071067811865475,15,4.136770040339958e-14
faa0707,FAA cs=1/sqrt(2),50,36,65.44264433300032,1.306620332551634e-07,5.993092213510184e-06,AA,36,100.0,0.0,0.7071067811865475,15,3.79395308169722e-14
faa0707,FAA cs=1/sqrt(2),50,37,67.2313576659999,7.577525671913865e-08,3.4755934046530633e-06,AA,37,100.0,0.0,0.7071067811865475,16,2.6244176282204793e-14
faa0707,FAA cs=1/sqrt(2),50,38,68.98600516600027,4.06981190440454e-08,1.8667058384975843e-06,AA,38,100.0,0.0,0.7071067811865475,16,2.822041477447498e-14
faa0707,FAA cs=1/sqrt(2),50,39,70.8400713330002,2.7572434700470856e-08,1.2646683936734155e-06,AA,39,100.0,0.0,0.7071067811865475,15,3.5438096501245e-14
faa0707,FAA cs=1/sqrt(2),50,40,72.59522775000005,1.3349542066520626e-08,6.123051556725246e-07,AA,40,100.0,0.0,0.7071067811865475,16,1.976485149176864e-14
faa0707,FAA cs=1/sqrt(2),50,41,74.37145454100028,8.412626858675237e-09,3.858630335518741e-07,AA,41,100.0,0.0,0.7071067811865475,16,3.033995852955384e-14
faa0707,FAA cs=1/sqrt(2),50,42,76.02986716600026,6.075835879651308e-09,2.786811424386365e-07,AA,42,100.0,0.0,0.7071067811865475,14,2.449908155922861e-14
faa0707,FAA cs=1/sqrt(2),50,43,77.79754279100007,3.4358473115091655e-09,1.575924486740816e-07,AA,43,100.0,0.0,0.7071067811865475,15,3.6097244020887967e-14
faa0707,FAA cs=1/sqrt(2),50,44,79.64610487500022,2.2912022069338977e-09,1.0509086506512223e-07,AA,44,100.0,0.0,0.7071067811865475,16,2.6059530551194603e-14
faa0707,FAA cs=1/sqrt(2),50,45,81.41627000000017,1.4039396269079962e-09,6.439467867325728e-08,AA,45,100.0,0.0,0.7071067811865475,16,3.4642564382309255e-14
faa0707,FAA cs=1/sqrt(2),50,46,83.2102909160003,7.705168962198755e-10,3.534139716083814e-08,AA,46,100.0,0.0,0.7071067811865475,16,3.0979142664152763e-14
faa0707,FAA cs=1/sqrt(2),50,47,84.9374737080002,4.3868860919103217e-10,2.0121386621652716e-08,AA,47,100.0,0.0,0.7071067811865475,16,3.115650166798237e-14
faa0707,FAA cs=1/sqrt(2),50,48,86.6701225830002,2.6174322799666935e-10,1.2005410160597444e-08,AA,48,100.0,0.0,0.7071067811865475,15,2.510837835722701e-14
faa0707,FAA cs=1/sqrt(2),50,49,88.43329158300003,2.2364418241862842e-10,1.0257916357634573e-08,AA,49,100.0,0.0,0.7071067811865475,14,3.0358451309877984e-14
faa0707,FAA cs=1/sqrt(2),50,50,90.21672320800008,7.182958956824186e-11,3.2946169841119563e-09,AA,50,100.0,0.0,0.7071067811865475,15,3.297321891021378e-14
