method_key,algorithm,m,iter,time,rel_res,residual,step_type,AA_steps,AA_percent,eta,cs,effective_m,bu_norm
picard,Picard,10,0,17.000869291999997,1.0,97.31189169192768,Picard,0,0.0,0.0,,0,8.710311982369664e-14
picard,Picard,10,1,33.954282042,0.5250532780673655,51.09392772778306,Picard,0,0.0,0.0,,0,1.3390540695985507e-13
picard,Picard,10,2,49.81432375,0.3222891727775722,31.362569074812075,Picard,0,0.0,0.0,,0,9.83493249897671e-14
picard,Picard,10,3,65.117770708,0.5596861511334684,54.46411812057195,Picard,0,0.0,0.0,,0,4.623012270118588e-14
picard,Picard,10,4,80.821303292,0.4928934489181771,47.96439391678634,Picard,0,0.0,0.0,,0,5.1042034542032824e-14
picard,Picard,10,5,96.156217292,0.4184600825983074,40.721142235201604,Picard,0,0.0,0.0,,0,1.1075808371792499e-13
picard,Picard,10,6,111.899204917,0.33171412489827096,32.27972899478311,Picard,0,0.0,0.0,,0,2.1299787943120989e-13
picard,Picard,10,7,127.52914166699999,0.35069941057462656,34.12722305826094,Picard,0,0.0,0.0,,0,1.8206154403047543e-12
picard,Picard,10,8,143.08132512499998,0.2270923651853089,22.09878764497647,Picard,0,0.0,0.0,,0,1.2693829115270974e-13
picard,Picard,10,9,158.58632008299998,0.22839761425120805,22.225803900708236,Picard,0,0.0,0.0,,0,1.0136519537931815e-13
picard,Picard,10,10,179.51393962499998,0.05204905516772286,5.064992019148616,Picard,0,0.0,0.0,,0,2.0214337570855518e-13
picard,Picard,10,11,195.01202958300001,0.06211846352841887,6.044865194946457,Picard,0,0.0,0.0,,0,2.427677650098328e-13
picard,Picard,10,12,210.833791792,0.029676296180410008,2.887856519725626,Picard,0,0.0,0.0,,0,2.9474295459559763e-13
picard,Picard,10,13,226.313966667,0.027511070404843355,2.6771543035651137,Picard,0,0.0,0.0,,0,1.0984349222504542e-13
picard,Picard,10,14,241.86656887500004,0.021619533601310633,2.1038377122407317,Picard,0,0.0,0.0,,0,2.325503339385004e-13
picard,Picard,10,15,257.5011935,0.014878894232095131,1.447893344009289,Picard,0,0.0,0.0,,0,1.6668472519677789e-13
picard,Picard,10,16,273.422734583,0.011750142225859687,1.143428567647604,Picard,0,0.0,0.0,,0,1.6525607281172471e-13
picard,Picard,10,17,289.222738708,0.011961736873303978,1.1640192430622944,Picard,0,0.0,0.0,,0,2.0817795137458746e-13
picard,Picard,10,18,304.85377650000004,0.006937500863550366,0.675101332646468,Picard,0,0.0,0.0,,0,2.1261855633831938e-13
picard,Picard,10,19,320.685193958,0.007595889677854143,0.7391703936351739,Picard,0,0.0,0.0,,0,2.0364756832986006e-13
picard,Picard,10,20,336.61725925,0.007479523494434483,0.7278465801976369,Picard,0,0.0,0.0,,0,6.893832661451734e-12
picard,Picard,10,21,352.45239275,0.00507968520531349,0.4943137765285538,Picard,0,0.0,0.0,,0,3.1927207563470976e-13
picard,Picard,10,22,368.533308208,0.0064308074652371875,0.6257940395488012,Picard,0,0.0,0.0,,0,1.1981310349191036e-13
picard,Picard,10,23,384.178874,0.00520120085067694,0.5061386938490365,Picard,0,0.0,0.0,,0,2.33509550372847e-13
picard,Picard,10,24,399.847957958,0.004939563058689767,0.4806782253726656,Picard,0,0.0,0.0,,0,8.857816111076913e-14
picard,Picard,10,25,415.54234608300004,0.0055348274234571174,0.5386045267649702,Picard,0,0.0,0.0,,0,5.210981356211442e-12
picard,Picard,10,26,431.71083787500004,0.003974763571991042,0.38679176221861195,Picard,0,0.0,0.0,,0,1.5130530005900447e-12
picard,Picard,10,27,447.485024875,0.004856113076854471,0.472557549778616,Picard,0,0.0,0.0,,0,8.317785081138548e-14
picard,Picard,10,28,463.17921825,0.0045672149498877735,0.4444443265372319,Picard,0,0.0,0.0,,0,1.40781297944591e-13
picard,Picard,10,29,478.751402625,0.003513091459731428,0.34186557563322084,Picard,0,0.0,0.0,,0,5.199969395772751e-13
picard,Picard,10,30,494.8474575,0.004599121310315485,0.4475491948274571,Picard,0,0.0,0.0,,0,2.700627075463471e-13
picard,Picard,10,31,510.45339691699996,0.003792616327550536,0.3690666692956343,Picard,0,0.0,0.0,,0,4.455370857523704e-13
picard,Picard,10,32,526.090842167,0.0035636014525565977,0.3467807985843838,Picard,0,0.0,0.0,,0,1.2457077205442722e-13
picard,Picard,10,33,541.734383375,0.004303007611535054,0.41873381064323956,Picard,0,0.0,0.0,,0,8.411297891522889e-14
picard,Picard,10,34,557.232961958,0.0034728820190839953,0.3379527188999449,Picard,0,0.0,0.0,,0,3.3211451012655757e-13
picard,Picard,10,35,572.85276025,0.0038615337581754815,0.37577315484029494,Picard,0,0.0,0.0,,0,4.200535392433433e-13
picard,Picard,10,36,588.548621417,0.004121362768015196,0.401057607304238,Picard,0,0.0,0.0,,0,5.4857791496513e-13
picard,Picard,10,37,604.078978667,0.003681101417329519,0.35821494243017166,Picard,0,0.0,0.0,,0,1.928033832368201e-13
picard,Picard,10,38,619.600852708,0.004249365925109709,0.4135138366636441,Picard,0,0.0,0.0,,0,2.2669284188795125e-13
picard,Picard,10,39,635.660788542,0.00416245735948993,0.4050565997389513,Picard,0,0.0,0.0,,0,5.768996007430491e-13
picard,Picard,10,40,651.370437708,0.00427145512831058,0.4156633788130883,Picard,0,0.0,0.0,,0,2.3757329118807265e-13
picard,Picard,10,41,666.855372167,0.0046830083332762415,0.45571239972017236,Picard,0,0.0,0.0,,0,3.636979455364813e-13
picard,Picard,10,42,682.541563083,0.0044783246028625,0.43579423871505063,Picard,0,0.0,0.0,,0,4.16227829068813e-13
picard,Picard,10,43,697.98916225,0.0050486106242406195,0.4912898502608186,Picard,0,0.0,0.0,,0,2.8100982781963064e-13
picard,Picard,10,44,713.531821792,0.005166171925606509,0.5027299628864981,Picard,0,0.0,0.0,,0,2.1581659999603213e-13
picard,Picard,10,45,729.29172025,0.00506895990560838,0.4932700773252866,Picard,0,0.0,0.0,,0,2.889696430106038e-12
picard,Picard,10,46,745.0039188750001,0.0058223404846029,0.5665829666312031,Picard,0,0.0,0.0,,0,4.149742686953927e-13
picard,Picard,10,47,760.5166685830001,0.005745280932249767,0.5590841558187867,Picard,0,0.0,0.0,,0,1.7877025563694863e-13
picard,Picard,10,48,775.92700025,0.005866059332324182,0.5708373304055524,Picard,0,0.0,0.0,,0,4.016110713238714e-13
picard,Picard,10,49,791.5870757920001,0.006444029387929316,0.6270806898577767,Picard,0,0.0,0.0,,0,1.572333449685926e-13
picard,Picard,10,50,807.420725292,0.006521054340133435,0.6345761336642398,Picard,0,0.0,0.0,,0,4.3442051022975845e-13
picard,Picard,10,51,822.880641,0.0067220794846352865,0.6541382707533581,Picard,0,0.0,0.0,,0,6.337968595967775e-13
picard,Picard,10,52,838.455179667,0.00690444345676594,0.6718844538578459,Picard,0,0.0,0.0,,0,1.4647955600527012e-13
picard,Picard,10,53,854.0759171670001,0.00749158679911762,0.729020483196409,Picard,0,0.0,0.0,,0,2.0165642781972595e-13
picard,Picard,10,54,869.828862625,0.007447483635891127,0.7247287209532411,Picard,0,0.0,0.0,,0,3.056843113663066e-13
picard,Picard,10,55,885.343327583,0.00733995966425007,0.7142653598706207,Picard,0,0.0,0.0,,0,1.8281842026988177e-13
picard,Picard,10,56,901.066445458,0.008362850301079788,0.8138047827344811,Picard,0,0.0,0.0,,0,3.9187829907330343e-13
picard,Picard,10,57,916.7866998330001,0.007948364244745244,0.7734703605126398,Picard,0,0.0,0.0,,0,1.5427911848823954e-13
picard,Picard,10,58,933.022725042,0.007862208839323129,0.7650864150315287,Picard,0,0.0,0.0,,0,4.775614344669106e-13
picard,Picard,10,59,948.948328875,0.008792271198101737,0.8555925425557315,Picard,0,0.0,0.0,,0,1.205705670762906e-13
picard,Picard,10,60,965.7044565,0.008381167233718356,0.8155872380995337,Picard,0,0.0,0.0,,0,1.740250947212941e-13
picard,Picard,10,61,981.168056083,0.008426438834166706,0.8199927031790838,Picard,0,0.0,0.0,,0,5.102067175588359e-13
picard,Picard,10,62,996.979863292,0.008794305355513503,0.8557904902614696,Picard,0,0.0,0.0,,0,2.0367268334164625e-13
picard,Picard,10,63,1012.8069032080001,0.009004530040285749,0.876247852016996,Picard,0,0.0,0.0,,0,5.692867194671952e-13
picard,Picard,10,64,1028.959169042,0.008885361097386139,0.8646512967525076,Picard,0,0.0,0.0,,0,1.2449662069185182e-10
picard,Picard,10,65,1044.9409087499998,0.008672466871966019,0.8439341569465881,Picard,0,0.0,0.0,,0,1.5069414811433942e-13
picard,Picard,10,66,1060.723241667,0.009702681657386213,0.9441863065648205,Picard,0,0.0,0.0,,0,1.1459785640041107e-13
picard,Picard,10,67,1076.272518,0.009085773421310193,0.8841537991119328,Picard,0,0.0,0.0,,0,3.355348891303485e-12
picard,Picard,10,68,1091.8858894999998,0.008729800192695458,0.8495133708437499,Picard,0,0.0,0.0,,0,1.5143005768585584e-12
picard,Picard,10,69,1107.4038088749999,0.00998994669173148,0.9721406104739052,Picard,0,0.0,0.0,,0,4.746989344709296e-13
picard,Picard,10,70,1123.20676325,0.009113814847690756,0.8868825633587651,Picard,0,0.0,0.0,,0,9.042649261223516e-13
picard,Picard,10,71,1138.629550125,0.008995902286559903,0.8754082689808819,Picard,0,0.0,0.0,,0,1.3884331084593095e-13
picard,Picard,10,72,1154.0378537919999,0.009739219211872718,0.9477418451096992,Picard,0,0.0,0.0,,0,1.635000500333944e-13
picard,Picard,10,73,1169.5079718749998,0.0093307522247606,0.9079931499001168,Picard,0,0.0,0.0,,0,9.267313386926834e-13
picard,Picard,10,74,1185.294565083,0.009312902696446395,0.9062561785340528,Picard,0,0.0,0.0,,0,6.865715730801712e-13
picard,Picard,10,75,1201.168258875,0.009270850432221348,0.9021639931523847,Picard,0,0.0,0.0,,0,1.3211364566003583e-13
picard,Picard,10,76,1216.6102182079999,0.00989020397974442,0.9624344584879612,Picard,0,0.0,0.0,,0,2.6434576732611653e-13
picard,Picard,10,77,1232.935260042,0.009471308904458317,0.921670986291438,Picard,0,0.0,0.0,,0,3.963768601663101e-13
picard,Picard,10,78,1248.627973792,0.008976812906665944,0.8735506453121749,Picard,0,0.0,0.0,,0,9.953811896504138e-14
picard,Picard,10,79,1264.424377958,0.010326760439316669,1.0049165933992672,Picard,0,0.0,0.0,,0,2.879670180179887e-12
picard,Picard,10,80,1279.999940583,0.009383871004933611,0.9131622388831202,Picard,0,0.0,0.0,,0,1.8366607588881273e-13
picard,Picard,10,81,1295.6925140829999,0.00903649108286439,0.8793580415307698,Picard,0,0.0,0.0,,0,1.3960058668319978e-12
picard,Picard,10,82,1311.235191667,0.010192127406746356,0.9918151983156291,Picard,0,0.0,0.0,,0,1.113469222408084e-12
picard,Picard,10,83,1327.209391417,0.009327284704951424,0.9076557189880066,Picard,0,0.0,0.0,,0,7.820189999758321e-13
picard,Picard,10,84,1342.809770292,0.009300986784359207,0.9050966185876139,Picard,0,0.0,0.0,,0,2.530912524747963e-13
picard,Picard,10,85,1359.122054708,0.009661426463662666,0.9401716856214652,Picard,0,0.0,0.0,,0,1.8657207731847234e-13
picard,Picard,10,86,1374.686583,0.009674540570315906,0.9414478441477417,Picard,0,0.0,0.0,,0,3.1233380532857024e-13
picard,Picard,10,87,1390.3552155829998,0.009534932913646267,0.927862358982542,Picard,0,0.0,0.0,,0,5.621006545942441e-13
picard,Picard,10,88,1405.9727975829999,0.009145242356365194,0.8899408336790392,Picard,0,0.0,0.0,,0,7.904344554928059e-13
picard,Picard,10,89,1421.66814325,0.010238588113616331,0.9963363775904907,Picard,0,0.0,0.0,,0,2.4906735279809675e-13
picard,Picard,10,90,1437.811837708,0.009524013145404952,0.9267997356781421,Picard,0,0.0,0.0,,0,7.820167741385287e-13
picard,Picard,10,91,1453.968558625,0.008984425548853238,0.8742914459241943,Picard,0,0.0,0.0,,0,1.1656305833911533e-13
picard,Picard,10,92,1469.7248009579998,0.010387889535447675,1.010865181381193,Picard,0,0.0,0.0,,0,2.9547058339865565e-13
picard,Picard,10,93,1485.555461125,0.00935812792695814,0.9106571312673541,Picard,0,0.0,0.0,,0,1.5800562839156423e-13
picard,Picard,10,94,1501.4526342079998,0.00916383835277204,0.8917504452672856,Picard,0,0.0,0.0,,0,4.4420621731484443e-13
picard,Picard,10,95,1517.4513364579998,0.00998548149413796,0.9717060936493014,Picard,0,0.0,0.0,,0,1.8403181631415943e-13
picard,Picard,10,96,1533.8037898329999,0.009453236177955444,0.9199122950874126,Picard,0,0.0,0.0,,0,2.0413787457422073e-13
picard,Picard,10,97,1549.2882673749998,0.009448944284970088,0.9194946428620683,Picard,0,0.0,0.0,,0,1.024763951827794e-12
picard,Picard,10,98,1564.7702109999998,0.00938685689930678,0.9134528019129656,Picard,0,0.0,0.0,,0,1.2666143689668623e-13
picard,Picard,10,99,1580.49625225,0.009973323569470309,0.9705229830008443,Picard,0,0.0,0.0,,0,2.2788309375177074e-13
picard,Picard,10,100,1596.1526422079999,0.009577587441909157,0.9320131518170306,Picard,0,0.0,0.0,,0,1.1148378271832846e-13
aa_pure,AA_pure,10,0,15.535737375000053,1.0,97.31189169192768,initial,0,0.0,0.0,,0,8.710311982369664e-14
aa_pure,AA_pure,10,1,31.1169937090001,0.5250532780544825,51.093927726529394,AA,1,100.0,0.0,,1,1.339051212908009e-13
aa_pure,AA_pure,10,2,46.77738391699995,0.3136898481993917,30.525752532836442,AA,2,100.0,0.0,,2,8.662297547845755e-14
aa_pure,AA_pure,10,3,62.21083741699999,0.27688440734690706,26.944145458925803,AA,3,100.0,0.0,,3,9.737602329668903e-14
aa_pure,AA_pure,10,4,77.71215270900007,0.24068637537237636,23.42164649195934,AA,4,100.0,0.0,,4,6.978446585468303e-14
aa_pure,AA_pure,10,5,93.20301983400009,0.12093129551531899,11.768053131351222,AA,5,100.0,0.0,,5,2.816948532794412e-13
aa_pure,AA_pure,10,6,108.97798629199997,0.09668412267045239,9.408514873636113,AA,6,100.0,0.0,,6,1.0565931763897399e-13
aa_pure,AA_pure,10,7,124.90451229199994,0.09383200287265175,9.130969700780135,AA,7,100.0,0.0,,7,1.4256516553142939e-13
aa_pure,AA_pure,10,8,140.44012041700012,0.08955421810203042,8.714690372500053,AA,8,100.0,0.0,,8,9.804864190007714e-14
aa_pure,AA_pure,10,9,155.90522412500013,0.06973459413692762,6.786005271833235,AA,9,100.0,0.0,,9,2.4517382665617274e-13
aa_pure,AA_pure,10,10,175.88855283399994,0.0780081261772269,7.591118325648533,AA,10,100.0,0.0,,10,2.871279486537657e-13
aa_pure,AA_pure,10,11,197.33591154200008,0.043002220999266705,4.18462747239298,AA,11,100.0,0.0,,10,2.5940275679052054e-13
aa_pure,AA_pure,10,12,214.65782987500006,0.023453856468133766,2.2823391403850506,AA,12,100.0,0.0,,10,7.326217258663606e-13
aa_pure,AA_pure,10,13,231.363918625,0.032948598509500465,3.206290449557319,AA,13,100.0,0.0,,10,2.6256721206385526e-13
aa_pure,AA_pure,10,14,247.99220508400003,0.026131496462028902,2.542905353460948,AA,14,100.0,0.0,,10,1.961218875967841e-13
aa_pure,AA_pure,10,15,264.36143745899994,0.01672671110246874,1.6277078991656022,AA,15,100.0,0.0,,10,9.414409481767627e-13
aa_pure,AA_pure,10,16,280.4299464590001,0.006760728935720552,0.6578993219513198,AA,16,100.0,0.0,,10,5.114483573620944e-13
aa_pure,AA_pure,10,17,297.13402520900013,0.00940999678222064,0.9157045876928428,AA,17,100.0,0.0,,10,2.33042563612963e-13
aa_pure,AA_pure,10,18,316.4574977919999,0.004150866245083843,0.4039286464692775,AA,18,100.0,0.0,,10,2.7466115913798345e-13
aa_pure,AA_pure,10,19,332.7393958750001,0.004084109446335215,0.39743241609975116,AA,19,100.0,0.0,,10,2.3539762549801744e-13
aa_pure,AA_pure,10,20,348.62711412499993,0.0023392572047553663,0.22763754374871573,AA,20,100.0,0.0,,10,3.3515139656800764e-13
aa_pure,AA_pure,10,21,364.537604375,0.002064233271649583,0.20087444455763775,AA,21,100.0,0.0,,10,1.7082341284266936e-13
aa_pure,AA_pure,10,22,380.1230809169999,0.001661853432563895,0.161718101237516,AA,22,100.0,0.0,,10,1.1795344627963015e-13
aa_pure,AA_pure,10,23,395.66534079200005,0.001465428967970078,0.1426036650133176,AA,23,100.0,0.0,,10,1.5193035918269865e-12
aa_pure,AA_pure,10,24,411.4234167920001,0.0011094168685448235,0.10795945415303143,AA,24,100.0,0.0,,10,7.882306336468522e-13
aa_pure,AA_pure,10,25,427.28774487500004,0.0008655242430691682,0.08422580139828459,AA,25,100.0,0.0,,10,1.382686021490514e-12
aa_pure,AA_pure,10,26,442.9182037090002,0.0005768607119650316,0.056135407124069454,AA,26,100.0,0.0,,10,8.658444159799613e-13
aa_pure,AA_pure,10,27,458.49482554200017,0.0003669985483172297,0.03571332298494095,AA,27,100.0,0.0,,10,5.79756069101081e-13
aa_pure,AA_pure,10,28,474.47139808399993,0.00029291942709417664,0.028504543563850022,AA,28,100.0,0.0,,10,3.4317128528564434e-13
aa_pure,AA_pure,10,29,490.26159633400016,0.00015462724894852063,0.015047070102299179,AA,29,100.0,0.0,,10,4.726153697991686e-13
aa_pure,AA_pure,10,30,506.0478367500002,0.00016295146640008085,0.01585711544936546,AA,30,100.0,0.0,,10,1.0697150660063913e-12
aa_pure,AA_pure,10,31,521.5711185000002,0.00010535755586910769,0.010252543065660827,AA,31,100.0,0.0,,10,7.727660479317147e-13
aa_pure,AA_pure,10,32,537.6368096670001,4.139361953706286e-05,0.004028091421127523,AA,32,100.0,0.0,,10,1.4039941668492514e-12
aa_pure,AA_pure,10,33,553.761238584,2.0872456026212773e-05,0.0020311381801673407,AA,33,100.0,0.0,,10,3.246913651475008e-13
aa_pure,AA_pure,10,34,569.2900982499998,1.1188067398478094e-05,0.0010887320029226873,AA,34,100.0,0.0,,10,3.909054257739296e-13
aa_pure,AA_pure,10,35,585.0180318340001,7.003146231520773e-06,0.000681489407584481,AA,35,100.0,0.0,,10,3.291931078863902e-13
aa_pure,AA_pure,10,36,600.6480464170002,4.9327361495184316e-06,0.000480013885926794,AA,36,100.0,0.0,,10,2.0069922889353579e-13
aa_pure,AA_pure,10,37,616.5664870839998,2.5094619410105737e-06,0.00024420048860863557,AA,37,100.0,0.0,,10,2.847718631756486e-13
aa_pure,AA_pure,10,38,632.8182141250002,1.6123612262766363e-06,0.00015690192101969574,AA,38,100.0,0.0,,10,1.7532895242262402e-13
aa_pure,AA_pure,10,39,648.4832477090001,1.3469617676689022e-06,0.00013107539764856368,AA,39,100.0,0.0,,10,2.795205751053986e-13
aa_pure,AA_pure,10,40,664.292377042,1.3063063209790553e-06,0.00012711913922359435,AA,40,100.0,0.0,,10,2.3603922616894316e-13
aa_pure,AA_pure,10,41,680.0091949169998,9.066921540565004e-07,8.823192869346678e-05,AA,41,100.0,0.0,,10,2.890559188788316e-13
aa_pure,AA_pure,10,42,695.5990622920001,4.951556829397395e-07,4.818453618887442e-05,AA,42,100.0,0.0,,10,4.0027655303566815e-13
aa_pure,AA_pure,10,43,711.5439107089999,2.3646237829507005e-07,2.301060134586549e-05,AA,43,100.0,0.0,,10,3.0577737741713503e-13
aa_pure,AA_pure,10,44,727.1383315,1.3581146178499186e-07,1.3216070259743504e-05,AA,44,100.0,0.0,,10,4.113138938913063e-13
aa_pure,AA_pure,10,45,742.910128584,1.08578494972709e-07,1.0565978742856773e-05,AA,45,100.0,0.0,,10,3.0458187505244006e-13
aa_pure,AA_pure,10,46,758.5488035840001,7.771239050561558e-08,7.562339728003252e-06,AA,46,100.0,0.0,,10,2.5820511095014765e-13
aa_pure,AA_pure,10,47,774.2542255840001,7.301517433202878e-08,7.105244736465603e-06,AA,47,100.0,0.0,,10,6.689889015158508e-13
aa_pure,AA_pure,10,48,789.7687520840002,5.9152056836021794e-08,5.756198548181703e-06,AA,48,100.0,0.0,,10,2.6672735269360845e-13
aa_pure,AA_pure,10,49,805.282249917,4.153137043045626e-08,4.041496221145888e-06,AA,49,100.0,0.0,,10,4.576794915579941e-13
aa_pure,AA_pure,10,50,821.0665715000002,3.3299520391300614e-08,3.2404393217113825e-06,AA,50,100.0,0.0,,10,2.268420381071356e-13
aa_pure,AA_pure,10,51,836.9948461669999,1.7158072337863672e-08,1.66968447698445e-06,AA,51,100.0,0.0,,10,3.853290332779987e-13
aa_pure,AA_pure,10,52,852.9316564170001,1.1140236777428724e-08,1.0840775147075735e-06,AA,52,100.0,0.0,,10,3.2021235047111394e-13
aa_pure,AA_pure,10,53,868.5604322500001,5.511741683700273e-09,5.363580097581241e-07,AA,53,100.0,0.0,,10,1.890619380136291e-13
aa_pure,AA_pure,10,54,884.4403466249998,3.177054541177713e-09,3.0916518741043264e-07,AA,54,100.0,0.0,,10,2.4798035013091236e-13
aa_pure,AA_pure,10,55,901.0531467920002,1.309852978241861e-09,1.2746427115102088e-07,AA,55,100.0,0.0,,10,3.7311446475432305e-13
aa_pure,AA_pure,10,56,916.8685908750001,8.62275157054924e-10,8.39096266919687e-08,AA,56,100.0,0.0,,10,4.117660205332245e-13
aa_pure,AA_pure,10,57,932.5114001250001,5.114281735253749e-10,4.976804303030168e-08,AA,57,100.0,0.0,,10,1.8451449068208488e-13
aa_pure,AA_pure,10,58,948.1904738340002,3.0066438574566027e-10,2.925822014130166e-08,AA,58,100.0,0.0,,10,2.9417305282198976e-13
aa_pure,AA_pure,10,59,963.806708334,2.6884126714757183e-10,2.6161452270985103e-08,AA,59,100.0,0.0,,10,4.897114127128833e-13
aa_pure,AA_pure,10,60,979.3094397090001,2.8904915742547813e-10,2.8127920301031082e-08,AA,60,100.0,0.0,,10,3.098497628555093e-13
aa_pure,AA_pure,10,61,994.8971789170002,2.3445764867336454e-10,2.2815517314046484e-08,AA,61,100.0,0.0,,10,1.9019211288503458e-13
aa_pure,AA_pure,10,62,1010.6436267500001,7.235569109796864e-11,7.041069175420101e-09,AA,62,100.0,0.0,,10,3.094727909143973e-13
global_eta0,GlobalAndersonSolver,10,0,15.550991833999888,1.0,97.31189169192768,initial,0,0.0,0.0,,0,8.710311982369664e-14
global_eta0,GlobalAndersonSolver,10,1,46.765347541999745,0.571970249625031,55.65950698251586,KM,0,0.0,0.0,,0,7.452324508030532e-14
global_eta0,GlobalAndersonSolver,10,2,64.50620899999967,0.304290909364164,29.611124014883707,AA,1,50.0,0.0,,0,2.1099424262016263e-13
global_eta0,GlobalAndersonSolver,10,3,80.22316387499995,0.12729767697145514,12.38757775408024,AA,2,66.66666666666667,0.0,,1,9.011447333799542e-14
global_eta0,GlobalAndersonSolver,10,4,95.80114337499981,0.08681071763430362,8.44771515212787,AA,3,75.0,0.0,,2,3.2901876274323526e-13
global_eta0,GlobalAndersonSolver,10,5,111.3545026249999,0.07362423069938251,7.164513163719808,AA,4,80.0,0.0,,3,1.23339276628681e-13
global_eta0,GlobalAndersonSolver,10,6,127.32683612499977,0.06394935193238681,6.223032409013392,AA,5,83.33333333333333,0.0,,4,2.186285312651795e-13
global_eta0,GlobalAndersonSolver,10,7,143.181116792,0.05304856461163456,5.1622561738996104,AA,6,85.71428571428571,0.0,,5,1.1910180528985058e-13
global_eta0,GlobalAndersonSolver,10,8,158.67130612499977,0.04726434385642128,4.599382710246095,AA,7,87.5,0.0,,6,2.4501079297545434e-13
global_eta0,GlobalAndersonSolver,10,9,174.20075099999985,0.03103579148217182,3.020151579286356,AA,8,88.88888888888889,0.0,,7,1.3380412547768913e-13
global_eta0,GlobalAndersonSolver,10,10,189.8693234999996,0.03693727067439386,3.594435683262032,AA,9,90.0,0.0,,8,1.9243690378984825e-13
global_eta0,GlobalAndersonSolver,10,11,205.67084129199975,0.0476428578253171,4.636216620591167,AA,10,90.9090909090909,0.0,,9,1.8660718818420533e-13
global_eta0,GlobalAndersonSolver,10,12,221.4194108749998,0.026898260872558293,2.6175206487316087,AA,11,91.66666666666667,0.0,,10,2.0235888148849781e-13
global_eta0,GlobalAndersonSolver,10,13,237.22591858399983,0.020353269628736823,1.9806151696882388,AA,12,92.3076923076923,0.0,,10,1.3462704410263654e-13
global_eta0,GlobalAndersonSolver,10,14,253.02506583399963,0.020436538810795296,1.9887182513139885,AA,13,92.85714285714286,0.0,,10,1.795012190655482e-13
global_eta0,GlobalAndersonSolver,10,15,268.7893799589997,0.010856400238591898,1.0564568441820728,AA,14,93.33333333333333,0.0,,10,1.7495980939224827e-13
global_eta0,GlobalAndersonSolver,10,16,284.40591879199974,0.00522015925878069,0.50798357240508,AA,15,93.75,0.0,,10,2.510465792554337e-13
global_eta0,GlobalAndersonSolver,10,17,300.0162846669996,0.00586269711375334,0.5705101465561421,AA,16,94.11764705882354,0.0,,10,1.621381753630493e-13
global_eta0,GlobalAndersonSolver,10,18,315.9034527089998,0.0025662025280384633,0.24972202246802994,AA,17,94.44444444444444,0.0,,10,2.928448043080186e-13
global_eta0,GlobalAndersonSolver,10,19,331.56621483399977,0.001965291355847519,0.1912462195633155,AA,18,94.73684210526316,0.0,,10,1.1378690197823948e-13
global_eta0,GlobalAndersonSolver,10,20,347.222551417,0.001710447586924672,0.16644689032353274,AA,19,95.0,0.0,,10,2.3280077863792056e-13
global_eta0,GlobalAndersonSolver,10,21,363.198501375,0.0012458815626126517,0.12123909168193198,AA,20,95.23809523809524,0.0,,10,3.486431149802162e-13
global_eta0,GlobalAndersonSolver,10,22,378.85143224999956,0.0009902166782287925,0.09635985814334065,AA,21,95.45454545454545,0.0,,10,5.525788079417885e-13
global_eta0,GlobalAndersonSolver,10,23,394.4042154589997,0.001030978607922466,0.10032647863084537,AA,22,95.65217391304348,0.0,,10,2.822052434429246e-13
global_eta0,GlobalAndersonSolver,10,24,410.0019569589999,0.0007694838217970877,0.07487992632540878,AA,23,95.83333333333333,0.0,,10,3.051579329416482e-13
global_eta0,GlobalAndersonSolver,10,25,426.17644220899956,0.00047359064335401034,0.04608600139237581,AA,24,96.0,0.0,,10,2.53879776248387e-12
global_eta0,GlobalAndersonSolver,10,26,442.19266608399994,0.0002919597493402524,0.028411155506200998,AA,25,96.15384615384616,0.0,,10,1.4215737691291605e-12
global_eta0,GlobalAndersonSolver,10,27,457.76449779199993,0.00017602467769716368,0.01712929437117287,AA,26,96.29629629629629,0.0,,10,5.836629173656893e-13
global_eta0,GlobalAndersonSolver,10,28,473.243016292,0.00011396899465231718,0.011090538463844175,AA,27,96.42857142857143,0.0,,10,4.480419710699685e-13
global_eta0,GlobalAndersonSolver,10,29,489.0309018749999,6.162513898008354e-05,0.00599685884992988,AA,28,96.55172413793103,0.0,,10,1.5196578750143005e-13
global_eta0,GlobalAndersonSolver,10,30,504.8366098339998,3.3457912847954034e-05,0.003255852791298059,AA,29,96.66666666666667,0.0,,10,2.285866736179448e-13
global_eta0,GlobalAndersonSolver,10,31,521.3042277089999,2.092500004187253e-05,0.0020362513377282817,AA,30,96.7741935483871,0.0,,10,2.2671204470667872e-13
global_eta0,GlobalAndersonSolver,10,32,537.0694317499997,1.0503797397140324e-05,0.0010221443946644712,AA,31,96.875,0.0,,10,1.5256498119470356e-13
global_eta0,GlobalAndersonSolver,10,33,552.8464562919999,9.205998558846654e-06,0.000895853134674528,AA,32,96.96969696969697,0.0,,10,1.5245607536921797e-13
global_eta0,GlobalAndersonSolver,10,34,568.6994439589998,4.480830183364544e-06,0.00043603806149349094,AA,33,97.05882352941177,0.0,,10,1.5455469014108797e-13
global_eta0,GlobalAndersonSolver,10,35,584.4486372499996,3.1414953719719984e-06,0.0003057048573880312,AA,34,97.14285714285714,0.0,,10,1.9240182973054592e-13
global_eta0,GlobalAndersonSolver,10,36,600.0783604999997,2.0750489255082295e-06,0.00020192693629450775,AA,35,97.22222222222223,0.0,,10,4.166330594340754e-13
global_eta0,GlobalAndersonSolver,10,37,615.7335640419997,1.0718284537268208e-06,0.0001043016544013907,AA,36,97.29729729729729,0.0,,10,2.1028853454476276e-13
global_eta0,GlobalAndersonSolver,10,38,631.4518468339998,5.54676358065111e-07,5.397660568010498e-05,AA,37,97.36842105263158,0.0,,10,5.502217862206231e-13
global_eta0,GlobalAndersonSolver,10,39,647.3919267089996,3.5206287361678677e-07,3.425990422614558e-05,AA,38,97.43589743589743,0.0,,10,2.988426982779865e-13
global_eta0,GlobalAndersonSolver,10,40,663.3925462089996,2.2806742880275381e-07,2.2193672930110007e-05,AA,39,97.5,0.0,,10,2.898791017560103e-13
global_eta0,GlobalAndersonSolver,10,41,679.1981334999996,1.0675322722413059e-07,1.0388358485398341e-05,AA,40,97.5609756097561,0.0,,10,3.4525994862418595e-13
global_eta0,GlobalAndersonSolver,10,42,694.9955432089996,8.33565641476825e-08,8.111584942150502e-06,AA,41,97.61904761904762,0.0,,10,4.455678291483481e-13
global_eta0,GlobalAndersonSolver,10,43,710.7146693339996,6.033552223676293e-08,5.871363805079769e-06,AA,42,97.67441860465117,0.0,,10,3.6178123706845654e-13
global_eta0,GlobalAndersonSolver,10,44,726.339996875,4.738343664629488e-08,4.610971854915565e-06,AA,43,97.72727272727273,0.0,,10,1.9977993270983993e-13
global_eta0,GlobalAndersonSolver,10,45,742.0402742499996,3.416298472047069e-08,3.324464668991424e-06,AA,44,97.77777777777777,0.0,,10,3.059141002881424e-13
global_eta0,GlobalAndersonSolver,10,46,757.9433935839998,2.1776054735665796e-08,2.119069079914599e-06,AA,45,97.82608695652173,0.0,,10,4.0085106949871393e-13
global_eta0,GlobalAndersonSolver,10,47,773.4052175419997,1.276866912362328e-08,1.2425433468080898e-06,AA,46,97.87234042553192,0.0,,10,2.6068720391362687e-13
global_eta0,GlobalAndersonSolver,10,48,789.0569902919997,6.9801323048038815e-09,6.792498788404009e-07,AA,47,97.91666666666667,0.0,,10,2.1079017503827995e-13
global_eta0,GlobalAndersonSolver,10,49,804.7780174999998,3.4872360721512864e-09,3.393495389573693e-07,AA,48,97.95918367346938,0.0,,10,2.647665683347631e-13
global_eta0,GlobalAndersonSolver,10,50,820.8475590839998,2.2342199697652422e-09,2.174161717137372e-07,AA,49,98.0,0.0,,10,1.7058835109627646e-13
global_eta0,GlobalAndersonSolver,10,51,836.1477267089999,1.8069620026456856e-09,1.758388906928857e-07,AA,50,98.03921568627452,0.0,,10,3.464944301919338e-13
global_eta0,GlobalAndersonSolver,10,52,851.7458429169997,1.6656851434852611e-09,1.6209097227569074e-07,AA,51,98.07692307692308,0.0,,10,3.05109138246968e-13
global_eta0,GlobalAndersonSolver,10,53,867.2875933339997,1.2979115779016152e-09,1.2630223089446094e-07,AA,52,98.11320754716981,0.0,,10,2.686532862946385e-13
global_eta0,GlobalAndersonSolver,10,54,882.7476162499997,8.358271896838647e-10,8.133592495568453e-08,AA,53,98.14814814814815,0.0,,10,2.1588424890774088e-13
global_eta0,GlobalAndersonSolver,10,55,898.3074856249996,4.433491227327434e-10,4.3143141813079876e-08,AA,54,98.18181818181819,0.0,,10,5.948916301136458e-13
global_eta0,GlobalAndersonSolver,10,56,913.7945030839996,2.5364885868178004e-10,2.4683050263822453e-08,AA,55,98.21428571428571,0.0,,10,2.5639523893126624e-13
global_eta0,GlobalAndersonSolver,10,57,929.4590704169996,2.816015328476905e-10,2.7403177864755276e-08,AA,56,98.24561403508773,0.0,,10,2.257877460405183e-13
global_eta0,GlobalAndersonSolver,10,58,945.0624229999999,2.4696122882762445e-10,2.403226435177916e-08,AA,57,98.27586206896552,0.0,,10,1.739397878909626e-13
global_eta0,GlobalAndersonSolver,10,59,960.83200425,1.5175006435808225e-10,1.4767085827056757e-08,AA,58,98.30508474576271,0.0,,10,2.384534577748036e-13
global_eta0,GlobalAndersonSolver,10,60,977.1274152919996,1.383269251162316e-10,1.346085475498812e-08,AA,59,98.33333333333333,0.0,,10,1.5021745581428628e-13
global_eta0,GlobalAndersonSolver,10,61,992.7175419589998,3.1373876592655367e-10,3.053051280940384e-08,AA,60,98.36065573770492,0.0,,10,1.319157947810636e-13
global_eta0,GlobalAndersonSolver,10,62,1008.1889838749998,1.6381330990234183e-10,1.5940983070912872e-08,AA,61,98.38709677419355,0.0,,10,1.615983995013996e-13
global_eta0,GlobalAndersonSolver,10,63,1024.0875772499999,8.084905230394554e-11,7.867574221196546e-09,AA,62,98.41269841269842,0.0,,10,4.833489848203179e-13
global_eta1e10,GlobalAndersonSolver eta=1e-10,10,0,16.933183499999814,1.0,97.31189169192768,initial,0,0.0,1e-10,,0,8.710311982369664e-14
global_eta1e10,GlobalAndersonSolver eta=1e-10,10,1,48.199530917000175,0.571970249625031,55.65950698251586,KM,0,0.0,1e-10,,0,7.452324508030532e-14
global_eta1e10,GlobalAndersonSolver eta=1e-10,10,2,63.947967083000094,0.304290909364164,29.611124014883707,AA,1,50.0,1e-10,,0,2.1099424262016263e-13
global_eta1e10,GlobalAndersonSolver eta=1e-10,10,3,79.61966891700013,0.12729767697145514,12.38757775408024,AA,2,66.66666666666667,1e-10,,1,9.011447333799542e-14
global_eta1e10,GlobalAndersonSolver eta=1e-10,10,4,95.47948595800017,0.08681071765287579,8.447715153935164,AA,3,75.0,1e-10,,2,3.2901880948898943e-13
global_eta1e10,GlobalAndersonSolver eta=1e-10,10,5,111.10402387500017,0.07362423070779374,7.164513164538321,AA,4,80.0,1e-10,,3,9.748824390977069e-14
global_eta1e10,GlobalAndersonSolver eta=1e-10,10,6,127.01216970799987,0.06394935193164825,6.2230324089415205,AA,5,83.33333333333333,1e-10,,4,2.1388766758700022e-13
global_eta1e10,GlobalAndersonSolver eta=1e-10,10,7,142.6791216669999,0.05304856462415098,5.162256175117607,AA,6,85.71428571428571,1e-10,,5,1.2417530761041915e-13
global_eta1e10,GlobalAndersonSolver eta=1e-10,10,8,158.1974862500001,0.047264343922852024,4.599382716710597,AA,7,87.5,1e-10,,6,3.2389799734490106e-13
global_eta1e10,GlobalAndersonSolver eta=1e-10,10,9,173.73399525000013,0.031035791360856956,3.020151567480977,AA,8,88.88888888888889,1e-10,,7,1.6717583492580903e-13
global_eta1e10,GlobalAndersonSolver eta=1e-10,10,10,189.664272042,0.036937271089484226,3.5944357236552604,AA,9,90.0,1e-10,,8,1.982282894190987e-13
global_eta1e10,GlobalAndersonSolver eta=1e-10,10,11,205.34931925,0.047642857508945986,4.636216589804495,AA,10,90.9090909090909,1e-10,,9,1.7692179379399803e-13
global_eta1e10,GlobalAndersonSolver eta=1e-10,10,12,220.97888349999994,0.026898260272884885,2.6175205903762553,AA,11,91.66666666666667,1e-10,,10,1.86701386877845e-13
global_eta1e10,GlobalAndersonSolver eta=1e-10,10,13,236.37763912499986,0.020353270136669935,1.9806152191161708,AA,12,92.3076923076923,1e-10,,10,1.476534756707284e-13
global_eta1e10,GlobalAndersonSolver eta=1e-10,10,14,252.51356312500002,0.02043653848414188,1.9887182195267266,AA,13,92.85714285714286,1e-10,,10,1.859866054614885e-13
global_eta1e10,GlobalAndersonSolver eta=1e-10,10,15,268.46251895800015,0.010856399893389797,1.0564568105898031,AA,14,93.33333333333333,1e-10,,10,1.857903226530711e-13
global_eta1e10,GlobalAndersonSolver eta=1e-10,10,16,284.1923431670002,0.005220159085321765,0.5079835555254638,AA,15,93.75,1e-10,,10,1.8592847080561912e-13
global_eta1e10,GlobalAndersonSolver eta=1e-10,10,17,299.87369924999985,0.005862696841460982,0.5705101200588576,AA,16,94.11764705882354,1e-10,,10,1.5566161090477417e-13
global_eta1e10,GlobalAndersonSolver eta=1e-10,10,18,316.1218241669999,0.0025662024377811786,0.24972201368492283,AA,17,94.44444444444444,1e-10,,10,3.157957305715341e-13
global_eta1e10,GlobalAndersonSolver eta=1e-10,10,19,331.95357541700014,0.0019652913534477503,0.19124621932978944,AA,18,94.73684210526316,1e-10,,10,1.328393189569583e-13
global_eta1e10,GlobalAndersonSolver eta=1e-10,10,20,347.47442583300017,0.0017104476328060536,0.16644689478833677,AA,19,95.0,1e-10,,10,2.979372249103533e-13
global_eta1e10,GlobalAndersonSolver eta=1e-10,10,21,363.21066625000003,0.0012458815840233318,0.12123909376544575,AA,20,95.23809523809524,1e-10,,10,3.2970640856008034e-13
global_eta1e10,GlobalAndersonSolver eta=1e-10,10,22,379.2077012079999,0.0009902167105097681,0.09635986128466346,AA,21,95.45454545454545,1e-10,,10,6.167750788419044e-13
global_eta1e10,GlobalAndersonSolver eta=1e-10,10,23,395.3229034579999,0.0010309787172002075,0.10032648926486915,AA,22,95.65217391304348,1e-10,,10,3.263676359168822e-13
global_eta1e10,GlobalAndersonSolver eta=1e-10,10,24,411.0507872080002,0.0007694838793026581,0.07487993192138462,AA,23,95.83333333333333,1e-10,,10,3.5235931206923876e-13
global_eta1e10,GlobalAndersonSolver eta=1e-10,10,25,426.57134558300004,0.0004735908305813304,0.046086019611820496,AA,24,96.0,1e-10,,10,2.018911993844752e-12
global_eta1e10,GlobalAndersonSolver eta=1e-10,10,26,442.19751966700005,0.00029195970972644304,0.02841115165130627,AA,25,96.15384615384616,1e-10,,10,1.2987644321640844e-12
global_eta1e10,GlobalAndersonSolver eta=1e-10,10,27,458.0648269999997,0.00017602482803505068,0.017129309000837048,AA,26,96.29629629629629,1e-10,,10,4.624140412474449e-13
global_eta1e10,GlobalAndersonSolver eta=1e-10,10,28,474.6234873750004,0.00011396887901606335,0.011090527211061567,AA,27,96.42857142857143,1e-10,,10,5.553673377573651e-13
global_eta1e10,GlobalAndersonSolver eta=1e-10,10,29,490.1745513330002,6.162512803505505e-05,0.005996857784848453,AA,28,96.55172413793103,1e-10,,10,2.563740723121828e-13
global_eta1e10,GlobalAndersonSolver eta=1e-10,10,30,506.2978974169996,3.3457936240206965e-05,0.0032558550676424426,AA,29,96.66666666666667,1e-10,,10,1.990892249199713e-13
global_eta1e10,GlobalAndersonSolver eta=1e-10,10,31,521.9446091670002,2.092499468413275e-05,0.002036250816356489,AA,30,96.7741935483871,1e-10,,10,2.8157975609103356e-13
global_eta1e10,GlobalAndersonSolver eta=1e-10,10,32,538.1375040830003,1.0503774465603764e-05,0.001022142163153269,AA,31,96.875,1e-10,,10,3.4201035227966496e-13
global_eta1e10,GlobalAndersonSolver eta=1e-10,10,33,562.2181578750001,9.206028938970513e-06,0.0008958560910218505,AA,32,96.96969696969697,1e-10,,10,1.816034787767223e-13
global_eta1e10,GlobalAndersonSolver eta=1e-10,10,34,579.4097319580001,4.480685289391744e-06,0.00043602396158690305,AA,33,97.05882352941177,1e-10,,10,2.3346902050566147e-13
global_eta1e10,GlobalAndersonSolver eta=1e-10,10,35,595.7698208329998,3.141648769661327e-06,0.0003057197848073609,AA,34,97.14285714285714,1e-10,,10,1.7292557391238962e-13
global_eta1e10,GlobalAndersonSolver eta=1e-10,10,36,611.8058126669998,2.0752893092007328e-06,0.00020195032848635712,AA,35,97.22222222222223,1e-10,,10,1.4102192906932276e-13
global_eta1e10,GlobalAndersonSolver eta=1e-10,10,37,627.3447459579997,1.0717892173497278e-06,0.00010429783623531265,AA,36,97.29729729729729,1e-10,,10,2.3127464469326215e-13
global_eta1e10,GlobalAndersonSolver eta=1e-10,10,38,642.9835084580004,5.547025834277775e-07,5.397915771975636e-05,AA,37,97.36842105263158,1e-10,,10,4.84646021475693e-13
global_eta1e10,GlobalAndersonSolver eta=1e-10,10,39,659.0975025829998,3.521088816620702e-07,3.426438135606516e-05,AA,38,97.43589743589743,1e-10,,10,1.8430417344107567e-13
global_eta1e10,GlobalAndersonSolver eta=1e-10,10,40,674.4515594999998,2.280483116463868e-07,2.2191812603460162e-05,AA,39,97.5,1e-10,,10,4.927773549260924e-13
global_eta1e10,GlobalAndersonSolver eta=1e-10,10,41,690.0870190829996,1.0672674922827852e-07,1.0385781861533766e-05,AA,40,97.5609756097561,1e-10,,10,2.7788308689327366e-13
global_eta1e10,GlobalAndersonSolver eta=1e-10,10,42,705.8352062500003,8.33852206090848e-08,8.114373556618756e-06,AA,41,97.61904761904762,1e-10,,10,3.158404192930673e-13
global_eta1e10,GlobalAndersonSolver eta=1e-10,10,43,721.3123792499996,6.016328910429924e-08,5.8546034731477005e-06,AA,42,97.67441860465117,1e-10,,10,2.3511618115140867e-13
global_eta1e10,GlobalAndersonSolver eta=1e-10,10,44,736.7460149579997,4.7564604996864164e-08,4.628601689824168e-06,AA,43,97.72727272727273,1e-10,,10,1.4839802694117298e-13
global_eta1e10,GlobalAndersonSolver eta=1e-10,10,45,752.3132892919998,3.452629641881456e-08,3.359819217631073e-06,AA,44,97.77777777777777,1e-10,,10,3.7776807239241315e-13
global_eta1e10,GlobalAndersonSolver eta=1e-10,10,46,767.9868202920002,2.162043506505252e-08,2.1039254353827466e-06,AA,45,97.82608695652173,1e-10,,10,5.079365883124619e-13
global_eta1e10,GlobalAndersonSolver eta=1e-10,10,47,783.6254813330002,1.287064643334567e-08,1.2524669517268292e-06,AA,46,97.87234042553192,1e-10,,10,2.2360683749969355e-13
global_eta1e10,GlobalAndersonSolver eta=1e-10,10,48,799.15722125,6.828652418640115e-09,6.645090845645269e-07,AA,47,97.91666666666667,1e-10,,10,2.0549349017145868e-13
global_eta1e10,GlobalAndersonSolver eta=1e-10,10,49,814.6664330830004,3.5076374639411744e-09,3.4133483698559146e-07,AA,48,97.95918367346938,1e-10,,10,3.4411475602983203e-13
global_eta1e10,GlobalAndersonSolver eta=1e-10,10,50,830.3512470829996,2.3401800475596093e-09,2.2772734732773086e-07,AA,49,98.0,1e-10,,10,3.2654039917768313e-13
global_eta1e10,GlobalAndersonSolver eta=1e-10,10,51,846.0634400419999,1.7982830223990431e-09,1.7499432270712805e-07,AA,50,98.03921568627452,1e-10,,10,1.917396654067309e-13
global_eta1e10,GlobalAndersonSolver eta=1e-10,10,52,861.7472819580003,1.7002709003144521e-09,1.6545657769833634e-07,AA,51,98.07692307692308,1e-10,,10,3.059390340272224e-13
global_eta1e10,GlobalAndersonSolver eta=1e-10,10,53,877.2398386669997,1.3453487492355804e-09,1.3091843177348318e-07,AA,52,98.11320754716981,1e-10,,10,2.0002402420276206e-13
global_eta1e10,GlobalAndersonSolver eta=1e-10,10,54,892.8987118749997,7.799721721365454e-10,7.590056753766908e-08,AA,53,98.14814814814815,1e-10,,10,4.000308440587945e-13
global_eta1e10,GlobalAndersonSolver eta=1e-10,10,55,908.3348877080002,4.5660900172857213e-10,4.443348572177003e-08,AA,54,98.18181818181819,1e-10,,10,4.848764708023911e-13
global_eta1e10,GlobalAndersonSolver eta=1e-10,10,56,923.8278246249997,4.2341453556940655e-10,4.1203269426117955e-08,AA,55,98.21428571428571,1e-10,,10,3.441102730533586e-13
global_eta1e10,GlobalAndersonSolver eta=1e-10,10,57,939.3304305830002,2.2839562060084664e-10,2.2225609894820195e-08,AA,56,98.24561403508773,1e-10,,10,1.8206262240704988e-13
global_eta1e10,GlobalAndersonSolver eta=1e-10,10,58,955.2311226249999,2.895444978851958e-10,2.817612281819776e-08,AA,57,98.27586206896552,1e-10,,10,3.8154534369405193e-13
global_eta1e10,GlobalAndersonSolver eta=1e-10,10,59,971.8572964580003,1.0524195588140805e-10,1.0241293812178213e-08,AA,58,98.30508474576271,1e-10,,10,2.8739132789420773e-13
global_eta1e10,GlobalAndersonSolver eta=1e-10,10,60,987.6832868750002,2.937735022839126e-10,2.8587655236210374e-08,AA,59,98.33333333333333,1e-10,,10,1.9874157989922494e-13
global_eta1e10,GlobalAndersonSolver eta=1e-10,10,61,1003.2543860419996,3.0290229678301655e-10,2.9475995497785044e-08,AA,60,98.36065573770492,1e-10,,10,1.2093128415126812e-13
global_eta1e10,GlobalAndersonSolver eta=1e-10,10,62,1019.1125158330001,1.2061602203582962e-10,1.1737373272661816e-08,AA,61,98.38709677419355,1e-10,,10,2.1910815495357128e-13
global_eta1e10,GlobalAndersonSolver eta=1e-10,10,63,1034.705707875,3.73478141323593e-11,3.6343864437783945e-09,AA,62,98.41269841269842,1e-10,,10,3.3301261532336716e-13
faa02,FAA cs=0.2,10,0,15.56860558399967,1.0,97.31189169192768,initial,0,0.0,0.0,0.2,0,8.710311982369664e-14
faa02,FAA cs=0.2,10,1,31.21367379200001,0.5250532780544825,51.093927726529394,AA,1,100.0,0.0,0.2,0,1.339051212908009e-13
faa02,FAA cs=0.2,10,2,46.767412917,0.3136898481940744,30.525752532319007,AA,2,100.0,0.0,0.2,1,8.662304913114602e-14
faa02,FAA cs=0.2,10,3,62.40062074999969,0.276884407495868,26.944145473421475,AA,3,100.0,0.0,0.2,2,8.081930768885546e-14
faa02,FAA cs=0.2,10,4,77.85524662499938,0.24068637541540408,23.421646496146447,AA,4,100.0,0.0,0.2,3,5.923981089499182e-14
faa02,FAA cs=0.2,10,5,93.29127437499938,0.12093129570278706,11.768053149594094,AA,5,100.0,0.0,0.2,4,3.5513925550092163e-13
faa02,FAA cs=0.2,10,6,109.68789270899924,0.09668412272432898,9.408514878878947,AA,6,100.0,0.0,0.2,5,1.0635648883400331e-13
faa02,FAA cs=0.2,10,7,125.54550349999954,0.09383200291147925,9.130969704558511,AA,7,100.0,0.0,0.2,6,1.4095334568152288e-13
faa02,FAA cs=0.2,10,8,141.17563245899964,0.0895542180063175,8.714690363186048,AA,8,100.0,0.0,0.2,7,8.520034390287616e-14
faa02,FAA cs=0.2,10,9,156.86220712499926,0.06973459434800258,6.786005292373339,AA,9,100.0,0.0,0.2,8,2.986472751971491e-13
faa02,FAA cs=0.2,10,10,173.04087287499988,0.0780081256108691,7.591118270535184,AA,10,100.0,0.0,0.2,9,2.92485589494841e-13
faa02,FAA cs=0.2,10,11,188.5805019999998,0.036367535731499645,3.5389936982060033,AA,11,100.0,0.0,0.2,9,2.5460121771839863e-13
faa02,FAA cs=0.2,10,12,204.77521416699983,0.038677090762680125,3.763740867256785,AA,12,100.0,0.0,0.2,10,1.991949259082179e-13
faa02,FAA cs=0.2,10,13,220.8927389999999,0.022827761666637792,2.2214126708729953,AA,13,100.0,0.0,0.2,10,2.756304844016004e-13
faa02,FAA cs=0.2,10,14,236.67974612499984,0.019798385349392076,1.9266183307950897,AA,14,100.0,0.0,0.2,10,1.5877049036254082e-13
faa02,FAA cs=0.2,10,15,252.69307037499948,0.01659034820657726,1.614438167809813,AA,15,100.0,0.0,0.2,10,1.2833557230950144e-13
faa02,FAA cs=0.2,10,16,269.44277920900004,0.007989862872952431,0.7775086705261012,AA,16,100.0,0.0,0.2,9,3.251684732054826e-13
faa02,FAA cs=0.2,10,17,285.24591037499977,0.003935297561068362,0.3829512500381916,AA,17,100.0,0.0,0.2,9,2.0094539396204552e-13
faa02,FAA cs=0.2,10,18,301.2527128749998,0.0038122614916393767,0.3709783773757177,AA,18,100.0,0.0,0.2,9,1.3739692911302308e-13
faa02,FAA cs=0.2,10,19,316.8841339999999,0.002396361649396406,0.23319448528075226,AA,19,100.0,0.0,0.2,9,2.992429108297259e-13
faa02,FAA cs=0.2,10,20,332.5166612919993,0.0020396997689532403,0.19848704300042763,AA,20,100.0,0.0,0.2,9,2.859118604339252e-13
faa02,FAA cs=0.2,10,21,348.2065650839995,0.0017107080173628104,0.16647223330212216,AA,21,100.0,0.0,0.2,9,1.7053256561427926e-13
faa02,FAA cs=0.2,10,22,364.01063691699983,0.0014625771629538928,0.1423261504724561,AA,22,100.0,0.0,0.2,9,2.822876745424934e-13
faa02,FAA cs=0.2,10,23,379.8578054169993,0.0010721034955424086,0.10432841924075995,AA,23,100.0,0.0,0.2,9,6.892677779875192e-13
faa02,FAA cs=0.2,10,24,395.5999750839992,0.001046870197545124,0.10187291927901804,AA,24,100.0,0.0,0.2,9,7.815071606719376e-13
faa02,FAA cs=0.2,10,25,411.5728713749995,0.0006675299706637441,0.06495860420634593,AA,25,100.0,0.0,0.2,9,7.045846269859746e-13
faa02,FAA cs=0.2,10,26,427.53278124999997,0.0004366959452986723,0.042495708531208376,AA,26,100.0,0.0,0.2,9,4.958096879706474e-13
faa02,FAA cs=0.2,10,27,443.1800369999992,0.00031461644321311165,0.030615921246453837,AA,27,100.0,0.0,0.2,9,5.545001449878008e-13
faa02,FAA cs=0.2,10,28,458.72742445899985,0.00027416800248800403,0.026679806963504808,AA,28,100.0,0.0,0.2,9,1.0961917282244334e-12
faa02,FAA cs=0.2,10,29,474.7381219589997,0.0001625215025197934,0.015815274850815488,AA,29,100.0,0.0,0.2,9,6.419898414125655e-13
faa02,FAA cs=0.2,10,30,490.6810113749998,9.57042987411423e-05,0.00931316635354993,AA,30,100.0,0.0,0.2,9,6.301673793081705e-13
faa02,FAA cs=0.2,10,31,506.1150638749996,4.3108905153380384e-05,0.004195009109243335,AA,31,100.0,0.0,0.2,9,2.917462187437636e-13
faa02,FAA cs=0.2,10,32,521.6275917919993,3.1265482131396994e-05,0.0030425032108664044,AA,32,100.0,0.0,0.2,9,3.7972026227229013e-13
faa02,FAA cs=0.2,10,33,537.457173584,1.382790882473553e-05,0.001345619965878515,AA,33,100.0,0.0,0.2,9,2.6677701064088026e-13
faa02,FAA cs=0.2,10,34,553.5623191249997,6.414156400112713e-06,0.000624173692902853,AA,34,100.0,0.0,0.2,9,3.6271664412798395e-13
faa02,FAA cs=0.2,10,35,569.0594484169997,3.9621959779409325e-06,0.00038556878586757954,AA,35,100.0,0.0,0.2,9,3.188094209610451e-13
faa02,FAA cs=0.2,10,36,584.6601503339998,2.573372048973032e-06,0.0002504197021126977,AA,36,100.0,0.0,0.2,8,2.0606593871758682e-13
faa02,FAA cs=0.2,10,37,600.1399866249994,1.6531907001849292e-06,0.00016087511436249793,AA,37,100.0,0.0,0.2,8,1.383729501762514e-13
faa02,FAA cs=0.2,10,38,615.6865746249996,8.708257881521819e-07,8.474170477920268e-05,AA,38,100.0,0.0,0.2,8,3.163515388622321e-13
faa02,FAA cs=0.2,10,39,631.4355008339999,7.184928697066506e-07,6.99179003183159e-05,AA,39,100.0,0.0,0.2,8,2.981631163404782e-13
faa02,FAA cs=0.2,10,40,646.8665610419994,5.72025634988537e-07,5.566489663701067e-05,AA,40,100.0,0.0,0.2,8,2.837102505039241e-13
faa02,FAA cs=0.2,10,41,662.4780868749995,3.8102367712070617e-07,3.707813480003018e-05,AA,41,100.0,0.0,0.2,8,2.842835211798783e-13
faa02,FAA cs=0.2,10,42,678.0975612919992,2.2932842604001125e-07,2.2316382956685824e-05,AA,42,100.0,0.0,0.2,8,2.9038328704118017e-13
faa02,FAA cs=0.2,10,43,694.1922364169995,2.3284073119185015e-07,2.265817201521057e-05,AA,43,100.0,0.0,0.2,9,3.7487274570846896e-13
faa02,FAA cs=0.2,10,44,710.2219246249997,1.6623869688703293e-07,1.6177002066478144e-05,AA,44,100.0,0.0,0.2,9,3.529896862302237e-13
faa02,FAA cs=0.2,10,45,725.9941729169996,1.1025520821847282e-07,1.0729142880626962e-05,AA,45,100.0,0.0,0.2,9,4.43714884875627e-13
faa02,FAA cs=0.2,10,46,741.5530007499992,5.939930993558699e-08,5.780259215027085e-06,AA,46,100.0,0.0,0.2,9,2.855511285979213e-13
faa02,FAA cs=0.2,10,47,757.3065908339995,3.417460729902721e-08,3.3255956840970975e-06,AA,47,100.0,0.0,0.2,9,1.2919399723258574e-13
faa02,FAA cs=0.2,10,48,773.5542131249995,2.6178163426923813e-08,2.5474466040943925e-06,AA,48,100.0,0.0,0.2,9,4.3779838677172557e-13
faa02,FAA cs=0.2,10,49,789.6013094169994,1.530899307331113e-08,1.4897470758625238e-06,AA,49,100.0,0.0,0.2,9,5.249401344337059e-13
faa02,FAA cs=0.2,10,50,805.8744255839993,1.1557386562376222e-08,1.1246711493996954e-06,AA,50,100.0,0.0,0.2,9,2.496326741153468e-13
faa02,FAA cs=0.2,10,51,821.9791692499994,7.289106966301393e-09,7.093167876355967e-07,AA,51,100.0,0.0,0.2,9,1.7959212339925366e-13
faa02,FAA cs=0.2,10,52,837.8685332919995,4.379873277641075e-09,4.262137540181766e-07,AA,52,100.0,0.0,0.2,9,1.9405185892204614e-13
faa02,FAA cs=0.2,10,53,853.6817545839995,3.3927982495044183e-09,3.301596157883358e-07,AA,53,100.0,0.0,0.2,9,5.219781360469751e-13
faa02,FAA cs=0.2,10,54,869.431780375,2.262187254720856e-09,2.2013772111825515e-07,AA,54,100.0,0.0,0.2,9,5.445853815882781e-13
faa02,FAA cs=0.2,10,55,884.9912056249996,1.0788775988388946e-09,1.0498762004705752e-07,AA,55,100.0,0.0,0.2,9,5.603935517039093e-13
faa02,FAA cs=0.2,10,56,900.7251509169992,6.465281529990657e-10,6.291487760042713e-08,AA,56,100.0,0.0,0.2,9,2.760308788735927e-13
faa02,FAA cs=0.2,10,57,916.256787667,4.0692792078892377e-10,3.959892575423308e-08,AA,57,100.0,0.0,0.2,9,2.4858902679527677e-13
faa02,FAA cs=0.2,10,58,931.9007135419997,3.625544267030236e-10,3.528085710375357e-08,AA,58,100.0,0.0,0.2,8,4.0911863847080146e-13
faa02,FAA cs=0.2,10,59,947.5965252919996,3.088029808953747e-10,3.005020223103512e-08,AA,59,100.0,0.0,0.2,9,1.901353453369283e-13
faa02,FAA cs=0.2,10,60,963.1035715839998,1.9828646681148614e-10,1.929563118233435e-08,AA,60,100.0,0.0,0.2,9,1.4486572034674923e-13
faa02,FAA cs=0.2,10,61,978.9364726249996,1.3996938760750408e-10,1.3620685887046882e-08,AA,61,100.0,0.0,0.2,9,3.030903987563044e-13
faa02,FAA cs=0.2,10,62,994.4453605419994,2.2671642292241486e-10,2.2062203992207305e-08,AA,62,100.0,0.0,0.2,9,1.271052941547455e-13
faa02,FAA cs=0.2,10,63,1010.2770565839992,2.1711837121728884e-10,2.112819942422456e-08,AA,63,100.0,0.0,0.2,9,4.1500774325950313e-13
faa02,FAA cs=0.2,10,64,1026.4294907919993,1.4368955350082495e-10,1.3982702267533726e-08,AA,64,100.0,0.0,0.2,9,2.6967860512137024e-13
faa02,FAA cs=0.2,10,65,1041.9855184589996,1.7328388863108862e-10,1.6862583002424555e-08,AA,65,100.0,0.0,0.2,9,2.7686381331291833e-13
faa02,FAA cs=0.2,10,66,1057.5752723339992,1.5034313595784925e-10,1.4630174962954985e-08,AA,66,100.0,0.0,0.2,9,2.773716984403647e-13
faa02,FAA cs=0.2,10,67,1073.2486018339996,4.807513237666039e-11,4.678282074912662e-09,AA,67,100.0,0.0,0.2,10,1.8810848143084718e-13
faa0707,FAA cs=1/sqrt(2),10,0,15.606794832999185,1.0,97.31189169192768,initial,0,0.0,0.0,0.7071067811865475,0,8.710311982369664e-14
faa0707,FAA cs=1/sqrt(2),10,1,31.508932749999985,0.5250532780544825,51.093927726529394,AA,1,100.0,0.0,0.7071067811865475,0,1.339051212908009e-13
faa0707,FAA cs=1/sqrt(2),10,2,47.055039957999725,0.3136898481940744,30.525752532319007,AA,2,100.0,0.0,0.7071067811865475,1,8.662304913114602e-14
faa0707,FAA cs=1/sqrt(2),10,3,62.82137070799945,0.276884407495868,26.944145473421475,AA,3,100.0,0.0,0.7071067811865475,2,8.081930768885546e-14
faa0707,FAA cs=1/sqrt(2),10,4,78.37921354199989,0.16955322383457913,16.499544953807735,AA,4,100.0,0.0,0.7071067811865475,2,8.045901091931813e-14
faa0707,FAA cs=1/sqrt(2),10,5,94.01983658299923,0.09972094514575616,9.704033813440486,AA,5,100.0,0.0,0.7071067811865475,3,2.4606291391310023e-11
faa0707,FAA cs=1/sqrt(2),10,6,109.98122437499933,0.07941952619838337,7.7284643316412955,AA,6,100.0,0.0,0.7071067811865475,3,3.6958037514860544e-12
faa0707,FAA cs=1/sqrt(2),10,7,125.64859220800008,0.08739992068710148,8.50505161578629,AA,7,100.0,0.0,0.7071067811865475,4,8.37709097859517e-12
faa0707,FAA cs=1/sqrt(2),10,8,141.23150316699957,0.08238425310324911,8.016967515103735,AA,8,100.0,0.0,0.7071067811865475,5,8.194052567454443e-12
faa0707,FAA cs=1/sqrt(2),10,9,156.82797449999998,0.06084586376254626,5.9210261043626895,AA,9,100.0,0.0,0.7071067811865475,6,9.072485008452754e-12
faa0707,FAA cs=1/sqrt(2),10,10,172.3836072919994,0.08760898162661926,8.525395731289656,AA,10,100.0,0.0,0.7071067811865475,6,6.19508023898468e-12
faa0707,FAA cs=1/sqrt(2),10,11,188.20648600000004,0.07706635068747938,7.499472371192111,AA,11,100.0,0.0,0.7071067811865475,7,4.20146143311642e-12
faa0707,FAA cs=1/sqrt(2),10,12,204.37555354199958,0.09622611764791175,9.363945538488279,AA,12,100.0,0.0,0.7071067811865475,7,2.096264439833536e-12
faa0707,FAA cs=1/sqrt(2),10,13,220.317895917,0.08618216234303437,8.38654924770149,AA,13,100.0,0.0,0.7071067811865475,8,2.6536482916115044e-12
faa0707,FAA cs=1/sqrt(2),10,14,236.90623533300004,0.03716063196964291,3.6161713934334756,AA,14,100.0,0.0,0.7071067811865475,8,9.24974046060931e-13
faa0707,FAA cs=1/sqrt(2),10,15,252.89924933299972,0.044104444143769614,4.291886891651183,AA,15,100.0,0.0,0.7071067811865475,7,9.896964028828107e-13
faa0707,FAA cs=1/sqrt(2),10,16,268.5736064999992,0.03442217580388076,3.349687043627738,AA,16,100.0,0.0,0.7071067811865475,6,1.852111821734719e-12
faa0707,FAA cs=1/sqrt(2),10,17,284.50831904200004,0.021040069880616852,2.047449001413177,AA,17,100.0,0.0,0.7071067811865475,6,3.8012650730610186e-13
faa0707,FAA cs=1/sqrt(2),10,18,300.3771610419999,0.01002349478276533,0.9754052386750621,AA,18,100.0,0.0,0.7071067811865475,7,4.285135883172186e-13
faa0707,FAA cs=1/sqrt(2),10,19,316.3250992079993,0.006210907590369545,0.6043951667426127,AA,19,100.0,0.0,0.7071067811865475,7,2.250833885965979e-12
faa0707,FAA cs=1/sqrt(2),10,20,331.90877445799924,0.0036976773576609992,0.3598279785404005,AA,20,100.0,0.0,0.7071067811865475,7,3.85686895620387e-13
faa0707,FAA cs=1/sqrt(2),10,21,347.6011773749997,0.0027438193340459816,0.2670062498568997,AA,21,100.0,0.0,0.7071067811865475,8,4.534923562678204e-13
faa0707,FAA cs=1/sqrt(2),10,22,363.57741149999947,0.0024451728934809197,0.2379443997784527,AA,22,100.0,0.0,0.7071067811865475,9,2.4072783278824245e-13
faa0707,FAA cs=1/sqrt(2),10,23,379.26084858299964,0.0016101652114081373,0.1566882226586585,AA,23,100.0,0.0,0.7071067811865475,10,3.643018550785239e-13
faa0707,FAA cs=1/sqrt(2),10,24,395.0907986249995,0.0012762639118392093,0.12419565555921308,AA,24,100.0,0.0,0.7071067811865475,9,3.630953044332354e-11
faa0707,FAA cs=1/sqrt(2),10,25,410.66258554199976,0.0012263424177752186,0.1193377005357588,AA,25,100.0,0.0,0.7071067811865475,10,7.136843907034711e-12
faa0707,FAA cs=1/sqrt(2),10,26,426.32863154200004,0.0008112217136097198,0.07894151953292904,AA,26,100.0,0.0,0.7071067811865475,9,1.018893051827107e-11
faa0707,FAA cs=1/sqrt(2),10,27,442.15039974999945,0.000509804313230637,0.04961002211317733,AA,27,100.0,0.0,0.7071067811865475,10,5.564013661519709e-12
faa0707,FAA cs=1/sqrt(2),10,28,457.8395215829996,0.0003710651483504112,0.03610905152692429,AA,28,100.0,0.0,0.7071067811865475,9,1.2536671190768367e-12
faa0707,FAA cs=1/sqrt(2),10,29,473.5778595419997,0.0002907149045920211,0.028290017308887846,AA,29,100.0,0.0,0.7071067811865475,10,2.1000598873939236e-12
faa0707,FAA cs=1/sqrt(2),10,30,489.081895583,0.0002442285888598232,0.02376634598719945,AA,30,100.0,0.0,0.7071067811865475,10,1.9429662833808344e-12
faa0707,FAA cs=1/sqrt(2),10,31,504.89823999999953,0.0001694280402044153,0.01648736309794763,AA,31,100.0,0.0,0.7071067811865475,9,1.7516645467845553e-12
faa0707,FAA cs=1/sqrt(2),10,32,521.0680158329997,0.00010135697318944718,0.009863238797233102,AA,32,100.0,0.0,0.7071067811865475,10,2.1469360822136457e-12
faa0707,FAA cs=1/sqrt(2),10,33,536.9563951249993,5.582181337620831e-05,0.005432126257312583,AA,33,100.0,0.0,0.7071067811865475,9,3.6493105434928607e-13
faa0707,FAA cs=1/sqrt(2),10,34,552.5941791669993,5.0623245290648985e-05,0.004926243762817522,AA,34,100.0,0.0,0.7071067811865475,9,3.373160317142103e-13
faa0707,FAA cs=1/sqrt(2),10,35,568.4239404999998,1.9266133645874584e-05,0.0018748239106695516,AA,35,100.0,0.0,0.7071067811865475,10,3.541825533803281e-13
faa0707,FAA cs=1/sqrt(2),10,36,583.916326042,1.0188179301542118e-05,0.000991431000729606,AA,36,100.0,0.0,0.7071067811865475,9,3.7303340668003797e-13
faa0707,FAA cs=1/sqrt(2),10,37,599.4491707079997,4.99242851171671e-06,0.00048582266261186816,AA,37,100.0,0.0,0.7071067811865475,10,2.4654200122945527e-13
faa0707,FAA cs=1/sqrt(2),10,38,615.1432950419994,2.6071682245240463e-06,0.0002537084718875194,AA,38,100.0,0.0,0.7071067811865475,10,5.564686639435296e-13
faa0707,FAA cs=1/sqrt(2),10,39,630.6295127079993,1.7333488103472115e-06,0.00016867545169683954,AA,39,100.0,0.0,0.7071067811865475,10,3.699418217197055e-13
faa0707,FAA cs=1/sqrt(2),10,40,646.441950208,9.597105300662039e-07,9.339124715740494e-05,AA,40,100.0,0.0,0.7071067811865475,10,4.394938761845703e-13
faa0707,FAA cs=1/sqrt(2),10,41,662.0575724999999,4.868517056551714e-07,4.737646045074629e-05,AA,41,100.0,0.0,0.7071067811865475,10,2.4381957996754226e-13
faa0707,FAA cs=1/sqrt(2),10,42,677.6770012499992,3.9626928010037766e-07,3.8561713265966105e-05,AA,42,100.0,0.0,0.7071067811865475,9,5.298248587709329e-13
faa0707,FAA cs=1/sqrt(2),10,43,693.0144310420001,2.132971238507665e-07,2.0756346614365474e-05,AA,43,100.0,0.0,0.7071067811865475,10,2.0331848422038896e-13
faa0707,FAA cs=1/sqrt(2),10,44,708.7596188749994,1.6947000522080843e-07,1.649144679307773e-05,AA,44,100.0,0.0,0.7071067811865475,10,2.803875252393353e-13
faa0707,FAA cs=1/sqrt(2),10,45,724.2871633749992,1.426712782185031e-07,1.3883611973547855e-05,AA,45,100.0,0.0,0.7071067811865475,10,2.4482274127500854e-13
faa0707,FAA cs=1/sqrt(2),10,46,739.8297305829992,8.197502395853755e-08,7.977144652896383e-06,AA,46,100.0,0.0,0.7071067811865475,10,5.117288514764565e-13
faa0707,FAA cs=1/sqrt(2),10,47,755.5678345829992,6.646111304730548e-08,6.467456634584352e-06,AA,47,100.0,0.0,0.7071067811865475,9,1.555039839620354e-13
faa0707,FAA cs=1/sqrt(2),10,48,771.5822302500001,4.377898369771425e-08,4.260215719974637e-06,AA,48,100.0,0.0,0.7071067811865475,10,1.9847022075009484e-13
faa0707,FAA cs=1/sqrt(2),10,49,787.1067857919998,3.1635441254066556e-08,3.0785046329420655e-06,AA,49,100.0,0.0,0.7071067811865475,10,2.0309877858231202e-13
faa0707,FAA cs=1/sqrt(2),10,50,802.666629667,1.4429775932035457e-08,1.4041887926370192e-06,AA,50,100.0,0.0,0.7071067811865475,10,2.2387980063643403e-13
faa0707,FAA cs=1/sqrt(2),10,51,818.076800375,1.0027995754237866e-08,9.758432367235059e-07,AA,51,100.0,0.0,0.7071067811865475,9,3.629730250424437e-13
faa0707,FAA cs=1/sqrt(2),10,52,833.8267015829997,6.8737359513629184e-09,6.688962484179378e-07,AA,52,100.0,0.0,0.7071067811865475,10,6.35162452773838e-13
faa0707,FAA cs=1/sqrt(2),10,53,849.8593530419994,4.261671958890966e-09,4.147113600901229e-07,AA,53,100.0,0.0,0.7071067811865475,9,3.761996596872385e-13
faa0707,FAA cs=1/sqrt(2),10,54,865.9156013749998,2.120671251265502e-09,2.0636653111733326e-07,AA,54,100.0,0.0,0.7071067811865475,10,4.167126816232495e-13
faa0707,FAA cs=1/sqrt(2),10,55,881.7687334169996,1.1448767388125415e-09,1.1141012120793343e-07,AA,55,100.0,0.0,0.7071067811865475,9,3.8672687211388e-13
faa0707,FAA cs=1/sqrt(2),10,56,897.7640890419998,9.339371219381472e-10,9.088318805711564e-08,AA,56,100.0,0.0,0.7071067811865475,9,4.804006344531375e-13
faa0707,FAA cs=1/sqrt(2),10,57,913.7091828329994,4.883350649049334e-10,4.752080894539936e-08,AA,57,100.0,0.0,0.7071067811865475,9,2.4657564129335755e-13
faa0707,FAA cs=1/sqrt(2),10,58,929.9527766249994,2.885169321989703e-10,2.807612845743344e-08,AA,58,100.0,0.0,0.7071067811865475,10,3.1263549068770335e-13
faa0707,FAA cs=1/sqrt(2),10,59,946.2386513749998,2.142131461106839e-10,2.0845486473309952e-08,AA,59,100.0,0.0,0.7071067811865475,8,1.0816886136065817e-13
faa0707,FAA cs=1/sqrt(2),10,60,962.0864462499994,3.1775782239363596e-10,3.0921614797032295e-08,AA,60,100.0,0.0,0.7071067811865475,9,2.4392411475861937e-13
faa0707,FAA cs=1/sqrt(2),10,61,977.804385167,1.1215729346879206e-10,1.0914238394494841e-08,AA,61,100.0,0.0,0.7071067811865475,9,1.9107871499751264e-13
faa0707,FAA cs=1/sqrt(2),10,62,995.7544211249997,2.8108833447892366e-10,2.735323756067736e-08,AA,62,100.0,0.0,0.7071067811865475,9,3.374040252714875e-13
faa0707,FAA cs=1/sqrt(2),10,63,1011.439680292,1.8693134219944607e-10,1.8190642525939167e-08,AA,63,100.0,0.0,0.7071067811865475,9,3.301673415398105e-13
faa0707,FAA cs=1/sqrt(2),10,64,1027.1088799999998,5.744920080203923e-11,5.5904904062358465e-09,AA,64,100.0,0.0,0.7071067811865475,8,1.8985120183391556e-13
picard,Picard,20,0,17.000869291999997,1.0,97.31189169192768,Picard,0,0.0,0.0,,0,8.710311982369664e-14
picard,Picard,20,1,33.954282042,0.5250532780673655,51.09392772778306,Picard,0,0.0,0.0,,0,1.3390540695985507e-13
picard,Picard,20,2,49.81432375,0.3222891727775722,31.362569074812075,Picard,0,0.0,0.0,,0,9.83493249897671e-14
picard,Picard,20,3,65.117770708,0.5596861511334684,54.46411812057195,Picard,0,0.0,0.0,,0,4.623012270118588e-14
picard,Picard,20,4,80.821303292,0.4928934489181771,47.96439391678634,Picard,0,0.0,0.0,,0,5.1042034542032824e-14
picard,Picard,20,5,96.156217292,0.4184600825983074,40.721142235201604,Picard,0,0.0,0.0,,0,1.1075808371792499e-13
picard,Picard,20,6,111.899204917,0.33171412489827096,32.27972899478311,Picard,0,0.0,0.0,,0,2.1299787943120989e-13
picard,Picard,20,7,127.52914166699999,0.35069941057462656,34.12722305826094,Picard,0,0.0,0.0,,0,1.8206154403047543e-12
picard,Picard,20,8,143.08132512499998,0.2270923651853089,22.09878764497647,Picard,0,0.0,0.0,,0,1.2693829115270974e-13
picard,Picard,20,9,158.58632008299998,0.22839761425120805,22.225803900708236,Picard,0,0.0,0.0,,0,1.0136519537931815e-13
picard,Picard,20,10,179.51393962499998,0.05204905516772286,5.064992019148616,Picard,0,0.0,0.0,,0,2.0214337570855518e-13
picard,Picard,20,11,195.01202958300001,0.06211846352841887,6.044865194946457,Picard,0,0.0,0.0,,0,2.427677650098328e-13
picard,Picard,20,12,210.833791792,0.029676296180410008,2.887856519725626,Picard,0,0.0,0.0,,0,2.9474295459559763e-13
picard,Picard,20,13,226.313966667,0.027511070404843355,2.6771543035651137,Picard,0,0.0,0.0,,0,1.0984349222504542e-13
picard,Picard,20,14,241.86656887500004,0.021619533601310633,2.1038377122407317,Picard,0,0.0,0.0,,0,2.325503339385004e-13
picard,Picard,20,15,257.5011935,0.014878894232095131,1.447893344009289,Picard,0,0.0,0.0,,0,1.6668472519677789e-13
picard,Picard,20,16,273.422734583,0.011750142225859687,1.143428567647604,Picard,0,0.0,0.0,,0,1.6525607281172471e-13
picard,Picard,20,17,289.222738708,0.011961736873303978,1.1640192430622944,Picard,0,0.0,0.0,,0,2.0817795137458746e-13
picard,Picard,20,18,304.85377650000004,0.006937500863550366,0.675101332646468,Picard,0,0.0,0.0,,0,2.1261855633831938e-13
picard,Picard,20,19,320.685193958,0.007595889677854143,0.7391703936351739,Picard,0,0.0,0.0,,0,2.0364756832986006e-13
picard,Picard,20,20,336.61725925,0.007479523494434483,0.7278465801976369,Picard,0,0.0,0.0,,0,6.893832661451734e-12
picard,Picard,20,21,352.45239275,0.00507968520531349,0.4943137765285538,Picard,0,0.0,0.0,,0,3.1927207563470976e-13
picard,Picard,20,22,368.533308208,0.0064308074652371875,0.6257940395488012,Picard,0,0.0,0.0,,0,1.1981310349191036e-13
picard,Picard,20,23,384.178874,0.00520120085067694,0.5061386938490365,Picard,0,0.0,0.0,,0,2.33509550372847e-13
picard,Picard,20,24,399.847957958,0.004939563058689767,0.4806782253726656,Picard,0,0.0,0.0,,0,8.857816111076913e-14
picard,Picard,20,25,415.54234608300004,0.0055348274234571174,0.5386045267649702,Picard,0,0.0,0.0,,0,5.210981356211442e-12
picard,Picard,20,26,431.71083787500004,0.003974763571991042,0.38679176221861195,Picard,0,0.0,0.0,,0,1.5130530005900447e-12
picard,Picard,20,27,447.485024875,0.004856113076854471,0.472557549778616,Picard,0,0.0,0.0,,0,8.317785081138548e-14
picard,Picard,20,28,463.17921825,0.0045672149498877735,0.4444443265372319,Picard,0,0.0,0.0,,0,1.40781297944591e-13
picard,Picard,20,29,478.751402625,0.003513091459731428,0.34186557563322084,Picard,0,0.0,0.0,,0,5.199969395772751e-13
picard,Picard,20,30,494.8474575,0.004599121310315485,0.4475491948274571,Picard,0,0.0,0.0,,0,2.700627075463471e-13
picard,Picard,20,31,510.45339691699996,0.003792616327550536,0.3690666692956343,Picard,0,0.0,0.0,,0,4.455370857523704e-13
picard,Picard,20,32,526.090842167,0.0035636014525565977,0.3467807985843838,Picard,0,0.0,0.0,,0,1.2457077205442722e-13
picard,Picard,20,33,541.734383375,0.004303007611535054,0.41873381064323956,Picard,0,0.0,0.0,,0,8.411297891522889e-14
picard,Picard,20,34,557.232961958,0.0034728820190839953,0.3379527188999449,Picard,0,0.0,0.0,,0,3.3211451012655757e-13
picard,Picard,20,35,572.85276025,0.0038615337581754815,0.37577315484029494,Picard,0,0.0,0.0,,0,4.200535392433433e-13
picard,Picard,20,36,588.548621417,0.004121362768015196,0.401057607304238,Picard,0,0.0,0.0,,0,5.4857791496513e-13
picard,Picard,20,37,604.078978667,0.003681101417329519,0.35821494243017166,Picard,0,0.0,0.0,,0,1.928033832368201e-13
picard,Picard,20,38,619.600852708,0.004249365925109709,0.4135138366636441,Picard,0,0.0,0.0,,0,2.2669284188795125e-13
picard,Picard,20,39,635.660788542,0.00416245735948993,0.4050565997389513,Picard,0,0.0,0.0,,0,5.768996007430491e-13
picard,Picard,20,40,651.370437708,0.00427145512831058,0.4156633788130883,Picard,0,0.0,0.0,,0,2.3757329118807265e-13
picard,Picard,20,41,666.855372167,0.0046830083332762415,0.45571239972017236,Picard,0,0.0,0.0,,0,3.636979455364813e-13
picard,Picard,20,42,682.541563083,0.0044783246028625,0.43579423871505063,Picard,0,0.0,0.0,,0,4.16227829068813e-13
picard,Picard,20,43,697.98916225,0.0050486106242406195,0.4912898502608186,Picard,0,0.0,0.0,,0,2.8100982781963064e-13
picard,Picard,20,44,713.531821792,0.005166171925606509,0.5027299628864981,Picard,0,0.0,0.0,,0,2.1581659999603213e-13
picard,Picard,20,45,729.29172025,0.00506895990560838,0.4932700773252866,Picard,0,0.0,0.0,,0,2.889696430106038e-12
picard,Picard,20,46,745.0039188750001,0.0058223404846029,0.5665829666312031,Picard,0,0.0,0.0,,0,4.149742686953927e-13
picard,Picard,20,47,760.5166685830001,0.005745280932249767,0.5590841558187867,Picard,0,0.0,0.0,,0,1.7877025563694863e-13
picard,Picard,20,48,775.92700025,0.005866059332324182,0.5708373304055524,Picard,0,0.0,0.0,,0,4.016110713238714e-13
picard,Picard,20,49,791.5870757920001,0.006444029387929316,0.6270806898577767,Picard,0,0.0,0.0,,0,1.572333449685926e-13
picard,Picard,20,50,807.420725292,0.006521054340133435,0.6345761336642398,Picard,0,0.0,0.0,,0,4.3442051022975845e-13
picard,Picard,20,51,822.880641,0.0067220794846352865,0.6541382707533581,Picard,0,0.0,0.0,,0,6.337968595967775e-13
picard,Picard,20,52,838.455179667,0.00690444345676594,0.6718844538578459,Picard,0,0.0,0.0,,0,1.4647955600527012e-13
picard,Picard,20,53,854.0759171670001,0.00749158679911762,0.729020483196409,Picard,0,0.0,0.0,,0,2.0165642781972595e-13
picard,Picard,20,54,869.828862625,0.007447483635891127,0.7247287209532411,Picard,0,0.0,0.0,,0,3.056843113663066e-13
picard,Picard,20,55,885.343327583,0.00733995966425007,0.7142653598706207,Picard,0,0.0,0.0,,0,1.8281842026988177e-13
picard,Picard,20,56,901.066445458,0.008362850301079788,0.8138047827344811,Picard,0,0.0,0.0,,0,3.9187829907330343e-13
picard,Picard,20,57,916.7866998330001,0.007948364244745244,0.7734703605126398,Picard,0,0.0,0.0,,0,1.5427911848823954e-13
picard,Picard,20,58,933.022725042,0.007862208839323129,0.7650864150315287,Picard,0,0.0,0.0,,0,4.775614344669106e-13
picard,Picard,20,59,948.948328875,0.008792271198101737,0.8555925425557315,Picard,0,0.0,0.0,,0,1.205705670762906e-13
picard,Picard,20,60,965.7044565,0.008381167233718356,0.8155872380995337,Picard,0,0.0,0.0,,0,1.740250947212941e-13
picard,Picard,20,61,981.168056083,0.008426438834166706,0.8199927031790838,Picard,0,0.0,0.0,,0,5.102067175588359e-13
picard,Picard,20,62,996.979863292,0.008794305355513503,0.8557904902614696,Picard,0,0.0,0.0,,0,2.0367268334164625e-13
picard,Picard,20,63,1012.8069032080001,0.009004530040285749,0.876247852016996,Picard,0,0.0,0.0,,0,5.692867194671952e-13
picard,Picard,20,64,1028.959169042,0.008885361097386139,0.8646512967525076,Picard,0,0.0,0.0,,0,1.2449662069185182e-10
picard,Picard,20,65,1044.9409087499998,0.008672466871966019,0.8439341569465881,Picard,0,0.0,0.0,,0,1.5069414811433942e-13
picard,Picard,20,66,1060.723241667,0.009702681657386213,0.9441863065648205,Picard,0,0.0,0.0,,0,1.1459785640041107e-13
picard,Picard,20,67,1076.272518,0.009085773421310193,0.8841537991119328,Picard,0,0.0,0.0,,0,3.355348891303485e-12
picard,Picard,20,68,1091.8858894999998,0.008729800192695458,0.8495133708437499,Picard,0,0.0,0.0,,0,1.5143005768585584e-12
picard,Picard,20,69,1107.4038088749999,0.00998994669173148,0.9721406104739052,Picard,0,0.0,0.0,,0,4.746989344709296e-13
picard,Picard,20,70,1123.20676325,0.009113814847690756,0.8868825633587651,Picard,0,0.0,0.0,,0,9.042649261223516e-13
picard,Picard,20,71,1138.629550125,0.008995902286559903,0.8754082689808819,Picard,0,0.0,0.0,,0,1.3884331084593095e-13
picard,Picard,20,72,1154.0378537919999,0.009739219211872718,0.9477418451096992,Picard,0,0.0,0.0,,0,1.635000500333944e-13
picard,Picard,20,73,1169.5079718749998,0.0093307522247606,0.9079931499001168,Picard,0,0.0,0.0,,0,9.267313386926834e-13
picard,Picard,20,74,1185.294565083,0.009312902696446395,0.9062561785340528,Picard,0,0.0,0.0,,0,6.865715730801712e-13
picard,Picard,20,75,1201.168258875,0.009270850432221348,0.9021639931523847,Picard,0,0.0,0.0,,0,1.3211364566003583e-13
picard,Picard,20,76,1216.6102182079999,0.00989020397974442,0.9624344584879612,Picard,0,0.0,0.0,,0,2.6434576732611653e-13
picard,Picard,20,77,1232.935260042,0.009471308904458317,0.921670986291438,Picard,0,0.0,0.0,,0,3.963768601663101e-13
picard,Picard,20,78,1248.627973792,0.008976812906665944,0.8735506453121749,Picard,0,0.0,0.0,,0,9.953811896504138e-14
picard,Picard,20,79,1264.424377958,0.010326760439316669,1.0049165933992672,Picard,0,0.0,0.0,,0,2.879670180179887e-12
picard,Picard,20,80,1279.999940583,0.009383871004933611,0.9131622388831202,Picard,0,0.0,0.0,,0,1.8366607588881273e-13
picard,Picard,20,81,1295.6925140829999,0.00903649108286439,0.8793580415307698,Picard,0,0.0,0.0,,0,1.3960058668319978e-12
picard,Picard,20,82,1311.235191667,0.010192127406746356,0.9918151983156291,Picard,0,0.0,0.0,,0,1.113469222408084e-12
picard,Picard,20,83,1327.209391417,0.009327284704951424,0.9076557189880066,Picard,0,0.0,0.0,,0,7.820189999758321e-13
picard,Picard,20,84,1342.809770292,0.009300986784359207,0.9050966185876139,Picard,0,0.0,0.0,,0,2.530912524747963e-13
picard,Picard,20,85,1359.122054708,0.009661426463662666,0.9401716856214652,Picard,0,0.0,0.0,,0,1.8657207731847234e-13
picard,Picard,20,86,1374.686583,0.009674540570315906,0.9414478441477417,Picard,0,0.0,0.0,,0,3.1233380532857024e-13
picard,Picard,20,87,1390.3552155829998,0.009534932913646267,0.927862358982542,Picard,0,0.0,0.0,,0,5.621006545942441e-13
picard,Picard,20,88,1405.9727975829999,0.009145242356365194,0.8899408336790392,Picard,0,0.0,0.0,,0,7.904344554928059e-13
picard,Picard,20,89,1421.66814325,0.010238588113616331,0.9963363775904907,Picard,0,0.0,0.0,,0,2.4906735279809675e-13
picard,Picard,20,90,1437.811837708,0.009524013145404952,0.9267997356781421,Picard,0,0.0,0.0,,0,7.820167741385287e-13
picard,Picard,20,91,1453.968558625,0.008984425548853238,0.8742914459241943,Picard,0,0.0,0.0,,0,1.1656305833911533e-13
picard,Picard,20,92,1469.7248009579998,0.010387889535447675,1.010865181381193,Picard,0,0.0,0.0,,0,2.9547058339865565e-13
picard,Picard,20,93,1485.555461125,0.00935812792695814,0.9106571312673541,Picard,0,0.0,0.0,,0,1.5800562839156423e-13
picard,Picard,20,94,1501.4526342079998,0.00916383835277204,0.8917504452672856,Picard,0,0.0,0.0,,0,4.4420621731484443e-13
picard,Picard,20,95,1517.4513364579998,0.00998548149413796,0.9717060936493014,Picard,0,0.0,0.0,,0,1.8403181631415943e-13
picard,Picard,20,96,1533.8037898329999,0.009453236177955444,0.9199122950874126,Picard,0,0.0,0.0,,0,2.0413787457422073e-13
picard,Picard,20,97,1549.2882673749998,0.009448944284970088,0.9194946428620683,Picard,0,0.0,0.0,,0,1.024763951827794e-12
picard,Picard,20,98,1564.7702109999998,0.00938685689930678,0.9134528019129656,Picard,0,0.0,0.0,,0,1.2666143689668623e-13
picard,Picard,20,99,1580.49625225,0.009973323569470309,0.9705229830008443,Picard,0,0.0,0.0,,0,2.2788309375177074e-13
picard,Picard,20,100,1596.1526422079999,0.009577587441909157,0.9320131518170306,Picard,0,0.0,0.0,,0,1.1148378271832846e-13
aa_pure,AA_pure,20,0,15.545282333000614,1.0,97.31189169192768,initial,0,0.0,0.0,,0,8.710311982369664e-14
aa_pure,AA_pure,20,1,30.960179000000608,0.5250532780544825,51.093927726529394,AA,1,100.0,0.0,,1,1.339051212908009e-13
aa_pure,AA_pure,20,2,46.48535925000033,0.3136898481993917,30.525752532836442,AA,2,100.0,0.0,,2,8.662297547845755e-14
aa_pure,AA_pure,20,3,62.11906895799984,0.27688440734690706,26.944145458925803,AA,3,100.0,0.0,,3,9.737602329668903e-14
aa_pure,AA_pure,20,4,77.52874216600048,0.24068637537237636,23.42164649195934,AA,4,100.0,0.0,,4,6.978446585468303e-14
aa_pure,AA_pure,20,5,93.03348645799997,0.12093129551531899,11.768053131351222,AA,5,100.0,0.0,,5,2.816948532794412e-13
aa_pure,AA_pure,20,6,108.6833458330002,0.09668412267045239,9.408514873636113,AA,6,100.0,0.0,,6,1.0565931763897399e-13
aa_pure,AA_pure,20,7,124.7769571660001,0.09383200287265175,9.130969700780135,AA,7,100.0,0.0,,7,1.4256516553142939e-13
aa_pure,AA_pure,20,8,140.26480387500033,0.08955421810203042,8.714690372500053,AA,8,100.0,0.0,,8,9.804864190007714e-14
aa_pure,AA_pure,20,9,155.7923493750004,0.06973459420200796,6.786005278166327,AA,9,100.0,0.0,,9,2.4517396257884193e-13
aa_pure,AA_pure,20,10,171.427288416,0.07800812607128418,7.591118315339047,AA,10,100.0,0.0,,10,2.550385309816717e-13
aa_pure,AA_pure,20,11,187.24056570799985,0.04300222090102137,4.18462746283254,AA,11,100.0,0.0,,11,2.2329044875728864e-13
aa_pure,AA_pure,20,12,203.0036217500001,0.02878073259806728,2.8007075333974556,AA,12,100.0,0.0,,12,6.354347566733995e-13
aa_pure,AA_pure,20,13,218.69232433300022,0.04325133591926461,4.208869316506659,AA,13,100.0,0.0,,13,3.525844564175083e-13
aa_pure,AA_pure,20,14,234.32141924999996,0.037873576591811925,3.6855493832883295,AA,14,100.0,0.0,,14,2.669310544337976e-13
aa_pure,AA_pure,20,15,250.09387695799978,0.027543666570608253,2.6803262981175995,AA,15,100.0,0.0,,15,3.960591961953357e-13
aa_pure,AA_pure,20,16,265.71183870799996,0.015492991467268237,1.5076523076467665,AA,16,100.0,0.0,,16,2.335349021738486e-13
aa_pure,AA_pure,20,17,281.48356324999986,0.008789939858035034,0.8553656754436635,AA,17,100.0,0.0,,17,1.4171108987036247e-12
aa_pure,AA_pure,20,18,296.96837579099974,0.0057643346435763635,0.5609383085117297,AA,18,100.0,0.0,,18,1.490121698431078e-13
aa_pure,AA_pure,20,19,312.73665620800057,0.005107897124434808,0.4970591317465089,AA,19,100.0,0.0,,19,6.234418868798282e-13
aa_pure,AA_pure,20,20,328.399924458,0.0039072393394195435,0.3802208514120337,AA,20,100.0,0.0,,20,5.57885578061397e-13
aa_pure,AA_pure,20,21,343.9297442500001,0.0030171788294918803,0.293607379470691,AA,21,100.0,0.0,,20,7.225609453891207e-13
aa_pure,AA_pure,20,22,359.3690539999998,0.002905667724712399,0.2827560229199429,AA,22,100.0,0.0,,20,2.9469107126413367e-13
aa_pure,AA_pure,20,23,375.2191499999999,0.0023953352624181976,0.23309460562229484,AA,23,100.0,0.0,,20,3.219126075154202e-13
aa_pure,AA_pure,20,24,390.82830600000034,0.002466772633809304,0.24004631136986218,AA,24,100.0,0.0,,20,6.799716625041543e-13
aa_pure,AA_pure,20,25,406.6359877499999,0.0018150648551733487,0.17662739460045332,AA,25,100.0,0.0,,20,2.5131036987114533e-12
aa_pure,AA_pure,20,26,422.3705385000003,0.0017756502238728633,0.17279188226826322,AA,26,100.0,0.0,,20,2.3710110448508764e-12
aa_pure,AA_pure,20,27,438.3710013330001,0.0009599443278364955,0.09341399846070537,AA,27,100.0,0.0,,20,2.8774832100799496e-12
aa_pure,AA_pure,20,28,453.919685375,0.0008141919316348382,0.07923055706769076,AA,28,100.0,0.0,,20,2.6805076678629594e-12
aa_pure,AA_pure,20,29,469.7138944160006,0.0005534398731192799,0.05385628099097756,AA,29,100.0,0.0,,20,2.491635799001348e-12
aa_pure,AA_pure,20,30,485.58838520800055,0.00038989824146674776,0.037941735444485224,AA,30,100.0,0.0,,20,8.289967148786765e-13
aa_pure,AA_pure,20,31,501.1019490409999,0.00020600225597431002,0.02004646922166482,AA,31,100.0,0.0,,20,7.043154453110899e-13
aa_pure,AA_pure,20,32,516.6739565409998,0.00013623805901165874,0.013257583242860988,AA,32,100.0,0.0,,20,4.2226303913669225e-13
aa_pure,AA_pure,20,33,532.2330346250001,7.112913536556478e-05,0.006921710716834303,AA,33,100.0,0.0,,20,7.386879956400945e-13
aa_pure,AA_pure,20,34,547.8961534580003,4.2319002909851795e-05,0.00411814222767387,AA,34,100.0,0.0,,20,1.520045908001685e-12
aa_pure,AA_pure,20,35,563.5657133330005,1.8895757141739704e-05,0.001838781872413943,AA,35,100.0,0.0,,20,1.138639327064163e-12
aa_pure,AA_pure,20,36,579.1751372500003,1.5310705751419945e-05,0.001489913739809152,AA,36,100.0,0.0,,20,2.5347429709244065e-13
aa_pure,AA_pure,20,37,594.7681785000004,7.550296964683738e-06,0.0007347336804691942,AA,37,100.0,0.0,,20,2.4253505950504913e-13
aa_pure,AA_pure,20,38,610.2154448330002,3.897070586104948e-06,0.00037923131079084185,AA,38,100.0,0.0,,20,3.5628458053882273e-13
aa_pure,AA_pure,20,39,625.6870859159999,1.8132692614203158e-06,0.00017645266197563548,AA,39,100.0,0.0,,20,3.246179813206079e-13
aa_pure,AA_pure,20,40,641.4536237080001,1.2481288546970448e-06,0.00012145777992584858,AA,40,100.0,0.0,,20,1.3264538372437618e-13
aa_pure,AA_pure,20,41,657.0633207500005,8.479561559158384e-07,8.251621760398542e-05,AA,41,100.0,0.0,,20,2.3403752493406104e-13
aa_pure,AA_pure,20,42,672.5571154580002,5.526255398600831e-07,5.3777036681057474e-05,AA,42,100.0,0.0,,20,2.1847016035808221e-13
aa_pure,AA_pure,20,43,688.1150187909998,2.2685356791326665e-07,2.2075549830703165e-05,AA,43,100.0,0.0,,20,2.424876334092604e-13
aa_pure,AA_pure,20,44,703.8783079579998,1.3030452636640141e-07,1.268017995673519e-05,AA,44,100.0,0.0,,20,3.059465093819605e-13
aa_pure,AA_pure,20,45,719.9215828750002,7.285006319287064e-08,7.089177459174716e-06,AA,45,100.0,0.0,,20,4.580999434055703e-13
aa_pure,AA_pure,20,46,735.5793468330003,4.036146574910777e-08,3.927650583504625e-06,AA,46,100.0,0.0,,20,1.841372310330307e-13
aa_pure,AA_pure,20,47,751.1894003329999,1.6736122199512004e-08,1.6286237108217787e-06,AA,47,100.0,0.0,,20,3.8972343108186463e-13
aa_pure,AA_pure,20,48,767.0048535000005,9.519500794801403e-09,9.263606303049337e-07,AA,48,100.0,0.0,,20,4.009070096061988e-13
aa_pure,AA_pure,20,49,782.6259132080004,6.282347206793476e-09,6.113470909585711e-07,AA,49,100.0,0.0,,20,3.3386653951269536e-13
aa_pure,AA_pure,20,50,798.4825748330004,4.136168680183222e-09,4.0249839862553317e-07,AA,50,100.0,0.0,,20,3.5974795452681364e-13
aa_pure,AA_pure,20,51,814.0297397499999,1.867799328200513e-09,1.8175908592810363e-07,AA,51,100.0,0.0,,20,3.182621823308831e-13
aa_pure,AA_pure,20,52,830.264934541,1.3261633503889055e-09,1.290514643188491e-07,AA,52,100.0,0.0,,20,2.634388800875021e-13
aa_pure,AA_pure,20,53,845.9743776659998,9.217526518657183e-10,8.969749422510391e-08,AA,53,100.0,0.0,,20,3.464581330183778e-13
aa_pure,AA_pure,20,54,861.7028773330003,6.419387139237202e-10,6.24682706022004e-08,AA,54,100.0,0.0,,20,5.041287623912014e-13
aa_pure,AA_pure,20,55,877.7251847080006,4.391507743617751e-10,4.2734592591119234e-08,AA,55,100.0,0.0,,20,4.881469386072288e-13
aa_pure,AA_pure,20,56,893.423611958,3.3421907510258795e-10,3.252349043775928e-08,AA,56,100.0,0.0,,20,5.138473251716951e-13
aa_pure,AA_pure,20,57,908.9395060830002,2.0079930750124766e-10,1.9540160463375495e-08,AA,57,100.0,0.0,,20,2.737914823031745e-13
aa_pure,AA_pure,20,58,924.2347589999999,2.2828142637930173e-10,2.2214497439101373e-08,AA,58,100.0,0.0,,20,1.681835144451185e-13
aa_pure,AA_pure,20,59,939.8322114160001,9.19663847471572e-11,8.949422871813512e-09,AA,59,100.0,0.0,,20,1.2762859231224241e-13
global_eta0,GlobalAndersonSolver,20,0,17.87527958300052,1.0,97.31189169192768,initial,0,0.0,0.0,,0,8.710311982369664e-14
global_eta0,GlobalAndersonSolver,20,1,49.12625216700053,0.571970249625031,55.65950698251586,KM,0,0.0,0.0,,0,7.452324508030532e-14
global_eta0,GlobalAndersonSolver,20,2,64.82872541699999,0.304290909364164,29.611124014883707,AA,1,50.0,0.0,,0,2.1099424262016263e-13
global_eta0,GlobalAndersonSolver,20,3,80.76827358300034,0.12729767697145514,12.38757775408024,AA,2,66.66666666666667,0.0,,1,9.011447333799542e-14
global_eta0,GlobalAndersonSolver,20,4,96.34171200000037,0.08681071763430362,8.44771515212787,AA,3,75.0,0.0,,2,3.2901876274323526e-13
global_eta0,GlobalAndersonSolver,20,5,111.86457504200007,0.07362423069938251,7.164513163719808,AA,4,80.0,0.0,,3,1.23339276628681e-13
global_eta0,GlobalAndersonSolver,20,6,128.0453993330002,0.06394935193238681,6.223032409013392,AA,5,83.33333333333333,0.0,,4,2.186285312651795e-13
global_eta0,GlobalAndersonSolver,20,7,149.7415838750003,0.05304856461163456,5.1622561738996104,AA,6,85.71428571428571,0.0,,5,1.1910180528985058e-13
global_eta0,GlobalAndersonSolver,20,8,166.1081780000004,0.04726434385642128,4.599382710246095,AA,7,87.5,0.0,,6,2.4501079297545434e-13
global_eta0,GlobalAndersonSolver,20,9,181.68136725000022,0.03103579148217182,3.020151579286356,AA,8,88.88888888888889,0.0,,7,1.3380412547768913e-13
global_eta0,GlobalAndersonSolver,20,10,197.48891741700027,0.03693727136182847,3.5944357501575945,AA,9,90.0,0.0,,8,1.9243684397822345e-13
global_eta0,GlobalAndersonSolver,20,11,213.36069133300043,0.04764285692109978,4.636216532600069,AA,10,90.9090909090909,0.0,,9,1.8400557769969198e-13
global_eta0,GlobalAndersonSolver,20,12,229.06212991700068,0.0268982606893507,2.617520630903331,AA,11,91.66666666666667,0.0,,10,1.8164112903623617e-13
global_eta0,GlobalAndersonSolver,20,13,244.84959691699987,0.01937351487393469,1.8852733811042826,AA,12,92.3076923076923,0.0,,11,1.3112846113175995e-13
global_eta0,GlobalAndersonSolver,20,14,260.5470694169999,0.018014439676059733,1.7530192026474896,AA,13,92.85714285714286,0.0,,12,3.429261061041641e-13
global_eta0,GlobalAndersonSolver,20,15,276.39703358299994,0.009368739461221454,0.9116897597402711,AA,14,93.33333333333333,0.0,,13,3.437724265141391e-13
global_eta0,GlobalAndersonSolver,20,16,291.99842866700055,0.004862611301396797,0.47318990430146857,AA,15,93.75,0.0,,14,9.508794587899941e-14
global_eta0,GlobalAndersonSolver,20,17,307.6957037500006,0.0056666211551349745,0.5514296241076808,AA,16,94.11764705882354,0.0,,15,3.7316611903874944e-13
global_eta0,GlobalAndersonSolver,20,18,323.40431654199983,0.0025453012945727206,0.2476880839007839,AA,17,94.44444444444444,0.0,,16,1.8193777086767464e-13
global_eta0,GlobalAndersonSolver,20,19,339.375715958,0.0035319080030315995,0.3436966490568636,AA,18,94.73684210526316,0.0,,17,1.4862822097548647e-13
global_eta0,GlobalAndersonSolver,20,20,354.9805462080003,0.0020558616644130194,0.20005978762094592,AA,19,95.0,0.0,,18,3.1428572485532435e-13
global_eta0,GlobalAndersonSolver,20,21,370.9483028750001,0.0017867186161803837,0.17386896846169642,AA,20,95.23809523809524,0.0,,19,7.204573889737736e-13
global_eta0,GlobalAndersonSolver,20,22,386.52441570800056,0.002050443400125672,0.19953252607345734,AA,21,95.45454545454545,0.0,,20,1.2579488823187293e-12
global_eta0,GlobalAndersonSolver,20,23,402.34525162499995,0.0013872844212557789,0.13499927134714093,AA,22,95.65217391304348,0.0,,20,1.7914553158835147e-12
global_eta0,GlobalAndersonSolver,20,24,417.91131762500027,0.0011425326571275335,0.1111820141848849,AA,23,95.83333333333333,0.0,,20,1.4010842018565676e-12
global_eta0,GlobalAndersonSolver,20,25,433.73510524999983,0.0006282642582603331,0.06113758345373881,AA,24,96.0,0.0,,20,2.7293032910232583e-12
global_eta0,GlobalAndersonSolver,20,26,449.37003474999983,0.000749100197364549,0.07289635727234064,AA,25,96.15384615384616,0.0,,20,9.352182330349719e-13
global_eta0,GlobalAndersonSolver,20,27,465.624431792,0.0003086272268547455,0.030033099272868992,AA,26,96.29629629629629,0.0,,20,1.3798605654551202e-12
global_eta0,GlobalAndersonSolver,20,28,481.2923098750007,0.00022007222086774275,0.02141564412148377,AA,27,96.42857142857143,0.0,,20,2.761649293739346e-12
global_eta0,GlobalAndersonSolver,20,29,496.92527029199937,0.0001413023498797919,0.01375039896731718,AA,28,96.55172413793103,0.0,,20,1.0942000199105824e-12
global_eta0,GlobalAndersonSolver,20,30,512.4448205420003,7.39101773033078e-05,0.00719233916867066,AA,29,96.66666666666667,0.0,,20,7.025744749137586e-13
global_eta0,GlobalAndersonSolver,20,31,529.4935180830007,2.982334992915514e-05,0.002902166598196404,AA,30,96.7741935483871,0.0,,20,2.4389327630953935e-13
global_eta0,GlobalAndersonSolver,20,32,545.7613044580003,2.3727508846691337e-05,0.0023089687710084834,AA,31,96.875,0.0,,20,4.629364642771878e-13
global_eta0,GlobalAndersonSolver,20,33,562.711685958001,8.279761593915697e-06,0.0008057192634621068,AA,32,96.96969696969697,0.0,,20,4.1566418339084895e-13
global_eta0,GlobalAndersonSolver,20,34,578.2444636250011,6.822464459057432e-06,0.0006639069225118228,AA,33,97.05882352941177,0.0,,20,3.656973477403315e-13
global_eta0,GlobalAndersonSolver,20,35,593.8680011669994,2.687089053495289e-06,0.000261485718940298,AA,34,97.14285714285714,0.0,,20,4.2844351054901334e-13
global_eta0,GlobalAndersonSolver,20,36,609.5162645829996,2.6326653943136887e-06,0.0002561896497125398,AA,35,97.22222222222223,0.0,,20,4.377050376109952e-13
global_eta0,GlobalAndersonSolver,20,37,625.2834564169998,1.4900488618957657e-06,0.00014499947346448088,AA,36,97.29729729729729,0.0,,20,1.597006796727898e-13
global_eta0,GlobalAndersonSolver,20,38,640.8297539999994,8.249762594188109e-07,8.028000040497496e-05,AA,37,97.36842105263158,0.0,,20,2.3929471591044893e-13
global_eta0,GlobalAndersonSolver,20,39,656.6671592499997,6.06875726817001e-07,5.905622499847589e-05,AA,38,97.43589743589743,0.0,,20,2.9778835836835007e-13
global_eta0,GlobalAndersonSolver,20,40,672.1649417920007,2.874736691595291e-07,2.797460655753315e-05,AA,39,97.5,0.0,,20,5.919285999619631e-13
global_eta0,GlobalAndersonSolver,20,41,687.7327183330008,1.1446838306847637e-07,1.113913489530966e-05,AA,40,97.5609756097561,0.0,,20,1.9929442067503955e-13
global_eta0,GlobalAndersonSolver,20,42,703.3294243749997,7.995213192551394e-08,7.780293202474325e-06,AA,41,97.61904761904762,0.0,,20,1.9513554277451875e-13
global_eta0,GlobalAndersonSolver,20,43,719.0147563750006,4.149015959920529e-08,4.037485917198659e-06,AA,42,97.67441860465117,0.0,,20,1.2202287846858302e-13
global_eta0,GlobalAndersonSolver,20,44,734.7403478750011,3.7925650179974106e-08,3.690616762659578e-06,AA,43,97.72727272727273,0.0,,20,3.8667368134881104e-13
global_eta0,GlobalAndersonSolver,20,45,750.4618479169994,2.5501575426390247e-08,2.4816065458664122e-06,AA,44,97.77777777777777,0.0,,20,1.3733649373556177e-13
global_eta0,GlobalAndersonSolver,20,46,766.4517636250011,1.4103091337938521e-08,1.3723984967988368e-06,AA,45,97.82608695652173,0.0,,20,2.978380481384155e-13
global_eta0,GlobalAndersonSolver,20,47,782.2428447499997,7.316987303839214e-09,7.120298760224115e-07,AA,46,97.87234042553192,0.0,,20,5.298612904024914e-13
global_eta0,GlobalAndersonSolver,20,48,797.7246050830008,3.053119319615306e-09,2.9710481655293663e-07,AA,47,97.91666666666667,0.0,,20,2.898046260909548e-13
global_eta0,GlobalAndersonSolver,20,49,813.4811224579998,1.4200413859423608e-09,1.381869135468779e-07,AA,48,97.95918367346938,0.0,,20,3.3856307072744687e-13
global_eta0,GlobalAndersonSolver,20,50,829.118473208001,6.150621846701189e-10,5.985286469841903e-08,AA,49,98.0,0.0,,20,2.05475581627143e-13
global_eta0,GlobalAndersonSolver,20,51,844.8919012920005,3.5539859665010795e-10,3.45845097446784e-08,AA,50,98.03921568627452,0.0,,20,2.80653537779148e-13
global_eta0,GlobalAndersonSolver,20,52,860.5281007920012,2.3581842388061027e-10,2.294793692363104e-08,AA,51,98.07692307692308,0.0,,20,2.1650617064181915e-13
global_eta0,GlobalAndersonSolver,20,53,876.1937282080007,1.8654327885912873e-10,1.8152879348196598e-08,AA,52,98.11320754716981,0.0,,20,2.426281688203994e-13
global_eta0,GlobalAndersonSolver,20,54,891.6820403749998,8.583261545224931e-11,8.352534178524164e-09,AA,53,98.14814814814815,0.0,,20,2.0623901345825832e-13
global_eta1e10,GlobalAndersonSolver eta=1e-10,20,0,15.747411542000918,1.0,97.31189169192768,initial,0,0.0,1e-10,,0,8.710311982369664e-14
global_eta1e10,GlobalAndersonSolver eta=1e-10,20,1,46.429084875000626,0.571970249625031,55.65950698251586,KM,0,0.0,1e-10,,0,7.452324508030532e-14
global_eta1e10,GlobalAndersonSolver eta=1e-10,20,2,61.78628900000149,0.304290909364164,29.611124014883707,AA,1,50.0,1e-10,,0,2.1099424262016263e-13
global_eta1e10,GlobalAndersonSolver eta=1e-10,20,3,77.33490604200051,0.12729767697145514,12.38757775408024,AA,2,66.66666666666667,1e-10,,1,9.011447333799542e-14
global_eta1e10,GlobalAndersonSolver eta=1e-10,20,4,92.73364091700023,0.08681071765287579,8.447715153935164,AA,3,75.0,1e-10,,2,3.2901880948898943e-13
global_eta1e10,GlobalAndersonSolver eta=1e-10,20,5,108.53405999999995,0.07362423070779374,7.164513164538321,AA,4,80.0,1e-10,,3,9.748824390977069e-14
global_eta1e10,GlobalAndersonSolver eta=1e-10,20,6,124.1234486250014,0.06394935193164825,6.2230324089415205,AA,5,83.33333333333333,1e-10,,4,2.1388766758700022e-13
global_eta1e10,GlobalAndersonSolver eta=1e-10,20,7,139.70305041700158,0.05304856462415098,5.162256175117607,AA,6,85.71428571428571,1e-10,,5,1.2417530761041915e-13
global_eta1e10,GlobalAndersonSolver eta=1e-10,20,8,155.45000295800128,0.047264343922852024,4.599382716710597,AA,7,87.5,1e-10,,6,3.2389799734490106e-13
global_eta1e10,GlobalAndersonSolver eta=1e-10,20,9,171.4522831250015,0.031035791360856956,3.020151567480977,AA,8,88.88888888888889,1e-10,,7,1.6717583492580903e-13
global_eta1e10,GlobalAndersonSolver eta=1e-10,20,10,187.13994962500146,0.036937271288964464,3.5944357430670597,AA,9,90.0,1e-10,,8,1.982282930584607e-13
global_eta1e10,GlobalAndersonSolver eta=1e-10,20,11,202.74229175000073,0.0476428571742393,4.6362165572335545,AA,10,90.9090909090909,1e-10,,9,1.9131768959409677e-13
global_eta1e10,GlobalAndersonSolver eta=1e-10,20,12,218.53101783300008,0.026898260168039364,2.6175205801735393,AA,11,91.66666666666667,1e-10,,10,1.8804172042963353e-13
global_eta1e10,GlobalAndersonSolver eta=1e-10,20,13,233.94475491699995,0.019373515479475602,1.8852734400306141,AA,12,92.3076923076923,1e-10,,11,1.3034522166709165e-13
global_eta1e10,GlobalAndersonSolver eta=1e-10,20,14,249.5059937920014,0.018014439877584807,1.7530192222582757,AA,13,92.85714285714286,1e-10,,12,3.640949110495362e-13
global_eta1e10,GlobalAndersonSolver eta=1e-10,20,15,264.98388587500085,0.00936873955260409,0.9116897686328882,AA,14,93.33333333333333,1e-10,,13,3.912908308513414e-13
global_eta1e10,GlobalAndersonSolver eta=1e-10,20,16,280.6799775420004,0.004862611099017843,0.47318988460758976,AA,15,93.75,1e-10,,14,1.0180790299690211e-13
global_eta1e10,GlobalAndersonSolver eta=1e-10,20,17,296.2421327920001,0.005666621324788533,0.5514296406169895,AA,16,94.11764705882354,1e-10,,15,2.812185182336606e-13
global_eta1e10,GlobalAndersonSolver eta=1e-10,20,18,312.1845973750005,0.002545301299932992,0.24768808442240203,AA,17,94.44444444444444,1e-10,,16,1.741910785981262e-13
global_eta1e10,GlobalAndersonSolver eta=1e-10,20,19,327.7904857499998,0.0035319079272324223,0.3436966416807023,AA,18,94.73684210526316,1e-10,,17,1.313987111482794e-13
global_eta1e10,GlobalAndersonSolver eta=1e-10,20,20,343.5233027920003,0.002055861867612849,0.20005980739470575,AA,19,95.0,1e-10,,18,3.752315254128811e-13
global_eta1e10,GlobalAndersonSolver eta=1e-10,20,21,358.94746591700095,0.0017867185180575002,0.173868958913173,AA,20,95.23809523809524,1e-10,,19,8.620447026666497e-13
global_eta1e10,GlobalAndersonSolver eta=1e-10,20,22,374.7156733749998,0.002050443876653731,0.19953257244530417,AA,21,95.45454545454545,1e-10,,20,1.4944721106594187e-12
global_eta1e10,GlobalAndersonSolver eta=1e-10,20,23,390.25083216700114,0.0013872844878294096,0.13499927782554688,AA,22,95.65217391304348,1e-10,,20,1.5039202648191784e-12
global_eta1e10,GlobalAndersonSolver eta=1e-10,20,24,405.8304937080011,0.001142532437292621,0.1111819927923337,AA,23,95.83333333333333,1e-10,,20,1.3730932587917265e-12
global_eta1e10,GlobalAndersonSolver eta=1e-10,20,25,421.3032279580002,0.0006282641733122297,0.06113757518727818,AA,24,96.0,1e-10,,20,3.404989829150115e-12
global_eta1e10,GlobalAndersonSolver eta=1e-10,20,26,437.19670266700086,0.0007490998314209802,0.07289632166167971,AA,25,96.15384615384616,1e-10,,20,1.1442168889367059e-12
global_eta1e10,GlobalAndersonSolver eta=1e-10,20,27,453.2239603750004,0.000308626985462,0.03003307578248428,AA,26,96.29629629629629,1e-10,,20,1.599116776470964e-12
global_eta1e10,GlobalAndersonSolver eta=1e-10,20,28,469.25752708300024,0.0002200722283087946,0.021415644845586602,AA,27,96.42857142857143,1e-10,,20,2.5655474725820645e-12
global_eta1e10,GlobalAndersonSolver eta=1e-10,20,29,485.1565850420011,0.00014130216762684328,0.013750381231937985,AA,28,96.55172413793103,1e-10,,20,1.0038763092850465e-12
global_eta1e10,GlobalAndersonSolver eta=1e-10,20,30,501.2732218330002,7.391020643589659e-05,0.007192342003617985,AA,29,96.66666666666667,1e-10,,20,5.830607706206634e-13
global_eta1e10,GlobalAndersonSolver eta=1e-10,20,31,516.961745042001,2.9823312708202068e-05,0.0029021629761550503,AA,30,96.7741935483871,1e-10,,20,1.2474122089128516e-13
global_eta1e10,GlobalAndersonSolver eta=1e-10,20,32,536.982860125001,2.3727464404190547e-05,0.00230896444622466,AA,31,96.875,1e-10,,20,5.391751517770895e-13
global_eta1e10,GlobalAndersonSolver eta=1e-10,20,33,552.7474958750008,8.279787930512031e-06,0.0008057218263261168,AA,32,96.96969696969697,1e-10,,20,2.8954886406945517e-13
global_eta1e10,GlobalAndersonSolver eta=1e-10,20,34,568.6445455829999,6.82247434281622e-06,0.0006639078843190875,AA,33,97.05882352941177,1e-10,,20,4.60963304487144e-13
global_eta1e10,GlobalAndersonSolver eta=1e-10,20,35,584.9194983329999,2.6871060284671454e-06,0.0002614873708069208,AA,34,97.14285714285714,1e-10,,20,3.1250492970274104e-13
global_eta1e10,GlobalAndersonSolver eta=1e-10,20,36,602.3120000830004,2.6326724057392124e-06,0.00025619033200762094,AA,35,97.22222222222223,1e-10,,20,4.31131087800095e-13
global_eta1e10,GlobalAndersonSolver eta=1e-10,20,37,619.4712928750014,1.4900515094173504e-06,0.00014499973109981457,AA,36,97.29729729729729,1e-10,,20,2.9604586943222814e-13
global_eta1e10,GlobalAndersonSolver eta=1e-10,20,38,635.0735735420003,8.248968517625226e-07,8.027227309572673e-05,AA,37,97.36842105263158,1e-10,,20,2.545616542611435e-13
global_eta1e10,GlobalAndersonSolver eta=1e-10,20,39,650.6810329170003,6.069130188990471e-07,5.905985396152493e-05,AA,38,97.43589743589743,1e-10,,20,1.967620291939354e-13
global_eta1e10,GlobalAndersonSolver eta=1e-10,20,40,666.2924511670008,2.8745130221113965e-07,2.7972429987473994e-05,AA,39,97.5,1e-10,,20,4.68829428111291e-13
global_eta1e10,GlobalAndersonSolver eta=1e-10,20,41,682.081065417,1.1445312268864425e-07,1.113764987888026e-05,AA,40,97.5609756097561,1e-10,,20,2.612512002358791e-13
global_eta1e10,GlobalAndersonSolver eta=1e-10,20,42,697.5712610420014,7.993244772423327e-08,7.77837769561126e-06,AA,41,97.61904761904762,1e-10,,20,1.8084722473377996e-13
global_eta1e10,GlobalAndersonSolver eta=1e-10,20,43,713.1202485000013,4.140267500596158e-08,4.0289726259362145e-06,AA,42,97.67441860465117,1e-10,,20,2.0882277581092755e-13
global_eta1e10,GlobalAndersonSolver eta=1e-10,20,44,728.8301825420003,3.806670915255054e-08,3.70434347812111e-06,AA,43,97.72727272727273,1e-10,,20,4.507261405939425e-13
global_eta1e10,GlobalAndersonSolver eta=1e-10,20,45,744.3309288750006,2.558443946538972e-08,2.4896702022546848e-06,AA,44,97.77777777777777,1e-10,,20,1.9370690178405593e-13
global_eta1e10,GlobalAndersonSolver eta=1e-10,20,46,759.7847837080008,1.4018351847809497e-08,1.364152336713372e-06,AA,45,97.82608695652173,1e-10,,20,5.84001416245471e-13
global_eta1e10,GlobalAndersonSolver eta=1e-10,20,47,775.6654442500003,7.301721809251861e-09,7.105443618665034e-07,AA,46,97.87234042553192,1e-10,,20,7.994485205349396e-13
global_eta1e10,GlobalAndersonSolver eta=1e-10,20,48,791.657160875,3.0633500910774205e-09,2.9810039227738274e-07,AA,47,97.91666666666667,1e-10,,20,3.351690792559194e-13
global_eta1e10,GlobalAndersonSolver eta=1e-10,20,49,807.1766487920013,1.4218649177113493e-09,1.383643648728785e-07,AA,48,97.95918367346938,1e-10,,20,3.1117718450258527e-13
global_eta1e10,GlobalAndersonSolver eta=1e-10,20,50,822.6918811670002,6.276097616679544e-10,6.107389315222853e-08,AA,49,98.0,1e-10,,20,2.7683377814875065e-13
global_eta1e10,GlobalAndersonSolver eta=1e-10,20,51,838.3191005830013,3.732324087672288e-10,3.631995173787385e-08,AA,50,98.03921568627452,1e-10,,20,2.2335040062305002e-13
global_eta1e10,GlobalAndersonSolver eta=1e-10,20,52,854.1364680000006,2.688485719347842e-10,2.6162163113647147e-08,AA,51,98.07692307692308,1e-10,,20,2.8041572637200666e-13
global_eta1e10,GlobalAndersonSolver eta=1e-10,20,53,869.7170726250006,2.073506837985413e-10,2.0177687284050795e-08,AA,52,98.11320754716981,1e-10,,20,1.686635074411517e-13
global_eta1e10,GlobalAndersonSolver eta=1e-10,20,54,885.2616552500003,8.32901455259987e-11,8.105121620430881e-09,AA,53,98.14814814814815,1e-10,,20,2.892261864017062e-13
faa02,FAA cs=0.2,20,0,15.473918375000721,1.0,97.31189169192768,initial,0,0.0,0.0,0.2,0,8.710311982369664e-14
faa02,FAA cs=0.2,20,1,31.22457137499987,0.5250532780544825,51.093927726529394,AA,1,100.0,0.0,0.2,0,1.339051212908009e-13
faa02,FAA cs=0.2,20,2,46.6309844160005,0.3136898481940744,30.525752532319007,AA,2,100.0,0.0,0.2,1,8.662304913114602e-14
faa02,FAA cs=0.2,20,3,62.19947095800126,0.276884407495868,26.944145473421475,AA,3,100.0,0.0,0.2,2,8.081930768885546e-14
faa02,FAA cs=0.2,20,4,77.6581669999996,0.24068637541540408,23.421646496146447,AA,4,100.0,0.0,0.2,3,5.923981089499182e-14
faa02,FAA cs=0.2,20,5,93.15012558300077,0.12093129570278706,11.768053149594094,AA,5,100.0,0.0,0.2,4,3.5513925550092163e-13
faa02,FAA cs=0.2,20,6,108.74790295800085,0.09668412272432898,9.408514878878947,AA,6,100.0,0.0,0.2,5,1.0635648883400331e-13
faa02,FAA cs=0.2,20,7,124.31769024999994,0.09383200291147925,9.130969704558511,AA,7,100.0,0.0,0.2,6,1.4095334568152288e-13
faa02,FAA cs=0.2,20,8,139.7411223750005,0.0895542180063175,8.714690363186048,AA,8,100.0,0.0,0.2,7,8.520034390287616e-14
faa02,FAA cs=0.2,20,9,155.50612100000035,0.06973459434800258,6.786005292373339,AA,9,100.0,0.0,0.2,8,2.986472751971491e-13
faa02,FAA cs=0.2,20,10,171.2024457080006,0.0780081256108691,7.591118270535184,AA,10,100.0,0.0,0.2,9,2.92485589494841e-13
faa02,FAA cs=0.2,20,11,186.87730208300127,0.036367535731499645,3.5389936982060033,AA,11,100.0,0.0,0.2,9,2.5460121771839863e-13
faa02,FAA cs=0.2,20,12,202.67534175000037,0.038677090762680125,3.763740867256785,AA,12,100.0,0.0,0.2,10,1.991949259082179e-13
faa02,FAA cs=0.2,20,13,218.60311100000035,0.022827761666637792,2.2214126708729953,AA,13,100.0,0.0,0.2,10,2.756304844016004e-13
faa02,FAA cs=0.2,20,14,234.13053204100106,0.019798385349392076,1.9266183307950897,AA,14,100.0,0.0,0.2,10,1.5877049036254082e-13
faa02,FAA cs=0.2,20,15,250.2120257080005,0.01659034820657726,1.614438167809813,AA,15,100.0,0.0,0.2,10,1.2833557230950144e-13
faa02,FAA cs=0.2,20,16,265.73839858300016,0.007989862872952431,0.7775086705261012,AA,16,100.0,0.0,0.2,9,3.251684732054826e-13
faa02,FAA cs=0.2,20,17,281.53631275000043,0.003935297561068362,0.3829512500381916,AA,17,100.0,0.0,0.2,9,2.0094539396204552e-13
faa02,FAA cs=0.2,20,18,297.1158514159997,0.0038122614916393767,0.3709783773757177,AA,18,100.0,0.0,0.2,9,1.3739692911302308e-13
faa02,FAA cs=0.2,20,19,312.6908794580013,0.002396361649396406,0.23319448528075226,AA,19,100.0,0.0,0.2,9,2.992429108297259e-13
faa02,FAA cs=0.2,20,20,328.3589662080012,0.0020396997689532403,0.19848704300042763,AA,20,100.0,0.0,0.2,9,2.859118604339252e-13
faa02,FAA cs=0.2,20,21,343.9872553330006,0.0017107080173628104,0.16647223330212216,AA,21,100.0,0.0,0.2,9,1.7053256561427926e-13
faa02,FAA cs=0.2,20,22,359.59098758300024,0.0014625771629538928,0.1423261504724561,AA,22,100.0,0.0,0.2,9,2.822876745424934e-13
faa02,FAA cs=0.2,20,23,375.2728566250007,0.0010721034955424086,0.10432841924075995,AA,23,100.0,0.0,0.2,9,6.892677779875192e-13
faa02,FAA cs=0.2,20,24,390.89454454100087,0.001046870197545124,0.10187291927901804,AA,24,100.0,0.0,0.2,9,7.815071606719376e-13
faa02,FAA cs=0.2,20,25,406.53552633300023,0.0006675299706637441,0.06495860420634593,AA,25,100.0,0.0,0.2,9,7.045846269859746e-13
faa02,FAA cs=0.2,20,26,422.2772182910012,0.0004366959452986723,0.042495708531208376,AA,26,100.0,0.0,0.2,9,4.958096879706474e-13
faa02,FAA cs=0.2,20,27,437.97410500000115,0.00031461644321311165,0.030615921246453837,AA,27,100.0,0.0,0.2,9,5.545001449878008e-13
faa02,FAA cs=0.2,20,28,453.34209737499987,0.00027416800248800403,0.026679806963504808,AA,28,100.0,0.0,0.2,9,1.0961917282244334e-12
faa02,FAA cs=0.2,20,29,468.8968377500005,0.0001625215025197934,0.015815274850815488,AA,29,100.0,0.0,0.2,9,6.419898414125655e-13
faa02,FAA cs=0.2,20,30,484.72987670800103,9.57042987411423e-05,0.00931316635354993,AA,30,100.0,0.0,0.2,9,6.301673793081705e-13
faa02,FAA cs=0.2,20,31,500.43754729099965,4.3108905153380384e-05,0.004195009109243335,AA,31,100.0,0.0,0.2,9,2.917462187437636e-13
faa02,FAA cs=0.2,20,32,516.0245468330013,3.1265482131396994e-05,0.0030425032108664044,AA,32,100.0,0.0,0.2,9,3.7972026227229013e-13
faa02,FAA cs=0.2,20,33,531.3710050829995,1.382790882473553e-05,0.001345619965878515,AA,33,100.0,0.0,0.2,9,2.6677701064088026e-13
faa02,FAA cs=0.2,20,34,546.8356942909995,6.414156400112713e-06,0.000624173692902853,AA,34,100.0,0.0,0.2,9,3.6271664412798395e-13
faa02,FAA cs=0.2,20,35,562.226359708,3.9621959779409325e-06,0.00038556878586757954,AA,35,100.0,0.0,0.2,9,3.188094209610451e-13
faa02,FAA cs=0.2,20,36,577.7296707500009,2.573372048973032e-06,0.0002504197021126977,AA,36,100.0,0.0,0.2,8,2.0606593871758682e-13
faa02,FAA cs=0.2,20,37,593.1819978330004,1.6531907001849292e-06,0.00016087511436249793,AA,37,100.0,0.0,0.2,8,1.383729501762514e-13
faa02,FAA cs=0.2,20,38,608.8745630000012,8.708257881521819e-07,8.474170477920268e-05,AA,38,100.0,0.0,0.2,8,3.163515388622321e-13
faa02,FAA cs=0.2,20,39,624.2351902080009,7.184928697066506e-07,6.99179003183159e-05,AA,39,100.0,0.0,0.2,8,2.981631163404782e-13
faa02,FAA cs=0.2,20,40,639.613650958001,5.72025634988537e-07,5.566489663701067e-05,AA,40,100.0,0.0,0.2,8,2.837102505039241e-13
faa02,FAA cs=0.2,20,41,655.2031278750001,3.8102367712070617e-07,3.707813480003018e-05,AA,41,100.0,0.0,0.2,8,2.842835211798783e-13
faa02,FAA cs=0.2,20,42,670.9459651249999,2.2932842604001125e-07,2.2316382956685824e-05,AA,42,100.0,0.0,0.2,8,2.9038328704118017e-13
faa02,FAA cs=0.2,20,43,686.3249728749997,2.3284073119185015e-07,2.265817201521057e-05,AA,43,100.0,0.0,0.2,9,3.7487274570846896e-13
faa02,FAA cs=0.2,20,44,701.8430358750011,1.6623869688703293e-07,1.6177002066478144e-05,AA,44,100.0,0.0,0.2,9,3.529896862302237e-13
faa02,FAA cs=0.2,20,45,717.5250349580001,1.1025520821847282e-07,1.0729142880626962e-05,AA,45,100.0,0.0,0.2,9,4.43714884875627e-13
faa02,FAA cs=0.2,20,46,733.1698122079997,5.939930993558699e-08,5.780259215027085e-06,AA,46,100.0,0.0,0.2,9,2.855511285979213e-13
faa02,FAA cs=0.2,20,47,750.0827791250013,3.417460729902721e-08,3.3255956840970975e-06,AA,47,100.0,0.0,0.2,9,1.2919399723258574e-13
faa02,FAA cs=0.2,20,48,765.9609882500008,2.6178163426923813e-08,2.5474466040943925e-06,AA,48,100.0,0.0,0.2,9,4.3779838677172557e-13
faa02,FAA cs=0.2,20,49,781.8257987079996,1.530899307331113e-08,1.4897470758625238e-06,AA,49,100.0,0.0,0.2,9,5.249401344337059e-13
faa02,FAA cs=0.2,20,50,797.6190823750003,1.1557386562376222e-08,1.1246711493996954e-06,AA,50,100.0,0.0,0.2,9,2.496326741153468e-13
faa02,FAA cs=0.2,20,51,813.0854758330006,7.289106966301393e-09,7.093167876355967e-07,AA,51,100.0,0.0,0.2,9,1.7959212339925366e-13
faa02,FAA cs=0.2,20,52,828.5927788749996,4.379873277641075e-09,4.262137540181766e-07,AA,52,100.0,0.0,0.2,9,1.9405185892204614e-13
faa02,FAA cs=0.2,20,53,844.415963333,3.3927982495044183e-09,3.301596157883358e-07,AA,53,100.0,0.0,0.2,9,5.219781360469751e-13
faa02,FAA cs=0.2,20,54,860.0663495410008,2.262187254720856e-09,2.2013772111825515e-07,AA,54,100.0,0.0,0.2,9,5.445853815882781e-13
faa02,FAA cs=0.2,20,55,875.7261987500005,1.0788775988388946e-09,1.0498762004705752e-07,AA,55,100.0,0.0,0.2,9,5.603935517039093e-13
faa02,FAA cs=0.2,20,56,891.1563847079997,6.465281529990657e-10,6.291487760042713e-08,AA,56,100.0,0.0,0.2,9,2.760308788735927e-13
faa02,FAA cs=0.2,20,57,906.5916133330011,4.0692792078892377e-10,3.959892575423308e-08,AA,57,100.0,0.0,0.2,9,2.4858902679527677e-13
faa02,FAA cs=0.2,20,58,922.3226757909997,3.625544267030236e-10,3.528085710375357e-08,AA,58,100.0,0.0,0.2,8,4.0911863847080146e-13
faa02,FAA cs=0.2,20,59,937.744394708001,3.088029808953747e-10,3.005020223103512e-08,AA,59,100.0,0.0,0.2,9,1.901353453369283e-13
faa02,FAA cs=0.2,20,60,953.2222187080006,1.9828646681148614e-10,1.929563118233435e-08,AA,60,100.0,0.0,0.2,9,1.4486572034674923e-13
faa02,FAA cs=0.2,20,61,968.6544031659996,1.3996938760750408e-10,1.3620685887046882e-08,AA,61,100.0,0.0,0.2,9,3.030903987563044e-13
faa02,FAA cs=0.2,20,62,984.2488431250003,2.2671642292241486e-10,2.2062203992207305e-08,AA,62,100.0,0.0,0.2,9,1.271052941547455e-13
faa02,FAA cs=0.2,20,63,999.7840558330008,2.1711837121728884e-10,2.112819942422456e-08,AA,63,100.0,0.0,0.2,9,4.1500774325950313e-13
faa02,FAA cs=0.2,20,64,1015.199328875,1.4368955350082495e-10,1.3982702267533726e-08,AA,64,100.0,0.0,0.2,9,2.6967860512137024e-13
faa02,FAA cs=0.2,20,65,1030.7417468330004,1.7328388863108862e-10,1.6862583002424555e-08,AA,65,100.0,0.0,0.2,9,2.7686381331291833e-13
faa02,FAA cs=0.2,20,66,1046.241994166001,1.5034313595784925e-10,1.4630174962954985e-08,AA,66,100.0,0.0,0.2,9,2.773716984403647e-13
faa02,FAA cs=0.2,20,67,1061.8261129580005,4.807513237666039e-11,4.678282074912662e-09,AA,67,100.0,0.0,0.2,10,1.8810848143084718e-13
faa0707,FAA cs=1/sqrt(2),20,0,15.417327082999691,1.0,97.31189169192768,initial,0,0.0,0.0,0.7071067811865475,0,8.710311982369664e-14
faa0707,FAA cs=1/sqrt(2),20,1,31.75423704199966,0.5250532780544825,51.093927726529394,AA,1,100.0,0.0,0.7071067811865475,0,1.339051212908009e-13
faa0707,FAA cs=1/sqrt(2),20,2,48.60501058299997,0.3136898481940744,30.525752532319007,AA,2,100.0,0.0,0.7071067811865475,1,8.662304913114602e-14
faa0707,FAA cs=1/sqrt(2),20,3,64.60654537499977,0.276884407495868,26.944145473421475,AA,3,100.0,0.0,0.7071067811865475,2,8.081930768885546e-14
faa0707,FAA cs=1/sqrt(2),20,4,80.27075012499881,0.16955322383457913,16.499544953807735,AA,4,100.0,0.0,0.7071067811865475,2,8.045901091931813e-14
faa0707,FAA cs=1/sqrt(2),20,5,95.9265321669991,0.09972094514575616,9.704033813440486,AA,5,100.0,0.0,0.7071067811865475,3,2.4606291391310023e-11
faa0707,FAA cs=1/sqrt(2),20,6,111.50835691700013,0.07941952619838337,7.7284643316412955,AA,6,100.0,0.0,0.7071067811865475,3,3.6958037514860544e-12
faa0707,FAA cs=1/sqrt(2),20,7,127.23469349999868,0.08739992068710148,8.50505161578629,AA,7,100.0,0.0,0.7071067811865475,4,8.37709097859517e-12
faa0707,FAA cs=1/sqrt(2),20,8,142.88984320800046,0.08238425310324911,8.016967515103735,AA,8,100.0,0.0,0.7071067811865475,5,8.194052567454443e-12
faa0707,FAA cs=1/sqrt(2),20,9,159.3711173749998,0.06084586376254626,5.9210261043626895,AA,9,100.0,0.0,0.7071067811865475,6,9.072485008452754e-12
faa0707,FAA cs=1/sqrt(2),20,10,174.9715830419991,0.08760898162661926,8.525395731289656,AA,10,100.0,0.0,0.7071067811865475,6,6.19508023898468e-12
faa0707,FAA cs=1/sqrt(2),20,11,190.68423212499874,0.07706635068747938,7.499472371192111,AA,11,100.0,0.0,0.7071067811865475,7,4.20146143311642e-12
faa0707,FAA cs=1/sqrt(2),20,12,206.17563849999897,0.09622611764791175,9.363945538488279,AA,12,100.0,0.0,0.7071067811865475,7,2.096264439833536e-12
faa0707,FAA cs=1/sqrt(2),20,13,221.60304995799925,0.08618216234303437,8.38654924770149,AA,13,100.0,0.0,0.7071067811865475,8,2.6536482916115044e-12
faa0707,FAA cs=1/sqrt(2),20,14,237.76934179199998,0.03716063196964291,3.6161713934334756,AA,14,100.0,0.0,0.7071067811865475,8,9.24974046060931e-13
faa0707,FAA cs=1/sqrt(2),20,15,253.38466612499906,0.044104444143769614,4.291886891651183,AA,15,100.0,0.0,0.7071067811865475,7,9.896964028828107e-13
faa0707,FAA cs=1/sqrt(2),20,16,268.9441661669989,0.03442217580388076,3.349687043627738,AA,16,100.0,0.0,0.7071067811865475,6,1.852111821734719e-12
faa0707,FAA cs=1/sqrt(2),20,17,284.6999860830001,0.021040069880616852,2.047449001413177,AA,17,100.0,0.0,0.7071067811865475,6,3.8012650730610186e-13
faa0707,FAA cs=1/sqrt(2),20,18,300.2908382080004,0.01002349478276533,0.9754052386750621,AA,18,100.0,0.0,0.7071067811865475,7,4.285135883172186e-13
faa0707,FAA cs=1/sqrt(2),20,19,315.9516759580001,0.006210907590369545,0.6043951667426127,AA,19,100.0,0.0,0.7071067811865475,7,2.250833885965979e-12
faa0707,FAA cs=1/sqrt(2),20,20,331.84477399999923,0.0036976773576609992,0.3598279785404005,AA,20,100.0,0.0,0.7071067811865475,7,3.85686895620387e-13
faa0707,FAA cs=1/sqrt(2),20,21,347.4117862080002,0.0027438193340459816,0.2670062498568997,AA,21,100.0,0.0,0.7071067811865475,8,4.534923562678204e-13
faa0707,FAA cs=1/sqrt(2),20,22,363.02757737499996,0.0024451728934809197,0.2379443997784527,AA,22,100.0,0.0,0.7071067811865475,9,2.4072783278824245e-13
faa0707,FAA cs=1/sqrt(2),20,23,380.081237082999,0.0016101652114081373,0.1566882226586585,AA,23,100.0,0.0,0.7071067811865475,10,3.643018550785239e-13
faa0707,FAA cs=1/sqrt(2),20,24,395.5932465829992,0.001273508215627568,0.12392749354792998,AA,24,100.0,0.0,0.7071067811865475,10,3.622054397228041e-11
faa0707,FAA cs=1/sqrt(2),20,25,411.202199542,0.00121784498507193,0.11851079928487696,AA,25,100.0,0.0,0.7071067811865475,11,7.393279222114891e-12
faa0707,FAA cs=1/sqrt(2),20,26,426.84975808299896,0.0007544145133074921,0.073413503409797,AA,26,100.0,0.0,0.7071067811865475,12,1.0677161230793784e-11
faa0707,FAA cs=1/sqrt(2),20,27,442.56313529199906,0.0005247838653906791,0.05106771067056892,AA,27,100.0,0.0,0.7071067811865475,12,6.398082315532979e-12
faa0707,FAA cs=1/sqrt(2),20,28,458.4502109169989,0.000356610222086609,0.03470241530792637,AA,28,100.0,0.0,0.7071067811865475,13,1.236143216748564e-12
faa0707,FAA cs=1/sqrt(2),20,29,474.18041574999916,0.00032592201434779197,0.03171608776022723,AA,29,100.0,0.0,0.7071067811865475,12,1.832511289988696e-12
faa0707,FAA cs=1/sqrt(2),20,30,489.6636131670002,0.00023701636713680029,0.023064511048030478,AA,30,100.0,0.0,0.7071067811865475,13,2.6195561528098647e-12
faa0707,FAA cs=1/sqrt(2),20,31,505.8505573330003,0.00016285478437604554,0.01584770713871398,AA,31,100.0,0.0,0.7071067811865475,14,1.5816332946629177e-12
faa0707,FAA cs=1/sqrt(2),20,32,521.4008419999991,0.00010174828548263395,0.009901318136725413,AA,32,100.0,0.0,0.7071067811865475,12,1.1082791269798575e-12
faa0707,FAA cs=1/sqrt(2),20,33,537.2489641249995,5.0824307291014317e-05,0.004945809486420436,AA,33,100.0,0.0,0.7071067811865475,13,1.2273031359029273e-12
faa0707,FAA cs=1/sqrt(2),20,34,552.687930791999,2.320874793463988e-05,0.002258487165320926,AA,34,100.0,0.0,0.7071067811865475,13,7.58801855779587e-13
faa0707,FAA cs=1/sqrt(2),20,35,568.2304323749995,1.695559082520886e-05,0.0016499806179553673,AA,35,100.0,0.0,0.7071067811865475,14,2.374437013787677e-13
faa0707,FAA cs=1/sqrt(2),20,36,583.6207959169988,9.316719140765814e-06,0.0009066275639503125,AA,36,100.0,0.0,0.7071067811865475,14,2.6988156068284893e-13
faa0707,FAA cs=1/sqrt(2),20,37,599.1231358749992,6.42498217144156e-06,0.0006252271691898875,AA,37,100.0,0.0,0.7071067811865475,14,1.5290646866861804e-13
faa0707,FAA cs=1/sqrt(2),20,38,614.632701999999,4.761737607980236e-06,0.00046337369437315153,AA,38,100.0,0.0,0.7071067811865475,15,2.815033258265672e-13
faa0707,FAA cs=1/sqrt(2),20,39,630.2278080830001,2.8039989146408578e-06,0.00027286243868581393,AA,39,100.0,0.0,0.7071067811865475,13,5.021805961980139e-13
faa0707,FAA cs=1/sqrt(2),20,40,645.7512079169992,1.0749777316646914e-06,0.00010460811659498856,AA,40,100.0,0.0,0.7071067811865475,14,2.1703539048394934e-13
faa0707,FAA cs=1/sqrt(2),20,41,661.8174700420004,6.146815319654334e-07,5.981582266364844e-05,AA,41,100.0,0.0,0.7071067811865475,14,2.1345546108825663e-13
faa0707,FAA cs=1/sqrt(2),20,42,677.3877052919997,3.332317518819104e-07,3.2427412147443784e-05,AA,42,100.0,0.0,0.7071067811865475,14,2.017335661059913e-13
faa0707,FAA cs=1/sqrt(2),20,43,693.1324650829993,2.0080968283149124e-07,1.9541170106388426e-05,AA,43,100.0,0.0,0.7071067811865475,14,1.7336946250031917e-13
faa0707,FAA cs=1/sqrt(2),20,44,708.7318196249998,1.292907876330676e-07,1.2581531122913098e-05,AA,44,100.0,0.0,0.7071067811865475,14,2.288488280136288e-13
faa0707,FAA cs=1/sqrt(2),20,45,724.256699874999,7.310545685964642e-08,7.114030300014805e-06,AA,45,100.0,0.0,0.7071067811865475,15,3.980174941484907e-13
faa0707,FAA cs=1/sqrt(2),20,46,739.8379107500004,3.274082941130116e-08,3.1860720455764186e-06,AA,46,100.0,0.0,0.7071067811865475,15,1.8698209850559415e-13
faa0707,FAA cs=1/sqrt(2),20,47,755.5110492080003,2.7227027707976844e-08,2.6495135714117567e-06,AA,47,100.0,0.0,0.7071067811865475,15,1.544111959548464e-13
faa0707,FAA cs=1/sqrt(2),20,48,771.0165090419996,1.3008246372362096e-08,1.2658570620892115e-06,AA,48,100.0,0.0,0.7071067811865475,15,2.0332722237071847e-13
faa0707,FAA cs=1/sqrt(2),20,49,786.743241832999,1.0968114014955964e-08,1.067327923088109e-06,AA,49,100.0,0.0,0.7071067811865475,15,2.448055458751987e-13
faa0707,FAA cs=1/sqrt(2),20,50,802.18594725,1.0200052838608886e-08,9.925864370826474e-07,AA,50,100.0,0.0,0.7071067811865475,14,5.090671745114995e-13
faa0707,FAA cs=1/sqrt(2),20,51,817.6515778329995,8.953063914381974e-09,8.712395859472448e-07,AA,51,100.0,0.0,0.7071067811865475,13,3.6052967082086796e-13
faa0707,FAA cs=1/sqrt(2),20,52,833.3605435419995,5.803980061243264e-09,5.647962791018123e-07,AA,52,100.0,0.0,0.7071067811865475,14,4.2324273377831534e-13
faa0707,FAA cs=1/sqrt(2),20,53,849.272922791999,2.9501114121471563e-09,2.870809222179839e-07,AA,53,100.0,0.0,0.7071067811865475,15,2.139696377499274e-13
faa0707,FAA cs=1/sqrt(2),20,54,864.9001613330001,1.3907157299361577e-09,1.3533317848580754e-07,AA,54,100.0,0.0,0.7071067811865475,14,3.5532774612040123e-13
faa0707,FAA cs=1/sqrt(2),20,55,880.4988074579996,8.818580777726825e-10,8.581527775186683e-08,AA,55,100.0,0.0,0.7071067811865475,12,4.538175300447422e-13
faa0707,FAA cs=1/sqrt(2),20,56,896.4607732919994,5.95186428297852e-10,5.791871724702586e-08,AA,56,100.0,0.0,0.7071067811865475,12,2.384983527148103e-13
faa0707,FAA cs=1/sqrt(2),20,57,912.13862075,4.1518225144307526e-10,4.040217028483923e-08,AA,57,100.0,0.0,0.7071067811865475,12,2.0972818737545173e-13
faa0707,FAA cs=1/sqrt(2),20,58,927.584478625,1.8122628586929837e-10,1.7635472702243488e-08,AA,58,100.0,0.0,0.7071067811865475,11,1.4908463437456057e-13
faa0707,FAA cs=1/sqrt(2),20,59,942.9943606670004,2.785124455122284e-10,2.7102572932539878e-08,AA,59,100.0,0.0,0.7071067811865475,12,2.4112081293251954e-13
faa0707,FAA cs=1/sqrt(2),20,60,958.5748635,8.775851305030758e-11,8.539946916996153e-09,AA,60,100.0,0.0,0.7071067811865475,11,1.897581670204835e-13
picard,Picard,30,0,17.000869291999997,1.0,97.31189169192768,Picard,0,0.0,0.0,,0,8.710311982369664e-14
picard,Picard,30,1,33.954282042,0.5250532780673655,51.09392772778306,Picard,0,0.0,0.0,,0,1.3390540695985507e-13
picard,Picard,30,2,49.81432375,0.3222891727775722,31.362569074812075,Picard,0,0.0,0.0,,0,9.83493249897671e-14
picard,Picard,30,3,65.117770708,0.5596861511334684,54.46411812057195,Picard,0,0.0,0.0,,0,4.623012270118588e-14
picard,Picard,30,4,80.821303292,0.4928934489181771,47.96439391678634,Picard,0,0.0,0.0,,0,5.1042034542032824e-14
picard,Picard,30,5,96.156217292,0.4184600825983074,40.721142235201604,Picard,0,0.0,0.0,,0,1.1075808371792499e-13
picard,Picard,30,6,111.899204917,0.33171412489827096,32.27972899478311,Picard,0,0.0,0.0,,0,2.1299787943120989e-13
picard,Picard,30,7,127.52914166699999,0.35069941057462656,34.12722305826094,Picard,0,0.0,0.0,,0,1.8206154403047543e-12
picard,Picard,30,8,143.08132512499998,0.2270923651853089,22.09878764497647,Picard,0,0.0,0.0,,0,1.2693829115270974e-13
picard,Picard,30,9,158.58632008299998,0.22839761425120805,22.225803900708236,Picard,0,0.0,0.0,,0,1.0136519537931815e-13
picard,Picard,30,10,179.51393962499998,0.05204905516772286,5.064992019148616,Picard,0,0.0,0.0,,0,2.0214337570855518e-13
picard,Picard,30,11,195.01202958300001,0.06211846352841887,6.044865194946457,Picard,0,0.0,0.0,,0,2.427677650098328e-13
picard,Picard,30,12,210.833791792,0.029676296180410008,2.887856519725626,Picard,0,0.0,0.0,,0,2.9474295459559763e-13
picard,Picard,30,13,226.313966667,0.027511070404843355,2.6771543035651137,Picard,0,0.0,0.0,,0,1.0984349222504542e-13
picard,Picard,30,14,241.86656887500004,0.021619533601310633,2.1038377122407317,Picard,0,0.0,0.0,,0,2.325503339385004e-13
picard,Picard,30,15,257.5011935,0.014878894232095131,1.447893344009289,Picard,0,0.0,0.0,,0,1.6668472519677789e-13
picard,Picard,30,16,273.422734583,0.011750142225859687,1.143428567647604,Picard,0,0.0,0.0,,0,1.6525607281172471e-13
picard,Picard,30,17,289.222738708,0.011961736873303978,1.1640192430622944,Picard,0,0.0,0.0,,0,2.0817795137458746e-13
picard,Picard,30,18,304.85377650000004,0.006937500863550366,0.675101332646468,Picard,0,0.0,0.0,,0,2.1261855633831938e-13
picard,Picard,30,19,320.685193958,0.007595889677854143,0.7391703936351739,Picard,0,0.0,0.0,,0,2.0364756832986006e-13
picard,Picard,30,20,336.61725925,0.007479523494434483,0.7278465801976369,Picard,0,0.0,0.0,,0,6.893832661451734e-12
picard,Picard,30,21,352.45239275,0.00507968520531349,0.4943137765285538,Picard,0,0.0,0.0,,0,3.1927207563470976e-13
picard,Picard,30,22,368.533308208,0.0064308074652371875,0.6257940395488012,Picard,0,0.0,0.0,,0,1.1981310349191036e-13
picard,Picard,30,23,384.178874,0.00520120085067694,0.5061386938490365,Picard,0,0.0,0.0,,0,2.33509550372847e-13
picard,Picard,30,24,399.847957958,0.004939563058689767,0.4806782253726656,Picard,0,0.0,0.0,,0,8.857816111076913e-14
picard,Picard,30,25,415.54234608300004,0.0055348274234571174,0.5386045267649702,Picard,0,0.0,0.0,,0,5.210981356211442e-12
picard,Picard,30,26,431.71083787500004,0.003974763571991042,0.38679176221861195,Picard,0,0.0,0.0,,0,1.5130530005900447e-12
picard,Picard,30,27,447.485024875,0.004856113076854471,0.472557549778616,Picard,0,0.0,0.0,,0,8.317785081138548e-14
picard,Picard,30,28,463.17921825,0.0045672149498877735,0.4444443265372319,Picard,0,0.0,0.0,,0,1.40781297944591e-13
picard,Picard,30,29,478.751402625,0.003513091459731428,0.34186557563322084,Picard,0,0.0,0.0,,0,5.199969395772751e-13
picard,Picard,30,30,494.8474575,0.004599121310315485,0.4475491948274571,Picard,0,0.0,0.0,,0,2.700627075463471e-13
picard,Picard,30,31,510.45339691699996,0.003792616327550536,0.3690666692956343,Picard,0,0.0,0.0,,0,4.455370857523704e-13
picard,Picard,30,32,526.090842167,0.0035636014525565977,0.3467807985843838,Picard,0,0.0,0.0,,0,1.2457077205442722e-13
picard,Picard,30,33,541.734383375,0.004303007611535054,0.41873381064323956,Picard,0,0.0,0.0,,0,8.411297891522889e-14
picard,Picard,30,34,557.232961958,0.0034728820190839953,0.3379527188999449,Picard,0,0.0,0.0,,0,3.3211451012655757e-13
picard,Picard,30,35,572.85276025,0.0038615337581754815,0.37577315484029494,Picard,0,0.0,0.0,,0,4.200535392433433e-13
picard,Picard,30,36,588.548621417,0.004121362768015196,0.401057607304238,Picard,0,0.0,0.0,,0,5.4857791496513e-13
picard,Picard,30,37,604.078978667,0.003681101417329519,0.35821494243017166,Picard,0,0.0,0.0,,0,1.928033832368201e-13
picard,Picard,30,38,619.600852708,0.004249365925109709,0.4135138366636441,Picard,0,0.0,0.0,,0,2.2669284188795125e-13
picard,Picard,30,39,635.660788542,0.00416245735948993,0.4050565997389513,Picard,0,0.0,0.0,,0,5.768996007430491e-13
picard,Picard,30,40,651.370437708,0.00427145512831058,0.4156633788130883,Picard,0,0.0,0.0,,0,2.3757329118807265e-13
picard,Picard,30,41,666.855372167,0.0046830083332762415,0.45571239972017236,Picard,0,0.0,0.0,,0,3.636979455364813e-13
picard,Picard,30,42,682.541563083,0.0044783246028625,0.43579423871505063,Picard,0,0.0,0.0,,0,4.16227829068813e-13
picard,Picard,30,43,697.98916225,0.0050486106242406195,0.4912898502608186,Picard,0,0.0,0.0,,0,2.8100982781963064e-13
picard,Picard,30,44,713.531821792,0.005166171925606509,0.5027299628864981,Picard,0,0.0,0.0,,0,2.1581659999603213e-13
picard,Picard,30,45,729.29172025,0.00506895990560838,0.4932700773252866,Picard,0,0.0,0.0,,0,2.889696430106038e-12
picard,Picard,30,46,745.0039188750001,0.0058223404846029,0.5665829666312031,Picard,0,0.0,0.0,,0,4.149742686953927e-13
picard,Picard,30,47,760.5166685830001,0.005745280932249767,0.5590841558187867,Picard,0,0.0,0.0,,0,1.7877025563694863e-13
picard,Picard,30,48,775.92700025,0.005866059332324182,0.5708373304055524,Picard,0,0.0,0.0,,0,4.016110713238714e-13
picard,Picard,30,49,791.5870757920001,0.006444029387929316,0.6270806898577767,Picard,0,0.0,0.0,,0,1.572333449685926e-13
picard,Picard,30,50,807.420725292,0.006521054340133435,0.6345761336642398,Picard,0,0.0,0.0,,0,4.3442051022975845e-13
picard,Picard,30,51,822.880641,0.0067220794846352865,0.6541382707533581,Picard,0,0.0,0.0,,0,6.337968595967775e-13
picard,Picard,30,52,838.455179667,0.00690444345676594,0.6718844538578459,Picard,0,0.0,0.0,,0,1.4647955600527012e-13
picard,Picard,30,53,854.0759171670001,0.00749158679911762,0.729020483196409,Picard,0,0.0,0.0,,0,2.0165642781972595e-13
picard,Picard,30,54,869.828862625,0.007447483635891127,0.7247287209532411,Picard,0,0.0,0.0,,0,3.056843113663066e-13
picard,Picard,30,55,885.343327583,0.00733995966425007,0.7142653598706207,Picard,0,0.0,0.0,,0,1.8281842026988177e-13
picard,Picard,30,56,901.066445458,0.008362850301079788,0.8138047827344811,Picard,0,0.0,0.0,,0,3.9187829907330343e-13
picard,Picard,30,57,916.7866998330001,0.007948364244745244,0.7734703605126398,Picard,0,0.0,0.0,,0,1.5427911848823954e-13
picard,Picard,30,58,933.022725042,0.007862208839323129,0.7650864150315287,Picard,0,0.0,0.0,,0,4.775614344669106e-13
picard,Picard,30,59,948.948328875,0.008792271198101737,0.8555925425557315,Picard,0,0.0,0.0,,0,1.205705670762906e-13
picard,Picard,30,60,965.7044565,0.008381167233718356,0.8155872380995337,Picard,0,0.0,0.0,,0,1.740250947212941e-13
picard,Picard,30,61,981.168056083,0.008426438834166706,0.8199927031790838,Picard,0,0.0,0.0,,0,5.102067175588359e-13
picard,Picard,30,62,996.979863292,0.008794305355513503,0.8557904902614696,Picard,0,0.0,0.0,,0,2.0367268334164625e-13
picard,Picard,30,63,1012.8069032080001,0.009004530040285749,0.876247852016996,Picard,0,0.0,0.0,,0,5.692867194671952e-13
picard,Picard,30,64,1028.959169042,0.008885361097386139,0.8646512967525076,Picard,0,0.0,0.0,,0,1.2449662069185182e-10
picard,Picard,30,65,1044.9409087499998,0.008672466871966019,0.8439341569465881,Picard,0,0.0,0.0,,0,1.5069414811433942e-13
picard,Picard,30,66,1060.723241667,0.009702681657386213,0.9441863065648205,Picard,0,0.0,0.0,,0,1.1459785640041107e-13
picard,Picard,30,67,1076.272518,0.009085773421310193,0.8841537991119328,Picard,0,0.0,0.0,,0,3.355348891303485e-12
picard,Picard,30,68,1091.8858894999998,0.008729800192695458,0.8495133708437499,Picard,0,0.0,0.0,,0,1.5143005768585584e-12
picard,Picard,30,69,1107.4038088749999,0.00998994669173148,0.9721406104739052,Picard,0,0.0,0.0,,0,4.746989344709296e-13
picard,Picard,30,70,1123.20676325,0.009113814847690756,0.8868825633587651,Picard,0,0.0,0.0,,0,9.042649261223516e-13
picard,Picard,30,71,1138.629550125,0.008995902286559903,0.8754082689808819,Picard,0,0.0,0.0,,0,1.3884331084593095e-13
picard,Picard,30,72,1154.0378537919999,0.009739219211872718,0.9477418451096992,Picard,0,0.0,0.0,,0,1.635000500333944e-13
picard,Picard,30,73,1169.5079718749998,0.0093307522247606,0.9079931499001168,Picard,0,0.0,0.0,,0,9.267313386926834e-13
picard,Picard,30,74,1185.294565083,0.009312902696446395,0.9062561785340528,Picard,0,0.0,0.0,,0,6.865715730801712e-13
picard,Picard,30,75,1201.168258875,0.009270850432221348,0.9021639931523847,Picard,0,0.0,0.0,,0,1.3211364566003583e-13
picard,Picard,30,76,1216.6102182079999,0.00989020397974442,0.9624344584879612,Picard,0,0.0,0.0,,0,2.6434576732611653e-13
picard,Picard,30,77,1232.935260042,0.009471308904458317,0.921670986291438,Picard,0,0.0,0.0,,0,3.963768601663101e-13
picard,Picard,30,78,1248.627973792,0.008976812906665944,0.8735506453121749,Picard,0,0.0,0.0,,0,9.953811896504138e-14
picard,Picard,30,79,1264.424377958,0.010326760439316669,1.0049165933992672,Picard,0,0.0,0.0,,0,2.879670180179887e-12
picard,Picard,30,80,1279.999940583,0.009383871004933611,0.9131622388831202,Picard,0,0.0,0.0,,0,1.8366607588881273e-13
picard,Picard,30,81,1295.6925140829999,0.00903649108286439,0.8793580415307698,Picard,0,0.0,0.0,,0,1.3960058668319978e-12
picard,Picard,30,82,1311.235191667,0.010192127406746356,0.9918151983156291,Picard,0,0.0,0.0,,0,1.113469222408084e-12
picard,Picard,30,83,1327.209391417,0.009327284704951424,0.9076557189880066,Picard,0,0.0,0.0,,0,7.820189999758321e-13
picard,Picard,30,84,1342.809770292,0.009300986784359207,0.9050966185876139,Picard,0,0.0,0.0,,0,2.530912524747963e-13
picard,Picard,30,85,1359.122054708,0.009661426463662666,0.9401716856214652,Picard,0,0.0,0.0,,0,1.8657207731847234e-13
picard,Picard,30,86,1374.686583,0.009674540570315906,0.9414478441477417,Picard,0,0.0,0.0,,0,3.1233380532857024e-13
picard,Picard,30,87,1390.3552155829998,0.009534932913646267,0.927862358982542,Picard,0,0.0,0.0,,0,5.621006545942441e-13
picard,Picard,30,88,1405.9727975829999,0.009145242356365194,0.8899408336790392,Picard,0,0.0,0.0,,0,7.904344554928059e-13
picard,Picard,30,89,1421.66814325,0.010238588113616331,0.9963363775904907,Picard,0,0.0,0.0,,0,2.4906735279809675e-13
picard,Picard,30,90,1437.811837708,0.009524013145404952,0.9267997356781421,Picard,0,0.0,0.0,,0,7.820167741385287e-13
picard,Picard,30,91,1453.968558625,0.008984425548853238,0.8742914459241943,Picard,0,0.0,0.0,,0,1.1656305833911533e-13
picard,Picard,30,92,1469.7248009579998,0.010387889535447675,1.010865181381193,Picard,0,0.0,0.0,,0,2.9547058339865565e-13
picard,Picard,30,93,1485.555461125,0.00935812792695814,0.9106571312673541,Picard,0,0.0,0.0,,0,1.5800562839156423e-13
picard,Picard,30,94,1501.4526342079998,0.00916383835277204,0.8917504452672856,Picard,0,0.0,0.0,,0,4.4420621731484443e-13
picard,Picard,30,95,1517.4513364579998,0.00998548149413796,0.9717060936493014,Picard,0,0.0,0.0,,0,1.8403181631415943e-13
picard,Picard,30,96,1533.8037898329999,0.009453236177955444,0.9199122950874126,Picard,0,0.0,0.0,,0,2.0413787457422073e-13
picard,Picard,30,97,1549.2882673749998,0.009448944284970088,0.9194946428620683,Picard,0,0.0,0.0,,0,1.024763951827794e-12
picard,Picard,30,98,1564.7702109999998,0.00938685689930678,0.9134528019129656,Picard,0,0.0,0.0,,0,1.2666143689668623e-13
picard,Picard,30,99,1580.49625225,0.009973323569470309,0.9705229830008443,Picard,0,0.0,0.0,,0,2.2788309375177074e-13
picard,Picard,30,100,1596.1526422079999,0.009577587441909157,0.9320131518170306,Picard,0,0.0,0.0,,0,1.1148378271832846e-13
aa_pure,AA_pure,30,0,15.285987665998618,1.0,97.31189169192768,initial,0,0.0,0.0,,0,8.710311982369664e-14
aa_pure,AA_pure,30,1,30.91074445799859,0.5250532780544825,51.093927726529394,AA,1,100.0,0.0,,1,1.339051212908009e-13
aa_pure,AA_pure,30,2,46.24728345800031,0.3136898481993917,30.525752532836442,AA,2,100.0,0.0,,2,8.662297547845755e-14
aa_pure,AA_pure,30,3,61.766335041000275,0.27688440734690706,26.944145458925803,AA,3,100.0,0.0,,3,9.737602329668903e-14
aa_pure,AA_pure,30,4,77.38319287499871,0.24068637537237636,23.42164649195934,AA,4,100.0,0.0,,4,6.978446585468303e-14
aa_pure,AA_pure,30,5,93.28807574999882,0.12093129551531899,11.768053131351222,AA,5,100.0,0.0,,5,2.816948532794412e-13
aa_pure,AA_pure,30,6,109.0400404159991,0.09668412267045239,9.408514873636113,AA,6,100.0,0.0,,6,1.0565931763897399e-13
aa_pure,AA_pure,30,7,124.83502670799862,0.09383200287265175,9.130969700780135,AA,7,100.0,0.0,,7,1.4256516553142939e-13
aa_pure,AA_pure,30,8,140.60095937499864,0.08955421810203042,8.714690372500053,AA,8,100.0,0.0,,8,9.804864190007714e-14
aa_pure,AA_pure,30,9,156.25350404100027,0.06973459418358553,6.786005276373605,AA,9,100.0,0.0,,9,2.4517403623522243e-13
aa_pure,AA_pure,30,10,171.94205245800003,0.07800812606723127,7.591118314944651,AA,10,100.0,0.0,,10,2.9302621520952966e-13
aa_pure,AA_pure,30,11,187.94389425000008,0.0430022207465592,4.184627447801534,AA,11,100.0,0.0,,11,2.4168521538219045e-13
aa_pure,AA_pure,30,12,203.77769141599856,0.028780732699937535,2.8007075433106428,AA,12,100.0,0.0,,12,1.1663309504959048e-12
aa_pure,AA_pure,30,13,219.6265564160003,0.04325133579872141,4.208869304776372,AA,13,100.0,0.0,,13,5.806989308278871e-13
aa_pure,AA_pure,30,14,235.95213741599946,0.03787357644570705,3.685549369070588,AA,14,100.0,0.0,,14,4.152945702717931e-13
aa_pure,AA_pure,30,15,251.62817804099905,0.02754366675147577,2.6803263157181596,AA,15,100.0,0.0,,15,5.13309364887917e-13
aa_pure,AA_pure,30,16,266.98692204100007,0.015492991604134592,1.5076523209654904,AA,16,100.0,0.0,,16,2.7497015823386227e-13
aa_pure,AA_pure,30,17,282.6885148749989,0.008789939857449289,0.8553656753866635,AA,17,100.0,0.0,,17,1.3262292521681305e-12
aa_pure,AA_pure,30,18,298.5049999160001,0.005764334782159951,0.5609383219975607,AA,18,100.0,0.0,,18,1.4994240558656898e-13
aa_pure,AA_pure,30,19,314.14838416599923,0.005107896308880988,0.49705905238342396,AA,19,100.0,0.0,,19,7.603147421006096e-13
aa_pure,AA_pure,30,20,329.91784204099895,0.003907239348706932,0.38022085231580705,AA,20,100.0,0.0,,20,5.72107763663313e-13
aa_pure,AA_pure,30,21,346.2267457500002,0.0030171785184391546,0.29360734920156184,AA,21,100.0,0.0,,21,7.941077075887647e-13
aa_pure,AA_pure,30,22,362.2783389159995,0.002612224629659144,0.2542005202363765,AA,22,100.0,0.0,,22,3.91381672176128e-13
aa_pure,AA_pure,30,23,379.2157431249998,0.002018217705318745,0.19639658275070854,AA,23,100.0,0.0,,23,6.131621865910229e-13
aa_pure,AA_pure,30,24,394.6981052909996,0.0034025881751848846,0.33111229197582537,AA,24,100.0,0.0,,24,1.2087708620908267e-12
aa_pure,AA_pure,30,25,410.4013229579996,0.002429385492937342,0.23640809796665896,AA,25,100.0,0.0,,25,7.107982106369677e-13
aa_pure,AA_pure,30,26,426.1659022499989,0.0020975439294614036,0.2041159676828085,AA,26,100.0,0.0,,26,1.0301320256305812e-12
aa_pure,AA_pure,30,27,441.9775234159988,0.0028241354496549016,0.27482196300015127,AA,27,100.0,0.0,,27,3.517215965945173e-13
aa_pure,AA_pure,30,28,457.6130144580002,0.001318580307775956,0.1283135440974025,AA,28,100.0,0.0,,28,8.227145205459577e-13
aa_pure,AA_pure,30,29,473.6998987909992,0.000740510768826605,0.07206050373276068,AA,29,100.0,0.0,,29,6.452577195052206e-13
aa_pure,AA_pure,30,30,489.53801187499994,0.0005644902089901731,0.054931610078405343,AA,30,100.0,0.0,,30,5.107694125507201e-13
aa_pure,AA_pure,30,31,505.5155177079996,0.0003623539870419584,0.035261351941165225,AA,31,100.0,0.0,,30,7.846300515546914e-13
aa_pure,AA_pure,30,32,521.4247450829989,0.0003061339251373096,0.029790471366186566,AA,32,100.0,0.0,,30,4.869161245669475e-13
aa_pure,AA_pure,30,33,537.183274957999,0.00019423614830365254,0.018901487026382238,AA,33,100.0,0.0,,30,5.752314374373201e-13
aa_pure,AA_pure,30,34,552.923062124999,0.00010475935128583758,0.010194330646044032,AA,34,100.0,0.0,,30,3.5363812836458877e-13
aa_pure,AA_pure,30,35,568.708046415999,8.404536627308766e-05,0.008178613579975099,AA,35,100.0,0.0,,30,1.503198667149611e-13
aa_pure,AA_pure,30,36,585.0069283749999,5.435023391050031e-05,0.005288924075729541,AA,36,100.0,0.0,,30,6.651199779362732e-13
aa_pure,AA_pure,30,37,600.8321715000002,3.416199504407044e-05,0.003324368361708753,AA,37,100.0,0.0,,30,3.226494591075859e-13
aa_pure,AA_pure,30,38,616.6573564579994,1.0696564042293724e-05,0.001040902881559455,AA,38,100.0,0.0,,30,2.791751516398689e-13
aa_pure,AA_pure,30,39,632.6050275409998,9.148604382481632e-06,0.0008902679988003475,AA,39,100.0,0.0,,30,2.0552498242254494e-13
aa_pure,AA_pure,30,40,648.2979094579987,2.9083399935387755e-06,0.00028301606645454697,AA,40,100.0,0.0,,30,2.6952049187111026e-13
aa_pure,AA_pure,30,41,664.0134161249989,2.1018754953731984e-06,0.00020453748055567354,AA,41,100.0,0.0,,30,3.163830570468477e-13
aa_pure,AA_pure,30,42,679.8905884999986,1.2655277853460217e-06,0.00012315090278071716,AA,42,100.0,0.0,,30,2.6531061634037013e-13
aa_pure,AA_pure,30,43,695.7741231660002,1.0184642730317355e-06,9.91086850293621e-05,AA,43,100.0,0.0,,30,4.5097176851186766e-13
aa_pure,AA_pure,30,44,711.5428097080003,3.627947712334577e-07,3.530424548466792e-05,AA,44,100.0,0.0,,30,3.1074767335297337e-13
aa_pure,AA_pure,30,45,727.2394177499991,2.1657116597333872e-07,2.1074949846792032e-05,AA,45,100.0,0.0,,30,3.4867492921002e-13
aa_pure,AA_pure,30,46,742.89354275,1.204187932255434e-07,1.1718180564036716e-05,AA,46,100.0,0.0,,30,2.081511935632742e-13
aa_pure,AA_pure,30,47,758.6332518749987,9.218402323525251e-08,8.970601684795038e-06,AA,47,100.0,0.0,,30,2.829462253209561e-13
aa_pure,AA_pure,30,48,774.5744124159992,5.39360006009477e-08,5.248614248775169e-06,AA,48,100.0,0.0,,30,2.2793721493447937e-13
aa_pure,AA_pure,30,49,790.3543752079986,2.4638541345598736e-08,2.3976230668699864e-06,AA,49,100.0,0.0,,30,2.0118173189222484e-13
aa_pure,AA_pure,30,50,806.1177065829997,9.025607981325432e-09,8.782989863325385e-07,AA,50,100.0,0.0,,30,3.9987658255536876e-13
aa_pure,AA_pure,30,51,821.9546202499987,3.946106318833117e-09,3.8400307070311974e-07,AA,51,100.0,0.0,,30,2.153386795527417e-13
aa_pure,AA_pure,30,52,837.7866017079996,2.689315345110542e-09,2.617023635888362e-07,AA,52,100.0,0.0,,30,2.0585061143632475e-13
aa_pure,AA_pure,30,53,853.4048163749994,1.4970777218624056e-09,1.4568346512427224e-07,AA,53,100.0,0.0,,30,2.730422490048077e-13
aa_pure,AA_pure,30,54,869.0024588750002,6.912211097342096e-10,6.726403376562947e-08,AA,54,100.0,0.0,,30,2.5625067015830334e-13
aa_pure,AA_pure,30,55,884.9897222500003,3.4152632345636856e-10,3.32345725981284e-08,AA,55,100.0,0.0,,30,2.987379858925758e-13
aa_pure,AA_pure,30,56,900.6396700409987,2.1202543635547634e-10,2.063259629855782e-08,AA,56,100.0,0.0,,30,3.6624196609023233e-13
aa_pure,AA_pure,30,57,916.2843676249995,8.8850715322118e-11,8.646231186176246e-09,AA,57,100.0,0.0,,30,4.649873822089796e-13
global_eta0,GlobalAndersonSolver,30,0,17.9159114999984,1.0,97.31189169192768,initial,0,0.0,0.0,,0,8.710311982369664e-14
global_eta0,GlobalAndersonSolver,30,1,54.025216209000064,0.571970249625031,55.65950698251586,KM,0,0.0,0.0,,0,7.452324508030532e-14
global_eta0,GlobalAndersonSolver,30,2,69.55280633399889,0.304290909364164,29.611124014883707,AA,1,50.0,0.0,,0,2.1099424262016263e-13
global_eta0,GlobalAndersonSolver,30,3,85.18969233399912,0.12729767697145514,12.38757775408024,AA,2,66.66666666666667,0.0,,1,9.011447333799542e-14
global_eta0,GlobalAndersonSolver,30,4,100.77616220899836,0.08681071763430362,8.44771515212787,AA,3,75.0,0.0,,2,3.2901876274323526e-13
global_eta0,GlobalAndersonSolver,30,5,116.54751187500005,0.07362423069938251,7.164513163719808,AA,4,80.0,0.0,,3,1.23339276628681e-13
global_eta0,GlobalAndersonSolver,30,6,132.14504466699873,0.06394935193238681,6.223032409013392,AA,5,83.33333333333333,0.0,,4,2.186285312651795e-13
global_eta0,GlobalAndersonSolver,30,7,147.9361977919998,0.05304856461163456,5.1622561738996104,AA,6,85.71428571428571,0.0,,5,1.1910180528985058e-13
global_eta0,GlobalAndersonSolver,30,8,164.09925379199922,0.04726434385642128,4.599382710246095,AA,7,87.5,0.0,,6,2.4501079297545434e-13
global_eta0,GlobalAndersonSolver,30,9,179.70177170899842,0.03103579148217182,3.020151579286356,AA,8,88.88888888888889,0.0,,7,1.3380412547768913e-13
global_eta0,GlobalAndersonSolver,30,10,195.394232749999,0.03693727101431421,3.594435716340324,AA,9,90.0,0.0,,8,1.924368698899689e-13
global_eta0,GlobalAndersonSolver,30,11,211.1071158750001,0.04764285738633495,4.636216577872983,AA,10,90.9090909090909,0.0,,9,2.0585419286550174e-13
global_eta0,GlobalAndersonSolver,30,12,227.20220679199883,0.026898260763792002,2.6175206381473552,AA,11,91.66666666666667,0.0,,10,1.7613692146273608e-13
global_eta0,GlobalAndersonSolver,30,13,242.80135437499848,0.019373514888991823,1.8852733825695205,AA,12,92.3076923076923,0.0,,11,1.317442264219499e-13
global_eta0,GlobalAndersonSolver,30,14,258.7936876669992,0.018014440246626285,1.7530192581704,AA,13,92.85714285714286,0.0,,12,4.685302771957673e-13
global_eta0,GlobalAndersonSolver,30,15,274.97707883399926,0.009368739368711049,0.9116897507379085,AA,14,93.33333333333333,0.0,,13,3.6506139298978543e-13
global_eta0,GlobalAndersonSolver,30,16,290.8058850419984,0.004862611509819012,0.4731899245834286,AA,15,93.75,0.0,,14,1.1284240028639869e-13
global_eta0,GlobalAndersonSolver,30,17,306.39417524999953,0.005666620906762089,0.5514295999380454,AA,16,94.11764705882354,0.0,,15,2.7287089801630214e-13
global_eta0,GlobalAndersonSolver,30,18,322.2359385,0.0025453012899937988,0.24768808345520035,AA,17,94.44444444444444,0.0,,16,1.8878187055359947e-13
global_eta0,GlobalAndersonSolver,30,19,337.63571299999967,0.003531908227551884,0.3436966709053572,AA,18,94.73684210526316,0.0,,17,1.4958598141700105e-13
global_eta0,GlobalAndersonSolver,30,20,353.51590566699997,0.002055861692887374,0.20005979039183927,AA,19,95.0,0.0,,18,3.0932205480016157e-13
global_eta0,GlobalAndersonSolver,30,21,369.3807322499997,0.0017867186463274823,0.1738689713953676,AA,20,95.23809523809524,0.0,,19,7.863989162725193e-13
global_eta0,GlobalAndersonSolver,30,22,385.17351999999846,0.0020504436546275066,0.1995325508395123,AA,21,95.45454545454545,0.0,,20,1.3764153052201145e-12
global_eta0,GlobalAndersonSolver,30,23,400.7328752499998,0.0012154788341614288,0.11828054466374749,AA,22,95.65217391304348,0.0,,21,1.5656596825778778e-12
global_eta0,GlobalAndersonSolver,30,24,416.60033408399977,0.0009857351807508233,0.09592375514614687,AA,23,95.83333333333333,0.0,,22,1.3717060901652323e-12
global_eta0,GlobalAndersonSolver,30,25,432.30612170899985,0.0008645710774122638,0.08413304704511544,AA,24,96.0,0.0,,23,1.9604320874475354e-12
global_eta0,GlobalAndersonSolver,30,26,448.04509179199886,0.00059877760237563,0.058268181189929456,AA,25,96.15384615384616,0.0,,24,2.218424790663916e-12
global_eta0,GlobalAndersonSolver,30,27,463.8887694589994,0.00036381215679841494,0.03540324919857397,AA,26,96.29629629629629,0.0,,25,1.259965846515127e-12
global_eta0,GlobalAndersonSolver,30,28,479.6268902920001,0.0003837211130402043,0.037340627392074305,AA,27,96.42857142857143,0.0,,26,1.2095539176827622e-12
global_eta0,GlobalAndersonSolver,30,29,495.36932566699943,0.00031925281795035384,0.03106709564272754,AA,28,96.55172413793103,0.0,,27,8.266227024735514e-13
global_eta0,GlobalAndersonSolver,30,30,511.0677930839993,0.0001159227066102759,0.011280657870294277,AA,29,96.66666666666667,0.0,,28,3.162239370605661e-13
global_eta0,GlobalAndersonSolver,30,31,526.5789005839997,9.415626760971951e-05,0.009162524515753183,AA,30,96.7741935483871,0.0,,29,4.0137506323807617e-13
global_eta0,GlobalAndersonSolver,30,32,542.3287353749984,2.90017715401686e-05,0.0028222172509909174,AA,31,96.875,0.0,,30,3.830857052585352e-13
global_eta0,GlobalAndersonSolver,30,33,558.0661722919995,1.1177812497470933e-05,0.0010877340791065671,AA,32,96.96969696969697,0.0,,30,2.0032570342084307e-13
global_eta0,GlobalAndersonSolver,30,34,574.1783449999984,1.3498524410484889e-05,0.0013135669454339474,AA,33,97.05882352941177,0.0,,30,2.7108527301475033e-13
global_eta0,GlobalAndersonSolver,30,35,589.9794744169994,1.6045879127480076e-05,0.001561454851755104,AA,34,97.14285714285714,0.0,,30,5.161295148169272e-13
global_eta0,GlobalAndersonSolver,30,36,605.3341047499998,7.1904880930987995e-06,0.000699719998527726,AA,35,97.22222222222223,0.0,,30,2.047324596886592e-13
global_eta0,GlobalAndersonSolver,30,37,621.2651435839998,3.0017299524493783e-06,0.00029210402002116914,AA,36,97.29729729729729,0.0,,30,2.6511580527757794e-13
global_eta0,GlobalAndersonSolver,30,38,637.0274903749996,9.797318806542338e-07,9.533956265735341e-05,AA,37,97.36842105263158,0.0,,30,2.3590574141585476e-13
global_eta0,GlobalAndersonSolver,30,39,652.6324624999997,6.109247706760864e-07,5.945024511594707e-05,AA,38,97.43589743589743,0.0,,30,1.8484148066504262e-13
global_eta0,GlobalAndersonSolver,30,40,668.1754970839993,2.957380565278114e-07,2.877882972601557e-05,AA,39,97.5,0.0,,30,3.021624771169956e-13
global_eta0,GlobalAndersonSolver,30,41,683.983825416999,2.786516225907488e-07,2.7116116517330858e-05,AA,40,97.5609756097561,0.0,,30,1.9173394938747817e-13
global_eta0,GlobalAndersonSolver,30,42,699.5536491669991,6.659080384007951e-08,6.48007709096422e-06,AA,41,97.61904761904762,0.0,,30,1.248191456913505e-13
global_eta0,GlobalAndersonSolver,30,43,715.3319320419996,5.031030094585727e-08,4.895790556631549e-06,AA,42,97.67441860465117,0.0,,30,2.941979313399518e-13
global_eta0,GlobalAndersonSolver,30,44,730.8822611249998,2.882859361063173e-08,2.8053649790683932e-06,AA,43,97.72727272727273,0.0,,30,1.8695184987065835e-13
global_eta0,GlobalAndersonSolver,30,45,746.6628699590001,9.105068744832433e-09,8.860314635446897e-07,AA,44,97.77777777777777,0.0,,30,3.3520670929132315e-13
global_eta0,GlobalAndersonSolver,30,46,762.7705012089991,4.68325746088599e-09,4.557366427991498e-07,AA,45,97.82608695652173,0.0,,30,2.3748329957922806e-13
global_eta0,GlobalAndersonSolver,30,47,778.5115799169998,2.169112931414936e-09,2.1108048264941e-07,AA,46,97.87234042553192,0.0,,30,1.9417026879941235e-13
global_eta0,GlobalAndersonSolver,30,48,794.2161712919988,1.3529746926970207e-09,1.3166052675765163e-07,AA,47,97.91666666666667,0.0,,30,2.9712214820999875e-13
global_eta0,GlobalAndersonSolver,30,49,810.0968412089987,8.567628305152596e-10,8.337321176877034e-08,AA,48,97.95918367346938,0.0,,30,5.393051763290645e-13
global_eta0,GlobalAndersonSolver,30,50,825.8426492919989,6.751689708547528e-10,6.570196976556799e-08,AA,49,98.0,0.0,,30,2.089701727338288e-13
global_eta0,GlobalAndersonSolver,30,51,841.6406524589984,2.6901281546876797e-10,2.6178145962637276e-08,AA,50,98.03921568627452,0.0,,30,1.7274749532287915e-13
global_eta0,GlobalAndersonSolver,30,52,857.2767007089988,9.479401638825051e-11,9.224585055816252e-09,AA,51,98.07692307692308,0.0,,30,1.5101954917317377e-13
global_eta1e10,GlobalAndersonSolver eta=1e-10,30,0,15.62408858299932,1.0,97.31189169192768,initial,0,0.0,1e-10,,0,8.710311982369664e-14
global_eta1e10,GlobalAndersonSolver eta=1e-10,30,1,46.500964250000834,0.571970249625031,55.65950698251586,KM,0,0.0,1e-10,,0,7.452324508030532e-14
global_eta1e10,GlobalAndersonSolver eta=1e-10,30,2,62.001571625,0.304290909364164,29.611124014883707,AA,1,50.0,1e-10,,0,2.1099424262016263e-13
global_eta1e10,GlobalAndersonSolver eta=1e-10,30,3,77.7947024999994,0.12729767697145514,12.38757775408024,AA,2,66.66666666666667,1e-10,,1,9.011447333799542e-14
global_eta1e10,GlobalAndersonSolver eta=1e-10,30,4,93.32625720800024,0.08681071765287579,8.447715153935164,AA,3,75.0,1e-10,,2,3.2901880948898943e-13
global_eta1e10,GlobalAndersonSolver eta=1e-10,30,5,108.92172041599952,0.07362423070779374,7.164513164538321,AA,4,80.0,1e-10,,3,9.748824390977069e-14
global_eta1e10,GlobalAndersonSolver eta=1e-10,30,6,124.58109412500016,0.06394935193164825,6.2230324089415205,AA,5,83.33333333333333,1e-10,,4,2.1388766758700022e-13
global_eta1e10,GlobalAndersonSolver eta=1e-10,30,7,140.38081324999985,0.05304856462415098,5.162256175117607,AA,6,85.71428571428571,1e-10,,5,1.2417530761041915e-13
global_eta1e10,GlobalAndersonSolver eta=1e-10,30,8,155.75205358300082,0.047264343922852024,4.599382716710597,AA,7,87.5,1e-10,,6,3.2389799734490106e-13
global_eta1e10,GlobalAndersonSolver eta=1e-10,30,9,171.40005537499928,0.031035791360856956,3.020151567480977,AA,8,88.88888888888889,1e-10,,7,1.6717583492580903e-13
global_eta1e10,GlobalAndersonSolver eta=1e-10,30,10,187.11313962500026,0.036937271372192014,3.59443575116609,AA,9,90.0,1e-10,,8,1.9822826939371564e-13
global_eta1e10,GlobalAndersonSolver eta=1e-10,30,11,203.16193874999954,0.04764285700437222,4.636216540703468,AA,10,90.9090909090909,1e-10,,9,1.9119152358547613e-13
global_eta1e10,GlobalAndersonSolver eta=1e-10,30,12,218.9308219579998,0.026898260102457494,2.6175205737916434,AA,11,91.66666666666667,1e-10,,10,1.9686679063354846e-13
global_eta1e10,GlobalAndersonSolver eta=1e-10,30,13,234.56329158299923,0.019373515392695707,1.8852734315858986,AA,12,92.3076923076923,1e-10,,11,1.3479670918023553e-13
global_eta1e10,GlobalAndersonSolver eta=1e-10,30,14,250.318716916001,0.018014439721737312,1.7530192070924613,AA,13,92.85714285714286,1e-10,,12,4.088749856046971e-13
global_eta1e10,GlobalAndersonSolver eta=1e-10,30,15,265.96365920800054,0.00936873945377549,0.9116897590156903,AA,14,93.33333333333333,1e-10,,13,3.832842856459552e-13
global_eta1e10,GlobalAndersonSolver eta=1e-10,30,16,281.5073199159997,0.004862611066112359,0.4731898814054949,AA,15,93.75,1e-10,,14,9.726022712066555e-14
global_eta1e10,GlobalAndersonSolver eta=1e-10,30,17,297.2796763330007,0.005666621024872351,0.5514296114315784,AA,16,94.11764705882354,1e-10,,15,2.3363551829063485e-13
global_eta1e10,GlobalAndersonSolver eta=1e-10,30,18,312.81813350000084,0.0025453012736583926,0.2476880818655711,AA,17,94.44444444444444,1e-10,,16,1.963193608065481e-13
global_eta1e10,GlobalAndersonSolver eta=1e-10,30,19,328.3377158330004,0.0035319077842240103,0.34369662776428317,AA,18,94.73684210526316,1e-10,,17,1.1981676152675192e-13
global_eta1e10,GlobalAndersonSolver eta=1e-10,30,20,343.7982137910003,0.0020558615946260667,0.20005978082984555,AA,19,95.0,1e-10,,18,3.5646248957935465e-13
global_eta1e10,GlobalAndersonSolver eta=1e-10,30,21,359.28154004099997,0.0017867184646509788,0.17386895371608338,AA,20,95.23809523809524,1e-10,,19,8.726060396626809e-13
global_eta1e10,GlobalAndersonSolver eta=1e-10,30,22,375.2146283330003,0.0020504434871919577,0.1995325345460423,AA,21,95.45454545454545,1e-10,,20,1.493891491498763e-12
global_eta1e10,GlobalAndersonSolver eta=1e-10,30,23,390.7171059579996,0.0012154787498715512,0.11828053646134006,AA,22,95.65217391304348,1e-10,,21,1.8224167094861694e-12
global_eta1e10,GlobalAndersonSolver eta=1e-10,30,24,406.4988305000006,0.0009857351657314533,0.09592375368458356,AA,23,95.83333333333333,1e-10,,22,1.917007789785644e-12
global_eta1e10,GlobalAndersonSolver eta=1e-10,30,25,422.1499819159999,0.0008645708961748309,0.084133029408558,AA,24,96.0,1e-10,,23,2.333578368244057e-12
global_eta1e10,GlobalAndersonSolver eta=1e-10,30,26,437.9613304159993,0.0005987775591878239,0.058268176987242334,AA,25,96.15384615384616,1e-10,,24,2.9868893415292134e-12
global_eta1e10,GlobalAndersonSolver eta=1e-10,30,27,453.6242366250008,0.00036381223695086516,0.03540325699836052,AA,26,96.29629629629629,1e-10,,25,1.8162934797743957e-12
global_eta1e10,GlobalAndersonSolver eta=1e-10,30,28,469.1798530830001,0.0003837209540224303,0.037340611917753896,AA,27,96.42857142857143,1e-10,,26,1.2410551660473495e-12
global_eta1e10,GlobalAndersonSolver eta=1e-10,30,29,484.6972910830009,0.00031925238832036947,0.031067053834621033,AA,28,96.55172413793103,1e-10,,27,1.338003935621548e-12
global_eta1e10,GlobalAndersonSolver eta=1e-10,30,30,500.4560295829997,0.00011592253955724568,0.011280641614047893,AA,29,96.66666666666667,1e-10,,28,3.1645795343603917e-13
global_eta1e10,GlobalAndersonSolver eta=1e-10,30,31,516.056968541001,9.415611836842128e-05,0.009162509992800135,AA,30,96.7741935483871,1e-10,,29,3.6947862343654324e-13
global_eta1e10,GlobalAndersonSolver eta=1e-10,30,32,531.8246526250005,2.900171694399023e-05,0.002822211938133521,AA,31,96.875,1e-10,,30,3.8384059877715756e-13
global_eta1e10,GlobalAndersonSolver eta=1e-10,30,33,547.3626048330007,1.1177782141604768e-05,0.0010877311251198066,AA,32,96.96969696969697,1e-10,,30,2.3220081065693045e-13
global_eta1e10,GlobalAndersonSolver eta=1e-10,30,34,563.0817380000008,1.3498418813318954e-05,0.001313556669573973,AA,33,97.05882352941177,1e-10,,30,3.411215741347816e-13
global_eta1e10,GlobalAndersonSolver eta=1e-10,30,35,578.4489060830001,1.604596352919071e-05,0.001561463065045228,AA,34,97.14285714285714,1e-10,,30,3.1879067943728356e-13
global_eta1e10,GlobalAndersonSolver eta=1e-10,30,36,593.945436166001,7.1905053577818765e-06,0.0006997216785866957,AA,35,97.22222222222223,1e-10,,30,1.3176701525065907e-13
global_eta1e10,GlobalAndersonSolver eta=1e-10,30,37,609.229741000001,3.0017579594731935e-06,0.0002921067454376373,AA,36,97.29729729729729,1e-10,,30,4.617019323001835e-13
global_eta1e10,GlobalAndersonSolver eta=1e-10,30,38,624.6887475000003,9.795413513814438e-07,9.532102189339553e-05,AA,37,97.36842105263158,1e-10,,30,1.6277066087622876e-13
global_eta1e10,GlobalAndersonSolver eta=1e-10,30,39,640.1904058750006,6.105706731291834e-07,5.941578721381447e-05,AA,38,97.43589743589743,1e-10,,30,4.243535651036989e-13
global_eta1e10,GlobalAndersonSolver eta=1e-10,30,40,656.2068637499997,2.9591834210846626e-07,2.8796373656913872e-05,AA,39,97.5,1e-10,,30,2.885864065072991e-13
global_eta1e10,GlobalAndersonSolver eta=1e-10,30,41,671.8405596249995,2.7862641592304554e-07,2.71136636088134e-05,AA,40,97.5609756097561,1e-10,,30,2.700363155813246e-13
global_eta1e10,GlobalAndersonSolver eta=1e-10,30,42,687.37154525,6.647775786715253e-08,6.4690763734905415e-06,AA,41,97.61904761904762,1e-10,,30,1.7156054083568858e-13
global_eta1e10,GlobalAndersonSolver eta=1e-10,30,43,702.9259263750009,5.0733805319492076e-08,4.937002568369757e-06,AA,42,97.67441860465117,1e-10,,30,3.2547164645348904e-13
global_eta1e10,GlobalAndersonSolver eta=1e-10,30,44,718.4502502079995,2.883162606515831e-08,2.8056600729548447e-06,AA,43,97.72727272727273,1e-10,,30,4.3097950681232794e-13
global_eta1e10,GlobalAndersonSolver eta=1e-10,30,45,733.9675256249993,9.087138182964875e-09,8.842866066502585e-07,AA,44,97.77777777777777,1e-10,,30,3.475353675946856e-13
global_eta1e10,GlobalAndersonSolver eta=1e-10,30,46,749.3030222500001,4.558027836887546e-09,4.4355031119199234e-07,AA,45,97.82608695652173,1e-10,,30,1.3240393157971815e-13
global_eta1e10,GlobalAndersonSolver eta=1e-10,30,47,764.8780851249994,2.147166319374729e-09,2.0894481631554864e-07,AA,46,97.87234042553192,1e-10,,30,2.7236862225087906e-13
global_eta1e10,GlobalAndersonSolver eta=1e-10,30,48,780.3786739999996,1.3241232654750181e-09,1.2885293979666658e-07,AA,47,97.91666666666667,1e-10,,30,2.8678093332990894e-13
global_eta1e10,GlobalAndersonSolver eta=1e-10,30,49,795.8505251660008,8.933614691154785e-10,8.693469452430685e-08,AA,48,97.95918367346938,1e-10,,30,1.9087203063371128e-13
global_eta1e10,GlobalAndersonSolver eta=1e-10,30,50,811.5176155000008,6.90512451857366e-10,6.719507292707143e-08,AA,49,98.0,1e-10,,30,4.990630331047042e-13
global_eta1e10,GlobalAndersonSolver eta=1e-10,30,51,826.9679131249995,2.1612498954389002e-10,2.103153157441403e-08,AA,50,98.03921568627452,1e-10,,30,2.2051313389725857e-13
global_eta1e10,GlobalAndersonSolver eta=1e-10,30,52,842.6580180000001,9.678077867717284e-11,9.417920652493467e-09,AA,51,98.07692307692308,1e-10,,30,2.0387853899153902e-13
faa02,FAA cs=0.2,30,0,15.561025917000734,1.0,97.31189169192768,initial,0,0.0,0.0,0.2,0,8.710311982369664e-14
faa02,FAA cs=0.2,30,1,31.13703283399991,0.5250532780544825,51.093927726529394,AA,1,100.0,0.0,0.2,0,1.339051212908009e-13
faa02,FAA cs=0.2,30,2,46.51632308400076,0.3136898481940744,30.525752532319007,AA,2,100.0,0.0,0.2,1,8.662304913114602e-14
faa02,FAA cs=0.2,30,3,62.22298225000122,0.276884407495868,26.944145473421475,AA,3,100.0,0.0,0.2,2,8.081930768885546e-14
faa02,FAA cs=0.2,30,4,78.13107825000043,0.24068637541540408,23.421646496146447,AA,4,100.0,0.0,0.2,3,5.923981089499182e-14
faa02,FAA cs=0.2,30,5,94.52486166700146,0.12093129570278706,11.768053149594094,AA,5,100.0,0.0,0.2,4,3.5513925550092163e-13
faa02,FAA cs=0.2,30,6,110.21729704200152,0.09668412272432898,9.408514878878947,AA,6,100.0,0.0,0.2,5,1.0635648883400331e-13
faa02,FAA cs=0.2,30,7,125.97641925000062,0.09383200291147925,9.130969704558511,AA,7,100.0,0.0,0.2,6,1.4095334568152288e-13
faa02,FAA cs=0.2,30,8,141.4820315420002,0.0895542180063175,8.714690363186048,AA,8,100.0,0.0,0.2,7,8.520034390287616e-14
faa02,FAA cs=0.2,30,9,157.14698983400012,0.06973459434800258,6.786005292373339,AA,9,100.0,0.0,0.2,8,2.986472751971491e-13
faa02,FAA cs=0.2,30,10,172.5406968340012,0.0780081256108691,7.591118270535184,AA,10,100.0,0.0,0.2,9,2.92485589494841e-13
faa02,FAA cs=0.2,30,11,187.93364220900003,0.036367535731499645,3.5389936982060033,AA,11,100.0,0.0,0.2,9,2.5460121771839863e-13
faa02,FAA cs=0.2,30,12,203.8454520000014,0.038677090762680125,3.763740867256785,AA,12,100.0,0.0,0.2,10,1.991949259082179e-13
faa02,FAA cs=0.2,30,13,219.23063120900042,0.022827761666637792,2.2214126708729953,AA,13,100.0,0.0,0.2,10,2.756304844016004e-13
faa02,FAA cs=0.2,30,14,234.87196337500063,0.019798385349392076,1.9266183307950897,AA,14,100.0,0.0,0.2,10,1.5877049036254082e-13
faa02,FAA cs=0.2,30,15,250.36571783399995,0.01659034820657726,1.614438167809813,AA,15,100.0,0.0,0.2,10,1.2833557230950144e-13
faa02,FAA cs=0.2,30,16,266.0506547090008,0.007989862872952431,0.7775086705261012,AA,16,100.0,0.0,0.2,9,3.251684732054826e-13
faa02,FAA cs=0.2,30,17,281.43090145899987,0.003935297561068362,0.3829512500381916,AA,17,100.0,0.0,0.2,9,2.0094539396204552e-13
faa02,FAA cs=0.2,30,18,296.72320924999985,0.0038122614916393767,0.3709783773757177,AA,18,100.0,0.0,0.2,9,1.3739692911302308e-13
faa02,FAA cs=0.2,30,19,312.29313908400036,0.002396361649396406,0.23319448528075226,AA,19,100.0,0.0,0.2,9,2.992429108297259e-13
faa02,FAA cs=0.2,30,20,328.2309986250002,0.0020396997689532403,0.19848704300042763,AA,20,100.0,0.0,0.2,9,2.859118604339252e-13
faa02,FAA cs=0.2,30,21,343.673596042001,0.0017107080173628104,0.16647223330212216,AA,21,100.0,0.0,0.2,9,1.7053256561427926e-13
faa02,FAA cs=0.2,30,22,359.493997167001,0.0014625771629538928,0.1423261504724561,AA,22,100.0,0.0,0.2,9,2.822876745424934e-13
faa02,FAA cs=0.2,30,23,375.14618508400054,0.0010721034955424086,0.10432841924075995,AA,23,100.0,0.0,0.2,9,6.892677779875192e-13
faa02,FAA cs=0.2,30,24,390.6588998340012,0.001046870197545124,0.10187291927901804,AA,24,100.0,0.0,0.2,9,7.815071606719376e-13
faa02,FAA cs=0.2,30,25,406.48210645900144,0.0006675299706637441,0.06495860420634593,AA,25,100.0,0.0,0.2,9,7.045846269859746e-13
faa02,FAA cs=0.2,30,26,422.05523062500106,0.0004366959452986723,0.042495708531208376,AA,26,100.0,0.0,0.2,9,4.958096879706474e-13
faa02,FAA cs=0.2,30,27,437.53558191699994,0.00031461644321311165,0.030615921246453837,AA,27,100.0,0.0,0.2,9,5.545001449878008e-13
faa02,FAA cs=0.2,30,28,453.3002666250013,0.00027416800248800403,0.026679806963504808,AA,28,100.0,0.0,0.2,9,1.0961917282244334e-12
faa02,FAA cs=0.2,30,29,468.6840804170006,0.0001625215025197934,0.015815274850815488,AA,29,100.0,0.0,0.2,9,6.419898414125655e-13
faa02,FAA cs=0.2,30,30,484.0769765420009,9.57042987411423e-05,0.00931316635354993,AA,30,100.0,0.0,0.2,9,6.301673793081705e-13
faa02,FAA cs=0.2,30,31,499.5597687090012,4.3108905153380384e-05,0.004195009109243335,AA,31,100.0,0.0,0.2,9,2.917462187437636e-13
faa02,FAA cs=0.2,30,32,515.2040957090012,3.1265482131396994e-05,0.0030425032108664044,AA,32,100.0,0.0,0.2,9,3.7972026227229013e-13
faa02,FAA cs=0.2,30,33,530.797562709,1.382790882473553e-05,0.001345619965878515,AA,33,100.0,0.0,0.2,9,2.6677701064088026e-13
faa02,FAA cs=0.2,30,34,546.4161948750007,6.414156400112713e-06,0.000624173692902853,AA,34,100.0,0.0,0.2,9,3.6271664412798395e-13
faa02,FAA cs=0.2,30,35,562.3737412500013,3.9621959779409325e-06,0.00038556878586757954,AA,35,100.0,0.0,0.2,9,3.188094209610451e-13
faa02,FAA cs=0.2,30,36,577.983376917,2.573372048973032e-06,0.0002504197021126977,AA,36,100.0,0.0,0.2,8,2.0606593871758682e-13
faa02,FAA cs=0.2,30,37,593.4683174170004,1.6531907001849292e-06,0.00016087511436249793,AA,37,100.0,0.0,0.2,8,1.383729501762514e-13
faa02,FAA cs=0.2,30,38,609.0681304170012,8.708257881521819e-07,8.474170477920268e-05,AA,38,100.0,0.0,0.2,8,3.163515388622321e-13
faa02,FAA cs=0.2,30,39,624.3921269170005,7.184928697066506e-07,6.99179003183159e-05,AA,39,100.0,0.0,0.2,8,2.981631163404782e-13
faa02,FAA cs=0.2,30,40,639.8274764170001,5.72025634988537e-07,5.566489663701067e-05,AA,40,100.0,0.0,0.2,8,2.837102505039241e-13
faa02,FAA cs=0.2,30,41,655.6151654170008,3.8102367712070617e-07,3.707813480003018e-05,AA,41,100.0,0.0,0.2,8,2.842835211798783e-13
faa02,FAA cs=0.2,30,42,671.0988877500004,2.2932842604001125e-07,2.2316382956685824e-05,AA,42,100.0,0.0,0.2,8,2.9038328704118017e-13
faa02,FAA cs=0.2,30,43,686.5705114170014,2.3284073119185015e-07,2.265817201521057e-05,AA,43,100.0,0.0,0.2,9,3.7487274570846896e-13
faa02,FAA cs=0.2,30,44,702.6607050420007,1.6623869688703293e-07,1.6177002066478144e-05,AA,44,100.0,0.0,0.2,9,3.529896862302237e-13
faa02,FAA cs=0.2,30,45,718.0730455840003,1.1025520821847282e-07,1.0729142880626962e-05,AA,45,100.0,0.0,0.2,9,4.43714884875627e-13
faa02,FAA cs=0.2,30,46,733.6170292920015,5.939930993558699e-08,5.780259215027085e-06,AA,46,100.0,0.0,0.2,9,2.855511285979213e-13
faa02,FAA cs=0.2,30,47,749.0437967920006,3.417460729902721e-08,3.3255956840970975e-06,AA,47,100.0,0.0,0.2,9,1.2919399723258574e-13
faa02,FAA cs=0.2,30,48,764.6524295840009,2.6178163426923813e-08,2.5474466040943925e-06,AA,48,100.0,0.0,0.2,9,4.3779838677172557e-13
faa02,FAA cs=0.2,30,49,780.022903209001,1.530899307331113e-08,1.4897470758625238e-06,AA,49,100.0,0.0,0.2,9,5.249401344337059e-13
faa02,FAA cs=0.2,30,50,795.4999347920002,1.1557386562376222e-08,1.1246711493996954e-06,AA,50,100.0,0.0,0.2,9,2.496326741153468e-13
faa02,FAA cs=0.2,30,51,810.8078828750004,7.289106966301393e-09,7.093167876355967e-07,AA,51,100.0,0.0,0.2,9,1.7959212339925366e-13
faa02,FAA cs=0.2,30,52,826.4187650000003,4.379873277641075e-09,4.262137540181766e-07,AA,52,100.0,0.0,0.2,9,1.9405185892204614e-13
faa02,FAA cs=0.2,30,53,841.887429542001,3.3927982495044183e-09,3.301596157883358e-07,AA,53,100.0,0.0,0.2,9,5.219781360469751e-13
faa02,FAA cs=0.2,30,54,857.4937188750009,2.262187254720856e-09,2.2013772111825515e-07,AA,54,100.0,0.0,0.2,9,5.445853815882781e-13
faa02,FAA cs=0.2,30,55,873.1240510839998,1.0788775988388946e-09,1.0498762004705752e-07,AA,55,100.0,0.0,0.2,9,5.603935517039093e-13
faa02,FAA cs=0.2,30,56,888.6136167090008,6.465281529990657e-10,6.291487760042713e-08,AA,56,100.0,0.0,0.2,9,2.760308788735927e-13
faa02,FAA cs=0.2,30,57,904.2542090420011,4.0692792078892377e-10,3.959892575423308e-08,AA,57,100.0,0.0,0.2,9,2.4858902679527677e-13
faa02,FAA cs=0.2,30,58,920.6876868750005,3.625544267030236e-10,3.528085710375357e-08,AA,58,100.0,0.0,0.2,8,4.0911863847080146e-13
faa02,FAA cs=0.2,30,59,936.2243268750008,3.088029808953747e-10,3.005020223103512e-08,AA,59,100.0,0.0,0.2,9,1.901353453369283e-13
faa02,FAA cs=0.2,30,60,951.5657555420003,1.9828646681148614e-10,1.929563118233435e-08,AA,60,100.0,0.0,0.2,9,1.4486572034674923e-13
faa02,FAA cs=0.2,30,61,967.3091178340001,1.3996938760750408e-10,1.3620685887046882e-08,AA,61,100.0,0.0,0.2,9,3.030903987563044e-13
faa02,FAA cs=0.2,30,62,982.9866389590006,2.2671642292241486e-10,2.2062203992207305e-08,AA,62,100.0,0.0,0.2,9,1.271052941547455e-13
faa02,FAA cs=0.2,30,63,998.4356838750009,2.1711837121728884e-10,2.112819942422456e-08,AA,63,100.0,0.0,0.2,9,4.1500774325950313e-13
faa02,FAA cs=0.2,30,64,1013.7217038340004,1.4368955350082495e-10,1.3982702267533726e-08,AA,64,100.0,0.0,0.2,9,2.6967860512137024e-13
faa02,FAA cs=0.2,30,65,1029.4038570419998,1.7328388863108862e-10,1.6862583002424555e-08,AA,65,100.0,0.0,0.2,9,2.7686381331291833e-13
faa02,FAA cs=0.2,30,66,1044.8650058750009,1.5034313595784925e-10,1.4630174962954985e-08,AA,66,100.0,0.0,0.2,9,2.773716984403647e-13
faa02,FAA cs=0.2,30,67,1060.4248376670002,4.807513237666039e-11,4.678282074912662e-09,AA,67,100.0,0.0,0.2,10,1.8810848143084718e-13
faa0707,FAA cs=1/sqrt(2),30,0,15.344128041999284,1.0,97.31189169192768,initial,0,0.0,0.0,0.7071067811865475,0,8.710311982369664e-14
faa0707,FAA cs=1/sqrt(2),30,1,31.059876166998947,0.5250532780544825,51.093927726529394,AA,1,100.0,0.0,0.7071067811865475,0,1.339051212908009e-13
faa0707,FAA cs=1/sqrt(2),30,2,46.217796666998765,0.3136898481940744,30.525752532319007,AA,2,100.0,0.0,0.7071067811865475,1,8.662304913114602e-14
faa0707,FAA cs=1/sqrt(2),30,3,61.63106516699918,0.276884407495868,26.944145473421475,AA,3,100.0,0.0,0.7071067811865475,2,8.081930768885546e-14
faa0707,FAA cs=1/sqrt(2),30,4,76.88695341699895,0.16955322383457913,16.499544953807735,AA,4,100.0,0.0,0.7071067811865475,2,8.045901091931813e-14
faa0707,FAA cs=1/sqrt(2),30,5,92.65289691699945,0.09972094514575616,9.704033813440486,AA,5,100.0,0.0,0.7071067811865475,3,2.4606291391310023e-11
faa0707,FAA cs=1/sqrt(2),30,6,108.43900724999912,0.07941952619838337,7.7284643316412955,AA,6,100.0,0.0,0.7071067811865475,3,3.6958037514860544e-12
faa0707,FAA cs=1/sqrt(2),30,7,123.99734374999935,0.08739992068710148,8.50505161578629,AA,7,100.0,0.0,0.7071067811865475,4,8.37709097859517e-12
faa0707,FAA cs=1/sqrt(2),30,8,139.96128149999822,0.08238425310324911,8.016967515103735,AA,8,100.0,0.0,0.7071067811865475,5,8.194052567454443e-12
faa0707,FAA cs=1/sqrt(2),30,9,155.5249491249997,0.06084586376254626,5.9210261043626895,AA,9,100.0,0.0,0.7071067811865475,6,9.072485008452754e-12
faa0707,FAA cs=1/sqrt(2),30,10,171.12635770899942,0.08760898162661926,8.525395731289656,AA,10,100.0,0.0,0.7071067811865475,6,6.19508023898468e-12
faa0707,FAA cs=1/sqrt(2),30,11,186.6966591249984,0.07706635068747938,7.499472371192111,AA,11,100.0,0.0,0.7071067811865475,7,4.20146143311642e-12
faa0707,FAA cs=1/sqrt(2),30,12,202.3113952499989,0.09622611764791175,9.363945538488279,AA,12,100.0,0.0,0.7071067811865475,7,2.096264439833536e-12
faa0707,FAA cs=1/sqrt(2),30,13,218.02982216700002,0.08618216234303437,8.38654924770149,AA,13,100.0,0.0,0.7071067811865475,8,2.6536482916115044e-12
faa0707,FAA cs=1/sqrt(2),30,14,233.71980637499837,0.03716063196964291,3.6161713934334756,AA,14,100.0,0.0,0.7071067811865475,8,9.24974046060931e-13
faa0707,FAA cs=1/sqrt(2),30,15,249.32670166699972,0.044104444143769614,4.291886891651183,AA,15,100.0,0.0,0.7071067811865475,7,9.896964028828107e-13
faa0707,FAA cs=1/sqrt(2),30,16,266.0487579169985,0.03442217580388076,3.349687043627738,AA,16,100.0,0.0,0.7071067811865475,6,1.852111821734719e-12
faa0707,FAA cs=1/sqrt(2),30,17,281.87394691699956,0.021040069880616852,2.047449001413177,AA,17,100.0,0.0,0.7071067811865475,6,3.8012650730610186e-13
faa0707,FAA cs=1/sqrt(2),30,18,297.3588386249994,0.01002349478276533,0.9754052386750621,AA,18,100.0,0.0,0.7071067811865475,7,4.285135883172186e-13
faa0707,FAA cs=1/sqrt(2),30,19,312.9571291249995,0.006210907590369545,0.6043951667426127,AA,19,100.0,0.0,0.7071067811865475,7,2.250833885965979e-12
faa0707,FAA cs=1/sqrt(2),30,20,330.1255390419992,0.0036976773576609992,0.3598279785404005,AA,20,100.0,0.0,0.7071067811865475,7,3.85686895620387e-13
faa0707,FAA cs=1/sqrt(2),30,21,345.99138895899887,0.0027438193340459816,0.2670062498568997,AA,21,100.0,0.0,0.7071067811865475,8,4.534923562678204e-13
faa0707,FAA cs=1/sqrt(2),30,22,361.56568645899824,0.0024451728934809197,0.2379443997784527,AA,22,100.0,0.0,0.7071067811865475,9,2.4072783278824245e-13
faa0707,FAA cs=1/sqrt(2),30,23,377.00736637499904,0.0016101652114081373,0.1566882226586585,AA,23,100.0,0.0,0.7071067811865475,10,3.643018550785239e-13
faa0707,FAA cs=1/sqrt(2),30,24,392.54433583399987,0.001273508215627568,0.12392749354792998,AA,24,100.0,0.0,0.7071067811865475,10,3.622054397228041e-11
faa0707,FAA cs=1/sqrt(2),30,25,408.32572645899927,0.00121784498507193,0.11851079928487696,AA,25,100.0,0.0,0.7071067811865475,11,7.393279222114891e-12
faa0707,FAA cs=1/sqrt(2),30,26,423.98128166699826,0.0007544145133074921,0.073413503409797,AA,26,100.0,0.0,0.7071067811865475,12,1.0677161230793784e-11
faa0707,FAA cs=1/sqrt(2),30,27,439.6318483749983,0.0005247838653906791,0.05106771067056892,AA,27,100.0,0.0,0.7071067811865475,12,6.398082315532979e-12
faa0707,FAA cs=1/sqrt(2),30,28,455.3758618749998,0.000356610222086609,0.03470241530792637,AA,28,100.0,0.0,0.7071067811865475,13,1.236143216748564e-12
faa0707,FAA cs=1/sqrt(2),30,29,471.15544054199927,0.00032592201434779197,0.03171608776022723,AA,29,100.0,0.0,0.7071067811865475,12,1.832511289988696e-12
faa0707,FAA cs=1/sqrt(2),30,30,486.61090729199896,0.00023701636713680029,0.023064511048030478,AA,30,100.0,0.0,0.7071067811865475,13,2.6195561528098647e-12
faa0707,FAA cs=1/sqrt(2),30,31,502.1086554169997,0.00016285478437604554,0.01584770713871398,AA,31,100.0,0.0,0.7071067811865475,14,1.5816332946629177e-12
faa0707,FAA cs=1/sqrt(2),30,32,517.5264147089983,0.00010174828548263395,0.009901318136725413,AA,32,100.0,0.0,0.7071067811865475,12,1.1082791269798575e-12
faa0707,FAA cs=1/sqrt(2),30,33,533.0679121249996,5.0824307291014317e-05,0.004945809486420436,AA,33,100.0,0.0,0.7071067811865475,13,1.2273031359029273e-12
faa0707,FAA cs=1/sqrt(2),30,34,548.7140992919994,2.320874793463988e-05,0.002258487165320926,AA,34,100.0,0.0,0.7071067811865475,13,7.58801855779587e-13
faa0707,FAA cs=1/sqrt(2),30,35,564.0481380419988,1.695559082520886e-05,0.0016499806179553673,AA,35,100.0,0.0,0.7071067811865475,14,2.374437013787677e-13
faa0707,FAA cs=1/sqrt(2),30,36,579.5055472089989,9.316719140765814e-06,0.0009066275639503125,AA,36,100.0,0.0,0.7071067811865475,14,2.6988156068284893e-13
faa0707,FAA cs=1/sqrt(2),30,37,594.9099594589989,6.42498217144156e-06,0.0006252271691898875,AA,37,100.0,0.0,0.7071067811865475,14,1.5290646866861804e-13
faa0707,FAA cs=1/sqrt(2),30,38,610.5400997919987,4.761737607980236e-06,0.00046337369437315153,AA,38,100.0,0.0,0.7071067811865475,15,2.815033258265672e-13
faa0707,FAA cs=1/sqrt(2),30,39,626.0549809999993,2.8039989146408578e-06,0.00027286243868581393,AA,39,100.0,0.0,0.7071067811865475,13,5.021805961980139e-13
faa0707,FAA cs=1/sqrt(2),30,40,641.6650853339997,1.0749777316646914e-06,0.00010460811659498856,AA,40,100.0,0.0,0.7071067811865475,14,2.1703539048394934e-13
faa0707,FAA cs=1/sqrt(2),30,41,657.1596177499996,6.146815319654334e-07,5.981582266364844e-05,AA,41,100.0,0.0,0.7071067811865475,14,2.1345546108825663e-13
faa0707,FAA cs=1/sqrt(2),30,42,675.4209964999991,3.332317518819104e-07,3.2427412147443784e-05,AA,42,100.0,0.0,0.7071067811865475,14,2.017335661059913e-13
faa0707,FAA cs=1/sqrt(2),30,43,690.7917213339988,2.0080968283149124e-07,1.9541170106388426e-05,AA,43,100.0,0.0,0.7071067811865475,14,1.7336946250031917e-13
faa0707,FAA cs=1/sqrt(2),30,44,706.6058567089985,1.292907876330676e-07,1.2581531122913098e-05,AA,44,100.0,0.0,0.7071067811865475,14,2.288488280136288e-13
faa0707,FAA cs=1/sqrt(2),30,45,722.058916209,7.310545685964642e-08,7.114030300014805e-06,AA,45,100.0,0.0,0.7071067811865475,15,3.980174941484907e-13
faa0707,FAA cs=1/sqrt(2),30,46,737.6514847499984,3.274082941130116e-08,3.1860720455764186e-06,AA,46,100.0,0.0,0.7071067811865475,15,1.8698209850559415e-13
faa0707,FAA cs=1/sqrt(2),30,47,753.3150182499994,2.7227027707976844e-08,2.6495135714117567e-06,AA,47,100.0,0.0,0.7071067811865475,15,1.544111959548464e-13
faa0707,FAA cs=1/sqrt(2),30,48,769.0546238339994,1.3008246372362096e-08,1.2658570620892115e-06,AA,48,100.0,0.0,0.7071067811865475,15,2.0332722237071847e-13
faa0707,FAA cs=1/sqrt(2),30,49,784.538068374999,1.0968114014955964e-08,1.067327923088109e-06,AA,49,100.0,0.0,0.7071067811865475,15,2.448055458751987e-13
faa0707,FAA cs=1/sqrt(2),30,50,800.1796155419997,1.0200052838608886e-08,9.925864370826474e-07,AA,50,100.0,0.0,0.7071067811865475,14,5.090671745114995e-13
faa0707,FAA cs=1/sqrt(2),30,51,815.6757999999991,8.953063914381974e-09,8.712395859472448e-07,AA,51,100.0,0.0,0.7071067811865475,13,3.6052967082086796e-13
faa0707,FAA cs=1/sqrt(2),30,52,831.1057979999987,5.803980061243264e-09,5.647962791018123e-07,AA,52,100.0,0.0,0.7071067811865475,14,4.2324273377831534e-13
faa0707,FAA cs=1/sqrt(2),30,53,846.6776879999998,2.9501114121471563e-09,2.870809222179839e-07,AA,53,100.0,0.0,0.7071067811865475,15,2.139696377499274e-13
faa0707,FAA cs=1/sqrt(2),30,54,862.2386570419985,1.3907157299361577e-09,1.3533317848580754e-07,AA,54,100.0,0.0,0.7071067811865475,14,3.5532774612040123e-13
faa0707,FAA cs=1/sqrt(2),30,55,877.8198192499985,8.818580777726825e-10,8.581527775186683e-08,AA,55,100.0,0.0,0.7071067811865475,12,4.538175300447422e-13
faa0707,FAA cs=1/sqrt(2),30,56,893.2331907919997,5.95186428297852e-10,5.791871724702586e-08,AA,56,100.0,0.0,0.7071067811865475,12,2.384983527148103e-13
faa0707,FAA cs=1/sqrt(2),30,57,908.6770839169985,4.1518225144307526e-10,4.040217028483923e-08,AA,57,100.0,0.0,0.7071067811865475,12,2.0972818737545173e-13
faa0707,FAA cs=1/sqrt(2),30,58,924.1380850839996,1.8122628586929837e-10,1.7635472702243488e-08,AA,58,100.0,0.0,0.7071067811865475,11,1.4908463437456057e-13
faa0707,FAA cs=1/sqrt(2),30,59,940.0515174999982,2.785124455122284e-10,2.7102572932539878e-08,AA,59,100.0,0.0,0.7071067811865475,12,2.4112081293251954e-13
faa0707,FAA cs=1/sqrt(2),30,60,955.4185677919995,8.775851305030758e-11,8.539946916996153e-09,AA,60,100.0,0.0,0.7071067811865475,11,1.897581670204835e-13
picard,Picard,50,0,17.000869291999997,1.0,97.31189169192768,Picard,0,0.0,0.0,,0,8.710311982369664e-14
picard,Picard,50,1,33.954282042,0.5250532780673655,51.09392772778306,Picard,0,0.0,0.0,,0,1.3390540695985507e-13
picard,Picard,50,2,49.81432375,0.3222891727775722,31.362569074812075,Picard,0,0.0,0.0,,0,9.83493249897671e-14
picard,Picard,50,3,65.117770708,0.5596861511334684,54.46411812057195,Picard,0,0.0,0.0,,0,4.623012270118588e-14
picard,Picard,50,4,80.821303292,0.4928934489181771,47.96439391678634,Picard,0,0.0,0.0,,0,5.1042034542032824e-14
picard,Picard,50,5,96.156217292,0.4184600825983074,40.721142235201604,Picard,0,0.0,0.0,,0,1.1075808371792499e-13
picard,Picard,50,6,111.899204917,0.33171412489827096,32.27972899478311,Picard,0,0.0,0.0,,0,2.1299787943120989e-13
picard,Picard,50,7,127.52914166699999,0.35069941057462656,34.12722305826094,Picard,0,0.0,0.0,,0,1.8206154403047543e-12
picard,Picard,50,8,143.08132512499998,0.2270923651853089,22.09878764497647,Picard,0,0.0,0.0,,0,1.2693829115270974e-13
picard,Picard,50,9,158.58632008299998,0.22839761425120805,22.225803900708236,Picard,0,0.0,0.0,,0,1.0136519537931815e-13
picard,Picard,50,10,179.51393962499998,0.05204905516772286,5.064992019148616,Picard,0,0.0,0.0,,0,2.0214337570855518e-13
picard,Picard,50,11,195.01202958300001,0.06211846352841887,6.044865194946457,Picard,0,0.0,0.0,,0,2.427677650098328e-13
picard,Picard,50,12,210.833791792,0.029676296180410008,2.887856519725626,Picard,0,0.0,0.0,,0,2.9474295459559763e-13
picard,Picard,50,13,226.313966667,0.027511070404843355,2.6771543035651137,Picard,0,0.0,0.0,,0,1.0984349222504542e-13
picard,Picard,50,14,241.86656887500004,0.021619533601310633,2.1038377122407317,Picard,0,0.0,0.0,,0,2.325503339385004e-13
picard,Picard,50,15,257.5011935,0.014878894232095131,1.447893344009289,Picard,0,0.0,0.0,,0,1.6668472519677789e-13
picard,Picard,50,16,273.422734583,0.011750142225859687,1.143428567647604,Picard,0,0.0,0.0,,0,1.6525607281172471e-13
picard,Picard,50,17,289.222738708,0.011961736873303978,1.1640192430622944,Picard,0,0.0,0.0,,0,2.0817795137458746e-13
picard,Picard,50,18,304.85377650000004,0.006937500863550366,0.675101332646468,Picard,0,0.0,0.0,,0,2.1261855633831938e-13
picard,Picard,50,19,320.685193958,0.007595889677854143,0.7391703936351739,Picard,0,0.0,0.0,,0,2.0364756832986006e-13
picard,Picard,50,20,336.61725925,0.007479523494434483,0.7278465801976369,Picard,0,0.0,0.0,,0,6.893832661451734e-12
picard,Picard,50,21,352.45239275,0.00507968520531349,0.4943137765285538,Picard,0,0.0,0.0,,0,3.1927207563470976e-13
picard,Picard,50,22,368.533308208,0.0064308074652371875,0.6257940395488012,Picard,0,0.0,0.0,,0,1.1981310349191036e-13
picard,Picard,50,23,384.178874,0.00520120085067694,0.5061386938490365,Picard,0,0.0,0.0,,0,2.33509550372847e-13
picard,Picard,50,24,399.847957958,0.004939563058689767,0.4806782253726656,Picard,0,0.0,0.0,,0,8.857816111076913e-14
picard,Picard,50,25,415.54234608300004,0.0055348274234571174,0.5386045267649702,Picard,0,0.0,0.0,,0,5.210981356211442e-12
picard,Picard,50,26,431.71083787500004,0.003974763571991042,0.38679176221861195,Picard,0,0.0,0.0,,0,1.5130530005900447e-12
picard,Picard,50,27,447.485024875,0.004856113076854471,0.472557549778616,Picard,0,0.0,0.0,,0,8.317785081138548e-14
picard,Picard,50,28,463.17921825,0.0045672149498877735,0.4444443265372319,Picard,0,0.0,0.0,,0,1.40781297944591e-13
picard,Picard,50,29,478.751402625,0.003513091459731428,0.34186557563322084,Picard,0,0.0,0.0,,0,5.199969395772751e-13
picard,Picard,50,30,494.8474575,0.004599121310315485,0.4475491948274571,Picard,0,0.0,0.0,,0,2.700627075463471e-13
picard,Picard,50,31,510.45339691699996,0.003792616327550536,0.3690666692956343,Picard,0,0.0,0.0,,0,4.455370857523704e-13
picard,Picard,50,32,526.090842167,0.0035636014525565977,0.3467807985843838,Picard,0,0.0,0.0,,0,1.2457077205442722e-13
picard,Picard,50,33,541.734383375,0.004303007611535054,0.41873381064323956,Picard,0,0.0,0.0,,0,8.411297891522889e-14
picard,Picard,50,34,557.232961958,0.0034728820190839953,0.3379527188999449,Picard,0,0.0,0.0,,0,3.3211451012655757e-13
picard,Picard,50,35,572.85276025,0.0038615337581754815,0.37577315484029494,Picard,0,0.0,0.0,,0,4.200535392433433e-13
picard,Picard,50,36,588.548621417,0.004121362768015196,0.401057607304238,Picard,0,0.0,0.0,,0,5.4857791496513e-13
picard,Picard,50,37,604.078978667,0.003681101417329519,0.35821494243017166,Picard,0,0.0,0.0,,0,1.928033832368201e-13
picard,Picard,50,38,619.600852708,0.004249365925109709,0.4135138366636441,Picard,0,0.0,0.0,,0,2.2669284188795125e-13
picard,Picard,50,39,635.660788542,0.00416245735948993,0.4050565997389513,Picard,0,0.0,0.0,,0,5.768996007430491e-13
picard,Picard,50,40,651.370437708,0.00427145512831058,0.4156633788130883,Picard,0,0.0,0.0,,0,2.3757329118807265e-13
picard,Picard,50,41,666.855372167,0.0046830083332762415,0.45571239972017236,Picard,0,0.0,0.0,,0,3.636979455364813e-13
picard,Picard,50,42,682.541563083,0.0044783246028625,0.43579423871505063,Picard,0,0.0,0.0,,0,4.16227829068813e-13
picard,Picard,50,43,697.98916225,0.0050486106242406195,0.4912898502608186,Picard,0,0.0,0.0,,0,2.8100982781963064e-13
picard,Picard,50,44,713.531821792,0.005166171925606509,0.5027299628864981,Picard,0,0.0,0.0,,0,2.1581659999603213e-13
picard,Picard,50,45,729.29172025,0.00506895990560838,0.4932700773252866,Picard,0,0.0,0.0,,0,2.889696430106038e-12
picard,Picard,50,46,745.0039188750001,0.0058223404846029,0.5665829666312031,Picard,0,0.0,0.0,,0,4.149742686953927e-13
picard,Picard,50,47,760.5166685830001,0.005745280932249767,0.5590841558187867,Picard,0,0.0,0.0,,0,1.7877025563694863e-13
picard,Picard,50,48,775.92700025,0.005866059332324182,0.5708373304055524,Picard,0,0.0,0.0,,0,4.016110713238714e-13
picard,Picard,50,49,791.5870757920001,0.006444029387929316,0.6270806898577767,Picard,0,0.0,0.0,,0,1.572333449685926e-13
picard,Picard,50,50,807.420725292,0.006521054340133435,0.6345761336642398,Picard,0,0.0,0.0,,0,4.3442051022975845e-13
picard,Picard,50,51,822.880641,0.0067220794846352865,0.6541382707533581,Picard,0,0.0,0.0,,0,6.337968595967775e-13
picard,Picard,50,52,838.455179667,0.00690444345676594,0.6718844538578459,Picard,0,0.0,0.0,,0,1.4647955600527012e-13
picard,Picard,50,53,854.0759171670001,0.00749158679911762,0.729020483196409,Picard,0,0.0,0.0,,0,2.0165642781972595e-13
picard,Picard,50,54,869.828862625,0.007447483635891127,0.7247287209532411,Picard,0,0.0,0.0,,0,3.056843113663066e-13
picard,Picard,50,55,885.343327583,0.00733995966425007,0.7142653598706207,Picard,0,0.0,0.0,,0,1.8281842026988177e-13
picard,Picard,50,56,901.066445458,0.008362850301079788,0.8138047827344811,Picard,0,0.0,0.0,,0,3.9187829907330343e-13
picard,Picard,50,57,916.7866998330001,0.007948364244745244,0.7734703605126398,Picard,0,0.0,0.0,,0,1.5427911848823954e-13
picard,Picard,50,58,933.022725042,0.007862208839323129,0.7650864150315287,Picard,0,0.0,0.0,,0,4.775614344669106e-13
picard,Picard,50,59,948.948328875,0.008792271198101737,0.8555925425557315,Picard,0,0.0,0.0,,0,1.205705670762906e-13
picard,Picard,50,60,965.7044565,0.008381167233718356,0.8155872380995337,Picard,0,0.0,0.0,,0,1.740250947212941e-13
picard,Picard,50,61,981.168056083,0.008426438834166706,0.8199927031790838,Picard,0,0.0,0.0,,0,5.102067175588359e-13
picard,Picard,50,62,996.979863292,0.008794305355513503,0.8557904902614696,Picard,0,0.0,0.0,,0,2.0367268334164625e-13
picard,Picard,50,63,1012.8069032080001,0.009004530040285749,0.876247852016996,Picard,0,0.0,0.0,,0,5.692867194671952e-13
picard,Picard,50,64,1028.959169042,0.008885361097386139,0.8646512967525076,Picard,0,0.0,0.0,,0,1.2449662069185182e-10
picard,Picard,50,65,1044.9409087499998,0.008672466871966019,0.8439341569465881,Picard,0,0.0,0.0,,0,1.5069414811433942e-13
picard,Picard,50,66,1060.723241667,0.009702681657386213,0.9441863065648205,Picard,0,0.0,0.0,,0,1.1459785640041107e-13
picard,Picard,50,67,1076.272518,0.009085773421310193,0.8841537991119328,Picard,0,0.0,0.0,,0,3.355348891303485e-12
picard,Picard,50,68,1091.8858894999998,0.008729800192695458,0.8495133708437499,Picard,0,0.0,0.0,,0,1.5143005768585584e-12
picard,Picard,50,69,1107.4038088749999,0.00998994669173148,0.9721406104739052,Picard,0,0.0,0.0,,0,4.746989344709296e-13
picard,Picard,50,70,1123.20676325,0.009113814847690756,0.8868825633587651,Picard,0,0.0,0.0,,0,9.042649261223516e-13
picard,Picard,50,71,1138.629550125,0.008995902286559903,0.8754082689808819,Picard,0,0.0,0.0,,0,1.3884331084593095e-13
picard,Picard,50,72,1154.0378537919999,0.009739219211872718,0.9477418451096992,Picard,0,0.0,0.0,,0,1.635000500333944e-13
picard,Picard,50,73,1169.5079718749998,0.0093307522247606,0.9079931499001168,Picard,0,0.0,0.0,,0,9.267313386926834e-13
picard,Picard,50,74,1185.294565083,0.009312902696446395,0.9062561785340528,Picard,0,0.0,0.0,,0,6.865715730801712e-13
picard,Picard,50,75,1201.168258875,0.009270850432221348,0.9021639931523847,Picard,0,0.0,0.0,,0,1.3211364566003583e-13
picard,Picard,50,76,1216.6102182079999,0.00989020397974442,0.9624344584879612,Picard,0,0.0,0.0,,0,2.6434576732611653e-13
picard,Picard,50,77,1232.935260042,0.009471308904458317,0.921670986291438,Picard,0,0.0,0.0,,0,3.963768601663101e-13
picard,Picard,50,78,1248.627973792,0.008976812906665944,0.8735506453121749,Picard,0,0.0,0.0,,0,9.953811896504138e-14
picard,Picard,50,79,1264.424377958,0.010326760439316669,1.0049165933992672,Picard,0,0.0,0.0,,0,2.879670180179887e-12
picard,Picard,50,80,1279.999940583,0.009383871004933611,0.9131622388831202,Picard,0,0.0,0.0,,0,1.8366607588881273e-13
picard,Picard,50,81,1295.6925140829999,0.00903649108286439,0.8793580415307698,Picard,0,0.0,0.0,,0,1.3960058668319978e-12
picard,Picard,50,82,1311.235191667,0.010192127406746356,0.9918151983156291,Picard,0,0.0,0.0,,0,1.113469222408084e-12
picard,Picard,50,83,1327.209391417,0.009327284704951424,0.9076557189880066,Picard,0,0.0,0.0,,0,7.820189999758321e-13
picard,Picard,50,84,1342.809770292,0.009300986784359207,0.9050966185876139,Picard,0,0.0,0.0,,0,2.530912524747963e-13
picard,Picard,50,85,1359.122054708,0.009661426463662666,0.9401716856214652,Picard,0,0.0,0.0,,0,1.8657207731847234e-13
picard,Picard,50,86,1374.686583,0.009674540570315906,0.9414478441477417,Picard,0,0.0,0.0,,0,3.1233380532857024e-13
picard,Picard,50,87,1390.3552155829998,0.009534932913646267,0.927862358982542,Picard,0,0.0,0.0,,0,5.621006545942441e-13
picard,Picard,50,88,1405.9727975829999,0.009145242356365194,0.8899408336790392,Picard,0,0.0,0.0,,0,7.904344554928059e-13
picard,Picard,50,89,1421.66814325,0.010238588113616331,0.9963363775904907,Picard,0,0.0,0.0,,0,2.4906735279809675e-13
picard,Picard,50,90,1437.811837708,0.009524013145404952,0.9267997356781421,Picard,0,0.0,0.0,,0,7.820167741385287e-13
picard,Picard,50,91,1453.968558625,0.008984425548853238,0.8742914459241943,Picard,0,0.0,0.0,,0,1.1656305833911533e-13
picard,Picard,50,92,1469.7248009579998,0.010387889535447675,1.010865181381193,Picard,0,0.0,0.0,,0,2.9547058339865565e-13
picard,Picard,50,93,1485.555461125,0.00935812792695814,0.9106571312673541,Picard,0,0.0,0.0,,0,1.5800562839156423e-13
picard,Picard,50,94,1501.4526342079998,0.00916383835277204,0.8917504452672856,Picard,0,0.0,0.0,,0,4.4420621731484443e-13
picard,Picard,50,95,1517.4513364579998,0.00998548149413796,0.9717060936493014,Picard,0,0.0,0.0,,0,1.8403181631415943e-13
picard,Picard,50,96,1533.8037898329999,0.009453236177955444,0.9199122950874126,Picard,0,0.0,0.0,,0,2.0413787457422073e-13
picard,Picard,50,97,1549.2882673749998,0.009448944284970088,0.9194946428620683,Picard,0,0.0,0.0,,0,1.024763951827794e-12
picard,Picard,50,98,1564.7702109999998,0.00938685689930678,0.9134528019129656,Picard,0,0.0,0.0,,0,1.2666143689668623e-13
picard,Picard,50,99,1580.49625225,0.009973323569470309,0.9705229830008443,Picard,0,0.0,0.0,,0,2.2788309375177074e-13
picard,Picard,50,100,1596.1526422079999,0.009577587441909157,0.9320131518170306,Picard,0,0.0,0.0,,0,1.1148378271832846e-13
aa_pure,AA_pure,50,0,15.363065583998832,1.0,97.31189169192768,initial,0,0.0,0.0,,0,8.710311982369664e-14
aa_pure,AA_pure,50,1,31.42214899999999,0.5250532780544825,51.093927726529394,AA,1,100.0,0.0,,1,1.339051212908009e-13
aa_pure,AA_pure,50,2,46.86434987499888,0.3136898481993917,30.525752532836442,AA,2,100.0,0.0,,2,8.662297547845755e-14
aa_pure,AA_pure,50,3,62.49388487499891,0.27688440734690706,26.944145458925803,AA,3,100.0,0.0,,3,9.737602329668903e-14
aa_pure,AA_pure,50,4,77.90200174999882,0.24068637537237636,23.42164649195934,AA,4,100.0,0.0,,4,6.978446585468303e-14
aa_pure,AA_pure,50,5,93.45152737499848,0.12093129551531899,11.768053131351222,AA,5,100.0,0.0,,5,2.816948532794412e-13
aa_pure,AA_pure,50,6,109.43985037499988,0.09668412267045239,9.408514873636113,AA,6,100.0,0.0,,6,1.0565931763897399e-13
aa_pure,AA_pure,50,7,124.93296458399891,0.09383200287265175,9.130969700780135,AA,7,100.0,0.0,,7,1.4256516553142939e-13
aa_pure,AA_pure,50,8,140.3301236669995,0.08955421810203042,8.714690372500053,AA,8,100.0,0.0,,8,9.804864190007714e-14
aa_pure,AA_pure,50,9,156.11653099999967,0.06973459427776825,6.786005285538704,AA,9,100.0,0.0,,9,2.451740122255722e-13
aa_pure,AA_pure,50,10,172.07074783399912,0.07800812601534757,7.591118309895749,AA,10,100.0,0.0,,10,2.4867818007799823e-13
aa_pure,AA_pure,50,11,187.94663837499866,0.043002220709693666,4.18462744421408,AA,11,100.0,0.0,,11,3.0474073575684297e-13
aa_pure,AA_pure,50,12,203.48454104199845,0.028780732901018416,2.8007075628782037,AA,12,100.0,0.0,,12,7.857029397350136e-13
aa_pure,AA_pure,50,13,219.17093937499885,0.0432513359668874,4.208869321140923,AA,13,100.0,0.0,,13,5.26794437483377e-13
aa_pure,AA_pure,50,14,234.8886580419985,0.03787357656300548,3.6855493804851203,AA,14,100.0,0.0,,14,3.996275654428019e-13
aa_pure,AA_pure,50,15,250.64022749999822,0.02754366693243371,2.6803263333275194,AA,15,100.0,0.0,,15,4.48665269235243e-13
aa_pure,AA_pure,50,16,266.1992410420007,0.015492991666523032,1.5076523270366275,AA,16,100.0,0.0,,16,2.2560271575403934e-13
aa_pure,AA_pure,50,17,282.01120212500064,0.008789939940253299,0.8553656834444783,AA,17,100.0,0.0,,17,1.1893802110730079e-12
aa_pure,AA_pure,50,18,297.8986197920003,0.005764334862489159,0.5609383298145479,AA,18,100.0,0.0,,18,1.3376365776693519e-13
aa_pure,AA_pure,50,19,313.3550383749989,0.005107897167844921,0.4970591359708291,AA,19,100.0,0.0,,19,5.5505498036408e-13
aa_pure,AA_pure,50,20,328.84727295899756,0.003907239293476277,0.3802208469412075,AA,20,100.0,0.0,,20,4.729728044225614e-13
aa_pure,AA_pure,50,21,344.793535584,0.003017178900534497,0.2936073863839824,AA,21,100.0,0.0,,21,7.186776122880204e-13
aa_pure,AA_pure,50,22,360.7280959590007,0.002612224390623752,0.2542004969753903,AA,22,100.0,0.0,,22,2.944972837497521e-13
aa_pure,AA_pure,50,23,376.3934650840001,0.0020182176485380307,0.19639657722526982,AA,23,100.0,0.0,,23,7.446038373479342e-13
aa_pure,AA_pure,50,24,392.0934754589998,0.003402588361835871,0.3311123101391859,AA,24,100.0,0.0,,24,6.682835733034911e-13
aa_pure,AA_pure,50,25,407.7080464999981,0.002429385081033167,0.2364080578834845,AA,25,100.0,0.0,,25,6.126540115258696e-13
aa_pure,AA_pure,50,26,423.49422137499823,0.0020975432516346657,0.20411590172220642,AA,26,100.0,0.0,,26,9.215232502143599e-13
aa_pure,AA_pure,50,27,439.3886494169983,0.002824135067378479,0.27482192580010945,AA,27,100.0,0.0,,27,3.251119281135264e-13
aa_pure,AA_pure,50,28,455.0361407090004,0.001318579669173267,0.1283134819537668,AA,28,100.0,0.0,,28,9.617250318514081e-13
aa_pure,AA_pure,50,29,470.67801829199925,0.0007405109528206033,0.07206052163756473,AA,29,100.0,0.0,,29,4.353093787119641e-13
aa_pure,AA_pure,50,30,486.5678725839989,0.0005644903190830246,0.05493162079174899,AA,30,100.0,0.0,,30,5.706967110628457e-13
aa_pure,AA_pure,50,31,502.73852904200066,0.0003623540819957571,0.035261361181298995,AA,31,100.0,0.0,,31,7.080414711555847e-13
aa_pure,AA_pure,50,32,518.4481135000005,0.00030212965483034337,0.029400808247769868,AA,32,100.0,0.0,,32,4.54179365173747e-13
aa_pure,AA_pure,50,33,534.0220951249994,0.0002213517125361179,0.021540153876137415,AA,33,100.0,0.0,,33,7.43813665414972e-13
aa_pure,AA_pure,50,34,549.8395858339991,8.864825885848007e-05,0.008626529764714381,AA,34,100.0,0.0,,34,1.3380957102270317e-12
aa_pure,AA_pure,50,35,565.6729020420007,9.214842968011828e-05,0.008967138008612884,AA,35,100.0,0.0,,35,5.475914849929564e-13
aa_pure,AA_pure,50,36,581.4180047499995,5.76022055919326e-05,0.005605379591778296,AA,36,100.0,0.0,,36,4.4669709949887905e-13
aa_pure,AA_pure,50,37,597.2063645840008,3.1683867453142996e-05,0.003083217077981644,AA,37,100.0,0.0,,37,2.891451643169071e-13
aa_pure,AA_pure,50,38,612.8650534589997,1.5923514623973444e-05,0.0015495473304429305,AA,38,100.0,0.0,,38,1.8065336196713038e-13
aa_pure,AA_pure,50,39,628.526515874999,1.6948198555459683e-05,0.001649261262202178,AA,39,100.0,0.0,,39,2.7003273124999275e-13
aa_pure,AA_pure,50,40,644.3881005419989,8.624518377004286e-06,0.0008392681981980811,AA,40,100.0,0.0,,40,4.2692921549336805e-13
aa_pure,AA_pure,50,41,660.2130122090002,4.161331702734914e-06,0.000404947059950725,AA,41,100.0,0.0,,41,3.0867667840325333e-13
aa_pure,AA_pure,50,42,676.3196602919979,3.3377573738272512e-06,0.00032480348405581044,AA,42,100.0,0.0,,42,1.7698373500745806e-13
aa_pure,AA_pure,50,43,692.270320458998,2.1596686937655116e-06,0.0002101614460181564,AA,43,100.0,0.0,,43,4.1772628704369797e-13
aa_pure,AA_pure,50,44,708.2112123339994,1.0045592805447845e-06,9.775556390649487e-05,AA,44,100.0,0.0,,44,1.5792503249882462e-13
aa_pure,AA_pure,50,45,724.0128032089979,7.696705558604358e-07,7.489809777035651e-05,AA,45,100.0,0.0,,45,4.84045092821503e-13
aa_pure,AA_pure,50,46,740.0436948339975,4.4652177342503947e-07,4.345187845362491e-05,AA,46,100.0,0.0,,46,1.554461725283863e-13
aa_pure,AA_pure,50,47,756.1283198750007,1.7935772248495387e-07,1.7453639264566653e-05,AA,47,100.0,0.0,,47,2.930238617642297e-13
aa_pure,AA_pure,50,48,772.1406072919981,9.143739894507307e-08,8.897946262734534e-06,AA,48,100.0,0.0,,48,4.0905359405870645e-13
aa_pure,AA_pure,50,49,787.9137314589989,7.816875943821512e-08,7.606749852143939e-06,AA,49,100.0,0.0,,49,2.540777066181681e-13
aa_pure,AA_pure,50,50,804.0267310420004,3.3815465316602104e-08,3.290646898401321e-06,AA,50,100.0,0.0,,50,2.5865647574009563e-13
aa_pure,AA_pure,50,51,819.8224033339993,1.7765578223605425e-08,1.72880202393996e-06,AA,51,100.0,0.0,,50,2.487031790450551e-13
aa_pure,AA_pure,50,52,835.5796627500004,1.5420639298910546e-08,1.5006115812758668e-06,AA,52,100.0,0.0,,50,1.482839809898149e-13
aa_pure,AA_pure,50,53,851.4125531249974,5.406260762035509e-09,5.260934617335179e-07,AA,53,100.0,0.0,,50,2.4431467764254844e-13
aa_pure,AA_pure,50,54,867.5410502089999,2.9277054929893823e-09,2.849005598396445e-07,AA,54,100.0,0.0,,50,2.9589553656113363e-13
aa_pure,AA_pure,50,55,883.3670278749978,1.530806632746274e-09,1.4896568924708994e-07,AA,55,100.0,0.0,,50,2.364141998543093e-13
aa_pure,AA_pure,50,56,899.3138968750009,3.627033624876082e-10,3.5295350326692116e-08,AA,56,100.0,0.0,,50,2.335266977068218e-13
aa_pure,AA_pure,50,57,915.1582837919977,1.6016910718360846e-10,1.5586358810644064e-08,AA,57,100.0,0.0,,50,1.92626761999549e-13
aa_pure,AA_pure,50,58,931.1781801669986,5.7138098134462425e-11,5.5602164171435425e-09,AA,58,100.0,0.0,,50,1.3974696065904626e-13
global_eta0,GlobalAndersonSolver,50,0,15.727896250002232,1.0,97.31189169192768,initial,0,0.0,0.0,,0,8.710311982369664e-14
global_eta0,GlobalAndersonSolver,50,1,46.54744083300102,0.571970249625031,55.65950698251586,KM,0,0.0,0.0,,0,7.452324508030532e-14
global_eta0,GlobalAndersonSolver,50,2,62.22271470800115,0.304290909364164,29.611124014883707,AA,1,50.0,0.0,,0,2.1099424262016263e-13
global_eta0,GlobalAndersonSolver,50,3,77.80934212500142,0.12729767697145514,12.38757775408024,AA,2,66.66666666666667,0.0,,1,9.011447333799542e-14
global_eta0,GlobalAndersonSolver,50,4,93.3344104170028,0.08681071763430362,8.44771515212787,AA,3,75.0,0.0,,2,3.2901876274323526e-13
global_eta0,GlobalAndersonSolver,50,5,108.67348162500275,0.07362423069938251,7.164513163719808,AA,4,80.0,0.0,,3,1.23339276628681e-13
global_eta0,GlobalAndersonSolver,50,6,124.38974854200205,0.06394935193238681,6.223032409013392,AA,5,83.33333333333333,0.0,,4,2.186285312651795e-13
global_eta0,GlobalAndersonSolver,50,7,140.2399296250005,0.05304856461163456,5.1622561738996104,AA,6,85.71428571428571,0.0,,5,1.1910180528985058e-13
global_eta0,GlobalAndersonSolver,50,8,156.1574351670024,0.04726434385642128,4.599382710246095,AA,7,87.5,0.0,,6,2.4501079297545434e-13
global_eta0,GlobalAndersonSolver,50,9,171.7299184580006,0.03103579148217182,3.020151579286356,AA,8,88.88888888888889,0.0,,7,1.3380412547768913e-13
global_eta0,GlobalAndersonSolver,50,10,187.83932570800243,0.036937271368573846,3.5944357508139997,AA,9,90.0,0.0,,8,1.9243695180150152e-13
global_eta0,GlobalAndersonSolver,50,11,203.47322137500305,0.04764285690299012,4.636216530837784,AA,10,90.9090909090909,0.0,,9,1.8973019633668276e-13
global_eta0,GlobalAndersonSolver,50,12,219.09168404200318,0.026898260664233148,2.617520628459095,AA,11,91.66666666666667,0.0,,10,1.764164560877301e-13
global_eta0,GlobalAndersonSolver,50,13,234.81264320800256,0.01937351486090764,1.885273379836596,AA,12,92.3076923076923,0.0,,11,1.3135950175166975e-13
global_eta0,GlobalAndersonSolver,50,14,250.51962683300007,0.018014439690033968,1.7530192040073487,AA,13,92.85714285714286,0.0,,12,4.0845815212741943e-13
global_eta0,GlobalAndersonSolver,50,15,266.2216236250024,0.009368739566669088,0.9116897700015797,AA,14,93.33333333333333,0.0,,13,3.7186191315729636e-13
global_eta0,GlobalAndersonSolver,50,16,281.7672825000009,0.004862611287557923,0.47318990295478164,AA,15,93.75,0.0,,14,1.0198619095706341e-13
global_eta0,GlobalAndersonSolver,50,17,297.4335378750002,0.005666621272872676,0.5514296355649593,AA,16,94.11764705882354,0.0,,15,2.2508358469364824e-13
global_eta0,GlobalAndersonSolver,50,18,313.0087252500016,0.0025453012835023776,0.2476880828235079,AA,17,94.44444444444444,0.0,,16,2.045504986337528e-13
global_eta0,GlobalAndersonSolver,50,19,328.73538954200194,0.0035319078466549054,0.3436966338395517,AA,18,94.73684210526316,0.0,,17,1.1530548262738593e-13
global_eta0,GlobalAndersonSolver,50,20,344.2278354170012,0.00205586176790086,0.20005979769154347,AA,19,95.0,0.0,,18,2.892081340453177e-13
global_eta0,GlobalAndersonSolver,50,21,359.94409270800315,0.0017867185128424687,0.17386895840568842,AA,20,95.23809523809524,0.0,,19,6.968553082332223e-13
global_eta0,GlobalAndersonSolver,50,22,375.68059537500085,0.0020504438572529478,0.19953257055737728,AA,21,95.45454545454545,0.0,,20,1.2152213166322885e-12
global_eta0,GlobalAndersonSolver,50,23,391.3248854580015,0.0012154786589485816,0.11828052761345387,AA,22,95.65217391304348,0.0,,21,1.6405310705032494e-12
global_eta0,GlobalAndersonSolver,50,24,407.0758357500017,0.000985735155126026,0.09592375265254936,AA,23,95.83333333333333,0.0,,22,1.3086203620866445e-12
global_eta0,GlobalAndersonSolver,50,25,422.65834633300256,0.0008645709876123924,0.08413303830652008,AA,24,96.0,0.0,,23,2.1903935947934974e-12
global_eta0,GlobalAndersonSolver,50,26,438.3432848750017,0.0005987775366081902,0.058268174789975466,AA,25,96.15384615384616,0.0,,24,2.484403131968652e-12
global_eta0,GlobalAndersonSolver,50,27,454.3212913330026,0.0003638121285036331,0.035403246445155225,AA,26,96.29629629629629,0.0,,25,1.605732490223102e-12
global_eta0,GlobalAndersonSolver,50,28,470.4562693750013,0.00038372113804820905,0.03734062982565055,AA,27,96.42857142857143,0.0,,26,1.0282387917843937e-12
global_eta0,GlobalAndersonSolver,50,29,486.3026694170003,0.0003192528869696394,0.03106710235912478,AA,28,96.55172413793103,0.0,,27,1.3672322669754748e-12
global_eta0,GlobalAndersonSolver,50,30,501.7278772500031,0.00011592280798063842,0.011280667734836016,AA,29,96.66666666666667,0.0,,28,2.96538375007228e-13
global_eta0,GlobalAndersonSolver,50,31,517.5166366250014,9.415573060999652e-05,0.009162472259294301,AA,30,96.7741935483871,0.0,,29,3.8228074532305543e-13
global_eta0,GlobalAndersonSolver,50,32,533.1826620000029,2.9002114019996072e-05,0.0028222505783507953,AA,31,96.875,0.0,,30,3.87633160989224e-13
global_eta0,GlobalAndersonSolver,50,33,548.7415835000029,1.1483095855416439e-05,0.0011174417801703082,AA,32,96.96969696969697,0.0,,31,3.832634872225463e-13
global_eta0,GlobalAndersonSolver,50,34,564.2105760000013,1.4378218849855629e-05,0.001399171675439984,AA,33,97.05882352941177,0.0,,32,2.500102731761125e-13
global_eta0,GlobalAndersonSolver,50,35,580.0605553330024,1.7141497689732824e-05,0.0016680715666207093,AA,34,97.14285714285714,0.0,,33,4.557273510131206e-13
global_eta0,GlobalAndersonSolver,50,36,595.7774516250029,7.090623146366135e-06,0.0006900019516474569,AA,35,97.22222222222223,0.0,,34,2.4288593071161186e-13
global_eta0,GlobalAndersonSolver,50,37,611.7626413750004,2.2223068004131937e-06,0.00021625687866804304,AA,36,97.29729729729729,0.0,,35,5.16068725465727e-13
global_eta0,GlobalAndersonSolver,50,38,627.6791356250033,1.442371053653529e-06,0.00014035985575270384,AA,37,97.36842105263158,0.0,,36,1.7920922924333606e-13
global_eta0,GlobalAndersonSolver,50,39,643.6225841250016,5.891984783142694e-07,5.733601850676679e-05,AA,38,97.43589743589743,0.0,,37,2.867055923784756e-13
global_eta0,GlobalAndersonSolver,50,40,659.4147656250025,3.793015513246163e-07,3.691055148108121e-05,AA,39,97.5,0.0,,38,3.628606424798348e-13
global_eta0,GlobalAndersonSolver,50,41,675.4773985420034,2.5274735744040094e-07,2.4595323472661228e-05,AA,40,97.5609756097561,0.0,,39,2.0292537504645924e-13
global_eta0,GlobalAndersonSolver,50,42,691.3097233330009,6.277058329192215e-08,6.108324202742654e-06,AA,41,97.61904761904762,0.0,,40,1.814736329470739e-13
global_eta0,GlobalAndersonSolver,50,43,707.4551191670034,9.117741758833469e-08,8.872646985105687e-06,AA,42,97.67441860465117,0.0,,41,2.1208942627786198e-13
global_eta0,GlobalAndersonSolver,50,44,723.2522465420006,4.899570189209381e-08,4.767864435893409e-06,AA,43,97.72727272727273,0.0,,42,2.3780602772645864e-13
global_eta0,GlobalAndersonSolver,50,45,739.0751658750014,1.4540430553539167e-08,1.4149568031799995e-06,AA,44,97.77777777777777,0.0,,43,2.9291458285451923e-13
global_eta0,GlobalAndersonSolver,50,46,755.0981670830006,1.973523946704737e-08,1.9204734855315703e-06,AA,45,97.82608695652173,0.0,,44,1.5888870269705513e-13
global_eta0,GlobalAndersonSolver,50,47,771.0946150000018,7.101861306167151e-09,6.910955582368299e-07,AA,46,97.87234042553192,0.0,,45,2.6275208455912337e-13
global_eta0,GlobalAndersonSolver,50,48,786.8983970830013,3.228860936010229e-09,3.1420656569332366e-07,AA,47,97.91666666666667,0.0,,46,3.883984045771541e-13
global_eta0,GlobalAndersonSolver,50,49,802.6755760830019,9.222761776495905e-10,8.9748439509482e-08,AA,48,97.95918367346938,0.0,,47,2.0897208022954862e-13
global_eta0,GlobalAndersonSolver,50,50,818.6605866670034,6.27316641881595e-10,6.104536911132556e-08,AA,49,98.0,0.0,,48,3.783198695120231e-13
global_eta0,GlobalAndersonSolver,50,51,834.5736191250035,2.665464458764706e-10,2.5938138871999374e-08,AA,50,98.03921568627452,0.0,,49,3.871675631966975e-13
global_eta0,GlobalAndersonSolver,50,52,850.3490934170004,1.2478958814630187e-10,1.2143510885973191e-08,AA,51,98.07692307692308,0.0,,50,1.7358237738208348e-13
global_eta0,GlobalAndersonSolver,50,53,866.3084997080005,1.4747456864134237e-10,1.4351029250940063e-08,AA,52,98.11320754716981,0.0,,50,2.911295349055622e-13
global_eta0,GlobalAndersonSolver,50,54,882.0861109580001,3.4710803619551937e-10,3.37777396236561e-08,AA,53,98.14814814814815,0.0,,50,2.034355876078629e-13
global_eta0,GlobalAndersonSolver,50,55,898.4949740830016,1.430372571628655e-10,1.3919226076943176e-08,AA,54,98.18181818181819,0.0,,50,1.9195615146825523e-13
global_eta0,GlobalAndersonSolver,50,56,914.8688162080034,1.674274495599718e-10,1.629268183783566e-08,AA,55,98.21428571428571,0.0,,50,1.460178861339404e-13
global_eta0,GlobalAndersonSolver,50,57,930.9062875420022,1.6392303647027253e-10,1.5951660770807073e-08,AA,56,98.24561403508773,0.0,,50,1.413731357187541e-13
global_eta0,GlobalAndersonSolver,50,58,946.7955606670002,1.341163037931581e-10,1.305111122884147e-08,AA,57,98.27586206896552,0.0,,50,1.0634846631508643e-13
global_eta0,GlobalAndersonSolver,50,59,963.0633419170008,7.431290030602285e-11,7.231528905892716e-09,AA,58,98.30508474576271,0.0,,50,8.942760827479594e-14
global_eta1e10,GlobalAndersonSolver eta=1e-10,50,0,15.877539750003052,1.0,97.31189169192768,initial,0,0.0,1e-10,,0,8.710311982369664e-14
global_eta1e10,GlobalAndersonSolver eta=1e-10,50,1,47.409587542002555,0.571970249625031,55.65950698251586,KM,0,0.0,1e-10,,0,7.452324508030532e-14
global_eta1e10,GlobalAndersonSolver eta=1e-10,50,2,63.430782625000575,0.304290909364164,29.611124014883707,AA,1,50.0,1e-10,,0,2.1099424262016263e-13
global_eta1e10,GlobalAndersonSolver eta=1e-10,50,3,79.22543858300196,0.12729767697145514,12.38757775408024,AA,2,66.66666666666667,1e-10,,1,9.011447333799542e-14
global_eta1e10,GlobalAndersonSolver eta=1e-10,50,4,95.1265696670016,0.08681071765287579,8.447715153935164,AA,3,75.0,1e-10,,2,3.2901880948898943e-13
global_eta1e10,GlobalAndersonSolver eta=1e-10,50,5,111.09939075000148,0.07362423070779374,7.164513164538321,AA,4,80.0,1e-10,,3,9.748824390977069e-14
global_eta1e10,GlobalAndersonSolver eta=1e-10,50,6,127.04323145800299,0.06394935193164825,6.2230324089415205,AA,5,83.33333333333333,1e-10,,4,2.1388766758700022e-13
global_eta1e10,GlobalAndersonSolver eta=1e-10,50,7,143.57721208300063,0.05304856462415098,5.162256175117607,AA,6,85.71428571428571,1e-10,,5,1.2417530761041915e-13
global_eta1e10,GlobalAndersonSolver eta=1e-10,50,8,159.49288700000034,0.047264343922852024,4.599382716710597,AA,7,87.5,1e-10,,6,3.2389799734490106e-13
global_eta1e10,GlobalAndersonSolver eta=1e-10,50,9,175.2846981670009,0.031035791360856956,3.020151567480977,AA,8,88.88888888888889,1e-10,,7,1.6717583492580903e-13
global_eta1e10,GlobalAndersonSolver eta=1e-10,50,10,191.2943413330031,0.036937271463320674,3.594435760033993,AA,9,90.0,1e-10,,8,1.9822828194221903e-13
global_eta1e10,GlobalAndersonSolver eta=1e-10,50,11,207.346729375,0.04764285706889958,4.636216546982747,AA,10,90.9090909090909,1e-10,,9,1.8126543387688928e-13
global_eta1e10,GlobalAndersonSolver eta=1e-10,50,12,223.11557366700072,0.026898260041163698,2.617520567827028,AA,11,91.66666666666667,1e-10,,10,1.922743811480504e-13
global_eta1e10,GlobalAndersonSolver eta=1e-10,50,13,239.12935508300143,0.019373515418068938,1.8852734340550155,AA,12,92.3076923076923,1e-10,,11,1.36313386344295e-13
global_eta1e10,GlobalAndersonSolver eta=1e-10,50,14,255.54304083300303,0.018014439843804714,1.753019218971071,AA,13,92.85714285714286,1e-10,,12,3.6420963169876246e-13
global_eta1e10,GlobalAndersonSolver eta=1e-10,50,15,271.5057223750009,0.00936873948744231,0.9116897622918722,AA,14,93.33333333333333,1e-10,,13,3.6828389568332627e-13
global_eta1e10,GlobalAndersonSolver eta=1e-10,50,16,287.2642085000007,0.0048626110951472444,0.47318988423093455,AA,15,93.75,1e-10,,14,9.89662729776216e-14
global_eta1e10,GlobalAndersonSolver eta=1e-10,50,17,303.20610720800323,0.005666621276114849,0.5514296358804612,AA,16,94.11764705882354,1e-10,,15,2.162461583798016e-13
global_eta1e10,GlobalAndersonSolver eta=1e-10,50,18,319.02258141700077,0.0025453013060563945,0.24768808501828193,AA,17,94.44444444444444,1e-10,,16,2.3312954867638806e-13
global_eta1e10,GlobalAndersonSolver eta=1e-10,50,19,334.90568691700173,0.0035319079416217796,0.3436966430809579,AA,18,94.73684210526316,1e-10,,17,1.207465550649839e-13
global_eta1e10,GlobalAndersonSolver eta=1e-10,50,20,350.62822729200343,0.0020558617652963566,0.20005979743809432,AA,19,95.0,1e-10,,18,2.5932076240790344e-13
global_eta1e10,GlobalAndersonSolver eta=1e-10,50,21,366.48397650000334,0.0017867185908912273,0.17386896600076077,AA,20,95.23809523809524,1e-10,,19,7.803537962743356e-13
global_eta1e10,GlobalAndersonSolver eta=1e-10,50,22,382.46205575000204,0.0020504436318808136,0.19953254862598857,AA,21,95.45454545454545,1e-10,,20,1.3201489165788548e-12
global_eta1e10,GlobalAndersonSolver eta=1e-10,50,23,398.7693399580021,0.0012154788755337647,0.11828054868976776,AA,22,95.65217391304348,1e-10,,21,1.7449885274171423e-12
global_eta1e10,GlobalAndersonSolver eta=1e-10,50,24,414.9910310000014,0.0009857351426720824,0.09592375144063257,AA,23,95.83333333333333,1e-10,,22,1.6245671821764009e-12
global_eta1e10,GlobalAndersonSolver eta=1e-10,50,25,430.80875800000285,0.0008645714948765357,0.08413308766935344,AA,24,96.0,1e-10,,23,2.2405786322883265e-12
global_eta1e10,GlobalAndersonSolver eta=1e-10,50,26,446.81837120800265,0.0005987774793956044,0.05826816922251051,AA,25,96.15384615384616,1e-10,,24,2.5267998315527548e-12
global_eta1e10,GlobalAndersonSolver eta=1e-10,50,27,462.9939377080009,0.000363812342657633,0.03540326728488606,AA,26,96.29629629629629,1e-10,,25,1.5245796044773947e-12
global_eta1e10,GlobalAndersonSolver eta=1e-10,50,28,478.8118135000004,0.0003837211009520176,0.03734062621574998,AA,27,96.42857142857143,1e-10,,26,1.225922402118222e-12
global_eta1e10,GlobalAndersonSolver eta=1e-10,50,29,494.4679038330032,0.0003192524879103775,0.031067063525913107,AA,28,96.55172413793103,1e-10,,27,1.0458577380640037e-12
global_eta1e10,GlobalAndersonSolver eta=1e-10,50,30,510.4228084580027,0.00011592272691456601,0.011280659846143157,AA,29,96.66666666666667,1e-10,,28,4.2723969174928994e-13
global_eta1e10,GlobalAndersonSolver eta=1e-10,50,31,526.2784622500003,9.415661137278745e-05,0.009162557967987619,AA,30,96.7741935483871,1e-10,,29,3.07419299487576e-13
global_eta1e10,GlobalAndersonSolver eta=1e-10,50,32,542.2646731670029,2.900153849464109e-05,0.002822194572889785,AA,31,96.875,1e-10,,30,3.3858182140844827e-13
global_eta1e10,GlobalAndersonSolver eta=1e-10,50,33,558.1065125000023,1.1483092410942502e-05,0.0011174414449820335,AA,32,96.96969696969697,1e-10,,31,1.8688730148953052e-13
global_eta1e10,GlobalAndersonSolver eta=1e-10,50,34,574.1264224170009,1.4378135963896978e-05,0.001399163609650553,AA,33,97.05882352941177,1e-10,,32,2.544507165142774e-13
global_eta1e10,GlobalAndersonSolver eta=1e-10,50,35,589.911431833003,1.7141354553215062e-05,0.0016680576377353957,AA,34,97.14285714285714,1e-10,,33,4.1942372754682885e-13
global_eta1e10,GlobalAndersonSolver eta=1e-10,50,36,605.7281320000002,7.0907508832009964e-06,0.000690014381960496,AA,35,97.22222222222223,1e-10,,34,1.9095613974363812e-13
global_eta1e10,GlobalAndersonSolver eta=1e-10,50,37,621.7685282500024,2.222405413183846e-06,0.00021626647486330024,AA,36,97.29729729729729,1e-10,,35,2.6858175389141435e-13
global_eta1e10,GlobalAndersonSolver eta=1e-10,50,38,637.738540667,1.4423420047018585e-06,0.00014035702894426511,AA,37,97.36842105263158,1e-10,,36,4.859602180341487e-13
global_eta1e10,GlobalAndersonSolver eta=1e-10,50,39,653.7252806250035,5.891303145325877e-07,5.732938536022647e-05,AA,38,97.43589743589743,1e-10,,37,2.0124391759970446e-13
global_eta1e10,GlobalAndersonSolver eta=1e-10,50,40,669.5538202080024,3.795927433656327e-07,3.693888792943815e-05,AA,39,97.5,1e-10,,38,2.4059040506400074e-13
global_eta1e10,GlobalAndersonSolver eta=1e-10,50,41,685.1693277920022,2.529766621692552e-07,2.461763754959994e-05,AA,40,97.5609756097561,1e-10,,39,1.8401677336300092e-13
global_eta1e10,GlobalAndersonSolver eta=1e-10,50,42,701.1765282080014,6.28153895474167e-08,6.11268438422446e-06,AA,41,97.61904761904762,1e-10,,40,2.109127024302664e-13
global_eta1e10,GlobalAndersonSolver eta=1e-10,50,43,716.6848737500004,9.079092938047811e-08,8.83503708648254e-06,AA,42,97.67441860465117,1e-10,,41,1.9437772290410156e-13
global_eta1e10,GlobalAndersonSolver eta=1e-10,50,44,732.5906384170012,4.907220999919314e-08,4.775309584525014e-06,AA,43,97.72727272727273,1e-10,,42,2.3332723343009927e-13
global_eta1e10,GlobalAndersonSolver eta=1e-10,50,45,748.4924224170027,1.4677454507247269e-08,1.428290863322442e-06,AA,44,97.77777777777777,1e-10,,43,4.066394391647853e-13
global_eta1e10,GlobalAndersonSolver eta=1e-10,50,46,764.5271905000009,1.942011449063977e-08,1.8898080779579727e-06,AA,45,97.82608695652173,1e-10,,44,4.2257796479647445e-13
global_eta1e10,GlobalAndersonSolver eta=1e-10,50,47,780.2737122500002,7.059656500536746e-09,6.86988528762445e-07,AA,46,97.87234042553192,1e-10,,45,2.8813287820203367e-13
global_eta1e10,GlobalAndersonSolver eta=1e-10,50,48,796.1503401670016,3.1141207255624504e-09,3.030409787615204e-07,AA,47,97.91666666666667,1e-10,,46,2.1474771898655885e-13
global_eta1e10,GlobalAndersonSolver eta=1e-10,50,49,812.0676510830017,9.120582075154861e-10,8.875410950648069e-08,AA,48,97.95918367346938,1e-10,,47,1.9811918186065713e-13
global_eta1e10,GlobalAndersonSolver eta=1e-10,50,50,827.9586128750016,5.631612637903753e-10,5.4802287907058115e-08,AA,49,98.0,1e-10,,48,3.240943662853483e-13
global_eta1e10,GlobalAndersonSolver eta=1e-10,50,51,843.788094167001,3.063431420750526e-10,2.9810830662172334e-08,AA,50,98.03921568627452,1e-10,,49,2.66246506157657e-13
global_eta1e10,GlobalAndersonSolver eta=1e-10,50,52,859.7524836670018,2.1899799522813838e-10,2.13111091923899e-08,AA,51,98.07692307692308,1e-10,,50,2.2405254770471135e-13
global_eta1e10,GlobalAndersonSolver eta=1e-10,50,53,875.5909825830022,1.5358441199725434e-10,1.4945589665845213e-08,AA,52,98.11320754716981,1e-10,,50,3.449405982545417e-13
global_eta1e10,GlobalAndersonSolver eta=1e-10,50,54,891.6310205420014,2.9652793166920394e-10,2.8855693970224908e-08,AA,53,98.14814814814815,1e-10,,50,2.0098842332709008e-13
global_eta1e10,GlobalAndersonSolver eta=1e-10,50,55,907.345448125001,1.7742539176684227e-10,1.726560050701279e-08,AA,54,98.18181818181819,1e-10,,50,1.33959303355999e-13
global_eta1e10,GlobalAndersonSolver eta=1e-10,50,56,923.108985750001,1.09123731245577e-10,1.0619036715988613e-08,AA,55,98.21428571428571,1e-10,,50,1.2522437137504961e-13
global_eta1e10,GlobalAndersonSolver eta=1e-10,50,57,938.7581142920026,2.129954817899768e-10,2.072699325481618e-08,AA,56,98.24561403508773,1e-10,,50,1.2902761676570813e-13
global_eta1e10,GlobalAndersonSolver eta=1e-10,50,58,954.6418935420006,1.1489006854058073e-10,1.118016990629914e-08,AA,57,98.27586206896552,1e-10,,50,2.6167947099517573e-13
global_eta1e10,GlobalAndersonSolver eta=1e-10,50,59,970.4206584170024,9.097083725887595e-11,8.852544262459717e-09,AA,58,98.30508474576271,1e-10,,50,9.943777234463961e-14
faa02,FAA cs=0.2,50,0,15.578769374998956,1.0,97.31189169192768,initial,0,0.0,0.0,0.2,0,8.710311982369664e-14
faa02,FAA cs=0.2,50,1,31.56898966600056,0.5250532780544825,51.093927726529394,AA,1,100.0,0.0,0.2,0,1.339051212908009e-13
faa02,FAA cs=0.2,50,2,47.27916295799878,0.3136898481940744,30.525752532319007,AA,2,100.0,0.0,0.2,1,8.662304913114602e-14
faa02,FAA cs=0.2,50,3,63.04505950000021,0.276884407495868,26.944145473421475,AA,3,100.0,0.0,0.2,2,8.081930768885546e-14
faa02,FAA cs=0.2,50,4,79.19322270799967,0.24068637541540408,23.421646496146447,AA,4,100.0,0.0,0.2,3,5.923981089499182e-14
faa02,FAA cs=0.2,50,5,95.1315677499988,0.12093129570278706,11.768053149594094,AA,5,100.0,0.0,0.2,4,3.5513925550092163e-13
faa02,FAA cs=0.2,50,6,111.0908992500008,0.09668412272432898,9.408514878878947,AA,6,100.0,0.0,0.2,5,1.0635648883400331e-13
faa02,FAA cs=0.2,50,7,126.97002108300148,0.09383200291147925,9.130969704558511,AA,7,100.0,0.0,0.2,6,1.4095334568152288e-13
faa02,FAA cs=0.2,50,8,145.0153859580023,0.0895542180063175,8.714690363186048,AA,8,100.0,0.0,0.2,7,8.520034390287616e-14
faa02,FAA cs=0.2,50,9,160.9420643750018,0.06973459434800258,6.786005292373339,AA,9,100.0,0.0,0.2,8,2.986472751971491e-13
faa02,FAA cs=0.2,50,10,179.45590224999978,0.0780081256108691,7.591118270535184,AA,10,100.0,0.0,0.2,9,2.92485589494841e-13
faa02,FAA cs=0.2,50,11,195.0869231659999,0.036367535731499645,3.5389936982060033,AA,11,100.0,0.0,0.2,9,2.5460121771839863e-13
faa02,FAA cs=0.2,50,12,210.66883362500084,0.038677090762680125,3.763740867256785,AA,12,100.0,0.0,0.2,10,1.991949259082179e-13
faa02,FAA cs=0.2,50,13,226.22825424999974,0.022827761666637792,2.2214126708729953,AA,13,100.0,0.0,0.2,10,2.756304844016004e-13
faa02,FAA cs=0.2,50,14,242.19341358300153,0.019798385349392076,1.9266183307950897,AA,14,100.0,0.0,0.2,10,1.5877049036254082e-13
faa02,FAA cs=0.2,50,15,257.5941669579988,0.01659034820657726,1.614438167809813,AA,15,100.0,0.0,0.2,10,1.2833557230950144e-13
faa02,FAA cs=0.2,50,16,272.9544103750013,0.007989862872952431,0.7775086705261012,AA,16,100.0,0.0,0.2,9,3.251684732054826e-13
faa02,FAA cs=0.2,50,17,288.5842270409994,0.003935297561068362,0.3829512500381916,AA,17,100.0,0.0,0.2,9,2.0094539396204552e-13
faa02,FAA cs=0.2,50,18,304.2281770410009,0.0038122614916393767,0.3709783773757177,AA,18,100.0,0.0,0.2,9,1.3739692911302308e-13
faa02,FAA cs=0.2,50,19,319.70084879099886,0.002396361649396406,0.23319448528075226,AA,19,100.0,0.0,0.2,9,2.992429108297259e-13
faa02,FAA cs=0.2,50,20,335.1346519580002,0.0020396997689532403,0.19848704300042763,AA,20,100.0,0.0,0.2,9,2.859118604339252e-13
faa02,FAA cs=0.2,50,21,350.6992925000013,0.0017107080173628104,0.16647223330212216,AA,21,100.0,0.0,0.2,9,1.7053256561427926e-13
faa02,FAA cs=0.2,50,22,366.3144024579997,0.0014625771629538928,0.1423261504724561,AA,22,100.0,0.0,0.2,9,2.822876745424934e-13
faa02,FAA cs=0.2,50,23,382.3175609579994,0.0010721034955424086,0.10432841924075995,AA,23,100.0,0.0,0.2,9,6.892677779875192e-13
faa02,FAA cs=0.2,50,24,399.08770179099884,0.001046870197545124,0.10187291927901804,AA,24,100.0,0.0,0.2,9,7.815071606719376e-13
faa02,FAA cs=0.2,50,25,414.94822862500223,0.0006675299706637441,0.06495860420634593,AA,25,100.0,0.0,0.2,9,7.045846269859746e-13
faa02,FAA cs=0.2,50,26,430.513189958001,0.0004366959452986723,0.042495708531208376,AA,26,100.0,0.0,0.2,9,4.958096879706474e-13
faa02,FAA cs=0.2,50,27,446.2871959160002,0.00031461644321311165,0.030615921246453837,AA,27,100.0,0.0,0.2,9,5.545001449878008e-13
faa02,FAA cs=0.2,50,28,461.88993916600157,0.00027416800248800403,0.026679806963504808,AA,28,100.0,0.0,0.2,9,1.0961917282244334e-12
faa02,FAA cs=0.2,50,29,477.50714399999924,0.0001625215025197934,0.015815274850815488,AA,29,100.0,0.0,0.2,9,6.419898414125655e-13
faa02,FAA cs=0.2,50,30,493.14868645800016,9.57042987411423e-05,0.00931316635354993,AA,30,100.0,0.0,0.2,9,6.301673793081705e-13
faa02,FAA cs=0.2,50,31,508.6849088750023,4.3108905153380384e-05,0.004195009109243335,AA,31,100.0,0.0,0.2,9,2.917462187437636e-13
faa02,FAA cs=0.2,50,32,524.1282620829988,3.1265482131396994e-05,0.0030425032108664044,AA,32,100.0,0.0,0.2,9,3.7972026227229013e-13
faa02,FAA cs=0.2,50,33,539.6136366249993,1.382790882473553e-05,0.001345619965878515,AA,33,100.0,0.0,0.2,9,2.6677701064088026e-13
faa02,FAA cs=0.2,50,34,555.1064508750023,6.414156400112713e-06,0.000624173692902853,AA,34,100.0,0.0,0.2,9,3.6271664412798395e-13
faa02,FAA cs=0.2,50,35,570.5746713750013,3.9621959779409325e-06,0.00038556878586757954,AA,35,100.0,0.0,0.2,9,3.188094209610451e-13
faa02,FAA cs=0.2,50,36,586.0557429580003,2.573372048973032e-06,0.0002504197021126977,AA,36,100.0,0.0,0.2,8,2.0606593871758682e-13
faa02,FAA cs=0.2,50,37,601.5911566249997,1.6531907001849292e-06,0.00016087511436249793,AA,37,100.0,0.0,0.2,8,1.383729501762514e-13
faa02,FAA cs=0.2,50,38,617.0446982499998,8.708257881521819e-07,8.474170477920268e-05,AA,38,100.0,0.0,0.2,8,3.163515388622321e-13
faa02,FAA cs=0.2,50,39,632.5814942079996,7.184928697066506e-07,6.99179003183159e-05,AA,39,100.0,0.0,0.2,8,2.981631163404782e-13
faa02,FAA cs=0.2,50,40,647.9803111250003,5.72025634988537e-07,5.566489663701067e-05,AA,40,100.0,0.0,0.2,8,2.837102505039241e-13
faa02,FAA cs=0.2,50,41,663.4151698329988,3.8102367712070617e-07,3.707813480003018e-05,AA,41,100.0,0.0,0.2,8,2.842835211798783e-13
faa02,FAA cs=0.2,50,42,678.9148393329997,2.2932842604001125e-07,2.2316382956685824e-05,AA,42,100.0,0.0,0.2,8,2.9038328704118017e-13
faa02,FAA cs=0.2,50,43,694.6396092499999,2.3284073119185015e-07,2.265817201521057e-05,AA,43,100.0,0.0,0.2,9,3.7487274570846896e-13
faa02,FAA cs=0.2,50,44,710.074365583001,1.6623869688703293e-07,1.6177002066478144e-05,AA,44,100.0,0.0,0.2,9,3.529896862302237e-13
faa02,FAA cs=0.2,50,45,725.6098589579997,1.1025520821847282e-07,1.0729142880626962e-05,AA,45,100.0,0.0,0.2,9,4.43714884875627e-13
faa02,FAA cs=0.2,50,46,741.0151647499988,5.939930993558699e-08,5.780259215027085e-06,AA,46,100.0,0.0,0.2,9,2.855511285979213e-13
faa02,FAA cs=0.2,50,47,756.5686652910008,3.417460729902721e-08,3.3255956840970975e-06,AA,47,100.0,0.0,0.2,9,1.2919399723258574e-13
faa02,FAA cs=0.2,50,48,772.0734078329988,2.6178163426923813e-08,2.5474466040943925e-06,AA,48,100.0,0.0,0.2,9,4.3779838677172557e-13
faa02,FAA cs=0.2,50,49,788.0038087499997,1.530899307331113e-08,1.4897470758625238e-06,AA,49,100.0,0.0,0.2,9,5.249401344337059e-13
faa02,FAA cs=0.2,50,50,803.3410188330017,1.1557386562376222e-08,1.1246711493996954e-06,AA,50,100.0,0.0,0.2,9,2.496326741153468e-13
faa02,FAA cs=0.2,50,51,818.9545366660022,7.289106966301393e-09,7.093167876355967e-07,AA,51,100.0,0.0,0.2,9,1.7959212339925366e-13
faa02,FAA cs=0.2,50,52,834.6934171249995,4.379873277641075e-09,4.262137540181766e-07,AA,52,100.0,0.0,0.2,9,1.9405185892204614e-13
faa02,FAA cs=0.2,50,53,850.7791747080009,3.3927982495044183e-09,3.301596157883358e-07,AA,53,100.0,0.0,0.2,9,5.219781360469751e-13
faa02,FAA cs=0.2,50,54,866.2333399160016,2.262187254720856e-09,2.2013772111825515e-07,AA,54,100.0,0.0,0.2,9,5.445853815882781e-13
faa02,FAA cs=0.2,50,55,881.8872978750005,1.0788775988388946e-09,1.0498762004705752e-07,AA,55,100.0,0.0,0.2,9,5.603935517039093e-13
faa02,FAA cs=0.2,50,56,897.4859559159995,6.465281529990657e-10,6.291487760042713e-08,AA,56,100.0,0.0,0.2,9,2.760308788735927e-13
faa02,FAA cs=0.2,50,57,913.0162962499999,4.0692792078892377e-10,3.959892575423308e-08,AA,57,100.0,0.0,0.2,9,2.4858902679527677e-13
faa02,FAA cs=0.2,50,58,928.7702463329988,3.625544267030236e-10,3.528085710375357e-08,AA,58,100.0,0.0,0.2,8,4.0911863847080146e-13
faa02,FAA cs=0.2,50,59,944.6911041660023,3.088029808953747e-10,3.005020223103512e-08,AA,59,100.0,0.0,0.2,9,1.901353453369283e-13
faa02,FAA cs=0.2,50,60,960.2252023750007,1.9828646681148614e-10,1.929563118233435e-08,AA,60,100.0,0.0,0.2,9,1.4486572034674923e-13
faa02,FAA cs=0.2,50,61,975.7576660410014,1.3996938760750408e-10,1.3620685887046882e-08,AA,61,100.0,0.0,0.2,9,3.030903987563044e-13
faa02,FAA cs=0.2,50,62,991.1473988750004,2.2671642292241486e-10,2.2062203992207305e-08,AA,62,100.0,0.0,0.2,9,1.271052941547455e-13
faa02,FAA cs=0.2,50,63,1006.6074871250021,2.1711837121728884e-10,2.112819942422456e-08,AA,63,100.0,0.0,0.2,9,4.1500774325950313e-13
faa02,FAA cs=0.2,50,64,1022.1466484580014,1.4368955350082495e-10,1.3982702267533726e-08,AA,64,100.0,0.0,0.2,9,2.6967860512137024e-13
faa02,FAA cs=0.2,50,65,1037.7175129160023,1.7328388863108862e-10,1.6862583002424555e-08,AA,65,100.0,0.0,0.2,9,2.7686381331291833e-13
faa02,FAA cs=0.2,50,66,1053.5682372500014,1.5034313595784925e-10,1.4630174962954985e-08,AA,66,100.0,0.0,0.2,9,2.773716984403647e-13
faa02,FAA cs=0.2,50,67,1069.247478166002,4.807513237666039e-11,4.678282074912662e-09,AA,67,100.0,0.0,0.2,10,1.8810848143084718e-13
faa0707,FAA cs=1/sqrt(2),50,0,15.851169665998896,1.0,97.31189169192768,initial,0,0.0,0.0,0.7071067811865475,0,8.710311982369664e-14
faa0707,FAA cs=1/sqrt(2),50,1,31.38133349999771,0.5250532780544825,51.093927726529394,AA,1,100.0,0.0,0.7071067811865475,0,1.339051212908009e-13
faa0707,FAA cs=1/sqrt(2),50,2,46.69727529099691,0.3136898481940744,30.525752532319007,AA,2,100.0,0.0,0.7071067811865475,1,8.662304913114602e-14
faa0707,FAA cs=1/sqrt(2),50,3,62.30379229099708,0.276884407495868,26.944145473421475,AA,3,100.0,0.0,0.7071067811865475,2,8.081930768885546e-14
faa0707,FAA cs=1/sqrt(2),50,4,77.73758474999704,0.16955322383457913,16.499544953807735,AA,4,100.0,0.0,0.7071067811865475,2,8.045901091931813e-14
faa0707,FAA cs=1/sqrt(2),50,5,93.08436437499768,0.09972094514575616,9.704033813440486,AA,5,100.0,0.0,0.7071067811865475,3,2.4606291391310023e-11
faa0707,FAA cs=1/sqrt(2),50,6,108.67625249999764,0.07941952619838337,7.7284643316412955,AA,6,100.0,0.0,0.7071067811865475,3,3.6958037514860544e-12
faa0707,FAA cs=1/sqrt(2),50,7,124.1299264579975,0.08739992068710148,8.50505161578629,AA,7,100.0,0.0,0.7071067811865475,4,8.37709097859517e-12
faa0707,FAA cs=1/sqrt(2),50,8,140.09484299999895,0.08238425310324911,8.016967515103735,AA,8,100.0,0.0,0.7071067811865475,5,8.194052567454443e-12
faa0707,FAA cs=1/sqrt(2),50,9,155.73884283299776,0.06084586376254626,5.9210261043626895,AA,9,100.0,0.0,0.7071067811865475,6,9.072485008452754e-12
faa0707,FAA cs=1/sqrt(2),50,10,171.35338812499685,0.08760898162661926,8.525395731289656,AA,10,100.0,0.0,0.7071067811865475,6,6.19508023898468e-12
faa0707,FAA cs=1/sqrt(2),50,11,186.9545459999972,0.07706635068747938,7.499472371192111,AA,11,100.0,0.0,0.7071067811865475,7,4.20146143311642e-12
faa0707,FAA cs=1/sqrt(2),50,12,202.62099195799965,0.09622611764791175,9.363945538488279,AA,12,100.0,0.0,0.7071067811865475,7,2.096264439833536e-12
faa0707,FAA cs=1/sqrt(2),50,13,217.95034041599865,0.08618216234303437,8.38654924770149,AA,13,100.0,0.0,0.7071067811865475,8,2.6536482916115044e-12
faa0707,FAA cs=1/sqrt(2),50,14,233.5089385829997,0.03716063196964291,3.6161713934334756,AA,14,100.0,0.0,0.7071067811865475,8,9.24974046060931e-13
faa0707,FAA cs=1/sqrt(2),50,15,248.93162033299814,0.044104444143769614,4.291886891651183,AA,15,100.0,0.0,0.7071067811865475,7,9.896964028828107e-13
faa0707,FAA cs=1/sqrt(2),50,16,264.51026783299676,0.03442217580388076,3.349687043627738,AA,16,100.0,0.0,0.7071067811865475,6,1.852111821734719e-12
faa0707,FAA cs=1/sqrt(2),50,17,279.95708604099855,0.021040069880616852,2.047449001413177,AA,17,100.0,0.0,0.7071067811865475,6,3.8012650730610186e-13
faa0707,FAA cs=1/sqrt(2),50,18,295.47811604099843,0.01002349478276533,0.9754052386750621,AA,18,100.0,0.0,0.7071067811865475,7,4.285135883172186e-13
faa0707,FAA cs=1/sqrt(2),50,19,311.2784400829987,0.006210907590369545,0.6043951667426127,AA,19,100.0,0.0,0.7071067811865475,7,2.250833885965979e-12
faa0707,FAA cs=1/sqrt(2),50,20,326.98306799999773,0.0036976773576609992,0.3598279785404005,AA,20,100.0,0.0,0.7071067811865475,7,3.85686895620387e-13
faa0707,FAA cs=1/sqrt(2),50,21,342.7097312909973,0.0027438193340459816,0.2670062498568997,AA,21,100.0,0.0,0.7071067811865475,8,4.534923562678204e-13
faa0707,FAA cs=1/sqrt(2),50,22,358.4495165829976,0.0024451728934809197,0.2379443997784527,AA,22,100.0,0.0,0.7071067811865475,9,2.4072783278824245e-13
faa0707,FAA cs=1/sqrt(2),50,23,374.01214554099715,0.0016101652114081373,0.1566882226586585,AA,23,100.0,0.0,0.7071067811865475,10,3.643018550785239e-13
faa0707,FAA cs=1/sqrt(2),50,24,389.46461616599845,0.001273508215627568,0.12392749354792998,AA,24,100.0,0.0,0.7071067811865475,10,3.622054397228041e-11
faa0707,FAA cs=1/sqrt(2),50,25,404.90467508299844,0.00121784498507193,0.11851079928487696,AA,25,100.0,0.0,0.7071067811865475,11,7.393279222114891e-12
faa0707,FAA cs=1/sqrt(2),50,26,420.96908474999873,0.0007544145133074921,0.073413503409797,AA,26,100.0,0.0,0.7071067811865475,12,1.0677161230793784e-11
faa0707,FAA cs=1/sqrt(2),50,27,436.6637455829987,0.0005247838653906791,0.05106771067056892,AA,27,100.0,0.0,0.7071067811865475,12,6.398082315532979e-12
faa0707,FAA cs=1/sqrt(2),50,28,452.4471950829975,0.000356610222086609,0.03470241530792637,AA,28,100.0,0.0,0.7071067811865475,13,1.236143216748564e-12
faa0707,FAA cs=1/sqrt(2),50,29,467.911318749997,0.00032592201434779197,0.03171608776022723,AA,29,100.0,0.0,0.7071067811865475,12,1.832511289988696e-12
faa0707,FAA cs=1/sqrt(2),50,30,483.62086658299813,0.00023701636713680029,0.023064511048030478,AA,30,100.0,0.0,0.7071067811865475,13,2.6195561528098647e-12
faa0707,FAA cs=1/sqrt(2),50,31,499.12596737499916,0.00016285478437604554,0.01584770713871398,AA,31,100.0,0.0,0.7071067811865475,14,1.5816332946629177e-12
faa0707,FAA cs=1/sqrt(2),50,32,514.8349432499999,0.00010174828548263395,0.009901318136725413,AA,32,100.0,0.0,0.7071067811865475,12,1.1082791269798575e-12
faa0707,FAA cs=1/sqrt(2),50,33,530.3745875829991,5.0824307291014317e-05,0.004945809486420436,AA,33,100.0,0.0,0.7071067811865475,13,1.2273031359029273e-12
faa0707,FAA cs=1/sqrt(2),50,34,545.6945831659978,2.320874793463988e-05,0.002258487165320926,AA,34,100.0,0.0,0.7071067811865475,13,7.58801855779587e-13
faa0707,FAA cs=1/sqrt(2),50,35,560.7523419159988,1.695559082520886e-05,0.0016499806179553673,AA,35,100.0,0.0,0.7071067811865475,14,2.374437013787677e-13
faa0707,FAA cs=1/sqrt(2),50,36,576.5393151249991,9.316719140765814e-06,0.0009066275639503125,AA,36,100.0,0.0,0.7071067811865475,14,2.6988156068284893e-13
faa0707,FAA cs=1/sqrt(2),50,37,592.0999366659998,6.42498217144156e-06,0.0006252271691898875,AA,37,100.0,0.0,0.7071067811865475,14,1.5290646866861804e-13
faa0707,FAA cs=1/sqrt(2),50,38,607.8606621660001,4.761737607980236e-06,0.00046337369437315153,AA,38,100.0,0.0,0.7071067811865475,15,2.815033258265672e-13
faa0707,FAA cs=1/sqrt(2),50,39,623.4713735829973,2.8039989146408578e-06,0.00027286243868581393,AA,39,100.0,0.0,0.7071067811865475,13,5.021805961980139e-13
faa0707,FAA cs=1/sqrt(2),50,40,639.1349839999966,1.0749777316646914e-06,0.00010460811659498856,AA,40,100.0,0.0,0.7071067811865475,14,2.1703539048394934e-13
faa0707,FAA cs=1/sqrt(2),50,41,654.5662928749989,6.146815319654334e-07,5.981582266364844e-05,AA,41,100.0,0.0,0.7071067811865475,14,2.1345546108825663e-13
faa0707,FAA cs=1/sqrt(2),50,42,669.9659257079984,3.332317518819104e-07,3.2427412147443784e-05,AA,42,100.0,0.0,0.7071067811865475,14,2.017335661059913e-13
faa0707,FAA cs=1/sqrt(2),50,43,685.4843978329991,2.0080968283149124e-07,1.9541170106388426e-05,AA,43,100.0,0.0,0.7071067811865475,14,1.7336946250031917e-13
faa0707,FAA cs=1/sqrt(2),50,44,700.9660954579995,1.292907876330676e-07,1.2581531122913098e-05,AA,44,100.0,0.0,0.7071067811865475,14,2.288488280136288e-13
faa0707,FAA cs=1/sqrt(2),50,45,716.4759850829978,7.310545685964642e-08,7.114030300014805e-06,AA,45,100.0,0.0,0.7071067811865475,15,3.980174941484907e-13
faa0707,FAA cs=1/sqrt(2),50,46,731.9449366249974,3.274082941130116e-08,3.1860720455764186e-06,AA,46,100.0,0.0,0.7071067811865475,15,1.8698209850559415e-13
faa0707,FAA cs=1/sqrt(2),50,47,747.4517149159983,2.7227027707976844e-08,2.6495135714117567e-06,AA,47,100.0,0.0,0.7071067811865475,15,1.544111959548464e-13
faa0707,FAA cs=1/sqrt(2),50,48,762.9358597499995,1.3008246372362096e-08,1.2658570620892115e-06,AA,48,100.0,0.0,0.7071067811865475,15,2.0332722237071847e-13
faa0707,FAA cs=1/sqrt(2),50,49,778.5341516249973,1.0968114014955964e-08,1.067327923088109e-06,AA,49,100.0,0.0,0.7071067811865475,15,2.448055458751987e-13
faa0707,FAA cs=1/sqrt(2),50,50,793.9008151659982,1.0200052838608886e-08,9.925864370826474e-07,AA,50,100.0,0.0,0.7071067811865475,14,5.090671745114995e-13
faa0707,FAA cs=1/sqrt(2),50,51,809.4112559159985,8.953063914381974e-09,8.712395859472448e-07,AA,51,100.0,0.0,0.7071067811865475,13,3.6052967082086796e-13
faa0707,FAA cs=1/sqrt(2),50,52,824.9039986249991,5.803980061243264e-09,5.647962791018123e-07,AA,52,100.0,0.0,0.7071067811865475,14,4.2324273377831534e-13
faa0707,FAA cs=1/sqrt(2),50,53,840.5266245829989,2.9501114121471563e-09,2.870809222179839e-07,AA,53,100.0,0.0,0.7071067811865475,15,2.139696377499274e-13
faa0707,FAA cs=1/sqrt(2),50,54,856.033293540997,1.3907157299361577e-09,1.3533317848580754e-07,AA,54,100.0,0.0,0.7071067811865475,14,3.5532774612040123e-13
faa0707,FAA cs=1/sqrt(2),50,55,871.4644047909969,8.818580777726825e-10,8.581527775186683e-08,AA,55,100.0,0.0,0.7071067811865475,12,4.538175300447422e-13
faa0707,FAA cs=1/sqrt(2),50,56,887.2338379579996,5.95186428297852e-10,5.791871724702586e-08,AA,56,100.0,0.0,0.7071067811865475,12,2.384983527148103e-13
faa0707,FAA cs=1/sqrt(2),50,57,902.9707204159968,4.1518225144307526e-10,4.040217028483923e-08,AA,57,100.0,0.0,0.7071067811865475,12,2.0972818737545173e-13
faa0707,FAA cs=1/sqrt(2),50,58,918.9304105829979,1.8122628586929837e-10,1.7635472702243488e-08,AA,58,100.0,0.0,0.7071067811865475,11,1.4908463437456057e-13
faa0707,FAA cs=1/sqrt(2),50,59,934.4447052079995,2.785124455122284e-10,2.7102572932539878e-08,AA,59,100.0,0.0,0.7071067811865475,12,2.4112081293251954e-13
faa0707,FAA cs=1/sqrt(2),50,60,949.7376689159973,8.775851305030758e-11,8.539946916996153e-09,AA,60,100.0,0.0,0.7071067811865475,11,1.897581670204835e-13
