method_key,algorithm,m,iter,time,rel_res,residual,step_type,AA_steps,AA_percent,eta,cs,effective_m,bu_norm
picard,Picard,10,0,0.014428416999999971,1.0,8.280962363642828,Picard,0,0.0,0.0,,0,9.373730790566751e-16
picard,Picard,10,1,0.028183958000000064,1.0446521413987233,8.650725066021714,Picard,0,0.0,0.0,,0,1.0567466780894342e-15
picard,Picard,10,2,0.04368595799999997,0.7403912837131451,6.131152354797754,Picard,0,0.0,0.0,,0,2.36735948952872e-15
picard,Picard,10,3,0.059124000000000065,0.7456883848449948,6.175017449907011,Picard,0,0.0,0.0,,0,2.9523848838839937e-15
picard,Picard,10,4,0.07440641700000006,0.5832853126190036,4.83016372106361,Picard,0,0.0,0.0,,0,3.168558805814546e-15
picard,Picard,10,5,0.08972554200000005,0.5266043836845081,4.360791081820739,Picard,0,0.0,0.0,,0,4.495885121340341e-15
picard,Picard,10,6,0.10508916700000004,0.5860167616634879,4.852782747799193,Picard,0,0.0,0.0,,0,2.5782688261263417e-15
picard,Picard,10,7,0.12034429199999996,0.4636744648577615,3.8396707924693523,Picard,0,0.0,0.0,,0,3.982336089104763e-15
picard,Picard,10,8,0.13561770800000006,0.5444023570142054,4.508175429113081,Picard,0,0.0,0.0,,0,3.1432798098086923e-15
picard,Picard,10,9,0.15090274999999997,0.8170731076802269,6.766151653044643,Picard,0,0.0,0.0,,0,1.945619272236256e-15
picard,Picard,10,10,0.16639487500000005,0.6325196304962633,5.2378712544048245,Picard,0,0.0,0.0,,0,2.270493796384978e-15
picard,Picard,10,11,0.18173916700000003,0.5988516449181982,4.959067932973198,Picard,0,0.0,0.0,,0,2.7780290503859838e-15
picard,Picard,10,12,0.197076833,0.5084356001943731,4.210336069545756,Picard,0,0.0,0.0,,0,3.4170990547359426e-15
picard,Picard,10,13,0.21251429200000005,0.38562405219349966,3.1933382627298084,Picard,0,0.0,0.0,,0,4.062749435301287e-15
picard,Picard,10,14,0.22816620799999998,0.4524889536113787,3.7470439948199528,Picard,0,0.0,0.0,,0,1.7014420877642009e-15
picard,Picard,10,15,0.24339483299999998,0.5542629077494728,4.589830278636621,Picard,0,0.0,0.0,,0,3.427797662204911e-15
picard,Picard,10,16,0.258672875,0.4553778566571316,3.770966892214046,Picard,0,0.0,0.0,,0,2.915111552902605e-15
picard,Picard,10,17,0.27393999999999996,0.48050273448831105,3.9790250599251666,Picard,0,0.0,0.0,,0,3.86477291976685e-15
picard,Picard,10,18,0.28935920800000003,0.3450060845447733,2.856982401343043,Picard,0,0.0,0.0,,0,3.1638658647266812e-15
picard,Picard,10,19,0.30484275000000005,0.5971063230756856,4.944614988482908,Picard,0,0.0,0.0,,0,2.3590029557678975e-15
picard,Picard,10,20,0.32024829200000005,0.6163372762128239,5.1038657876285285,Picard,0,0.0,0.0,,0,4.188740953445545e-15
picard,Picard,10,21,0.33563375000000006,0.4277063099942363,3.5418198557548233,Picard,0,0.0,0.0,,0,3.1155901281395912e-15
picard,Picard,10,22,0.351098292,0.3845781860603945,3.184677484644156,Picard,0,0.0,0.0,,0,2.4808719534175897e-15
picard,Picard,10,23,0.36681158300000005,0.5112260826498637,4.233443949736079,Picard,0,0.0,0.0,,0,5.69919670563417e-15
picard,Picard,10,24,0.38224583300000003,0.66790399478079,5.530887843306418,Picard,0,0.0,0.0,,0,2.558204093230627e-15
picard,Picard,10,25,0.398328542,0.6925560464352816,5.735030555243842,Picard,0,0.0,0.0,,0,2.2856407699637878e-15
picard,Picard,10,26,0.41372383299999993,0.5212667317309624,4.316590186883203,Picard,0,0.0,0.0,,0,3.661975837008447e-15
picard,Picard,10,27,0.427681792,0.3834685271488196,3.1754884409609234,Picard,0,0.0,0.0,,0,4.205070016053436e-15
picard,Picard,10,28,0.4420418749999999,0.42306881195445056,3.50341690902589,Picard,0,0.0,0.0,,0,4.954605298319444e-15
picard,Picard,10,29,0.45602904199999994,0.4167497524838169,3.451089015375952,Picard,0,0.0,0.0,,0,1.4367252614483796e-15
picard,Picard,10,30,0.4713154580000001,0.5943986169875197,4.922192576275,Picard,0,0.0,0.0,,0,2.853863971308876e-15
picard,Picard,10,31,0.4867852079999999,0.4722011800109777,3.9102801997386387,Picard,0,0.0,0.0,,0,2.9799810936115304e-15
picard,Picard,10,32,0.5024617499999999,0.4035493252930087,3.341776774624862,Picard,0,0.0,0.0,,0,5.1214713534257355e-15
picard,Picard,10,33,0.5180687079999999,0.4255222777449564,3.523733966897554,Picard,0,0.0,0.0,,0,2.0857931159750594e-15
picard,Picard,10,34,0.533844708,0.4672640430891214,3.8693959547045953,Picard,0,0.0,0.0,,0,3.191658403232176e-15
picard,Picard,10,35,0.549233042,0.49933827875973696,4.135001493135573,Picard,0,0.0,0.0,,0,4.069183507588468e-15
picard,Picard,10,36,0.5647092920000001,0.44912944558257906,3.7192240352731067,Picard,0,0.0,0.0,,0,2.988170849675139e-15
picard,Picard,10,37,0.5802022499999999,0.608851007455735,5.04187227780696,Picard,0,0.0,0.0,,0,4.122209656957615e-15
picard,Picard,10,38,0.5957817919999999,1.0923970767965614,9.046099079105769,Picard,0,0.0,0.0,,0,1.7804928008495706e-15
picard,Picard,10,39,0.6111542919999999,0.6611648031525992,5.4750808510719935,Picard,0,0.0,0.0,,0,4.127922972156963e-15
picard,Picard,10,40,0.6267760419999999,0.4280970168607303,3.545055284611477,Picard,0,0.0,0.0,,0,5.883874778408768e-15
picard,Picard,10,41,0.642364875,0.4115923003601751,3.4083803484477846,Picard,0,0.0,0.0,,0,3.57720457419656e-15
picard,Picard,10,42,0.6579042500000001,0.5187993343638783,4.296157762150227,Picard,0,0.0,0.0,,0,3.070110236325004e-15
picard,Picard,10,43,0.6734547500000001,0.6540638916932229,5.416278470529337,Picard,0,0.0,0.0,,0,1.9613985354596655e-15
picard,Picard,10,44,0.6890732500000001,0.45574085518780094,3.773972869384576,Picard,0,0.0,0.0,,0,2.8515832605845975e-15
picard,Picard,10,45,0.7046546250000001,0.338160000731305,2.800290238945368,Picard,0,0.0,0.0,,0,3.231930948146774e-15
picard,Picard,10,46,0.72022275,0.4289888834552164,3.552440798313807,Picard,0,0.0,0.0,,0,3.81399047820354e-15
picard,Picard,10,47,0.735758583,0.4913280973881912,4.06866948267185,Picard,0,0.0,0.0,,0,3.840621992715843e-15
picard,Picard,10,48,0.751234792,0.6039500369625902,5.001287525607904,Picard,0,0.0,0.0,,0,2.862219204727251e-15
picard,Picard,10,49,0.7665475420000001,0.7917852278011557,6.556743671509733,Picard,0,0.0,0.0,,0,3.1740408376213627e-15
picard,Picard,10,50,0.782096458,0.5117329600071705,4.237641382054919,Picard,0,0.0,0.0,,0,3.0228167854648346e-15
picard,Picard,10,51,0.7975975829999999,0.40030517622869105,3.3149120983212006,Picard,0,0.0,0.0,,0,1.970243320560481e-15
picard,Picard,10,52,0.8137780000000001,0.3700550865511701,3.0644122442048287,Picard,0,0.0,0.0,,0,2.907335489103568e-15
picard,Picard,10,53,0.827485917,0.4231977705541063,3.5044848103361073,Picard,0,0.0,0.0,,0,3.62544609365123e-15
picard,Picard,10,54,0.8425701670000001,0.4394460267777656,3.6390360085990556,Picard,0,0.0,0.0,,0,3.0436873803124726e-15
picard,Picard,10,55,0.85762625,0.5594666476043361,4.632922252524932,Picard,0,0.0,0.0,,0,2.3769562856397332e-15
picard,Picard,10,56,0.8725809170000001,0.5650729958466812,4.679348211317268,Picard,0,0.0,0.0,,0,2.3964941955598976e-15
picard,Picard,10,57,0.887439667,0.46820520083029793,3.8771896465375293,Picard,0,0.0,0.0,,0,2.71323498688175e-15
picard,Picard,10,58,0.9026350000000001,0.42596614849075887,3.5274096438378666,Picard,0,0.0,0.0,,0,2.5510386853886287e-15
picard,Picard,10,59,0.9177918330000001,0.6703612534388417,5.55123630977148,Picard,0,0.0,0.0,,0,1.780689274655077e-15
picard,Picard,10,60,0.9328210830000001,0.35806235685139204,2.9651009009236255,Picard,0,0.0,0.0,,0,2.4091527742318076e-15
picard,Picard,10,61,0.9476796670000001,0.3837523096917485,3.1778384335183762,Picard,0,0.0,0.0,,0,3.4463108240914788e-15
picard,Picard,10,62,0.962572333,0.4288228946999127,3.551066251678349,Picard,0,0.0,0.0,,0,3.691801534225181e-15
picard,Picard,10,63,0.977452708,0.4589463122821533,3.80051713894118,Picard,0,0.0,0.0,,0,2.9343397669439926e-15
picard,Picard,10,64,0.9924123330000001,0.43814897207234726,3.6282951473999003,Picard,0,0.0,0.0,,0,2.3744888937892526e-15
picard,Picard,10,65,1.008810708,0.4282849082163316,3.546611205855665,Picard,0,0.0,0.0,,0,2.3187089836339926e-15
picard,Picard,10,66,1.025527833,0.7119672792551501,5.8957742436570815,Picard,0,0.0,0.0,,0,3.3748350359110633e-15
picard,Picard,10,67,1.0428555,0.48292671418289435,3.9990979445462456,Picard,0,0.0,0.0,,0,2.1836057493191515e-15
picard,Picard,10,68,1.058960208,0.29139257887508185,2.413010978709377,Picard,0,0.0,0.0,,0,3.4666367653951653e-15
picard,Picard,10,69,1.073174875,0.2647195754941301,2.192132841586398,Picard,0,0.0,0.0,,0,5.215237214929247e-15
picard,Picard,10,70,1.088297792,0.4725753320044627,3.91337853831497,Picard,0,0.0,0.0,,0,2.37578897155647e-15
picard,Picard,10,71,1.103287,0.5286556037264466,4.377777157787581,Picard,0,0.0,0.0,,0,3.3887477399560972e-15
picard,Picard,10,72,1.120037833,0.4608324596816511,3.816136254568704,Picard,0,0.0,0.0,,0,4.245539409230774e-15
picard,Picard,10,73,1.135863292,0.5638201754213249,4.668973652526489,Picard,0,0.0,0.0,,0,3.3780414489849594e-15
picard,Picard,10,74,1.15102425,0.7558474461311121,6.25914425406729,Picard,0,0.0,0.0,,0,3.2380154867949135e-15
picard,Picard,10,75,1.166081458,0.4787369413560017,3.964402593454534,Picard,0,0.0,0.0,,0,2.509755642199036e-15
picard,Picard,10,76,1.180968875,0.39449637323877096,3.266809619383856,Picard,0,0.0,0.0,,0,2.1177649561958652e-15
picard,Picard,10,77,1.196204875,0.5138255831649499,4.254970315665778,Picard,0,0.0,0.0,,0,2.8205439413352303e-15
picard,Picard,10,78,1.211051375,0.2839715919196252,2.351558065030156,Picard,0,0.0,0.0,,0,2.2539490695435513e-15
picard,Picard,10,79,1.226357417,0.26341669287851327,2.1813437196822303,Picard,0,0.0,0.0,,0,2.4613546616961673e-15
picard,Picard,10,80,1.241199083,0.35576895607102904,2.9461093353766903,Picard,0,0.0,0.0,,0,2.714482519590024e-15
picard,Picard,10,81,1.25602575,0.27981533745873477,2.3171402782658,Picard,0,0.0,0.0,,0,3.4462473411096023e-15
picard,Picard,10,82,1.270927125,0.3539362042157574,2.930932386241289,Picard,0,0.0,0.0,,0,3.813165381437036e-15
picard,Picard,10,83,1.285807083,0.4497169528256732,3.724089160641537,Picard,0,0.0,0.0,,0,2.0470631129556106e-15
picard,Picard,10,84,1.300606625,0.43883225445663976,3.6339533831079667,Picard,0,0.0,0.0,,0,1.8023721909958506e-15
picard,Picard,10,85,1.315498458,0.5714839923608296,4.732437432164375,Picard,0,0.0,0.0,,0,3.951587511300642e-15
picard,Picard,10,86,1.330259917,0.6948337243271694,5.753891920143066,Picard,0,0.0,0.0,,0,3.4628719941242944e-15
picard,Picard,10,87,1.3451543750000001,0.428057006635701,3.5447239614438484,Picard,0,0.0,0.0,,0,2.8277938582718107e-15
picard,Picard,10,88,1.360026042,0.38115127524051146,3.156299365121144,Picard,0,0.0,0.0,,0,4.242283832645232e-15
picard,Picard,10,89,1.374865792,0.4614826014381552,3.8215200539853473,Picard,0,0.0,0.0,,0,3.579883058510821e-15
picard,Picard,10,90,1.3899434579999999,0.6024055871036396,4.988497994453401,Picard,0,0.0,0.0,,0,1.9304434870498227e-15
picard,Picard,10,91,1.4047771249999998,0.40369763846417056,3.343004950413286,Picard,0,0.0,0.0,,0,2.8494278029694237e-15
picard,Picard,10,92,1.420120583,0.4556684894679246,3.7733736115818624,Picard,0,0.0,0.0,,0,4.146667694113367e-15
picard,Picard,10,93,1.4353444579999999,0.3992904823803516,3.3065094567524813,Picard,0,0.0,0.0,,0,2.7961656753117794e-15
picard,Picard,10,94,1.4513026249999998,0.5200457208363862,4.306479041619619,Picard,0,0.0,0.0,,0,3.2593874833485544e-15
picard,Picard,10,95,1.4663872919999998,0.7497166453152369,6.208375323252036,Picard,0,0.0,0.0,,0,2.9624832491980245e-15
picard,Picard,10,96,1.4816661249999998,0.9787505171134954,8.104996195612811,Picard,0,0.0,0.0,,0,2.7439317738874747e-15
picard,Picard,10,97,1.4966585000000001,1.2164933259344777,10.073735447686097,Picard,0,0.0,0.0,,0,1.2591379458023401e-15
picard,Picard,10,98,1.5115909580000002,0.8119317767718168,6.723576485293066,Picard,0,0.0,0.0,,0,2.6003822200049113e-15
picard,Picard,10,99,1.526495917,0.5235012386312223,4.335094054425555,Picard,0,0.0,0.0,,0,4.428331659450223e-15
picard,Picard,10,100,1.541566375,0.5541565474326735,4.588949512856221,Picard,0,0.0,0.0,,0,3.3229283613277425e-15
picard,Picard,10,101,1.5564125830000002,0.6662818145692717,5.517454630027789,Picard,0,0.0,0.0,,0,3.2447438558999326e-15
picard,Picard,10,102,1.571322458,0.4401543587176901,3.6449016787345365,Picard,0,0.0,0.0,,0,3.775872332438259e-15
picard,Picard,10,103,1.586350542,0.1962392946065256,1.6250502129044555,Picard,0,0.0,0.0,,0,1.8083092319656143e-15
picard,Picard,10,104,1.601528917,0.3155995132449621,2.6134676911655275,Picard,0,0.0,0.0,,0,3.974655172203616e-15
picard,Picard,10,105,1.6164705000000001,0.2466838419922835,2.042779611256914,Picard,0,0.0,0.0,,0,2.505409546072177e-15
picard,Picard,10,106,1.6314189579999998,0.2694391790386182,2.231215700909619,Picard,0,0.0,0.0,,0,6.181711147406819e-15
picard,Picard,10,107,1.646243583,0.2686559820118843,2.2247300758079187,Picard,0,0.0,0.0,,0,3.6551925496244096e-15
picard,Picard,10,108,1.661031667,0.5091069138451584,4.215895192622108,Picard,0,0.0,0.0,,0,2.1982793971812454e-15
picard,Picard,10,109,1.67589825,0.4156566368621254,3.4420369660536148,Picard,0,0.0,0.0,,0,2.4088359640951555e-15
picard,Picard,10,110,1.6909041670000002,0.669217675130535,5.541766380840514,Picard,0,0.0,0.0,,0,2.1360177659974716e-15
picard,Picard,10,111,1.7059882919999998,0.7045244494222743,5.834140449932039,Picard,0,0.0,0.0,,0,1.8157032708279932e-15
picard,Picard,10,112,1.720754667,0.38912751546993724,3.222350310264393,Picard,0,0.0,0.0,,0,2.491754078790127e-15
picard,Picard,10,113,1.7359528750000002,0.20440115921797047,1.692638306568979,Picard,0,0.0,0.0,,0,2.2437582993709464e-15
picard,Picard,10,114,1.7509631250000002,0.22677628504734204,1.8779258814437774,Picard,0,0.0,0.0,,0,2.6415651489237746e-15
picard,Picard,10,115,1.7657953329999998,0.28512739597415593,2.361129234905471,Picard,0,0.0,0.0,,0,2.6841477475954873e-15
picard,Picard,10,116,1.78067025,0.405583497683305,3.3586216796300667,Picard,0,0.0,0.0,,0,2.196458195883624e-15
picard,Picard,10,117,1.7956544170000002,0.5087899453272453,4.213270388254811,Picard,0,0.0,0.0,,0,2.299385157564097e-15
picard,Picard,10,118,1.8106214999999999,0.4671699826093286,3.868617043411525,Picard,0,0.0,0.0,,0,2.8869195301482124e-15
picard,Picard,10,119,1.825491667,0.7334507133743428,6.073677753039916,Picard,0,0.0,0.0,,0,3.812176459790956e-15
picard,Picard,10,120,1.8404702080000002,0.44526623874254695,3.6872329648278335,Picard,0,0.0,0.0,,0,5.609550313772324e-15
picard,Picard,10,121,1.8553181250000002,0.17615468311317423,1.4587303010396246,Picard,0,0.0,0.0,,0,3.1727796966205916e-15
picard,Picard,10,122,1.870074083,0.25608924247885995,2.1206653787012413,Picard,0,0.0,0.0,,0,1.892916490670408e-15
picard,Picard,10,123,1.885026458,0.3643920122164072,3.017516538776146,Picard,0,0.0,0.0,,0,1.8217318809013515e-15
picard,Picard,10,124,1.8999416670000002,0.3673458688339779,3.041977314253846,Picard,0,0.0,0.0,,0,3.8147035344794516e-15
picard,Picard,10,125,1.9150070000000001,0.35274454200445254,2.9210642763192984,Picard,0,0.0,0.0,,0,3.183135641808289e-15
picard,Picard,10,126,1.929935833,0.7098118771231103,5.877925439723144,Picard,0,0.0,0.0,,0,3.4839870276575542e-15
picard,Picard,10,127,1.944761958,0.7904243390012587,6.545474202576684,Picard,0,0.0,0.0,,0,3.584092787136136e-15
picard,Picard,10,128,1.959504,0.409216268992671,3.3887045221186485,Picard,0,0.0,0.0,,0,2.4381359161268714e-15
picard,Picard,10,129,1.9743873330000001,0.38562700610262085,3.1933627239400666,Picard,0,0.0,0.0,,0,2.111486488546807e-15
picard,Picard,10,130,1.98921875,0.4674810292057812,3.871192808570088,Picard,0,0.0,0.0,,0,2.304636798785084e-15
picard,Picard,10,131,2.004132917,0.4510897632845445,3.7354573523838654,Picard,0,0.0,0.0,,0,4.211317876219059e-15
picard,Picard,10,132,2.019062542,0.8137595377456668,6.738712105127252,Picard,0,0.0,0.0,,0,1.8187559087695e-15
picard,Picard,10,133,2.033881792,0.6500285676834715,5.382862104279482,Picard,0,0.0,0.0,,0,1.8492166320175724e-15
picard,Picard,10,134,2.048754,0.4014148674839976,3.3241014098416573,Picard,0,0.0,0.0,,0,3.3674628684438523e-15
picard,Picard,10,135,2.0635105830000002,0.4531875605888442,3.7528291329073227,Picard,0,0.0,0.0,,0,2.8059761381413978e-15
picard,Picard,10,136,2.078325542,0.6107418048040688,5.057529899485789,Picard,0,0.0,0.0,,0,2.4958708764344393e-15
picard,Picard,10,137,2.093256292,0.6020417148186065,4.985484781755869,Picard,0,0.0,0.0,,0,2.2579951029867123e-15
picard,Picard,10,138,2.1080071670000002,0.4916472588532318,4.071312446751776,Picard,0,0.0,0.0,,0,1.9624251272278046e-15
picard,Picard,10,139,2.12288925,0.5112208429073217,4.233400559625294,Picard,0,0.0,0.0,,0,4.496294632142315e-15
picard,Picard,10,140,2.137864958,0.9785645601273247,8.103456292809076,Picard,0,0.0,0.0,,0,1.5245100251781717e-15
picard,Picard,10,141,2.152627625,0.5295468907019196,4.385157871686679,Picard,0,0.0,0.0,,0,2.893781128180851e-15
picard,Picard,10,142,2.167531542,0.3390687631397703,2.807815666247363,Picard,0,0.0,0.0,,0,4.422377401892109e-15
picard,Picard,10,143,2.182290667,0.2808582669248369,2.3257767379225256,Picard,0,0.0,0.0,,0,5.050249785034717e-15
picard,Picard,10,144,2.197098375,0.5567155654841079,4.610140645028032,Picard,0,0.0,0.0,,0,2.7562435518588227e-15
picard,Picard,10,145,2.211793958,0.6323670056506997,5.236607373802956,Picard,0,0.0,0.0,,0,8.269177135443202e-15
picard,Picard,10,146,2.226645333,0.36868665355438823,3.0530803020613115,Picard,0,0.0,0.0,,0,2.9626998672058884e-15
picard,Picard,10,147,2.241583125,0.3990376782241507,3.3044159950496095,Picard,0,0.0,0.0,,0,2.1236085465072683e-15
picard,Picard,10,148,2.256722125,0.6202105509681999,5.135940230101846,Picard,0,0.0,0.0,,0,1.8313507307430087e-15
picard,Picard,10,149,2.27293425,0.6745695531917698,5.586085081640404,Picard,0,0.0,0.0,,0,2.178171643051958e-15
picard,Picard,10,150,2.287640458,0.5555123114791142,4.600176543898776,Picard,0,0.0,0.0,,0,3.0035373808985733e-15
picard,Picard,10,151,2.302506917,0.4595579153854709,3.80558180122124,Picard,0,0.0,0.0,,0,1.9022707044204435e-15
picard,Picard,10,152,2.317341458,0.48645394245679285,4.028306789130376,Picard,0,0.0,0.0,,0,2.197676367656566e-15
picard,Picard,10,153,2.332181958,0.3671742530198698,3.040556170156211,Picard,0,0.0,0.0,,0,2.7160928980239036e-15
picard,Picard,10,154,2.346948792,0.3926116760563337,3.2512025129492295,Picard,0,0.0,0.0,,0,3.278937597546204e-15
picard,Picard,10,155,2.36188875,0.4409551557415139,3.6515330487497386,Picard,0,0.0,0.0,,0,3.890325568152299e-15
picard,Picard,10,156,2.376664958,0.5793429118791988,4.797516848914889,Picard,0,0.0,0.0,,0,2.8773256493356826e-15
picard,Picard,10,157,2.391453542,0.43724940514420324,3.6208458675243618,Picard,0,0.0,0.0,,0,1.9442563831975345e-15
picard,Picard,10,158,2.406532417,0.45778103355828814,3.790867509685699,Picard,0,0.0,0.0,,0,3.2571483650832094e-15
picard,Picard,10,159,2.42174975,0.6634819257602229,5.494268856177671,Picard,0,0.0,0.0,,0,2.2094887125577255e-15
picard,Picard,10,160,2.436688708,0.4215348492561358,3.490714221653914,Picard,0,0.0,0.0,,0,4.741849670785826e-15
picard,Picard,10,161,2.451850208,0.28161292365265167,2.33202602188303,Picard,0,0.0,0.0,,0,3.0968591815543034e-15
picard,Picard,10,162,2.466883917,0.2948940508538111,2.442006536382584,Picard,0,0.0,0.0,,0,3.0605326075864122e-15
picard,Picard,10,163,2.481927917,0.5469068486638766,4.528915030204066,Picard,0,0.0,0.0,,0,4.527052818473449e-15
picard,Picard,10,164,2.496931333,0.4956470523734668,4.104434586355184,Picard,0,0.0,0.0,,0,2.4260461480428917e-15
picard,Picard,10,165,2.511956167,0.37695013192115695,3.1215098554093,Picard,0,0.0,0.0,,0,2.911183560432744e-15
picard,Picard,10,166,2.526995042,0.3926741487280254,3.251719846792265,Picard,0,0.0,0.0,,0,3.59946856368664e-15
picard,Picard,10,167,2.542205375,0.5184439257269741,4.2932146366043105,Picard,0,0.0,0.0,,0,2.2270364236871168e-15
picard,Picard,10,168,2.557249458,0.651438512625335,5.394537805277863,Picard,0,0.0,0.0,,0,2.796180112796751e-15
picard,Picard,10,169,2.572365292,0.62319139485641,5.160624486152008,Picard,0,0.0,0.0,,0,2.632942663513922e-15
picard,Picard,10,170,2.587616708,0.5007143369904234,4.146396579554069,Picard,0,0.0,0.0,,0,2.223968891792743e-15
picard,Picard,10,171,2.602812667,0.4915109641941422,4.0701837958094895,Picard,0,0.0,0.0,,0,1.886757316197701e-15
picard,Picard,10,172,2.617852375,0.4027949658738724,3.335529952666335,Picard,0,0.0,0.0,,0,4.66228745920526e-15
picard,Picard,10,173,2.632846875,0.3120548702532647,2.584114635958731,Picard,0,0.0,0.0,,0,3.8362218659931154e-15
picard,Picard,10,174,2.647985125,0.3323757980909755,2.752391474577116,Picard,0,0.0,0.0,,0,2.3032171640890243e-15
picard,Picard,10,175,2.663118458,0.6915305789790137,5.726538697833347,Picard,0,0.0,0.0,,0,2.697764684441729e-15
picard,Picard,10,176,2.678020417,0.5259804776813042,4.355624539689757,Picard,0,0.0,0.0,,0,2.730864447070867e-15
picard,Picard,10,177,2.693129583,0.37138245905652906,3.075404165964241,Picard,0,0.0,0.0,,0,3.732314659154091e-15
picard,Picard,10,178,2.708182583,0.415238833114075,3.4385771489406203,Picard,0,0.0,0.0,,0,3.865006938247394e-15
picard,Picard,10,179,2.723238458,0.5339743250200156,4.421821288642333,Picard,0,0.0,0.0,,0,3.376091858133152e-15
picard,Picard,10,180,2.73834925,0.6774794233966469,5.610181607290078,Picard,0,0.0,0.0,,0,3.3107366293677927e-15
picard,Picard,10,181,2.753179208,0.771859839109324,6.391742277671721,Picard,0,0.0,0.0,,0,3.3364474628456134e-15
picard,Picard,10,182,2.768178792,0.543134586280332,4.497677067380147,Picard,0,0.0,0.0,,0,2.5016318626095417e-15
picard,Picard,10,183,2.783212792,0.21416127711362523,1.7734614755276128,Picard,0,0.0,0.0,,0,2.621184224868835e-15
picard,Picard,10,184,2.798335208,0.19828871817928603,1.642021412377647,Picard,0,0.0,0.0,,0,3.0343684545916323e-15
picard,Picard,10,185,2.813357417,0.30049281217886087,2.4883696681983403,Picard,0,0.0,0.0,,0,3.124796237050533e-15
picard,Picard,10,186,2.828337917,0.2855658008212865,2.364759648944598,Picard,0,0.0,0.0,,0,2.4652157390116565e-15
picard,Picard,10,187,2.843455375,0.3531171994897548,2.924150238929616,Picard,0,0.0,0.0,,0,3.549059985933931e-15
picard,Picard,10,188,2.858538333,0.5050432217265566,4.182243911130535,Picard,0,0.0,0.0,,0,2.6714909998367616e-15
picard,Picard,10,189,2.873552958,0.6850756681467383,5.673085824170603,Picard,0,0.0,0.0,,0,2.7652661187984587e-15
picard,Picard,10,190,2.888445292,0.4767158993418774,3.94766642060023,Picard,0,0.0,0.0,,0,2.8251380354144963e-15
picard,Picard,10,191,2.903471875,0.3955867552684882,3.275839031933937,Picard,0,0.0,0.0,,0,3.2015157523989043e-15
picard,Picard,10,192,2.918575917,0.7105081538759043,5.883691281307711,Picard,0,0.0,0.0,,0,4.083062809210336e-15
picard,Picard,10,193,2.9339887080000002,0.5178018003726286,4.287897220712234,Picard,0,0.0,0.0,,0,2.8772308710513747e-15
picard,Picard,10,194,2.949004083,0.5632387178352078,4.664158624139799,Picard,0,0.0,0.0,,0,3.538313139609695e-15
picard,Picard,10,195,2.964547417,0.7097752827243411,5.877622402884216,Picard,0,0.0,0.0,,0,3.0114621128398514e-15
picard,Picard,10,196,2.979980333,0.5223943631884951,4.325928060543091,Picard,0,0.0,0.0,,0,2.6992662571616063e-15
picard,Picard,10,197,2.995215042,0.2974636311005569,2.463285133696246,Picard,0,0.0,0.0,,0,2.1631667087803187e-15
picard,Picard,10,198,3.010151417,0.18139145702152534,1.502095828681587,Picard,0,0.0,0.0,,0,1.8972878623637563e-15
picard,Picard,10,199,3.0254000420000002,0.30635316857626554,2.536899058962782,Picard,0,0.0,0.0,,0,4.421339291523924e-15
picard,Picard,10,200,3.040422083,0.4188471498418939,3.4684574839597917,Picard,0,0.0,0.0,,0,4.273380896246279e-15
picard,Picard,10,201,3.055496792,0.4264676481196442,3.531562543390047,Picard,0,0.0,0.0,,0,3.723771898636231e-15
picard,Picard,10,202,3.070531042,0.45955235679624723,3.805535770753084,Picard,0,0.0,0.0,,0,3.0315479394197404e-15
picard,Picard,10,203,3.085447,0.6411762984081677,5.30955679557786,Picard,0,0.0,0.0,,0,5.046636952390603e-15
picard,Picard,10,204,3.100537708,0.3790265643043216,3.1387047138249353,Picard,0,0.0,0.0,,0,2.5201321151849617e-15
picard,Picard,10,205,3.115629958,0.42425269991195336,3.513220640644741,Picard,0,0.0,0.0,,0,2.744404188001855e-15
picard,Picard,10,206,3.130684167,0.35400952041306966,2.9315395149118775,Picard,0,0.0,0.0,,0,2.964379188956215e-15
picard,Picard,10,207,3.145657042,0.3559290340833347,2.9474349353718403,Picard,0,0.0,0.0,,0,3.210870079450053e-15
picard,Picard,10,208,3.16080725,0.28840055368993583,2.3882341307601114,Picard,0,0.0,0.0,,0,5.101461181844572e-15
picard,Picard,10,209,3.175870125,0.2242916716737639,1.8573508916089732,Picard,0,0.0,0.0,,0,1.7053135178591513e-15
picard,Picard,10,210,3.190795458,0.3723634559943411,3.0835277646851114,Picard,0,0.0,0.0,,0,3.721015231663205e-15
picard,Picard,10,211,3.20588175,0.40381469380949453,3.3439742813223767,Picard,0,0.0,0.0,,0,2.1984034028317805e-15
picard,Picard,10,212,3.220942417,0.5277357470937216,4.370159859632039,Picard,0,0.0,0.0,,0,3.0180932793460847e-15
picard,Picard,10,213,3.235985167,0.5040143448930507,4.173723820795449,Picard,0,0.0,0.0,,0,2.6993449434868036e-15
picard,Picard,10,214,3.251006458,0.3639792498359507,3.014098469038458,Picard,0,0.0,0.0,,0,2.5632979699877526e-15
picard,Picard,10,215,3.265982833,0.4508811813683052,3.733730093385751,Picard,0,0.0,0.0,,0,2.6615117136927137e-15
picard,Picard,10,216,3.28096875,0.6029558825691241,4.993054970491962,Picard,0,0.0,0.0,,0,2.30967391916801e-15
picard,Picard,10,217,3.296054542,0.5946392723024534,4.9241854338805755,Picard,0,0.0,0.0,,0,2.7000498177363828e-15
picard,Picard,10,218,3.310994375,0.4403059646802756,3.646157122004811,Picard,0,0.0,0.0,,0,1.722344230964296e-15
picard,Picard,10,219,3.3261005,0.42329681819742715,3.505305020142655,Picard,0,0.0,0.0,,0,4.189254557043062e-15
picard,Picard,10,220,3.341243542,0.8024696031054799,6.645220581283877,Picard,0,0.0,0.0,,0,1.9481465036910815e-15
picard,Picard,10,221,3.356126625,0.4858502514180319,4.023307646359128,Picard,0,0.0,0.0,,0,2.569116799977107e-15
picard,Picard,10,222,3.371168042,0.38376678090469807,3.177958269088168,Picard,0,0.0,0.0,,0,3.564373051700188e-15
picard,Picard,10,223,3.386265,0.48660903458201893,4.0295911011822705,Picard,0,0.0,0.0,,0,3.581827585690325e-15
picard,Picard,10,224,3.401711167,0.6053289089216483,5.0127059124051465,Picard,0,0.0,0.0,,0,3.735732165474647e-15
picard,Picard,10,225,3.4170760419999997,0.7198194716717254,5.9607979535308235,Picard,0,0.0,0.0,,0,2.8216222335496314e-15
picard,Picard,10,226,3.4322525419999996,0.5834642596037288,4.831645574309207,Picard,0,0.0,0.0,,0,2.305143478109361e-15
picard,Picard,10,227,3.4464981669999997,0.3336936049991696,2.76330418398642,Picard,0,0.0,0.0,,0,3.624730623050362e-15
picard,Picard,10,228,3.4615677500000004,0.5579662747549718,4.620497721427916,Picard,0,0.0,0.0,,0,2.8190215090096304e-15
picard,Picard,10,229,3.4765955,0.63274992623824,5.239778324776641,Picard,0,0.0,0.0,,0,3.4765774932060737e-15
picard,Picard,10,230,3.4916871250000003,0.6142200986932322,5.08633352027164,Picard,0,0.0,0.0,,0,2.3345130925008023e-15
picard,Picard,10,231,3.5066764170000004,0.5552088311433143,4.597663434659912,Picard,0,0.0,0.0,,0,4.247334093726435e-15
picard,Picard,10,232,3.521713417,0.5106246071459047,4.2284631537251425,Picard,0,0.0,0.0,,0,1.847546882486476e-15
picard,Picard,10,233,3.5367629999999997,1.1318364829608778,9.372695317196897,Picard,0,0.0,0.0,,0,2.5439944035299034e-15
picard,Picard,10,234,3.5518050829999996,0.760640883423135,6.298838527875013,Picard,0,0.0,0.0,,0,3.2904628622342613e-15
picard,Picard,10,235,3.5668874170000002,0.3621712180995874,2.9991262262773617,Picard,0,0.0,0.0,,0,4.201688263945768e-15
picard,Picard,10,236,3.581808542,0.3829600806975234,3.1712780150338116,Picard,0,0.0,0.0,,0,3.5080202107726203e-15
picard,Picard,10,237,3.596931167,0.5601653046691424,4.638707805383686,Picard,0,0.0,0.0,,0,3.1237360092964576e-15
picard,Picard,10,238,3.611965583,0.659699863152206,5.462949738063742,Picard,0,0.0,0.0,,0,2.883951629262396e-15
picard,Picard,10,239,3.6267946670000004,0.652727679121295,5.405213344511377,Picard,0,0.0,0.0,,0,2.648122250459462e-15
picard,Picard,10,240,3.6417941249999997,0.7415946343745178,6.141117256334846,Picard,0,0.0,0.0,,0,2.1841022389379078e-15
picard,Picard,10,241,3.65666925,0.5455998248653053,4.518091615319712,Picard,0,0.0,0.0,,0,2.03564592584723e-15
picard,Picard,10,242,3.671768,0.6272243836113517,5.194021514244675,Picard,0,0.0,0.0,,0,3.946609052220299e-15
picard,Picard,10,243,3.6866973749999996,1.0631219490228805,8.803672847821083,Picard,0,0.0,0.0,,0,1.9325480197617153e-15
picard,Picard,10,244,3.701643292,0.6974195306226038,5.775304884755228,Picard,0,0.0,0.0,,0,2.7394290493149774e-15
picard,Picard,10,245,3.716585542,0.42724046972539304,3.537962250021063,Picard,0,0.0,0.0,,0,7.088746287722555e-15
picard,Picard,10,246,3.7316065829999996,0.5482081894765471,4.539691384496064,Picard,0,0.0,0.0,,0,1.939916564788426e-15
picard,Picard,10,247,3.746669333,0.4508757003796455,3.7336847055249454,Picard,0,0.0,0.0,,0,2.831593896190048e-15
picard,Picard,10,248,3.7615740000000004,0.5525738421421174,4.575843189912387,Picard,0,0.0,0.0,,0,2.6988879731359847e-15
picard,Picard,10,249,3.776482292,0.5606969554107561,4.643110385165593,Picard,0,0.0,0.0,,0,2.357789829088853e-15
picard,Picard,10,250,3.7915343330000004,0.28490880721529294,2.3593191096202113,Picard,0,0.0,0.0,,0,2.632629393687636e-15
picard,Picard,10,251,3.8065169169999997,0.5509429010542927,4.562337428146792,Picard,0,0.0,0.0,,0,2.259439414410136e-15
picard,Picard,10,252,3.8213815,0.501457280742457,4.152548868802962,Picard,0,0.0,0.0,,0,1.9291125625106747e-15
picard,Picard,10,253,3.8362179999999997,0.3913245461783058,3.2405438388721604,Picard,0,0.0,0.0,,0,3.365593507609213e-15
picard,Picard,10,254,3.8511289580000003,0.443367403893437,3.6715087849075805,Picard,0,0.0,0.0,,0,2.9540416429512875e-15
picard,Picard,10,255,3.8660654169999997,0.4806108017413004,3.9799199607799136,Picard,0,0.0,0.0,,0,2.537714041755738e-15
picard,Picard,10,256,3.8811916249999996,0.45543799804446194,3.7714649207790254,Picard,0,0.0,0.0,,0,2.2349731613823122e-15
picard,Picard,10,257,3.8961124170000003,0.42460289170010984,3.5161205656625216,Picard,0,0.0,0.0,,0,2.490802325393839e-15
picard,Picard,10,258,3.910959708,0.42770597436336677,3.5418170764082246,Picard,0,0.0,0.0,,0,2.3149084744855367e-15
picard,Picard,10,259,3.9260277080000003,0.43942983331252977,3.638901911122901,Picard,0,0.0,0.0,,0,2.6766530813990255e-15
picard,Picard,10,260,3.9410001670000003,0.4502609741854571,3.728594181046925,Picard,0,0.0,0.0,,0,2.2743699608005095e-15
picard,Picard,10,261,3.9559581670000004,0.31620666276934606,2.6184954735260546,Picard,0,0.0,0.0,,0,4.571037941854014e-15
picard,Picard,10,262,3.970917292,0.4137267210663621,3.4260554059838992,Picard,0,0.0,0.0,,0,2.6171205406265276e-15
picard,Picard,10,263,3.98576875,0.45352724526219385,3.7556420489028377,Picard,0,0.0,0.0,,0,2.4729544003282025e-15
picard,Picard,10,264,4.000714208,0.6115038641410212,5.063840484173954,Picard,0,0.0,0.0,,0,2.8622957642350183e-15
picard,Picard,10,265,4.015681958,0.7417015068188924,6.142002263024422,Picard,0,0.0,0.0,,0,6.718733539290575e-15
picard,Picard,10,266,4.030685875,0.5088845372415989,4.214053700337478,Picard,0,0.0,0.0,,0,5.109806490103726e-15
picard,Picard,10,267,4.045658417,0.3655710770820923,3.027280330553178,Picard,0,0.0,0.0,,0,2.871740950142344e-15
picard,Picard,10,268,4.060526917,0.39553933780963574,3.2754463697418004,Picard,0,0.0,0.0,,0,5.181701908703351e-15
picard,Picard,10,269,4.075355125,0.42400662002858686,3.511182862392133,Picard,0,0.0,0.0,,0,2.2451205787325316e-15
picard,Picard,10,270,4.090274917,0.77206836095486,6.393469039226602,Picard,0,0.0,0.0,,0,1.758737089754618e-15
picard,Picard,10,271,4.105100042,0.6771424658177149,5.607391274260797,Picard,0,0.0,0.0,,0,3.4788776264317375e-15
picard,Picard,10,272,4.12019875,0.3310619618591144,2.741511646189084,Picard,0,0.0,0.0,,0,3.2850531191634866e-15
picard,Picard,10,273,4.135225833,0.41887007018588834,3.4686472864657714,Picard,0,0.0,0.0,,0,3.750759184655876e-15
picard,Picard,10,274,4.150263917,0.40304743418163913,3.337620633220964,Picard,0,0.0,0.0,,0,2.5903323824664947e-15
picard,Picard,10,275,4.165290083,0.452522133431578,3.7473187556622554,Picard,0,0.0,0.0,,0,5.380508008451216e-15
picard,Picard,10,276,4.180162417,0.529892236472223,4.388017667013004,Picard,0,0.0,0.0,,0,2.3609938478051218e-15
picard,Picard,10,277,4.195064042,0.5574423635173394,4.616159232187192,Picard,0,0.0,0.0,,0,1.7467874228581505e-15
picard,Picard,10,278,4.2100305,0.3872890064664717,3.207125686401476,Picard,0,0.0,0.0,,0,2.558335245076051e-15
picard,Picard,10,279,4.224990708,0.6647649753185965,5.5048937412812515,Picard,0,0.0,0.0,,0,4.400177462930859e-15
picard,Picard,10,280,4.239949125,0.5873458110221759,4.863788555517911,Picard,0,0.0,0.0,,0,3.0094581920066564e-15
picard,Picard,10,281,4.254823292,0.6415623775599596,5.3127539025032355,Picard,0,0.0,0.0,,0,2.047634599874631e-15
picard,Picard,10,282,4.269778083,0.5846223412674109,4.841235604980183,Picard,0,0.0,0.0,,0,2.5753116327704978e-15
picard,Picard,10,283,4.284771208,0.42795460253960194,3.543875956978169,Picard,0,0.0,0.0,,0,2.39508107530992e-15
picard,Picard,10,284,4.299703583,0.37654451542741707,3.118150960490567,Picard,0,0.0,0.0,,0,2.6506988685816254e-15
picard,Picard,10,285,4.314638833,0.7520483366643771,6.227683971557898,Picard,0,0.0,0.0,,0,1.6290922113522942e-15
picard,Picard,10,286,4.329539958,0.4236443674433499,3.5081830623676535,Picard,0,0.0,0.0,,0,2.2433810758362434e-15
picard,Picard,10,287,4.344564958,0.4135915809580726,3.424936315833335,Picard,0,0.0,0.0,,0,3.2360327050223387e-15
picard,Picard,10,288,4.359765875,0.49520287376860267,4.100756360045569,Picard,0,0.0,0.0,,0,2.274286953022632e-15
picard,Picard,10,289,4.374685458,0.623563950389019,5.16370960449591,Picard,0,0.0,0.0,,0,3.593977720741862e-15
picard,Picard,10,290,4.390533458,0.6575694857463952,5.445308162945868,Picard,0,0.0,0.0,,0,2.78222413923077e-15
picard,Picard,10,291,4.4057445,0.6493090559621216,5.376903854794785,Picard,0,0.0,0.0,,0,2.8011716372138622e-15
picard,Picard,10,292,4.420875667,0.6354655228875139,5.262266078424113,Picard,0,0.0,0.0,,0,1.6614369083506753e-15
picard,Picard,10,293,4.436111125,0.7232747816702898,5.9894112455836535,Picard,0,0.0,0.0,,0,3.1216499710574343e-15
picard,Picard,10,294,4.451284292,0.7553371740210492,6.254918709928642,Picard,0,0.0,0.0,,0,5.678605666859994e-15
picard,Picard,10,295,4.466410417,0.3976397818595975,3.292840067866471,Picard,0,0.0,0.0,,0,3.073037494649676e-15
picard,Picard,10,296,4.481420542,0.3471468174530176,2.8747097299868263,Picard,0,0.0,0.0,,0,2.9987015412298248e-15
picard,Picard,10,297,4.496440292,0.4619912835944,3.825732431776267,Picard,0,0.0,0.0,,0,2.0485978928961563e-15
picard,Picard,10,298,4.511515458,0.404421559249945,3.348999711194543,Picard,0,0.0,0.0,,0,2.6856767999460637e-15
picard,Picard,10,299,4.5265812500000004,0.3843108481268504,3.182463669278103,Picard,0,0.0,0.0,,0,4.5902374006548886e-15
picard,Picard,10,300,4.541678833,0.4577569453991031,3.790668036546078,Picard,0,0.0,0.0,,0,3.203532901318871e-15
picard,Picard,10,301,4.556674333,0.6143080335514954,5.08706170552337,Picard,0,0.0,0.0,,0,3.0849916540095447e-15
picard,Picard,10,302,4.571775833,0.9214320591948079,7.630344202846115,Picard,0,0.0,0.0,,0,1.8069819262737324e-15
picard,Picard,10,303,4.586840292,0.7146766883339589,5.91821075826641,Picard,0,0.0,0.0,,0,3.35295203141961e-15
picard,Picard,10,304,4.602072792,0.31709085752586513,2.6258174570269195,Picard,0,0.0,0.0,,0,3.898229314305697e-15
picard,Picard,10,305,4.617177875,0.38960450384012496,3.2263002330058126,Picard,0,0.0,0.0,,0,2.2940530643327666e-15
picard,Picard,10,306,4.632060542,0.41884929762038065,3.4684752696326058,Picard,0,0.0,0.0,,0,2.239660534763341e-15
picard,Picard,10,307,4.647079208,0.585371240619001,4.8474372123248575,Picard,0,0.0,0.0,,0,3.2497250764828855e-15
picard,Picard,10,308,4.662013875,0.7152157737669096,5.9226749044474625,Picard,0,0.0,0.0,,0,3.9777092197008796e-15
picard,Picard,10,309,4.676923,0.3507047685957564,2.904172989491526,Picard,0,0.0,0.0,,0,2.283902090210639e-15
picard,Picard,10,310,4.691980708,0.370013285263408,3.064066089314119,Picard,0,0.0,0.0,,0,1.8771403355785067e-15
picard,Picard,10,311,4.706955125,0.45631025524452073,3.7786880498241286,Picard,0,0.0,0.0,,0,2.407937552192961e-15
picard,Picard,10,312,4.721835375,0.5891955858696593,4.879106471411134,Picard,0,0.0,0.0,,0,2.56448152608342e-15
picard,Picard,10,313,4.736741208,0.6803156279387577,5.633668110358889,Picard,0,0.0,0.0,,0,4.229300945705171e-15
picard,Picard,10,314,4.751839833,0.40071663242418404,3.3183193515903655,Picard,0,0.0,0.0,,0,3.658246512965192e-15
picard,Picard,10,315,4.766873583,0.26923101226534263,2.229491879694763,Picard,0,0.0,0.0,,0,3.1986907363755417e-15
picard,Picard,10,316,4.781853417,0.33191923672206425,2.7486107070644685,Picard,0,0.0,0.0,,0,3.0413749874011524e-15
picard,Picard,10,317,4.796778375,0.5223953252173029,4.325936027067441,Picard,0,0.0,0.0,,0,3.178286241974418e-15
picard,Picard,10,318,4.811762417,0.41448275278110946,3.4323160761594425,Picard,0,0.0,0.0,,0,3.031129141938678e-15
picard,Picard,10,319,4.826649083,0.501811004588702,4.15547804266084,Picard,0,0.0,0.0,,0,3.154833142101126e-15
picard,Picard,10,320,4.841714,0.35922747026916335,2.974749161285565,Picard,0,0.0,0.0,,0,2.5163710786649493e-15
picard,Picard,10,321,4.856643583,0.3330164327461306,2.7576965460453002,Picard,0,0.0,0.0,,0,3.4447933880919532e-15
picard,Picard,10,322,4.871734292,0.3205070664367211,2.654106954444059,Picard,0,0.0,0.0,,0,3.767206883873744e-15
picard,Picard,10,323,4.88674925,0.2978128660068996,2.46617713481174,Picard,0,0.0,0.0,,0,2.172269116551885e-15
picard,Picard,10,324,4.901684333,0.2908393725451984,2.4084298979122836,Picard,0,0.0,0.0,,0,3.881513355921602e-15
picard,Picard,10,325,4.916670042,0.2516419370723132,2.0838374100100023,Picard,0,0.0,0.0,,0,4.197297824679651e-15
picard,Picard,10,326,4.931653083,0.3637005443818935,3.011790519662868,Picard,0,0.0,0.0,,0,1.9092524521199493e-15
picard,Picard,10,327,4.946650167,0.4586673217133013,3.7982068285407053,Picard,0,0.0,0.0,,0,3.5363753894845592e-15
picard,Picard,10,328,4.961691,0.43614353063505706,3.6116881623352106,Picard,0,0.0,0.0,,0,2.1030735410408272e-15
picard,Picard,10,329,4.976550167,0.45533104726568113,3.7705792654051793,Picard,0,0.0,0.0,,0,2.8601750613604312e-15
picard,Picard,10,330,4.991522833,0.43536242793738666,3.605219880293662,Picard,0,0.0,0.0,,0,2.057579129302327e-15
picard,Picard,10,331,5.006601083,0.46598826358824,3.8588312726734895,Picard,0,0.0,0.0,,0,2.81667914722179e-15
picard,Picard,10,332,5.022732042,0.5397018107368146,4.469250382301446,Picard,0,0.0,0.0,,0,1.956005215145759e-15
picard,Picard,10,333,5.037741417,0.34367265694448057,2.8459403375703767,Picard,0,0.0,0.0,,0,2.7611997586928646e-15
picard,Picard,10,334,5.052801,0.2342144505374006,1.939521049921499,Picard,0,0.0,0.0,,0,3.6834453267568165e-15
picard,Picard,10,335,5.067703083,0.2078849675659586,1.721487592380813,Picard,0,0.0,0.0,,0,2.6039644630425874e-15
picard,Picard,10,336,5.082656042,0.37358989379452434,3.0936838499497776,Picard,0,0.0,0.0,,0,3.682146736423329e-15
picard,Picard,10,337,5.097627542,0.4662848304291174,3.8612871315210993,Picard,0,0.0,0.0,,0,2.2061690004642564e-15
picard,Picard,10,338,5.112548167,0.4286172640367326,3.5493634318957437,Picard,0,0.0,0.0,,0,2.7528238255693893e-15
picard,Picard,10,339,5.127523833,0.7323078421495092,6.064213679440579,Picard,0,0.0,0.0,,0,3.682170984372167e-15
picard,Picard,10,340,5.142555417,0.6776206433405875,5.611351044330846,Picard,0,0.0,0.0,,0,2.4909360604501668e-15
picard,Picard,10,341,5.157581167,0.37665157949312233,3.119037553989171,Picard,0,0.0,0.0,,0,2.362475332396904e-15
picard,Picard,10,342,5.172610542,0.4083622115648727,3.381632104702661,Picard,0,0.0,0.0,,0,4.563627036375287e-15
picard,Picard,10,343,5.187588375,0.41939731951954434,3.4730134183540327,Picard,0,0.0,0.0,,0,2.540827976214505e-15
picard,Picard,10,344,5.202604,0.5339268778749703,4.4214283806199495,Picard,0,0.0,0.0,,0,2.1720502716558165e-15
picard,Picard,10,345,5.217640833,0.5781131937100328,4.787333599038138,Picard,0,0.0,0.0,,0,4.049553366967568e-15
picard,Picard,10,346,5.232599625,0.4051764194592548,3.3552506801776487,Picard,0,0.0,0.0,,0,2.353912992765163e-15
picard,Picard,10,347,5.247589625,0.4002265109144072,3.314260673814292,Picard,0,0.0,0.0,,0,2.6619068173254603e-15
picard,Picard,10,348,5.262621625,0.6049528423489184,5.009591719270147,Picard,0,0.0,0.0,,0,2.9212510382809357e-15
picard,Picard,10,349,5.281372792,0.6203444287179658,5.137048866708986,Picard,0,0.0,0.0,,0,1.6844577759026618e-15
picard,Picard,10,350,5.296313,0.4996111689152201,4.137261286242538,Picard,0,0.0,0.0,,0,3.812774699406427e-15
picard,Picard,10,351,5.311265875,0.5128328476227045,4.246749510003394,Picard,0,0.0,0.0,,0,2.0501216318765817e-15
picard,Picard,10,352,5.326212667,0.9225958847484305,7.639981798453509,Picard,0,0.0,0.0,,0,2.4886931481256638e-15
picard,Picard,10,353,5.341126333,0.5031936155304364,4.166927391832903,Picard,0,0.0,0.0,,0,2.8838990857204027e-15
picard,Picard,10,354,5.3560835,0.3725794597165762,3.085316483379347,Picard,0,0.0,0.0,,0,4.881920916404517e-15
picard,Picard,10,355,5.37109275,0.29678338873271765,2.457652072250014,Picard,0,0.0,0.0,,0,3.196943758961777e-15
picard,Picard,10,356,5.386085917,0.6114341101828761,5.063262854271839,Picard,0,0.0,0.0,,0,2.4411316613343507e-15
picard,Picard,10,357,5.401189625,0.6664595066298178,5.518926091293489,Picard,0,0.0,0.0,,0,3.2598994317235977e-15
picard,Picard,10,358,5.4167135,0.35240330928462144,2.9182385410091336,Picard,0,0.0,0.0,,0,2.4766764827171897e-15
picard,Picard,10,359,5.432293792,0.4146309190536731,3.433543035486103,Picard,0,0.0,0.0,,0,2.391392299651351e-15
picard,Picard,10,360,5.446103875,0.5961434390410993,4.936641382031946,Picard,0,0.0,0.0,,0,3.009712679631681e-15
picard,Picard,10,361,5.461089583,0.6323758417944473,5.236680545576769,Picard,0,0.0,0.0,,0,2.8215092401457623e-15
picard,Picard,10,362,5.476029417,0.5657697136561185,4.685117705275298,Picard,0,0.0,0.0,,0,4.538164202072936e-15
picard,Picard,10,363,5.491139833,0.4648568776619477,3.8494623083991075,Picard,0,0.0,0.0,,0,3.0132095447019506e-15
picard,Picard,10,364,5.50617975,0.3982351026513748,3.297769896937473,Picard,0,0.0,0.0,,0,5.841415228720729e-15
picard,Picard,10,365,5.521254083,0.45479865593030655,3.766170552794213,Picard,0,0.0,0.0,,0,2.7156743704492447e-15
picard,Picard,10,366,5.53624425,0.469973212372293,3.8918304835752764,Picard,0,0.0,0.0,,0,2.3765450934010768e-15
picard,Picard,10,367,5.551397583,0.28843529660661704,2.3885218355455518,Picard,0,0.0,0.0,,0,1.9683873530389144e-15
picard,Picard,10,368,5.566472833,0.49389522207615605,4.089927745595665,Picard,0,0.0,0.0,,0,2.982862984313258e-15
picard,Picard,10,369,5.581525542,0.5227989842485286,4.329278712312765,Picard,0,0.0,0.0,,0,3.034272825210405e-15
picard,Picard,10,370,5.596868583,0.5244268631726263,4.3427591164157855,Picard,0,0.0,0.0,,0,3.181266202861877e-15
picard,Picard,10,371,5.611955125,0.6769795356255821,5.606042055471844,Picard,0,0.0,0.0,,0,3.57422919863785e-15
picard,Picard,10,372,5.626950167,0.5870674773040162,4.861483684473298,Picard,0,0.0,0.0,,0,3.845154985646007e-15
picard,Picard,10,373,5.641885083,0.5117422796913763,4.237718558009069,Picard,0,0.0,0.0,,0,3.7713278785283446e-15
picard,Picard,10,374,5.656900875,0.7432389769735048,6.154733995509992,Picard,0,0.0,0.0,,0,2.61590335851937e-15
picard,Picard,10,375,5.671978542,0.6854503715134709,5.676188728648047,Picard,0,0.0,0.0,,0,2.3407038207823887e-15
picard,Picard,10,376,5.686957875,0.49129132009923177,4.06836493132614,Picard,0,0.0,0.0,,0,2.8270918525853216e-15
picard,Picard,10,377,5.702016458,0.41370459644593094,3.425872192834799,Picard,0,0.0,0.0,,0,2.80993965442678e-15
picard,Picard,10,378,5.717056375,0.7585594427981074,6.281602196397002,Picard,0,0.0,0.0,,0,1.2090310567924226e-15
picard,Picard,10,379,5.73202175,0.37384378251407946,3.095786292880967,Picard,0,0.0,0.0,,0,3.5102763864939655e-15
picard,Picard,10,380,5.746872583,0.34678311440617327,2.871697918744366,Picard,0,0.0,0.0,,0,5.103688108961689e-15
picard,Picard,10,381,5.761886208,0.5011161967986033,4.149724365501067,Picard,0,0.0,0.0,,0,3.43332096195143e-15
picard,Picard,10,382,5.776981083,0.5494148533347836,4.549683722491688,Picard,0,0.0,0.0,,0,4.8625989615795235e-15
picard,Picard,10,383,5.792037333,0.6762046985427933,5.599625658751316,Picard,0,0.0,0.0,,0,1.988108981723105e-15
picard,Picard,10,384,5.806930417,0.6560951168911451,5.433098969945415,Picard,0,0.0,0.0,,0,3.893990224187374e-15
picard,Picard,10,385,5.8220115,0.41547646623817636,3.4405449798976586,Picard,0,0.0,0.0,,0,2.1098902711208416e-15
picard,Picard,10,386,5.836991208,0.3875815765475356,3.2095484482314944,Picard,0,0.0,0.0,,0,3.475833023293843e-15
picard,Picard,10,387,5.852086875,0.4327506959102667,3.583592225673161,Picard,0,0.0,0.0,,0,3.740906915247908e-15
picard,Picard,10,388,5.867093167,0.4730529892523237,3.917334000007228,Picard,0,0.0,0.0,,0,2.409530868989316e-15
picard,Picard,10,389,5.882026083,0.4361790795026223,3.6119825411695885,Picard,0,0.0,0.0,,0,2.134912291477538e-15
picard,Picard,10,390,5.897018917,0.40794381495627624,3.378167378133798,Picard,0,0.0,0.0,,0,3.1470284450126435e-15
picard,Picard,10,391,5.911965167,0.48297690234410723,3.9995135508203496,Picard,0,0.0,0.0,,0,3.5052517213585684e-15
picard,Picard,10,392,5.927051125,0.40755711565729175,3.37496513579286,Picard,0,0.0,0.0,,0,3.9587764701249026e-15
picard,Picard,10,393,5.942106958,0.6896786134860701,5.711202641287516,Picard,0,0.0,0.0,,0,3.007388310103305e-15
picard,Picard,10,394,5.957181458,0.512616082983782,4.244954490186708,Picard,0,0.0,0.0,,0,3.080166863135413e-15
picard,Picard,10,395,5.972225458,0.31946954448301446,2.645515274193961,Picard,0,0.0,0.0,,0,2.950373934743797e-15
picard,Picard,10,396,5.987237208,0.3167525449606716,2.6230159034074045,Picard,0,0.0,0.0,,0,4.060694560861491e-15
picard,Picard,10,397,6.002329542,0.5162134218126122,4.2747439176375215,Picard,0,0.0,0.0,,0,2.778041888394653e-15
picard,Picard,10,398,6.017348042,0.530886258646107,4.396249127223563,Picard,0,0.0,0.0,,0,2.4278295000926473e-15
picard,Picard,10,399,6.032544958,0.48776590731266517,4.039171120724276,Picard,0,0.0,0.0,,0,3.6163469435118765e-15
picard,Picard,10,400,6.047593167,0.5039621977851371,4.173291992557443,Picard,0,0.0,0.0,,0,2.360695066610824e-15
picard,Picard,10,401,6.06258075,0.5257494148947,4.353711117450248,Picard,0,0.0,0.0,,0,4.6370779068988974e-15
picard,Picard,10,402,6.077650292,0.6388373496942716,5.290188049307596,Picard,0,0.0,0.0,,0,3.885529772219362e-15
picard,Picard,10,403,6.092595583,0.9678795910526701,8.014974466045173,Picard,0,0.0,0.0,,0,2.617741407397656e-15
picard,Picard,10,404,6.107582708,0.7249594651922815,6.003362046423916,Picard,0,0.0,0.0,,0,6.14709925129445e-15
picard,Picard,10,405,6.122691458,0.46267341830404507,3.8313811636337722,Picard,0,0.0,0.0,,0,3.359423671859777e-15
picard,Picard,10,406,6.137730667,0.3077221429348943,2.5482354841033787,Picard,0,0.0,0.0,,0,2.1435864877663013e-15
picard,Picard,10,407,6.152664,0.26778262849824425,2.2174978682313102,Picard,0,0.0,0.0,,0,3.957078967969563e-15
picard,Picard,10,408,6.167602,0.31676251542587514,2.623098468454503,Picard,0,0.0,0.0,,0,2.4019139458778082e-15
picard,Picard,10,409,6.182586625,0.373038349459503,3.089116532069585,Picard,0,0.0,0.0,,0,2.837033110439428e-15
picard,Picard,10,410,6.197594458,0.45625556836916964,3.7782351898675612,Picard,0,0.0,0.0,,0,3.05271629115858e-15
picard,Picard,10,411,6.212787417,0.3334631099707851,2.761395463331361,Picard,0,0.0,0.0,,0,3.7940757182085445e-15
picard,Picard,10,412,6.227749708,0.46985970135642063,3.8908905031249783,Picard,0,0.0,0.0,,0,2.172416920986721e-15
picard,Picard,10,413,6.242741625,0.4294401033970818,3.556177333670119,Picard,0,0.0,0.0,,0,2.9368692443787583e-15
picard,Picard,10,414,6.257805083,0.5153723983853765,4.267779434289641,Picard,0,0.0,0.0,,0,2.396805465476275e-15
picard,Picard,10,415,6.272692375,0.4977694409711998,4.122010006454036,Picard,0,0.0,0.0,,0,2.189030859946932e-15
picard,Picard,10,416,6.28777725,0.3412689762108782,2.8260355478812023,Picard,0,0.0,0.0,,0,2.3291169896661434e-15
picard,Picard,10,417,6.302731833,0.3797053150785789,3.1443254234408538,Picard,0,0.0,0.0,,0,2.2832069808523157e-15
picard,Picard,10,418,6.317848708,0.44418861783721686,3.6783092266685204,Picard,0,0.0,0.0,,0,2.6891219683890023e-15
picard,Picard,10,419,6.33282025,0.5361235457586491,4.439618904690117,Picard,0,0.0,0.0,,0,3.046352732499792e-15
picard,Picard,10,420,6.347803333,0.8947483884526004,7.4093777297060575,Picard,0,0.0,0.0,,0,1.8010893010684592e-15
picard,Picard,10,421,6.362846583,0.8516293849810728,7.052310884800552,Picard,0,0.0,0.0,,0,3.6950014195218454e-15
picard,Picard,10,422,6.377785042,0.666404030153998,5.518466692685157,Picard,0,0.0,0.0,,0,2.452554095270197e-15
picard,Picard,10,423,6.392783792,0.4020552571698361,3.329404452728151,Picard,0,0.0,0.0,,0,2.3410293171383694e-15
picard,Picard,10,424,6.40813925,0.5630423835807525,4.662532787567961,Picard,0,0.0,0.0,,0,3.034277277816798e-15
picard,Picard,10,425,6.42347175,0.7744023693323464,6.412796874756994,Picard,0,0.0,0.0,,0,2.6298664654270496e-15
picard,Picard,10,426,6.439347167,0.6345666574871733,5.254822607873912,Picard,0,0.0,0.0,,0,2.497245491103787e-15
picard,Picard,10,427,6.454526583,0.619786489022335,5.132428589088286,Picard,0,0.0,0.0,,0,3.1115625698591626e-15
picard,Picard,10,428,6.469309,0.505921137486146,4.189513898494144,Picard,0,0.0,0.0,,0,3.577911702385541e-15
picard,Picard,10,429,6.48430475,0.6035976879844173,4.998369736980787,Picard,0,0.0,0.0,,0,3.085318383987972e-15
picard,Picard,10,430,6.499053,1.051639686552287,8.70858866445263,Picard,0,0.0,0.0,,0,2.5055355818105877e-15
picard,Picard,10,431,6.51388425,0.8123736534775368,6.727235649662503,Picard,0,0.0,0.0,,0,2.491439677410528e-15
picard,Picard,10,432,6.529161833,0.3990437301311899,3.304466110664029,Picard,0,0.0,0.0,,0,3.276653810506991e-15
picard,Picard,10,433,6.544109083,0.4775427241261801,3.9545133255203675,Picard,0,0.0,0.0,,0,3.187679489398503e-15
picard,Picard,10,434,6.558922208,0.46965588626700444,3.8892027180403805,Picard,0,0.0,0.0,,0,2.1396885332437185e-15
picard,Picard,10,435,6.573747917,0.5251546836802863,4.348786170647205,Picard,0,0.0,0.0,,0,3.7694582870944334e-15
picard,Picard,10,436,6.58862675,0.3988293025494871,3.3026904439302216,Picard,0,0.0,0.0,,0,3.700678369801793e-15
picard,Picard,10,437,6.603529042,0.352776617266361,2.9213298903559664,Picard,0,0.0,0.0,,0,3.442476757407134e-15
picard,Picard,10,438,6.618296625,0.4329523003793509,3.5852617046939894,Picard,0,0.0,0.0,,0,1.941048390802717e-15
picard,Picard,10,439,6.633140375,0.4200157933553601,3.4781349769113206,Picard,0,0.0,0.0,,0,2.5581682622596434e-15
picard,Picard,10,440,6.647930708,0.5424095297766989,4.491672901762048,Picard,0,0.0,0.0,,0,1.7694157743759422e-15
picard,Picard,10,441,6.6626295,0.4272884041377256,3.5383591930855123,Picard,0,0.0,0.0,,0,3.808046497078759e-15
picard,Picard,10,442,6.677390208,0.2562091362259562,2.1216582143085816,Picard,0,0.0,0.0,,0,2.208160427306304e-15
picard,Picard,10,443,6.692243667,0.39719277355876903,3.2891384089510747,Picard,0,0.0,0.0,,0,2.9641092139043658e-15
picard,Picard,10,444,6.707045875,0.4205290134993237,3.4823849336077464,Picard,0,0.0,0.0,,0,3.1204318457048446e-15
picard,Picard,10,445,6.721767875,0.5128820457491824,4.247156917837119,Picard,0,0.0,0.0,,0,3.306173649601102e-15
picard,Picard,10,446,6.736500417,0.6369133328817771,5.274255338496313,Picard,0,0.0,0.0,,0,5.848538840629145e-15
picard,Picard,10,447,6.751381958,0.26733694414738496,2.2138071728957796,Picard,0,0.0,0.0,,0,2.967142939210802e-15
picard,Picard,10,448,6.766293292,0.35540808715890604,2.943120993497191,Picard,0,0.0,0.0,,0,2.498741035467213e-15
picard,Picard,10,449,6.7811073330000005,0.42901494994349815,3.55265665392222,Picard,0,0.0,0.0,,0,2.5822827888557676e-15
picard,Picard,10,450,6.795928708,0.41693631136085185,3.452633902415282,Picard,0,0.0,0.0,,0,3.4067599632953447e-15
picard,Picard,10,451,6.810743667,0.5574281181407669,4.616041266759939,Picard,0,0.0,0.0,,0,4.75638423252607e-15
picard,Picard,10,452,6.825646375,0.34664630780831396,2.870565028456395,Picard,0,0.0,0.0,,0,3.5030640983978363e-15
picard,Picard,10,453,6.840578417,0.3981806354148194,3.2973188558015063,Picard,0,0.0,0.0,,0,3.2612853035809168e-15
picard,Picard,10,454,6.8553865,0.44850251999890695,3.7140324881099134,Picard,0,0.0,0.0,,0,4.494899018037899e-15
picard,Picard,10,455,6.870281542,0.47821271262438775,3.9600614750580987,Picard,0,0.0,0.0,,0,2.065096994988092e-15
picard,Picard,10,456,6.8850468750000005,0.7041867400939619,5.8313438916944325,Picard,0,0.0,0.0,,0,2.4061587769962222e-15
picard,Picard,10,457,6.899894167,0.47623115339853855,3.9436522576875124,Picard,0,0.0,0.0,,0,2.9290279621277683e-15
picard,Picard,10,458,6.914727708,0.436074873564712,3.611119615719685,Picard,0,0.0,0.0,,0,3.728637273911027e-15
picard,Picard,10,459,6.929492,0.45717385505488506,3.7858394873510046,Picard,0,0.0,0.0,,0,5.605878472523237e-15
picard,Picard,10,460,6.944218375,0.6895218639243513,5.709904604066405,Picard,0,0.0,0.0,,0,2.3199700577220502e-15
picard,Picard,10,461,6.959062333,0.8221668019173934,6.8083323433145235,Picard,0,0.0,0.0,,0,3.176751175547858e-15
picard,Picard,10,462,6.973819125,0.9374490076796305,7.762979950429337,Picard,0,0.0,0.0,,0,2.0310715847546822e-15
picard,Picard,10,463,6.988617583,0.6207969768284878,5.140796400579957,Picard,0,0.0,0.0,,0,2.2977418333613468e-15
picard,Picard,10,464,7.003475333,0.43648970630650674,3.614554830041694,Picard,0,0.0,0.0,,0,2.5760142341546e-15
picard,Picard,10,465,7.018177917,0.510482663319155,4.227287722238076,Picard,0,0.0,0.0,,0,2.7606025882478526e-15
picard,Picard,10,466,7.032987958,0.6461277681987421,5.350559730558321,Picard,0,0.0,0.0,,0,3.5838806086073845e-15
picard,Picard,10,467,7.047769792,1.1824440251225825,9.791774469154442,Picard,0,0.0,0.0,,0,3.6288900477289875e-15
picard,Picard,10,468,7.062534208,0.9986056158474933,8.26941552095546,Picard,0,0.0,0.0,,0,4.415496023180707e-15
picard,Picard,10,469,7.0772682080000004,0.40351457487883546,3.341489007752972,Picard,0,0.0,0.0,,0,2.9697266429150375e-15
picard,Picard,10,470,7.0921015,0.3170378108057501,2.6253781791341324,Picard,0,0.0,0.0,,0,2.2176124209489568e-15
picard,Picard,10,471,7.106910875,0.7340043152256229,6.07826210913481,Picard,0,0.0,0.0,,0,2.549712827138027e-15
picard,Picard,10,472,7.121592083,0.6072429075511545,5.0285556630201524,Picard,0,0.0,0.0,,0,4.4061166728389405e-15
picard,Picard,10,473,7.13638025,0.4460203231167977,3.693477509150015,Picard,0,0.0,0.0,,0,4.9479574170795885e-15
picard,Picard,10,474,7.151148583,0.4972443498549677,4.1176617466830345,Picard,0,0.0,0.0,,0,3.146318093857919e-15
picard,Picard,10,475,7.166358833,0.604110292834564,5.002614598452272,Picard,0,0.0,0.0,,0,2.583825409852893e-15
picard,Picard,10,476,7.181463292,0.5414401504616485,4.4836455081380215,Picard,0,0.0,0.0,,0,3.1997498366863452e-15
picard,Picard,10,477,7.196776667,0.43043078157329207,3.5643811023617986,Picard,0,0.0,0.0,,0,3.2290412507467494e-15
picard,Picard,10,478,7.212318417,0.4177707627193072,3.4595439627089415,Picard,0,0.0,0.0,,0,1.8165933669483022e-15
picard,Picard,10,479,7.227755792,0.3664533315251432,3.034586246391239,Picard,0,0.0,0.0,,0,2.9641126767972633e-15
picard,Picard,10,480,7.243188667,0.3992470519317705,3.3061498108423453,Picard,0,0.0,0.0,,0,2.479864295069758e-15
picard,Picard,10,481,7.258632833,0.45610533760012445,3.7769911345232368,Picard,0,0.0,0.0,,0,2.496207468179198e-15
picard,Picard,10,482,7.273874333,0.37205985807525666,3.0810136817434928,Picard,0,0.0,0.0,,0,4.082232962218198e-15
picard,Picard,10,483,7.289204542,0.3509433473361942,2.906148651061857,Picard,0,0.0,0.0,,0,2.9781092842833367e-15
picard,Picard,10,484,7.304476083,0.41151154898107456,3.407711649316641,Picard,0,0.0,0.0,,0,1.8706781351522713e-15
picard,Picard,10,485,7.31973925,0.5444231886362182,4.508347934990943,Picard,0,0.0,0.0,,0,3.8802104354480934e-15
picard,Picard,10,486,7.334880333,0.43167072769716175,3.574649049546508,Picard,0,0.0,0.0,,0,2.1857609300179707e-15
picard,Picard,10,487,7.350128208,0.41869721599488513,3.467215887415676,Picard,0,0.0,0.0,,0,3.5321726280373652e-15
picard,Picard,10,488,7.36531075,0.4528934299027326,3.7503934477656404,Picard,0,0.0,0.0,,0,1.9133693007042586e-15
picard,Picard,10,489,7.380523833,0.4518713885903653,3.741929962123838,Picard,0,0.0,0.0,,0,3.203830412517859e-15
picard,Picard,10,490,7.3958924580000005,0.5254031518370631,4.350843726102038,Picard,0,0.0,0.0,,0,3.9168596453799655e-15
picard,Picard,10,491,7.411542541999999,0.3868104823852454,3.2031630464947445,Picard,0,0.0,0.0,,0,2.824393540943559e-15
picard,Picard,10,492,7.427069958000001,0.3037879675998596,2.515656726221984,Picard,0,0.0,0.0,,0,2.9521749099663858e-15
picard,Picard,10,493,7.442983916999999,0.37829702971070955,3.1326634653122585,Picard,0,0.0,0.0,,0,2.438287619591307e-15
picard,Picard,10,494,7.458340375000001,0.4136767370692623,3.425641490385131,Picard,0,0.0,0.0,,0,4.237172827973043e-15
picard,Picard,10,495,7.473618708,0.3457836007631169,2.863420983884269,Picard,0,0.0,0.0,,0,3.198034906676711e-15
picard,Picard,10,496,7.488883082999999,0.4471453057192848,3.7027934477409636,Picard,0,0.0,0.0,,0,3.4738256656799996e-15
picard,Picard,10,497,7.504180207999999,0.430149863417891,3.5620548296896586,Picard,0,0.0,0.0,,0,4.414241012906845e-15
picard,Picard,10,498,7.519492583,0.5040940652717467,4.174383982251046,Picard,0,0.0,0.0,,0,1.5568385182748846e-15
picard,Picard,10,499,7.534859624999999,0.4718435353922061,3.9073185581110312,Picard,0,0.0,0.0,,0,4.099692400196571e-15
picard,Picard,10,500,7.550040083000001,0.46112439577071634,3.8185537663348423,Picard,0,0.0,0.0,,0,5.678477985704607e-15
aa_pure,AA_pure,10,0,0.016592750000000933,1.0,8.280962363642827,initial,0,0.0,0.0,,0,9.373730790566751e-16
aa_pure,AA_pure,10,1,0.03201175000000056,1.044652141398399,8.650725066019026,AA,1,100.0,0.0,,1,1.0575641643805286e-15
aa_pure,AA_pure,10,2,0.04774375000000042,0.9263279514449313,7.670886902305836,AA,2,100.0,0.0,,2,8.425167752758136e-16
aa_pure,AA_pure,10,3,0.06270712500000108,0.7386176647030434,6.116465082527658,AA,3,100.0,0.0,,3,7.3005946197773e-16
aa_pure,AA_pure,10,4,0.07754525000000001,0.5729432878577827,4.744521803252077,AA,4,100.0,0.0,,4,2.948778827887162e-15
aa_pure,AA_pure,10,5,0.09367508400000091,0.35804726171540785,2.9649758986706654,AA,5,100.0,0.0,,5,1.8979459100009576e-15
aa_pure,AA_pure,10,6,0.10972550000000147,0.4525300694223846,3.7473844733034425,AA,6,100.0,0.0,,6,5.347607011231634e-15
aa_pure,AA_pure,10,7,0.12486433399999974,0.37552252681340464,3.109687911241858,AA,7,100.0,0.0,,7,5.034452111185199e-15
aa_pure,AA_pure,10,8,0.14107070900000096,0.35685640173136207,2.9551144319624143,AA,8,100.0,0.0,,8,4.782221367671622e-15
aa_pure,AA_pure,10,9,0.15709370899999975,0.21040334054755444,1.742342144259023,AA,9,100.0,0.0,,9,5.0981593995115635e-15
aa_pure,AA_pure,10,10,0.17357579200000117,0.16073075646673146,1.331005344980844,AA,10,100.0,0.0,,10,4.782524018407411e-15
aa_pure,AA_pure,10,11,0.19016837500000072,0.10161359649335952,0.8414583681958989,AA,11,100.0,0.0,,10,3.2302607389801472e-15
aa_pure,AA_pure,10,12,0.20689933400000093,0.08808707860959154,0.7294457826892746,AA,12,100.0,0.0,,10,2.841906704603715e-15
aa_pure,AA_pure,10,13,0.22365741700000008,0.08818538631110677,0.7302598650655785,AA,13,100.0,0.0,,10,2.7977825082402247e-15
aa_pure,AA_pure,10,14,0.24028625000000048,0.08164054208284793,0.6760622563354621,AA,14,100.0,0.0,,10,2.782673726640204e-15
aa_pure,AA_pure,10,15,0.256902375000001,0.07508056094798887,0.6217392994514872,AA,15,100.0,0.0,,10,3.2264460158553466e-15
aa_pure,AA_pure,10,16,0.2734509589999998,0.06184945253170512,0.5121729886269636,AA,16,100.0,0.0,,10,3.762532343307845e-15
aa_pure,AA_pure,10,17,0.2899376250000003,0.02836757189912227,0.23491079524456338,AA,17,100.0,0.0,,10,4.23157522588107e-15
aa_pure,AA_pure,10,18,0.30639404200000087,0.019728780459100512,0.1633732884623834,AA,18,100.0,0.0,,10,3.91770784975647e-15
aa_pure,AA_pure,10,19,0.32285729200000013,0.010771243245759416,0.08919625992777573,AA,19,100.0,0.0,,10,2.4853141952759264e-15
aa_pure,AA_pure,10,20,0.33937304200000007,0.0060685646484003935,0.050253555454737024,AA,20,100.0,0.0,,10,3.4771234558030957e-15
aa_pure,AA_pure,10,21,0.3558889590000014,0.003723191327510637,0.030831607255756958,AA,21,100.0,0.0,,10,1.9276063966382993e-15
aa_pure,AA_pure,10,22,0.3723147090000012,0.0049423840527943776,0.04092769632785874,AA,22,100.0,0.0,,10,4.198905818552152e-15
aa_pure,AA_pure,10,23,0.3888204169999998,0.002509640289376774,0.020782236782610757,AA,23,100.0,0.0,,10,3.4772231339812236e-15
aa_pure,AA_pure,10,24,0.40542412500000147,0.0005553067871422648,0.004598474604600513,AA,24,100.0,0.0,,10,3.2827793886449466e-15
aa_pure,AA_pure,10,25,0.4220525840000011,0.00025323970096847195,0.0020970684327000803,AA,25,100.0,0.0,,10,2.032697888993529e-15
aa_pure,AA_pure,10,26,0.4386114170000006,0.00016285199366327462,0.0013485712303697773,AA,26,100.0,0.0,,10,2.0351583652553732e-15
aa_pure,AA_pure,10,27,0.45513250000000127,8.847826147015416e-05,0.0007326851532348959,AA,27,100.0,0.0,,10,2.10468826518914e-15
aa_pure,AA_pure,10,28,0.47168320900000005,4.573431619835554e-05,0.0003787241511655227,AA,28,100.0,0.0,,10,2.373534736157963e-15
aa_pure,AA_pure,10,29,0.4883769170000001,2.9856602098799455e-05,0.0002472413982864177,AA,29,100.0,0.0,,10,1.7591969866853142e-15
aa_pure,AA_pure,10,30,0.5049624169999998,1.0620532213534516e-05,8.794822754213557e-05,AA,30,100.0,0.0,,10,2.0392711372890814e-15
aa_pure,AA_pure,10,31,0.521517042000001,9.173654594076596e-06,7.59666884306074e-05,AA,31,100.0,0.0,,10,2.902849092947338e-15
aa_pure,AA_pure,10,32,0.5380523750000012,5.216409466886103e-06,4.319689046863396e-05,AA,32,100.0,0.0,,10,4.144328528122227e-15
aa_pure,AA_pure,10,33,0.5546120000000005,3.5549164773912238e-06,2.943812955517046e-05,AA,33,100.0,0.0,,10,3.126861321055036e-15
aa_pure,AA_pure,10,34,0.5712037090000006,1.4306628826523835e-06,1.184726548630514e-05,AA,34,100.0,0.0,,10,2.217980669653678e-15
aa_pure,AA_pure,10,35,0.5877658750000005,4.3965354951815484e-07,3.640754496601818e-06,AA,35,100.0,0.0,,10,3.769874934028151e-15
aa_pure,AA_pure,10,36,0.6043238340000006,3.1210836865300387e-07,2.5845576541934857e-06,AA,36,100.0,0.0,,10,2.2415001635137172e-15
aa_pure,AA_pure,10,37,0.6209207499999998,1.8892925460142267e-07,1.5645160467454745e-06,AA,37,100.0,0.0,,10,2.461079767992841e-15
aa_pure,AA_pure,10,38,0.6374700420000003,7.416302104544567e-08,6.141411860513865e-07,AA,38,100.0,0.0,,10,3.0573687399843987e-15
aa_pure,AA_pure,10,39,0.6540718750000014,3.0649550333280765e-08,2.5380777277247445e-07,AA,39,100.0,0.0,,10,1.8780679546377785e-15
aa_pure,AA_pure,10,40,0.6706365840000004,1.201931067407704e-08,9.953145932896245e-08,AA,40,100.0,0.0,,10,1.8561898779932352e-15
aa_pure,AA_pure,10,41,0.6872264169999998,4.156590206500375e-09,3.4420567061115973e-08,AA,41,100.0,0.0,,10,2.527016798618449e-15
aa_pure,AA_pure,10,42,0.7037411250000005,1.3231705559345002e-09,1.0957125574373952e-08,AA,42,100.0,0.0,,10,2.49720440680748e-15
aa_pure,AA_pure,10,43,0.7202730000000006,5.888912797240298e-10,4.8765865236721515e-09,AA,43,100.0,0.0,,10,2.086731802259031e-15
aa_pure,AA_pure,10,44,0.7368194590000012,4.2055186652254487e-10,3.482574178632936e-09,AA,44,100.0,0.0,,10,1.6695151147299672e-15
aa_pure,AA_pure,10,45,0.7533200000000004,1.3574163569394266e-10,1.1240713763608548e-09,AA,45,100.0,0.0,,10,2.5205380412950667e-15
aa_pure,AA_pure,10,46,0.7699665000000007,6.37431384683968e-11,5.278545305972672e-10,AA,46,100.0,0.0,,10,2.646091860969775e-15
global_eta0,GlobalAndersonSolver,10,0,0.01612491700000085,1.0,8.280962363642827,initial,0,0.0,0.0,,0,9.373730790566751e-16
global_eta0,GlobalAndersonSolver,10,1,0.0473940000000006,1.425864706625017,11.807531971208386,KM,0,0.0,0.0,,0,7.410360446401491e-16
global_eta0,GlobalAndersonSolver,10,2,0.07852562500000104,0.5694563862262898,4.715646902075959,KM,0,0.0,0.0,,0,1.646237965448868e-15
global_eta0,GlobalAndersonSolver,10,3,0.0944060000000011,0.2865909478585493,2.3732488529773708,AA,1,33.333333333333336,0.0,,0,2.8447316627853654e-15
global_eta0,GlobalAndersonSolver,10,4,0.11031345800000025,0.30390726353131975,2.516644611340541,AA,2,50.0,0.0,,1,3.6934724570747555e-15
global_eta0,GlobalAndersonSolver,10,5,0.1267224579999997,0.17611290446264982,1.458384333607028,AA,3,60.0,0.0,,2,1.6490100284883579e-15
global_eta0,GlobalAndersonSolver,10,6,0.141852042,0.16359929818749638,1.3547596310090377,AA,4,66.66666666666667,0.0,,3,2.317194268250347e-15
global_eta0,GlobalAndersonSolver,10,7,0.15789416700000025,0.11938973358299099,0.9886618904060924,AA,5,71.42857142857143,0.0,,4,2.4303534769829556e-15
global_eta0,GlobalAndersonSolver,10,8,0.17398104199999942,0.10902344741109941,0.9028190647659072,AA,6,75.0,0.0,,5,4.184775225136571e-15
global_eta0,GlobalAndersonSolver,10,9,0.18912450000000014,0.11156957448103644,0.9239034472051079,AA,7,77.77777777777777,0.0,,6,3.223335778916513e-15
global_eta0,GlobalAndersonSolver,10,10,0.20548050000000018,0.08749332261918068,0.7245289116794948,AA,8,80.0,0.0,,7,3.566355728561404e-15
global_eta0,GlobalAndersonSolver,10,11,0.22156129200000052,0.055859189769842686,0.4625678481476497,AA,9,81.81818181818181,0.0,,8,6.322920950513943e-15
global_eta0,GlobalAndersonSolver,10,12,0.23854462500000118,0.022780535135817747,0.1886447540833498,AA,10,83.33333333333333,0.0,,9,4.594419189167917e-15
global_eta0,GlobalAndersonSolver,10,13,0.2562893329999998,0.014251751518431695,0.11801821794012238,AA,11,84.61538461538461,0.0,,10,3.552058653431819e-15
global_eta0,GlobalAndersonSolver,10,14,0.27433154200000054,0.007094476561769616,0.058749093397760355,AA,12,85.71428571428571,0.0,,10,4.038622674819995e-15
global_eta0,GlobalAndersonSolver,10,15,0.2910432079999996,0.005926486434280244,0.049077011110914476,AA,13,86.66666666666667,0.0,,10,2.8459617894908765e-15
global_eta0,GlobalAndersonSolver,10,16,0.3076697080000006,0.0055371566559424224,0.04585298586945357,AA,14,87.5,0.0,,10,2.3132096799682926e-15
global_eta0,GlobalAndersonSolver,10,17,0.32429333299999996,0.0024995677567920148,0.0206988265193698,AA,15,88.23529411764706,0.0,,10,3.0879365160285946e-15
global_eta0,GlobalAndersonSolver,10,18,0.3410294579999995,0.0008148434562335375,0.006747687993330565,AA,16,88.88888888888889,0.0,,10,2.7613999467705765e-15
global_eta0,GlobalAndersonSolver,10,19,0.3576702919999999,0.0003085102644674767,0.0025547618888526694,AA,17,89.47368421052632,0.0,,10,3.8204313175362e-15
global_eta0,GlobalAndersonSolver,10,20,0.3743153750000001,0.00015197863458951946,0.0012585293531136364,AA,18,90.0,0.0,,10,2.5859907949798725e-15
global_eta0,GlobalAndersonSolver,10,21,0.39090637500000014,0.00011190944309915873,0.0009267178864403618,AA,19,90.47619047619048,0.0,,10,2.3545229192757126e-15
global_eta0,GlobalAndersonSolver,10,22,0.4074662920000005,5.632786523063669e-05,0.0004664489319992478,AA,20,90.9090909090909,0.0,,10,1.967615102269602e-15
global_eta0,GlobalAndersonSolver,10,23,0.4239905420000003,2.4601681943135594e-05,0.00020372560225341717,AA,21,91.30434782608695,0.0,,10,2.501538551709606e-15
global_eta0,GlobalAndersonSolver,10,24,0.44053387499999985,1.133243966251692e-05,9.384350633355583e-05,AA,22,91.66666666666667,0.0,,10,3.62100201604311e-15
global_eta0,GlobalAndersonSolver,10,25,0.45713995800000085,8.475258928401546e-06,7.018330020822104e-05,AA,23,92.0,0.0,,10,2.417323287244266e-15
global_eta0,GlobalAndersonSolver,10,26,0.47375991700000064,3.900749227511109e-06,3.230195754302832e-05,AA,24,92.3076923076923,0.0,,10,1.7844552087830135e-15
global_eta0,GlobalAndersonSolver,10,27,0.4902772500000001,3.2035898829227675e-06,2.6528807249030368e-05,AA,25,92.5925925925926,0.0,,10,1.8386972532944198e-15
global_eta0,GlobalAndersonSolver,10,28,0.5068035420000001,1.8412974498435447e-06,1.5247714882425909e-05,AA,26,92.85714285714286,0.0,,10,3.29907274617217e-15
global_eta0,GlobalAndersonSolver,10,29,0.5233937500000003,9.742719080766007e-07,8.067909002736813e-06,AA,27,93.10344827586206,0.0,,10,1.7890332689979703e-15
global_eta0,GlobalAndersonSolver,10,30,0.5400136250000003,2.453981169896827e-07,2.0321325709003814e-06,AA,28,93.33333333333333,0.0,,10,2.7787247642399237e-15
global_eta0,GlobalAndersonSolver,10,31,0.5566053330000003,1.6102008878257228e-07,1.3334012949989075e-06,AA,29,93.54838709677419,0.0,,10,2.1748102323131203e-15
global_eta0,GlobalAndersonSolver,10,32,0.5731894579999999,6.384804912774572e-08,5.287232918188805e-07,AA,30,93.75,0.0,,10,2.029728022738541e-15
global_eta0,GlobalAndersonSolver,10,33,0.5898196250000005,2.9293732242168898e-08,2.4258029418803104e-07,AA,31,93.93939393939394,0.0,,10,2.5394686964678915e-15
global_eta0,GlobalAndersonSolver,10,34,0.6064567919999995,1.8277289321071304e-08,1.5135354497720244e-07,AA,32,94.11764705882354,0.0,,10,4.838786278170012e-15
global_eta0,GlobalAndersonSolver,10,35,0.6230223749999997,7.062700800406497e-09,5.848595951383627e-08,AA,33,94.28571428571429,0.0,,10,1.9004976462343177e-15
global_eta0,GlobalAndersonSolver,10,36,0.6397151250000004,2.418278988922591e-09,2.0025677292056202e-08,AA,34,94.44444444444444,0.0,,10,3.451299551517591e-15
global_eta0,GlobalAndersonSolver,10,37,0.6563327920000006,6.63529176018909e-10,5.494660133791522e-09,AA,35,94.5945945945946,0.0,,10,1.3509676997466044e-15
global_eta0,GlobalAndersonSolver,10,38,0.6729140420000004,4.172811763771503e-10,3.4554897166357857e-09,AA,36,94.73684210526316,0.0,,10,1.96648015313167e-15
global_eta0,GlobalAndersonSolver,10,39,0.6894572500000002,2.2798824065108942e-10,1.887962040184815e-09,AA,37,94.87179487179488,0.0,,10,1.8964497943809354e-15
global_eta0,GlobalAndersonSolver,10,40,0.7060272919999999,1.0005686229557048e-10,8.285671108938121e-10,AA,38,95.0,0.0,,10,3.209652277980702e-15
global_eta0,GlobalAndersonSolver,10,41,0.7227032500000004,3.98019270601683e-11,3.2959825998571064e-10,AA,39,95.1219512195122,0.0,,10,4.3099847885440166e-15
global_eta1e10,GlobalAndersonSolver eta=1e-10,10,0,0.016031958000001012,1.0,8.280962363642827,initial,0,0.0,1e-10,,0,9.373730790566751e-16
global_eta1e10,GlobalAndersonSolver eta=1e-10,10,1,0.04705733300000148,1.425864706625017,11.807531971208386,KM,0,0.0,1e-10,,0,7.410360446401491e-16
global_eta1e10,GlobalAndersonSolver eta=1e-10,10,2,0.07810020800000039,0.5694563862262898,4.715646902075959,KM,0,0.0,1e-10,,0,1.646237965448868e-15
global_eta1e10,GlobalAndersonSolver eta=1e-10,10,3,0.0935712500000001,0.2865909478585493,2.3732488529773708,AA,1,33.333333333333336,1e-10,,0,2.8447316627853654e-15
global_eta1e10,GlobalAndersonSolver eta=1e-10,10,4,0.109108333,0.30390726353131975,2.516644611340541,AA,2,50.0,1e-10,,1,3.6934724570747555e-15
global_eta1e10,GlobalAndersonSolver eta=1e-10,10,5,0.12486066700000009,0.17611290444486447,1.4583843334597482,AA,3,60.0,1e-10,,2,1.6488803739229852e-15
global_eta1e10,GlobalAndersonSolver eta=1e-10,10,6,0.1395205000000015,0.1635992983409518,1.3547596322797961,AA,4,66.66666666666667,1e-10,,3,2.5570770654184365e-15
global_eta1e10,GlobalAndersonSolver eta=1e-10,10,7,0.15408779200000033,0.11938973340567642,0.9886618889377572,AA,5,71.42857142857143,1e-10,,4,3.085490740897478e-15
global_eta1e10,GlobalAndersonSolver eta=1e-10,10,8,0.16972900000000024,0.10902344728240851,0.9028190637002227,AA,6,75.0,1e-10,,5,4.5967502349176906e-15
global_eta1e10,GlobalAndersonSolver eta=1e-10,10,9,0.18542387500000146,0.11156957431054519,0.9239034457932763,AA,7,77.77777777777777,1e-10,,6,4.024252367518154e-15
global_eta1e10,GlobalAndersonSolver eta=1e-10,10,10,0.19960562500000023,0.0874933223245774,0.7245289092398962,AA,8,80.0,1e-10,,7,4.142071615641158e-15
global_eta1e10,GlobalAndersonSolver eta=1e-10,10,11,0.21358770800000038,0.05585918950958268,0.4625678459924464,AA,9,81.81818181818181,1e-10,,8,7.071400009730332e-15
global_eta1e10,GlobalAndersonSolver eta=1e-10,10,12,0.22803416700000056,0.022780534924355268,0.18864475233223696,AA,10,83.33333333333333,1e-10,,9,4.174093292677237e-15
global_eta1e10,GlobalAndersonSolver eta=1e-10,10,13,0.24360387500000158,0.014251751117250773,0.11801821461795826,AA,11,84.61538461538461,1e-10,,10,3.4407861152622875e-15
global_eta1e10,GlobalAndersonSolver eta=1e-10,10,14,0.2581446670000016,0.0070944764133354255,0.05874909216858241,AA,12,85.71428571428571,1e-10,,10,3.943491991212818e-15
global_eta1e10,GlobalAndersonSolver eta=1e-10,10,15,0.27376333300000155,0.005926486359326841,0.04907701049022817,AA,13,86.66666666666667,1e-10,,10,2.1214870731682597e-15
global_eta1e10,GlobalAndersonSolver eta=1e-10,10,16,0.2882805000000008,0.005537156591470502,0.04585298533556402,AA,14,87.5,1e-10,,10,1.832141080896842e-15
global_eta1e10,GlobalAndersonSolver eta=1e-10,10,17,0.30388295800000087,0.0024995677243424626,0.02069882625065628,AA,15,88.23529411764706,1e-10,,10,4.217009395005306e-15
global_eta1e10,GlobalAndersonSolver eta=1e-10,10,18,0.3184176670000003,0.0008148434221531382,0.00674768771111206,AA,16,88.88888888888889,1e-10,,10,3.4420924847091204e-15
global_eta1e10,GlobalAndersonSolver eta=1e-10,10,19,0.3340335000000003,0.00030851025758954714,0.0025547618318967937,AA,17,89.47368421052632,1e-10,,10,2.2393834244883297e-15
global_eta1e10,GlobalAndersonSolver eta=1e-10,10,20,0.3487567500000015,0.00015197863029872263,0.0012585293175817094,AA,18,90.0,1e-10,,10,2.6092712287692256e-15
global_eta1e10,GlobalAndersonSolver eta=1e-10,10,21,0.3648395830000002,0.00011190944232055249,0.0009267178799927529,AA,19,90.47619047619048,1e-10,,10,2.5938085185613667e-15
global_eta1e10,GlobalAndersonSolver eta=1e-10,10,22,0.37955362500000156,5.6327865478900845e-05,0.0004664489340551139,AA,20,90.9090909090909,1e-10,,10,2.2237532562607174e-15
global_eta1e10,GlobalAndersonSolver eta=1e-10,10,23,0.39473770800000096,2.4601681054362476e-05,0.00020372559489352044,AA,21,91.30434782608695,1e-10,,10,3.0831386956193127e-15
global_eta1e10,GlobalAndersonSolver eta=1e-10,10,24,0.4079660830000016,1.1332438253436426e-05,9.384349466501329e-05,AA,22,91.66666666666667,1e-10,,10,3.192999443294044e-15
global_eta1e10,GlobalAndersonSolver eta=1e-10,10,25,0.421525625000001,8.475259807937023e-06,7.018330749162122e-05,AA,23,92.0,1e-10,,10,2.19062981894383e-15
global_eta1e10,GlobalAndersonSolver eta=1e-10,10,26,0.43495616700000106,3.9007502171414606e-06,3.2301965738120015e-05,AA,24,92.3076923076923,1e-10,,10,2.0304079509623103e-15
global_eta1e10,GlobalAndersonSolver eta=1e-10,10,27,0.4484343750000015,3.203591098318388e-06,2.6528817313675757e-05,AA,25,92.5925925925926,1e-10,,10,1.872297386167185e-15
global_eta1e10,GlobalAndersonSolver eta=1e-10,10,28,0.46184187500000107,1.841293523202599e-06,1.5247682366060022e-05,AA,26,92.85714285714286,1e-10,,10,3.917937076381942e-15
global_eta1e10,GlobalAndersonSolver eta=1e-10,10,29,0.4752686669999999,9.742739000844656e-07,8.067925498478972e-06,AA,27,93.10344827586206,1e-10,,10,2.4625491153617246e-15
global_eta1e10,GlobalAndersonSolver eta=1e-10,10,30,0.4886604170000002,2.4539588303301513e-07,2.0321140715892955e-06,AA,28,93.33333333333333,1e-10,,10,3.5784947544336675e-15
global_eta1e10,GlobalAndersonSolver eta=1e-10,10,31,0.5020650830000015,1.6101870897633006e-07,1.3333898688753466e-06,AA,29,93.54838709677419,1e-10,,10,2.2536787870564056e-15
global_eta1e10,GlobalAndersonSolver eta=1e-10,10,32,0.5155058750000006,6.384740870867626e-08,5.287179885326693e-07,AA,30,93.75,1e-10,,10,2.1606018131325238e-15
global_eta1e10,GlobalAndersonSolver eta=1e-10,10,33,0.5289648750000016,2.9291541641525974e-08,2.425621539065532e-07,AA,31,93.93939393939394,1e-10,,10,1.8944460809843996e-15
global_eta1e10,GlobalAndersonSolver eta=1e-10,10,34,0.5423292920000016,1.8277073813874313e-08,1.5135176037021504e-07,AA,32,94.11764705882354,1e-10,,10,1.42798212709563e-15
global_eta1e10,GlobalAndersonSolver eta=1e-10,10,35,0.5558495000000008,7.06206421942503e-09,5.848068801068733e-08,AA,33,94.28571428571429,1e-10,,10,1.6637527326125718e-15
global_eta1e10,GlobalAndersonSolver eta=1e-10,10,36,0.5692583750000004,2.4189733303081175e-09,2.0031427106937267e-08,AA,34,94.44444444444444,1e-10,,10,2.4679493843733868e-15
global_eta1e10,GlobalAndersonSolver eta=1e-10,10,37,0.5827197080000008,6.648598754694766e-10,5.5056796058589925e-09,AA,35,94.5945945945946,1e-10,,10,1.95198219923776e-15
global_eta1e10,GlobalAndersonSolver eta=1e-10,10,38,0.5960662500000016,4.1898051437800744e-10,3.469561870663992e-09,AA,36,94.73684210526316,1e-10,,10,1.789172784219837e-15
global_eta1e10,GlobalAndersonSolver eta=1e-10,10,39,0.6094850000000012,2.280556371474097e-10,1.8885201480342847e-09,AA,37,94.87179487179488,1e-10,,10,2.7345688058789528e-15
global_eta1e10,GlobalAndersonSolver eta=1e-10,10,40,0.6228922920000013,1.0143606240488843e-10,8.399882150910062e-10,AA,38,95.0,1e-10,,10,2.2790164015399917e-15
global_eta1e10,GlobalAndersonSolver eta=1e-10,10,41,0.6362973329999999,4.060082586165504e-11,3.362139108931817e-10,AA,39,95.1219512195122,1e-10,,10,2.0997573470159203e-15
faa02,FAA cs=0.2,10,0,0.013637167000000616,1.0,8.280962363642827,initial,0,0.0,0.0,0.2,0,9.373730790566751e-16
faa02,FAA cs=0.2,10,1,0.027556333000001487,1.044652141398399,8.650725066019026,AA,1,100.0,0.0,0.2,0,1.0575641643805286e-15
faa02,FAA cs=0.2,10,2,0.042045583000000164,0.926327951444168,7.670886902299515,AA,2,100.0,0.0,0.2,1,8.474412900968787e-16
faa02,FAA cs=0.2,10,3,0.05756537500000114,0.738617664704611,6.11646508254064,AA,3,100.0,0.0,0.2,2,8.228897111470023e-16
faa02,FAA cs=0.2,10,4,0.0738403750000014,0.5729432878572798,4.7445218032479115,AA,4,100.0,0.0,0.2,3,3.1644060286819396e-15
faa02,FAA cs=0.2,10,5,0.09059920800000043,0.3580472617083807,2.964975898612474,AA,5,100.0,0.0,0.2,4,2.0947776126531977e-15
faa02,FAA cs=0.2,10,6,0.10628441700000124,0.45253006942232105,3.7473844733029162,AA,6,100.0,0.0,0.2,5,7.303722235874119e-15
faa02,FAA cs=0.2,10,7,0.12225070800000104,0.3755225268165957,3.109687911268283,AA,7,100.0,0.0,0.2,6,6.879813601910774e-15
faa02,FAA cs=0.2,10,8,0.13726233300000068,0.35685640172930255,2.9551144319453595,AA,8,100.0,0.0,0.2,7,6.608865883271172e-15
faa02,FAA cs=0.2,10,9,0.1534445420000008,0.2104033405444678,1.7423421442334626,AA,9,100.0,0.0,0.2,8,7.355642252976066e-15
faa02,FAA cs=0.2,10,10,0.16846162500000084,0.1607307564669275,1.3310053449824675,AA,10,100.0,0.0,0.2,9,4.6754057258417706e-15
faa02,FAA cs=0.2,10,11,0.18425529200000135,0.13430229909447702,1.1121522841520664,AA,11,100.0,0.0,0.2,9,3.4035576734593594e-15
faa02,FAA cs=0.2,10,12,0.2006285830000003,0.09769022958338051,0.808969114475601,AA,12,100.0,0.0,0.2,10,3.216525162640658e-15
faa02,FAA cs=0.2,10,13,0.21720700000000015,0.07700950693458135,0.6377128285679594,AA,13,100.0,0.0,0.2,10,2.0783759262450572e-15
faa02,FAA cs=0.2,10,14,0.23330875000000084,0.0794368086750943,0.6578132229263519,AA,14,100.0,0.0,0.2,10,1.9290437084497294e-15
faa02,FAA cs=0.2,10,15,0.24919887500000115,0.07778879487911151,0.6441660827070543,AA,15,100.0,0.0,0.2,9,8.544767667549292e-15
faa02,FAA cs=0.2,10,16,0.2652983750000004,0.039165090015909426,0.3243246363904294,AA,16,100.0,0.0,0.2,9,7.627451069610031e-15
faa02,FAA cs=0.2,10,17,0.28186041700000075,0.026146802021446817,0.21652068346922126,AA,17,100.0,0.0,0.2,10,4.861579747126639e-15
faa02,FAA cs=0.2,10,18,0.29797166700000055,0.01718463648373652,0.14230532795470552,AA,18,100.0,0.0,0.2,9,3.0786068640781663e-15
faa02,FAA cs=0.2,10,19,0.3142019170000001,0.013861693879258221,0.11478816531047546,AA,19,100.0,0.0,0.2,9,2.1557665504548045e-15
faa02,FAA cs=0.2,10,20,0.3291680830000008,0.014220443297336037,0.11775895573955662,AA,20,100.0,0.0,0.2,9,5.911833263466754e-15
faa02,FAA cs=0.2,10,21,0.3450961250000013,0.011485734648976337,0.0951129363469614,AA,21,100.0,0.0,0.2,9,1.976530248256596e-15
faa02,FAA cs=0.2,10,22,0.36090458299999995,0.008534860557462925,0.07067685905529011,AA,22,100.0,0.0,0.2,9,3.051752732162505e-15
faa02,FAA cs=0.2,10,23,0.3764219579999999,0.00537611366798991,0.04451939494729023,AA,23,100.0,0.0,0.2,9,4.380619830673672e-15
faa02,FAA cs=0.2,10,24,0.3930622079999999,0.0014333022311667743,0.011869121832017349,AA,24,100.0,0.0,0.2,9,3.3741199956740967e-15
faa02,FAA cs=0.2,10,25,0.40946966700000154,0.0003721602936158175,0.0030818453846748486,AA,25,100.0,0.0,0.2,9,2.6244121722489233e-15
faa02,FAA cs=0.2,10,26,0.42558387500000094,0.00035666531336236355,0.0029535320363706075,AA,26,100.0,0.0,0.2,9,2.057994427722633e-15
faa02,FAA cs=0.2,10,27,0.44002470800000104,0.00011241157216336179,0.0009308759983227186,AA,27,100.0,0.0,0.2,8,1.846048939139571e-15
faa02,FAA cs=0.2,10,28,0.4567479580000011,8.935719747406499e-05,0.000739963589203332,AA,28,100.0,0.0,0.2,8,2.5749062605686675e-15
faa02,FAA cs=0.2,10,29,0.47121554200000126,4.0887325513057627e-05,0.0003385864037236433,AA,29,100.0,0.0,0.2,8,2.213619054966145e-15
faa02,FAA cs=0.2,10,30,0.4881208749999999,3.339916850193993e-05,0.0002765772573415295,AA,30,100.0,0.0,0.2,8,3.227179555506458e-15
faa02,FAA cs=0.2,10,31,0.5045914170000003,2.177477485983755e-05,0.00018031609109111076,AA,31,100.0,0.0,0.2,8,2.5787095826846957e-15
faa02,FAA cs=0.2,10,32,0.5207499170000016,9.029373695204893e-06,7.477190373725828e-05,AA,32,100.0,0.0,0.2,8,2.2740422314604002e-15
faa02,FAA cs=0.2,10,33,0.5368018750000001,5.046912210353028e-06,4.179329006654285e-05,AA,33,100.0,0.0,0.2,8,1.879689760139338e-15
faa02,FAA cs=0.2,10,34,0.5519860000000012,3.030908501830849e-06,2.5098839231306325e-05,AA,34,100.0,0.0,0.2,8,2.831888605263561e-15
faa02,FAA cs=0.2,10,35,0.5669660000000007,1.7734039928200078e-06,1.4685491720076399e-05,AA,35,100.0,0.0,0.2,8,2.167642406204824e-15
faa02,FAA cs=0.2,10,36,0.582723875000001,8.56079879158726e-07,7.089165259585309e-06,AA,36,100.0,0.0,0.2,8,1.863159129726579e-15
faa02,FAA cs=0.2,10,37,0.5968401249999999,3.1644232750163373e-07,2.6204470043045666e-06,AA,37,100.0,0.0,0.2,8,1.7696275215716243e-15
faa02,FAA cs=0.2,10,38,0.6127335420000009,1.1149782931858769e-07,9.233093282150964e-07,AA,38,100.0,0.0,0.2,8,2.8064070129879246e-15
faa02,FAA cs=0.2,10,39,0.629003667000001,7.278117883255459e-08,6.026982026939425e-07,AA,39,100.0,0.0,0.2,8,2.6364221405762558e-15
faa02,FAA cs=0.2,10,40,0.6453507500000004,1.2226646766466041e-08,1.0124840170666055e-07,AA,40,100.0,0.0,0.2,8,2.2522250362045855e-15
faa02,FAA cs=0.2,10,41,0.661610833000001,5.972630863444428e-09,4.945913139211486e-08,AA,41,100.0,0.0,0.2,8,2.1374946172604812e-15
faa02,FAA cs=0.2,10,42,0.6772532920000014,2.136949282626611e-09,1.7695996582444502e-08,AA,42,100.0,0.0,0.2,8,3.0534304513396305e-15
faa02,FAA cs=0.2,10,43,0.693139833,1.5643770243907831e-09,1.2954547261527632e-08,AA,43,100.0,0.0,0.2,8,2.446554847631626e-15
faa02,FAA cs=0.2,10,44,0.7083859580000009,1.0585145239687555e-09,8.765518934354567e-09,AA,44,100.0,0.0,0.2,7,2.10057400119053e-15
faa02,FAA cs=0.2,10,45,0.7242618329999999,2.576054515152726e-10,2.1332210486671897e-09,AA,45,100.0,0.0,0.2,7,2.7113293059613256e-15
faa02,FAA cs=0.2,10,46,0.7397847500000001,2.1130739787457096e-10,1.7498286089586224e-09,AA,46,100.0,0.0,0.2,8,2.3894065032413203e-15
faa02,FAA cs=0.2,10,47,0.7566197920000004,1.7892530572587861e-10,1.4816737226192872e-09,AA,47,100.0,0.0,0.2,7,2.838434144669105e-15
faa02,FAA cs=0.2,10,48,0.7736002500000012,5.990030619277702e-11,4.960321811530678e-10,AA,48,100.0,0.0,0.2,8,2.14067136915398e-15
faa0707,FAA cs=1/sqrt(2),10,0,0.014017250000000203,1.0,8.280962363642827,initial,0,0.0,0.0,0.7071067811865475,0,9.373730790566751e-16
faa0707,FAA cs=1/sqrt(2),10,1,0.02979516599999954,1.044652141398399,8.650725066019026,AA,1,100.0,0.0,0.7071067811865475,0,1.0575641643805286e-15
faa0707,FAA cs=1/sqrt(2),10,2,0.04591262499999971,0.926327951444168,7.670886902299515,AA,2,100.0,0.0,0.7071067811865475,1,8.474412900968787e-16
faa0707,FAA cs=1/sqrt(2),10,3,0.06081400000000059,0.738617664704611,6.11646508254064,AA,3,100.0,0.0,0.7071067811865475,2,8.228897111470023e-16
faa0707,FAA cs=1/sqrt(2),10,4,0.07686700000000002,0.5729432878572798,4.7445218032479115,AA,4,100.0,0.0,0.7071067811865475,3,3.1644060286819396e-15
faa0707,FAA cs=1/sqrt(2),10,5,0.09156912499999947,0.4850002820331757,4.016269081872884,AA,5,100.0,0.0,0.7071067811865475,3,3.317454294373472e-15
faa0707,FAA cs=1/sqrt(2),10,6,0.106257041000001,0.42453793779435733,3.5155826848136127,AA,6,100.0,0.0,0.7071067811865475,4,2.0501306747311553e-15
faa0707,FAA cs=1/sqrt(2),10,7,0.11987083300000023,0.2984714791109198,2.471631085138333,AA,7,100.0,0.0,0.7071067811865475,5,2.1295232547938897e-15
faa0707,FAA cs=1/sqrt(2),10,8,0.13644862499999988,0.21512694803915863,1.7814581601176187,AA,8,100.0,0.0,0.7071067811865475,6,1.4057252246642828e-15
faa0707,FAA cs=1/sqrt(2),10,9,0.15289216600000088,0.1362454957156368,1.1282438222370483,AA,9,100.0,0.0,0.7071067811865475,6,5.3602181453810345e-15
faa0707,FAA cs=1/sqrt(2),10,10,0.16969950000000011,0.1265825390741689,1.04822524196754,AA,10,100.0,0.0,0.7071067811865475,6,2.6502640454572158e-15
faa0707,FAA cs=1/sqrt(2),10,11,0.1863753750000008,0.11981149941479571,0.9921545173855378,AA,11,100.0,0.0,0.7071067811865475,7,2.629954617987551e-15
faa0707,FAA cs=1/sqrt(2),10,12,0.20303262500000052,0.13262914759746644,1.098296979576649,AA,12,100.0,0.0,0.7071067811865475,8,7.942527138742805e-15
faa0707,FAA cs=1/sqrt(2),10,13,0.21987795799999965,0.1047540571171792,0.867464404426252,AA,13,100.0,0.0,0.7071067811865475,7,2.5571359224847377e-14
faa0707,FAA cs=1/sqrt(2),10,14,0.23638404100000088,0.15583505824670854,1.290464252277081,AA,14,100.0,0.0,0.7071067811865475,7,3.2634972142809048e-15
faa0707,FAA cs=1/sqrt(2),10,15,0.2528937080000002,0.14904370551789473,1.2342253159315508,AA,15,100.0,0.0,0.7071067811865475,7,3.247716615635269e-15
faa0707,FAA cs=1/sqrt(2),10,16,0.2693331660000009,0.0948226294852487,0.7852226259889931,AA,16,100.0,0.0,0.7071067811865475,6,8.617936775728286e-15
faa0707,FAA cs=1/sqrt(2),10,17,0.2844254159999995,0.09124073677138651,0.7555611072348938,AA,17,100.0,0.0,0.7071067811865475,7,4.426092977377382e-15
faa0707,FAA cs=1/sqrt(2),10,18,0.3006210409999994,0.07032458881674651,0.582355273230135,AA,18,100.0,0.0,0.7071067811865475,5,1.774683004645245e-15
faa0707,FAA cs=1/sqrt(2),10,19,0.31530979100000067,0.050073112928740414,0.4146535635933364,AA,19,100.0,0.0,0.7071067811865475,6,7.57724387224203e-15
faa0707,FAA cs=1/sqrt(2),10,20,0.33180816600000007,0.02771473102247089,0.2295046445155657,AA,20,100.0,0.0,0.7071067811865475,7,3.824837679898167e-15
faa0707,FAA cs=1/sqrt(2),10,21,0.3484400000000001,0.01782049009929257,0.14757080781391138,AA,21,100.0,0.0,0.7071067811865475,6,4.502336813753146e-15
faa0707,FAA cs=1/sqrt(2),10,22,0.3640367910000002,0.01625650213899416,0.13461948237748975,AA,22,100.0,0.0,0.7071067811865475,7,2.338295346381762e-15
faa0707,FAA cs=1/sqrt(2),10,23,0.3810734579999995,0.020722316479822377,0.17160072285690461,AA,23,100.0,0.0,0.7071067811865475,6,2.531133629878227e-15
faa0707,FAA cs=1/sqrt(2),10,24,0.39566237500000057,0.020059776251057853,0.16611425215810627,AA,24,100.0,0.0,0.7071067811865475,6,3.878710995460664e-15
faa0707,FAA cs=1/sqrt(2),10,25,0.41144720800000023,0.02149837587491783,0.17802724149964147,AA,25,100.0,0.0,0.7071067811865475,7,3.556575535580713e-15
faa0707,FAA cs=1/sqrt(2),10,26,0.4272165000000001,0.02144434182207139,0.177579787541665,AA,26,100.0,0.0,0.7071067811865475,7,3.571436763762873e-15
faa0707,FAA cs=1/sqrt(2),10,27,0.4437108330000008,0.015354369438241797,0.12714895543554797,AA,27,100.0,0.0,0.7071067811865475,7,5.695498658251568e-14
faa0707,FAA cs=1/sqrt(2),10,28,0.4583367910000007,0.01507723177570981,0.12485398888257264,AA,28,100.0,0.0,0.7071067811865475,6,1.6931846086225087e-14
faa0707,FAA cs=1/sqrt(2),10,29,0.47472054099999994,0.013587205023610355,0.1125151334276161,AA,29,100.0,0.0,0.7071067811865475,7,1.3923790259112668e-14
faa0707,FAA cs=1/sqrt(2),10,30,0.49146787499999967,0.012914242611583311,0.10694235702147385,AA,30,100.0,0.0,0.7071067811865475,8,1.4537727991391078e-14
faa0707,FAA cs=1/sqrt(2),10,31,0.5064855000000001,0.01006032106889627,0.08330914013769299,AA,31,100.0,0.0,0.7071067811865475,6,5.068783518880674e-14
faa0707,FAA cs=1/sqrt(2),10,32,0.5232230829999995,0.005645834724112599,0.04675294486172421,AA,32,100.0,0.0,0.7071067811865475,7,3.32663730550583e-14
faa0707,FAA cs=1/sqrt(2),10,33,0.5392078330000007,0.005606119629518778,0.046424065658124264,AA,33,100.0,0.0,0.7071067811865475,6,1.545375675077738e-14
faa0707,FAA cs=1/sqrt(2),10,34,0.555347416,0.0027112111226713863,0.022451437266731565,AA,34,100.0,0.0,0.7071067811865475,7,6.665870951296529e-15
faa0707,FAA cs=1/sqrt(2),10,35,0.5717128749999993,0.0009460919287236581,0.007834551654306864,AA,35,100.0,0.0,0.7071067811865475,6,2.4653269925197187e-15
faa0707,FAA cs=1/sqrt(2),10,36,0.5867268330000002,0.0007633114031808116,0.006320953001479696,AA,36,100.0,0.0,0.7071067811865475,6,3.342317222133666e-15
faa0707,FAA cs=1/sqrt(2),10,37,0.6012924159999997,0.00028871413657414026,0.0023908308988220906,AA,37,100.0,0.0,0.7071067811865475,6,2.1200007479391455e-15
faa0707,FAA cs=1/sqrt(2),10,38,0.6177829159999995,0.00013797675202412786,0.0011425802905694821,AA,38,100.0,0.0,0.7071067811865475,6,2.523731125947442e-15
faa0707,FAA cs=1/sqrt(2),10,39,0.6334954160000006,0.00011602904442465488,0.0009608321499700086,AA,39,100.0,0.0,0.7071067811865475,6,1.7535167712599418e-15
faa0707,FAA cs=1/sqrt(2),10,40,0.6490086660000003,6.554887155566598e-05,0.0005428077383317278,AA,40,100.0,0.0,0.7071067811865475,7,2.077499249613189e-15
faa0707,FAA cs=1/sqrt(2),10,41,0.6637154580000004,5.1739229852902886e-05,0.00042845061513575416,AA,41,100.0,0.0,0.7071067811865475,6,2.92777494149542e-15
faa0707,FAA cs=1/sqrt(2),10,42,0.6791149999999995,1.6094788941285415e-05,0.0001332803414735593,AA,42,100.0,0.0,0.7071067811865475,5,2.1093135310230943e-15
faa0707,FAA cs=1/sqrt(2),10,43,0.6954442079999996,1.3639669636833642e-05,0.0001129495909151412,AA,43,100.0,0.0,0.7071067811865475,6,2.1113654921277072e-15
faa0707,FAA cs=1/sqrt(2),10,44,0.7112587910000006,9.51713770422866e-06,7.881105913832362e-05,AA,44,100.0,0.0,0.7071067811865475,7,2.476089919870397e-15
faa0707,FAA cs=1/sqrt(2),10,45,0.7279925410000008,3.3568473365273216e-06,2.7797926454277415e-05,AA,45,100.0,0.0,0.7071067811865475,7,1.7831063339180664e-15
faa0707,FAA cs=1/sqrt(2),10,46,0.744184958,3.261500592146097e-06,2.7008363652560623e-05,AA,46,100.0,0.0,0.7071067811865475,6,1.621721877665029e-15
faa0707,FAA cs=1/sqrt(2),10,47,0.760654541000001,1.934275806279236e-06,1.6017665152703234e-05,AA,47,100.0,0.0,0.7071067811865475,6,1.765289951577875e-15
faa0707,FAA cs=1/sqrt(2),10,48,0.7772466250000001,8.266764280354157e-07,6.8456763874719654e-06,AA,48,100.0,0.0,0.7071067811865475,6,3.201374267061719e-15
faa0707,FAA cs=1/sqrt(2),10,49,0.7910371660000006,4.0693510690015605e-07,3.3698143046851625e-06,AA,49,100.0,0.0,0.7071067811865475,5,3.2220213083999207e-15
faa0707,FAA cs=1/sqrt(2),10,50,0.8059815829999994,2.9972065388023894e-07,2.481975454388677e-06,AA,50,100.0,0.0,0.7071067811865475,5,2.178137954693577e-15
faa0707,FAA cs=1/sqrt(2),10,51,0.8218908329999994,1.409585579427984e-07,1.1672725131576802e-06,AA,51,100.0,0.0,0.7071067811865475,6,2.3812816096875074e-15
faa0707,FAA cs=1/sqrt(2),10,52,0.838250833,4.6602330291414474e-08,3.8591214320125533e-07,AA,52,100.0,0.0,0.7071067811865475,6,1.92194857092e-15
faa0707,FAA cs=1/sqrt(2),10,53,0.8578524999999999,4.1018941299408157e-08,3.3967630909687334e-07,AA,53,100.0,0.0,0.7071067811865475,6,2.637090829001788e-15
faa0707,FAA cs=1/sqrt(2),10,54,0.8735960830000007,1.7212349912105685e-08,1.425348218119981e-07,AA,54,100.0,0.0,0.7071067811865475,7,1.8724056677710344e-15
faa0707,FAA cs=1/sqrt(2),10,55,0.8900706249999999,1.4016815029340164e-08,1.1607271771610903e-07,AA,55,100.0,0.0,0.7071067811865475,7,4.3385873488156995e-15
faa0707,FAA cs=1/sqrt(2),10,56,0.9067518749999994,6.257129810959937e-09,5.18150564689868e-08,AA,56,100.0,0.0,0.7071067811865475,7,2.0244484872480207e-15
faa0707,FAA cs=1/sqrt(2),10,57,0.9230743330000006,3.5852136112419662e-09,2.9689018980314708e-08,AA,57,100.0,0.0,0.7071067811865475,7,2.059869693756286e-15
faa0707,FAA cs=1/sqrt(2),10,58,0.9399613749999993,1.9449407172161737e-09,1.610598087878362e-08,AA,58,100.0,0.0,0.7071067811865475,6,3.487871594952227e-15
faa0707,FAA cs=1/sqrt(2),10,59,0.9567820410000003,9.932913777145564e-10,8.225408514985173e-09,AA,59,100.0,0.0,0.7071067811865475,6,2.3057960882907207e-15
faa0707,FAA cs=1/sqrt(2),10,60,0.9713860410000006,3.521110966196891e-10,2.9158187389286482e-09,AA,60,100.0,0.0,0.7071067811865475,4,3.0793181896550962e-15
faa0707,FAA cs=1/sqrt(2),10,61,0.9886596250000004,2.2167028255074346e-10,1.8356432669407777e-09,AA,61,100.0,0.0,0.7071067811865475,4,2.4329706500423268e-15
faa0707,FAA cs=1/sqrt(2),10,62,1.0045247909999997,9.365875593661914e-11,7.755846329367523e-10,AA,62,100.0,0.0,0.7071067811865475,5,1.7984579522956795e-15
picard,Picard,20,0,0.014428416999999971,1.0,8.280962363642828,Picard,0,0.0,0.0,,0,9.373730790566751e-16
picard,Picard,20,1,0.028183958000000064,1.0446521413987233,8.650725066021714,Picard,0,0.0,0.0,,0,1.0567466780894342e-15
picard,Picard,20,2,0.04368595799999997,0.7403912837131451,6.131152354797754,Picard,0,0.0,0.0,,0,2.36735948952872e-15
picard,Picard,20,3,0.059124000000000065,0.7456883848449948,6.175017449907011,Picard,0,0.0,0.0,,0,2.9523848838839937e-15
picard,Picard,20,4,0.07440641700000006,0.5832853126190036,4.83016372106361,Picard,0,0.0,0.0,,0,3.168558805814546e-15
picard,Picard,20,5,0.08972554200000005,0.5266043836845081,4.360791081820739,Picard,0,0.0,0.0,,0,4.495885121340341e-15
picard,Picard,20,6,0.10508916700000004,0.5860167616634879,4.852782747799193,Picard,0,0.0,0.0,,0,2.5782688261263417e-15
picard,Picard,20,7,0.12034429199999996,0.4636744648577615,3.8396707924693523,Picard,0,0.0,0.0,,0,3.982336089104763e-15
picard,Picard,20,8,0.13561770800000006,0.5444023570142054,4.508175429113081,Picard,0,0.0,0.0,,0,3.1432798098086923e-15
picard,Picard,20,9,0.15090274999999997,0.8170731076802269,6.766151653044643,Picard,0,0.0,0.0,,0,1.945619272236256e-15
picard,Picard,20,10,0.16639487500000005,0.6325196304962633,5.2378712544048245,Picard,0,0.0,0.0,,0,2.270493796384978e-15
picard,Picard,20,11,0.18173916700000003,0.5988516449181982,4.959067932973198,Picard,0,0.0,0.0,,0,2.7780290503859838e-15
picard,Picard,20,12,0.197076833,0.5084356001943731,4.210336069545756,Picard,0,0.0,0.0,,0,3.4170990547359426e-15
picard,Picard,20,13,0.21251429200000005,0.38562405219349966,3.1933382627298084,Picard,0,0.0,0.0,,0,4.062749435301287e-15
picard,Picard,20,14,0.22816620799999998,0.4524889536113787,3.7470439948199528,Picard,0,0.0,0.0,,0,1.7014420877642009e-15
picard,Picard,20,15,0.24339483299999998,0.5542629077494728,4.589830278636621,Picard,0,0.0,0.0,,0,3.427797662204911e-15
picard,Picard,20,16,0.258672875,0.4553778566571316,3.770966892214046,Picard,0,0.0,0.0,,0,2.915111552902605e-15
picard,Picard,20,17,0.27393999999999996,0.48050273448831105,3.9790250599251666,Picard,0,0.0,0.0,,0,3.86477291976685e-15
picard,Picard,20,18,0.28935920800000003,0.3450060845447733,2.856982401343043,Picard,0,0.0,0.0,,0,3.1638658647266812e-15
picard,Picard,20,19,0.30484275000000005,0.5971063230756856,4.944614988482908,Picard,0,0.0,0.0,,0,2.3590029557678975e-15
picard,Picard,20,20,0.32024829200000005,0.6163372762128239,5.1038657876285285,Picard,0,0.0,0.0,,0,4.188740953445545e-15
picard,Picard,20,21,0.33563375000000006,0.4277063099942363,3.5418198557548233,Picard,0,0.0,0.0,,0,3.1155901281395912e-15
picard,Picard,20,22,0.351098292,0.3845781860603945,3.184677484644156,Picard,0,0.0,0.0,,0,2.4808719534175897e-15
picard,Picard,20,23,0.36681158300000005,0.5112260826498637,4.233443949736079,Picard,0,0.0,0.0,,0,5.69919670563417e-15
picard,Picard,20,24,0.38224583300000003,0.66790399478079,5.530887843306418,Picard,0,0.0,0.0,,0,2.558204093230627e-15
picard,Picard,20,25,0.398328542,0.6925560464352816,5.735030555243842,Picard,0,0.0,0.0,,0,2.2856407699637878e-15
picard,Picard,20,26,0.41372383299999993,0.5212667317309624,4.316590186883203,Picard,0,0.0,0.0,,0,3.661975837008447e-15
picard,Picard,20,27,0.427681792,0.3834685271488196,3.1754884409609234,Picard,0,0.0,0.0,,0,4.205070016053436e-15
picard,Picard,20,28,0.4420418749999999,0.42306881195445056,3.50341690902589,Picard,0,0.0,0.0,,0,4.954605298319444e-15
picard,Picard,20,29,0.45602904199999994,0.4167497524838169,3.451089015375952,Picard,0,0.0,0.0,,0,1.4367252614483796e-15
picard,Picard,20,30,0.4713154580000001,0.5943986169875197,4.922192576275,Picard,0,0.0,0.0,,0,2.853863971308876e-15
picard,Picard,20,31,0.4867852079999999,0.4722011800109777,3.9102801997386387,Picard,0,0.0,0.0,,0,2.9799810936115304e-15
picard,Picard,20,32,0.5024617499999999,0.4035493252930087,3.341776774624862,Picard,0,0.0,0.0,,0,5.1214713534257355e-15
picard,Picard,20,33,0.5180687079999999,0.4255222777449564,3.523733966897554,Picard,0,0.0,0.0,,0,2.0857931159750594e-15
picard,Picard,20,34,0.533844708,0.4672640430891214,3.8693959547045953,Picard,0,0.0,0.0,,0,3.191658403232176e-15
picard,Picard,20,35,0.549233042,0.49933827875973696,4.135001493135573,Picard,0,0.0,0.0,,0,4.069183507588468e-15
picard,Picard,20,36,0.5647092920000001,0.44912944558257906,3.7192240352731067,Picard,0,0.0,0.0,,0,2.988170849675139e-15
picard,Picard,20,37,0.5802022499999999,0.608851007455735,5.04187227780696,Picard,0,0.0,0.0,,0,4.122209656957615e-15
picard,Picard,20,38,0.5957817919999999,1.0923970767965614,9.046099079105769,Picard,0,0.0,0.0,,0,1.7804928008495706e-15
picard,Picard,20,39,0.6111542919999999,0.6611648031525992,5.4750808510719935,Picard,0,0.0,0.0,,0,4.127922972156963e-15
picard,Picard,20,40,0.6267760419999999,0.4280970168607303,3.545055284611477,Picard,0,0.0,0.0,,0,5.883874778408768e-15
picard,Picard,20,41,0.642364875,0.4115923003601751,3.4083803484477846,Picard,0,0.0,0.0,,0,3.57720457419656e-15
picard,Picard,20,42,0.6579042500000001,0.5187993343638783,4.296157762150227,Picard,0,0.0,0.0,,0,3.070110236325004e-15
picard,Picard,20,43,0.6734547500000001,0.6540638916932229,5.416278470529337,Picard,0,0.0,0.0,,0,1.9613985354596655e-15
picard,Picard,20,44,0.6890732500000001,0.45574085518780094,3.773972869384576,Picard,0,0.0,0.0,,0,2.8515832605845975e-15
picard,Picard,20,45,0.7046546250000001,0.338160000731305,2.800290238945368,Picard,0,0.0,0.0,,0,3.231930948146774e-15
picard,Picard,20,46,0.72022275,0.4289888834552164,3.552440798313807,Picard,0,0.0,0.0,,0,3.81399047820354e-15
picard,Picard,20,47,0.735758583,0.4913280973881912,4.06866948267185,Picard,0,0.0,0.0,,0,3.840621992715843e-15
picard,Picard,20,48,0.751234792,0.6039500369625902,5.001287525607904,Picard,0,0.0,0.0,,0,2.862219204727251e-15
picard,Picard,20,49,0.7665475420000001,0.7917852278011557,6.556743671509733,Picard,0,0.0,0.0,,0,3.1740408376213627e-15
picard,Picard,20,50,0.782096458,0.5117329600071705,4.237641382054919,Picard,0,0.0,0.0,,0,3.0228167854648346e-15
picard,Picard,20,51,0.7975975829999999,0.40030517622869105,3.3149120983212006,Picard,0,0.0,0.0,,0,1.970243320560481e-15
picard,Picard,20,52,0.8137780000000001,0.3700550865511701,3.0644122442048287,Picard,0,0.0,0.0,,0,2.907335489103568e-15
picard,Picard,20,53,0.827485917,0.4231977705541063,3.5044848103361073,Picard,0,0.0,0.0,,0,3.62544609365123e-15
picard,Picard,20,54,0.8425701670000001,0.4394460267777656,3.6390360085990556,Picard,0,0.0,0.0,,0,3.0436873803124726e-15
picard,Picard,20,55,0.85762625,0.5594666476043361,4.632922252524932,Picard,0,0.0,0.0,,0,2.3769562856397332e-15
picard,Picard,20,56,0.8725809170000001,0.5650729958466812,4.679348211317268,Picard,0,0.0,0.0,,0,2.3964941955598976e-15
picard,Picard,20,57,0.887439667,0.46820520083029793,3.8771896465375293,Picard,0,0.0,0.0,,0,2.71323498688175e-15
picard,Picard,20,58,0.9026350000000001,0.42596614849075887,3.5274096438378666,Picard,0,0.0,0.0,,0,2.5510386853886287e-15
picard,Picard,20,59,0.9177918330000001,0.6703612534388417,5.55123630977148,Picard,0,0.0,0.0,,0,1.780689274655077e-15
picard,Picard,20,60,0.9328210830000001,0.35806235685139204,2.9651009009236255,Picard,0,0.0,0.0,,0,2.4091527742318076e-15
picard,Picard,20,61,0.9476796670000001,0.3837523096917485,3.1778384335183762,Picard,0,0.0,0.0,,0,3.4463108240914788e-15
picard,Picard,20,62,0.962572333,0.4288228946999127,3.551066251678349,Picard,0,0.0,0.0,,0,3.691801534225181e-15
picard,Picard,20,63,0.977452708,0.4589463122821533,3.80051713894118,Picard,0,0.0,0.0,,0,2.9343397669439926e-15
picard,Picard,20,64,0.9924123330000001,0.43814897207234726,3.6282951473999003,Picard,0,0.0,0.0,,0,2.3744888937892526e-15
picard,Picard,20,65,1.008810708,0.4282849082163316,3.546611205855665,Picard,0,0.0,0.0,,0,2.3187089836339926e-15
picard,Picard,20,66,1.025527833,0.7119672792551501,5.8957742436570815,Picard,0,0.0,0.0,,0,3.3748350359110633e-15
picard,Picard,20,67,1.0428555,0.48292671418289435,3.9990979445462456,Picard,0,0.0,0.0,,0,2.1836057493191515e-15
picard,Picard,20,68,1.058960208,0.29139257887508185,2.413010978709377,Picard,0,0.0,0.0,,0,3.4666367653951653e-15
picard,Picard,20,69,1.073174875,0.2647195754941301,2.192132841586398,Picard,0,0.0,0.0,,0,5.215237214929247e-15
picard,Picard,20,70,1.088297792,0.4725753320044627,3.91337853831497,Picard,0,0.0,0.0,,0,2.37578897155647e-15
picard,Picard,20,71,1.103287,0.5286556037264466,4.377777157787581,Picard,0,0.0,0.0,,0,3.3887477399560972e-15
picard,Picard,20,72,1.120037833,0.4608324596816511,3.816136254568704,Picard,0,0.0,0.0,,0,4.245539409230774e-15
picard,Picard,20,73,1.135863292,0.5638201754213249,4.668973652526489,Picard,0,0.0,0.0,,0,3.3780414489849594e-15
picard,Picard,20,74,1.15102425,0.7558474461311121,6.25914425406729,Picard,0,0.0,0.0,,0,3.2380154867949135e-15
picard,Picard,20,75,1.166081458,0.4787369413560017,3.964402593454534,Picard,0,0.0,0.0,,0,2.509755642199036e-15
picard,Picard,20,76,1.180968875,0.39449637323877096,3.266809619383856,Picard,0,0.0,0.0,,0,2.1177649561958652e-15
picard,Picard,20,77,1.196204875,0.5138255831649499,4.254970315665778,Picard,0,0.0,0.0,,0,2.8205439413352303e-15
picard,Picard,20,78,1.211051375,0.2839715919196252,2.351558065030156,Picard,0,0.0,0.0,,0,2.2539490695435513e-15
picard,Picard,20,79,1.226357417,0.26341669287851327,2.1813437196822303,Picard,0,0.0,0.0,,0,2.4613546616961673e-15
picard,Picard,20,80,1.241199083,0.35576895607102904,2.9461093353766903,Picard,0,0.0,0.0,,0,2.714482519590024e-15
picard,Picard,20,81,1.25602575,0.27981533745873477,2.3171402782658,Picard,0,0.0,0.0,,0,3.4462473411096023e-15
picard,Picard,20,82,1.270927125,0.3539362042157574,2.930932386241289,Picard,0,0.0,0.0,,0,3.813165381437036e-15
picard,Picard,20,83,1.285807083,0.4497169528256732,3.724089160641537,Picard,0,0.0,0.0,,0,2.0470631129556106e-15
picard,Picard,20,84,1.300606625,0.43883225445663976,3.6339533831079667,Picard,0,0.0,0.0,,0,1.8023721909958506e-15
picard,Picard,20,85,1.315498458,0.5714839923608296,4.732437432164375,Picard,0,0.0,0.0,,0,3.951587511300642e-15
picard,Picard,20,86,1.330259917,0.6948337243271694,5.753891920143066,Picard,0,0.0,0.0,,0,3.4628719941242944e-15
picard,Picard,20,87,1.3451543750000001,0.428057006635701,3.5447239614438484,Picard,0,0.0,0.0,,0,2.8277938582718107e-15
picard,Picard,20,88,1.360026042,0.38115127524051146,3.156299365121144,Picard,0,0.0,0.0,,0,4.242283832645232e-15
picard,Picard,20,89,1.374865792,0.4614826014381552,3.8215200539853473,Picard,0,0.0,0.0,,0,3.579883058510821e-15
picard,Picard,20,90,1.3899434579999999,0.6024055871036396,4.988497994453401,Picard,0,0.0,0.0,,0,1.9304434870498227e-15
picard,Picard,20,91,1.4047771249999998,0.40369763846417056,3.343004950413286,Picard,0,0.0,0.0,,0,2.8494278029694237e-15
picard,Picard,20,92,1.420120583,0.4556684894679246,3.7733736115818624,Picard,0,0.0,0.0,,0,4.146667694113367e-15
picard,Picard,20,93,1.4353444579999999,0.3992904823803516,3.3065094567524813,Picard,0,0.0,0.0,,0,2.7961656753117794e-15
picard,Picard,20,94,1.4513026249999998,0.5200457208363862,4.306479041619619,Picard,0,0.0,0.0,,0,3.2593874833485544e-15
picard,Picard,20,95,1.4663872919999998,0.7497166453152369,6.208375323252036,Picard,0,0.0,0.0,,0,2.9624832491980245e-15
picard,Picard,20,96,1.4816661249999998,0.9787505171134954,8.104996195612811,Picard,0,0.0,0.0,,0,2.7439317738874747e-15
picard,Picard,20,97,1.4966585000000001,1.2164933259344777,10.073735447686097,Picard,0,0.0,0.0,,0,1.2591379458023401e-15
picard,Picard,20,98,1.5115909580000002,0.8119317767718168,6.723576485293066,Picard,0,0.0,0.0,,0,2.6003822200049113e-15
picard,Picard,20,99,1.526495917,0.5235012386312223,4.335094054425555,Picard,0,0.0,0.0,,0,4.428331659450223e-15
picard,Picard,20,100,1.541566375,0.5541565474326735,4.588949512856221,Picard,0,0.0,0.0,,0,3.3229283613277425e-15
picard,Picard,20,101,1.5564125830000002,0.6662818145692717,5.517454630027789,Picard,0,0.0,0.0,,0,3.2447438558999326e-15
picard,Picard,20,102,1.571322458,0.4401543587176901,3.6449016787345365,Picard,0,0.0,0.0,,0,3.775872332438259e-15
picard,Picard,20,103,1.586350542,0.1962392946065256,1.6250502129044555,Picard,0,0.0,0.0,,0,1.8083092319656143e-15
picard,Picard,20,104,1.601528917,0.3155995132449621,2.6134676911655275,Picard,0,0.0,0.0,,0,3.974655172203616e-15
picard,Picard,20,105,1.6164705000000001,0.2466838419922835,2.042779611256914,Picard,0,0.0,0.0,,0,2.505409546072177e-15
picard,Picard,20,106,1.6314189579999998,0.2694391790386182,2.231215700909619,Picard,0,0.0,0.0,,0,6.181711147406819e-15
picard,Picard,20,107,1.646243583,0.2686559820118843,2.2247300758079187,Picard,0,0.0,0.0,,0,3.6551925496244096e-15
picard,Picard,20,108,1.661031667,0.5091069138451584,4.215895192622108,Picard,0,0.0,0.0,,0,2.1982793971812454e-15
picard,Picard,20,109,1.67589825,0.4156566368621254,3.4420369660536148,Picard,0,0.0,0.0,,0,2.4088359640951555e-15
picard,Picard,20,110,1.6909041670000002,0.669217675130535,5.541766380840514,Picard,0,0.0,0.0,,0,2.1360177659974716e-15
picard,Picard,20,111,1.7059882919999998,0.7045244494222743,5.834140449932039,Picard,0,0.0,0.0,,0,1.8157032708279932e-15
picard,Picard,20,112,1.720754667,0.38912751546993724,3.222350310264393,Picard,0,0.0,0.0,,0,2.491754078790127e-15
picard,Picard,20,113,1.7359528750000002,0.20440115921797047,1.692638306568979,Picard,0,0.0,0.0,,0,2.2437582993709464e-15
picard,Picard,20,114,1.7509631250000002,0.22677628504734204,1.8779258814437774,Picard,0,0.0,0.0,,0,2.6415651489237746e-15
picard,Picard,20,115,1.7657953329999998,0.28512739597415593,2.361129234905471,Picard,0,0.0,0.0,,0,2.6841477475954873e-15
picard,Picard,20,116,1.78067025,0.405583497683305,3.3586216796300667,Picard,0,0.0,0.0,,0,2.196458195883624e-15
picard,Picard,20,117,1.7956544170000002,0.5087899453272453,4.213270388254811,Picard,0,0.0,0.0,,0,2.299385157564097e-15
picard,Picard,20,118,1.8106214999999999,0.4671699826093286,3.868617043411525,Picard,0,0.0,0.0,,0,2.8869195301482124e-15
picard,Picard,20,119,1.825491667,0.7334507133743428,6.073677753039916,Picard,0,0.0,0.0,,0,3.812176459790956e-15
picard,Picard,20,120,1.8404702080000002,0.44526623874254695,3.6872329648278335,Picard,0,0.0,0.0,,0,5.609550313772324e-15
picard,Picard,20,121,1.8553181250000002,0.17615468311317423,1.4587303010396246,Picard,0,0.0,0.0,,0,3.1727796966205916e-15
picard,Picard,20,122,1.870074083,0.25608924247885995,2.1206653787012413,Picard,0,0.0,0.0,,0,1.892916490670408e-15
picard,Picard,20,123,1.885026458,0.3643920122164072,3.017516538776146,Picard,0,0.0,0.0,,0,1.8217318809013515e-15
picard,Picard,20,124,1.8999416670000002,0.3673458688339779,3.041977314253846,Picard,0,0.0,0.0,,0,3.8147035344794516e-15
picard,Picard,20,125,1.9150070000000001,0.35274454200445254,2.9210642763192984,Picard,0,0.0,0.0,,0,3.183135641808289e-15
picard,Picard,20,126,1.929935833,0.7098118771231103,5.877925439723144,Picard,0,0.0,0.0,,0,3.4839870276575542e-15
picard,Picard,20,127,1.944761958,0.7904243390012587,6.545474202576684,Picard,0,0.0,0.0,,0,3.584092787136136e-15
picard,Picard,20,128,1.959504,0.409216268992671,3.3887045221186485,Picard,0,0.0,0.0,,0,2.4381359161268714e-15
picard,Picard,20,129,1.9743873330000001,0.38562700610262085,3.1933627239400666,Picard,0,0.0,0.0,,0,2.111486488546807e-15
picard,Picard,20,130,1.98921875,0.4674810292057812,3.871192808570088,Picard,0,0.0,0.0,,0,2.304636798785084e-15
picard,Picard,20,131,2.004132917,0.4510897632845445,3.7354573523838654,Picard,0,0.0,0.0,,0,4.211317876219059e-15
picard,Picard,20,132,2.019062542,0.8137595377456668,6.738712105127252,Picard,0,0.0,0.0,,0,1.8187559087695e-15
picard,Picard,20,133,2.033881792,0.6500285676834715,5.382862104279482,Picard,0,0.0,0.0,,0,1.8492166320175724e-15
picard,Picard,20,134,2.048754,0.4014148674839976,3.3241014098416573,Picard,0,0.0,0.0,,0,3.3674628684438523e-15
picard,Picard,20,135,2.0635105830000002,0.4531875605888442,3.7528291329073227,Picard,0,0.0,0.0,,0,2.8059761381413978e-15
picard,Picard,20,136,2.078325542,0.6107418048040688,5.057529899485789,Picard,0,0.0,0.0,,0,2.4958708764344393e-15
picard,Picard,20,137,2.093256292,0.6020417148186065,4.985484781755869,Picard,0,0.0,0.0,,0,2.2579951029867123e-15
picard,Picard,20,138,2.1080071670000002,0.4916472588532318,4.071312446751776,Picard,0,0.0,0.0,,0,1.9624251272278046e-15
picard,Picard,20,139,2.12288925,0.5112208429073217,4.233400559625294,Picard,0,0.0,0.0,,0,4.496294632142315e-15
picard,Picard,20,140,2.137864958,0.9785645601273247,8.103456292809076,Picard,0,0.0,0.0,,0,1.5245100251781717e-15
picard,Picard,20,141,2.152627625,0.5295468907019196,4.385157871686679,Picard,0,0.0,0.0,,0,2.893781128180851e-15
picard,Picard,20,142,2.167531542,0.3390687631397703,2.807815666247363,Picard,0,0.0,0.0,,0,4.422377401892109e-15
picard,Picard,20,143,2.182290667,0.2808582669248369,2.3257767379225256,Picard,0,0.0,0.0,,0,5.050249785034717e-15
picard,Picard,20,144,2.197098375,0.5567155654841079,4.610140645028032,Picard,0,0.0,0.0,,0,2.7562435518588227e-15
picard,Picard,20,145,2.211793958,0.6323670056506997,5.236607373802956,Picard,0,0.0,0.0,,0,8.269177135443202e-15
picard,Picard,20,146,2.226645333,0.36868665355438823,3.0530803020613115,Picard,0,0.0,0.0,,0,2.9626998672058884e-15
picard,Picard,20,147,2.241583125,0.3990376782241507,3.3044159950496095,Picard,0,0.0,0.0,,0,2.1236085465072683e-15
picard,Picard,20,148,2.256722125,0.6202105509681999,5.135940230101846,Picard,0,0.0,0.0,,0,1.8313507307430087e-15
picard,Picard,20,149,2.27293425,0.6745695531917698,5.586085081640404,Picard,0,0.0,0.0,,0,2.178171643051958e-15
picard,Picard,20,150,2.287640458,0.5555123114791142,4.600176543898776,Picard,0,0.0,0.0,,0,3.0035373808985733e-15
picard,Picard,20,151,2.302506917,0.4595579153854709,3.80558180122124,Picard,0,0.0,0.0,,0,1.9022707044204435e-15
picard,Picard,20,152,2.317341458,0.48645394245679285,4.028306789130376,Picard,0,0.0,0.0,,0,2.197676367656566e-15
picard,Picard,20,153,2.332181958,0.3671742530198698,3.040556170156211,Picard,0,0.0,0.0,,0,2.7160928980239036e-15
picard,Picard,20,154,2.346948792,0.3926116760563337,3.2512025129492295,Picard,0,0.0,0.0,,0,3.278937597546204e-15
picard,Picard,20,155,2.36188875,0.4409551557415139,3.6515330487497386,Picard,0,0.0,0.0,,0,3.890325568152299e-15
picard,Picard,20,156,2.376664958,0.5793429118791988,4.797516848914889,Picard,0,0.0,0.0,,0,2.8773256493356826e-15
picard,Picard,20,157,2.391453542,0.43724940514420324,3.6208458675243618,Picard,0,0.0,0.0,,0,1.9442563831975345e-15
picard,Picard,20,158,2.406532417,0.45778103355828814,3.790867509685699,Picard,0,0.0,0.0,,0,3.2571483650832094e-15
picard,Picard,20,159,2.42174975,0.6634819257602229,5.494268856177671,Picard,0,0.0,0.0,,0,2.2094887125577255e-15
picard,Picard,20,160,2.436688708,0.4215348492561358,3.490714221653914,Picard,0,0.0,0.0,,0,4.741849670785826e-15
picard,Picard,20,161,2.451850208,0.28161292365265167,2.33202602188303,Picard,0,0.0,0.0,,0,3.0968591815543034e-15
picard,Picard,20,162,2.466883917,0.2948940508538111,2.442006536382584,Picard,0,0.0,0.0,,0,3.0605326075864122e-15
picard,Picard,20,163,2.481927917,0.5469068486638766,4.528915030204066,Picard,0,0.0,0.0,,0,4.527052818473449e-15
picard,Picard,20,164,2.496931333,0.4956470523734668,4.104434586355184,Picard,0,0.0,0.0,,0,2.4260461480428917e-15
picard,Picard,20,165,2.511956167,0.37695013192115695,3.1215098554093,Picard,0,0.0,0.0,,0,2.911183560432744e-15
picard,Picard,20,166,2.526995042,0.3926741487280254,3.251719846792265,Picard,0,0.0,0.0,,0,3.59946856368664e-15
picard,Picard,20,167,2.542205375,0.5184439257269741,4.2932146366043105,Picard,0,0.0,0.0,,0,2.2270364236871168e-15
picard,Picard,20,168,2.557249458,0.651438512625335,5.394537805277863,Picard,0,0.0,0.0,,0,2.796180112796751e-15
picard,Picard,20,169,2.572365292,0.62319139485641,5.160624486152008,Picard,0,0.0,0.0,,0,2.632942663513922e-15
picard,Picard,20,170,2.587616708,0.5007143369904234,4.146396579554069,Picard,0,0.0,0.0,,0,2.223968891792743e-15
picard,Picard,20,171,2.602812667,0.4915109641941422,4.0701837958094895,Picard,0,0.0,0.0,,0,1.886757316197701e-15
picard,Picard,20,172,2.617852375,0.4027949658738724,3.335529952666335,Picard,0,0.0,0.0,,0,4.66228745920526e-15
picard,Picard,20,173,2.632846875,0.3120548702532647,2.584114635958731,Picard,0,0.0,0.0,,0,3.8362218659931154e-15
picard,Picard,20,174,2.647985125,0.3323757980909755,2.752391474577116,Picard,0,0.0,0.0,,0,2.3032171640890243e-15
picard,Picard,20,175,2.663118458,0.6915305789790137,5.726538697833347,Picard,0,0.0,0.0,,0,2.697764684441729e-15
picard,Picard,20,176,2.678020417,0.5259804776813042,4.355624539689757,Picard,0,0.0,0.0,,0,2.730864447070867e-15
picard,Picard,20,177,2.693129583,0.37138245905652906,3.075404165964241,Picard,0,0.0,0.0,,0,3.732314659154091e-15
picard,Picard,20,178,2.708182583,0.415238833114075,3.4385771489406203,Picard,0,0.0,0.0,,0,3.865006938247394e-15
picard,Picard,20,179,2.723238458,0.5339743250200156,4.421821288642333,Picard,0,0.0,0.0,,0,3.376091858133152e-15
picard,Picard,20,180,2.73834925,0.6774794233966469,5.610181607290078,Picard,0,0.0,0.0,,0,3.3107366293677927e-15
picard,Picard,20,181,2.753179208,0.771859839109324,6.391742277671721,Picard,0,0.0,0.0,,0,3.3364474628456134e-15
picard,Picard,20,182,2.768178792,0.543134586280332,4.497677067380147,Picard,0,0.0,0.0,,0,2.5016318626095417e-15
picard,Picard,20,183,2.783212792,0.21416127711362523,1.7734614755276128,Picard,0,0.0,0.0,,0,2.621184224868835e-15
picard,Picard,20,184,2.798335208,0.19828871817928603,1.642021412377647,Picard,0,0.0,0.0,,0,3.0343684545916323e-15
picard,Picard,20,185,2.813357417,0.30049281217886087,2.4883696681983403,Picard,0,0.0,0.0,,0,3.124796237050533e-15
picard,Picard,20,186,2.828337917,0.2855658008212865,2.364759648944598,Picard,0,0.0,0.0,,0,2.4652157390116565e-15
picard,Picard,20,187,2.843455375,0.3531171994897548,2.924150238929616,Picard,0,0.0,0.0,,0,3.549059985933931e-15
picard,Picard,20,188,2.858538333,0.5050432217265566,4.182243911130535,Picard,0,0.0,0.0,,0,2.6714909998367616e-15
picard,Picard,20,189,2.873552958,0.6850756681467383,5.673085824170603,Picard,0,0.0,0.0,,0,2.7652661187984587e-15
picard,Picard,20,190,2.888445292,0.4767158993418774,3.94766642060023,Picard,0,0.0,0.0,,0,2.8251380354144963e-15
picard,Picard,20,191,2.903471875,0.3955867552684882,3.275839031933937,Picard,0,0.0,0.0,,0,3.2015157523989043e-15
picard,Picard,20,192,2.918575917,0.7105081538759043,5.883691281307711,Picard,0,0.0,0.0,,0,4.083062809210336e-15
picard,Picard,20,193,2.9339887080000002,0.5178018003726286,4.287897220712234,Picard,0,0.0,0.0,,0,2.8772308710513747e-15
picard,Picard,20,194,2.949004083,0.5632387178352078,4.664158624139799,Picard,0,0.0,0.0,,0,3.538313139609695e-15
picard,Picard,20,195,2.964547417,0.7097752827243411,5.877622402884216,Picard,0,0.0,0.0,,0,3.0114621128398514e-15
picard,Picard,20,196,2.979980333,0.5223943631884951,4.325928060543091,Picard,0,0.0,0.0,,0,2.6992662571616063e-15
picard,Picard,20,197,2.995215042,0.2974636311005569,2.463285133696246,Picard,0,0.0,0.0,,0,2.1631667087803187e-15
picard,Picard,20,198,3.010151417,0.18139145702152534,1.502095828681587,Picard,0,0.0,0.0,,0,1.8972878623637563e-15
picard,Picard,20,199,3.0254000420000002,0.30635316857626554,2.536899058962782,Picard,0,0.0,0.0,,0,4.421339291523924e-15
picard,Picard,20,200,3.040422083,0.4188471498418939,3.4684574839597917,Picard,0,0.0,0.0,,0,4.273380896246279e-15
picard,Picard,20,201,3.055496792,0.4264676481196442,3.531562543390047,Picard,0,0.0,0.0,,0,3.723771898636231e-15
picard,Picard,20,202,3.070531042,0.45955235679624723,3.805535770753084,Picard,0,0.0,0.0,,0,3.0315479394197404e-15
picard,Picard,20,203,3.085447,0.6411762984081677,5.30955679557786,Picard,0,0.0,0.0,,0,5.046636952390603e-15
picard,Picard,20,204,3.100537708,0.3790265643043216,3.1387047138249353,Picard,0,0.0,0.0,,0,2.5201321151849617e-15
picard,Picard,20,205,3.115629958,0.42425269991195336,3.513220640644741,Picard,0,0.0,0.0,,0,2.744404188001855e-15
picard,Picard,20,206,3.130684167,0.35400952041306966,2.9315395149118775,Picard,0,0.0,0.0,,0,2.964379188956215e-15
picard,Picard,20,207,3.145657042,0.3559290340833347,2.9474349353718403,Picard,0,0.0,0.0,,0,3.210870079450053e-15
picard,Picard,20,208,3.16080725,0.28840055368993583,2.3882341307601114,Picard,0,0.0,0.0,,0,5.101461181844572e-15
picard,Picard,20,209,3.175870125,0.2242916716737639,1.8573508916089732,Picard,0,0.0,0.0,,0,1.7053135178591513e-15
picard,Picard,20,210,3.190795458,0.3723634559943411,3.0835277646851114,Picard,0,0.0,0.0,,0,3.721015231663205e-15
picard,Picard,20,211,3.20588175,0.40381469380949453,3.3439742813223767,Picard,0,0.0,0.0,,0,2.1984034028317805e-15
picard,Picard,20,212,3.220942417,0.5277357470937216,4.370159859632039,Picard,0,0.0,0.0,,0,3.0180932793460847e-15
picard,Picard,20,213,3.235985167,0.5040143448930507,4.173723820795449,Picard,0,0.0,0.0,,0,2.6993449434868036e-15
picard,Picard,20,214,3.251006458,0.3639792498359507,3.014098469038458,Picard,0,0.0,0.0,,0,2.5632979699877526e-15
picard,Picard,20,215,3.265982833,0.4508811813683052,3.733730093385751,Picard,0,0.0,0.0,,0,2.6615117136927137e-15
picard,Picard,20,216,3.28096875,0.6029558825691241,4.993054970491962,Picard,0,0.0,0.0,,0,2.30967391916801e-15
picard,Picard,20,217,3.296054542,0.5946392723024534,4.9241854338805755,Picard,0,0.0,0.0,,0,2.7000498177363828e-15
picard,Picard,20,218,3.310994375,0.4403059646802756,3.646157122004811,Picard,0,0.0,0.0,,0,1.722344230964296e-15
picard,Picard,20,219,3.3261005,0.42329681819742715,3.505305020142655,Picard,0,0.0,0.0,,0,4.189254557043062e-15
picard,Picard,20,220,3.341243542,0.8024696031054799,6.645220581283877,Picard,0,0.0,0.0,,0,1.9481465036910815e-15
picard,Picard,20,221,3.356126625,0.4858502514180319,4.023307646359128,Picard,0,0.0,0.0,,0,2.569116799977107e-15
picard,Picard,20,222,3.371168042,0.38376678090469807,3.177958269088168,Picard,0,0.0,0.0,,0,3.564373051700188e-15
picard,Picard,20,223,3.386265,0.48660903458201893,4.0295911011822705,Picard,0,0.0,0.0,,0,3.581827585690325e-15
picard,Picard,20,224,3.401711167,0.6053289089216483,5.0127059124051465,Picard,0,0.0,0.0,,0,3.735732165474647e-15
picard,Picard,20,225,3.4170760419999997,0.7198194716717254,5.9607979535308235,Picard,0,0.0,0.0,,0,2.8216222335496314e-15
picard,Picard,20,226,3.4322525419999996,0.5834642596037288,4.831645574309207,Picard,0,0.0,0.0,,0,2.305143478109361e-15
picard,Picard,20,227,3.4464981669999997,0.3336936049991696,2.76330418398642,Picard,0,0.0,0.0,,0,3.624730623050362e-15
picard,Picard,20,228,3.4615677500000004,0.5579662747549718,4.620497721427916,Picard,0,0.0,0.0,,0,2.8190215090096304e-15
picard,Picard,20,229,3.4765955,0.63274992623824,5.239778324776641,Picard,0,0.0,0.0,,0,3.4765774932060737e-15
picard,Picard,20,230,3.4916871250000003,0.6142200986932322,5.08633352027164,Picard,0,0.0,0.0,,0,2.3345130925008023e-15
picard,Picard,20,231,3.5066764170000004,0.5552088311433143,4.597663434659912,Picard,0,0.0,0.0,,0,4.247334093726435e-15
picard,Picard,20,232,3.521713417,0.5106246071459047,4.2284631537251425,Picard,0,0.0,0.0,,0,1.847546882486476e-15
picard,Picard,20,233,3.5367629999999997,1.1318364829608778,9.372695317196897,Picard,0,0.0,0.0,,0,2.5439944035299034e-15
picard,Picard,20,234,3.5518050829999996,0.760640883423135,6.298838527875013,Picard,0,0.0,0.0,,0,3.2904628622342613e-15
picard,Picard,20,235,3.5668874170000002,0.3621712180995874,2.9991262262773617,Picard,0,0.0,0.0,,0,4.201688263945768e-15
picard,Picard,20,236,3.581808542,0.3829600806975234,3.1712780150338116,Picard,0,0.0,0.0,,0,3.5080202107726203e-15
picard,Picard,20,237,3.596931167,0.5601653046691424,4.638707805383686,Picard,0,0.0,0.0,,0,3.1237360092964576e-15
picard,Picard,20,238,3.611965583,0.659699863152206,5.462949738063742,Picard,0,0.0,0.0,,0,2.883951629262396e-15
picard,Picard,20,239,3.6267946670000004,0.652727679121295,5.405213344511377,Picard,0,0.0,0.0,,0,2.648122250459462e-15
picard,Picard,20,240,3.6417941249999997,0.7415946343745178,6.141117256334846,Picard,0,0.0,0.0,,0,2.1841022389379078e-15
picard,Picard,20,241,3.65666925,0.5455998248653053,4.518091615319712,Picard,0,0.0,0.0,,0,2.03564592584723e-15
picard,Picard,20,242,3.671768,0.6272243836113517,5.194021514244675,Picard,0,0.0,0.0,,0,3.946609052220299e-15
picard,Picard,20,243,3.6866973749999996,1.0631219490228805,8.803672847821083,Picard,0,0.0,0.0,,0,1.9325480197617153e-15
picard,Picard,20,244,3.701643292,0.6974195306226038,5.775304884755228,Picard,0,0.0,0.0,,0,2.7394290493149774e-15
picard,Picard,20,245,3.716585542,0.42724046972539304,3.537962250021063,Picard,0,0.0,0.0,,0,7.088746287722555e-15
picard,Picard,20,246,3.7316065829999996,0.5482081894765471,4.539691384496064,Picard,0,0.0,0.0,,0,1.939916564788426e-15
picard,Picard,20,247,3.746669333,0.4508757003796455,3.7336847055249454,Picard,0,0.0,0.0,,0,2.831593896190048e-15
picard,Picard,20,248,3.7615740000000004,0.5525738421421174,4.575843189912387,Picard,0,0.0,0.0,,0,2.6988879731359847e-15
picard,Picard,20,249,3.776482292,0.5606969554107561,4.643110385165593,Picard,0,0.0,0.0,,0,2.357789829088853e-15
picard,Picard,20,250,3.7915343330000004,0.28490880721529294,2.3593191096202113,Picard,0,0.0,0.0,,0,2.632629393687636e-15
picard,Picard,20,251,3.8065169169999997,0.5509429010542927,4.562337428146792,Picard,0,0.0,0.0,,0,2.259439414410136e-15
picard,Picard,20,252,3.8213815,0.501457280742457,4.152548868802962,Picard,0,0.0,0.0,,0,1.9291125625106747e-15
picard,Picard,20,253,3.8362179999999997,0.3913245461783058,3.2405438388721604,Picard,0,0.0,0.0,,0,3.365593507609213e-15
picard,Picard,20,254,3.8511289580000003,0.443367403893437,3.6715087849075805,Picard,0,0.0,0.0,,0,2.9540416429512875e-15
picard,Picard,20,255,3.8660654169999997,0.4806108017413004,3.9799199607799136,Picard,0,0.0,0.0,,0,2.537714041755738e-15
picard,Picard,20,256,3.8811916249999996,0.45543799804446194,3.7714649207790254,Picard,0,0.0,0.0,,0,2.2349731613823122e-15
picard,Picard,20,257,3.8961124170000003,0.42460289170010984,3.5161205656625216,Picard,0,0.0,0.0,,0,2.490802325393839e-15
picard,Picard,20,258,3.910959708,0.42770597436336677,3.5418170764082246,Picard,0,0.0,0.0,,0,2.3149084744855367e-15
picard,Picard,20,259,3.9260277080000003,0.43942983331252977,3.638901911122901,Picard,0,0.0,0.0,,0,2.6766530813990255e-15
picard,Picard,20,260,3.9410001670000003,0.4502609741854571,3.728594181046925,Picard,0,0.0,0.0,,0,2.2743699608005095e-15
picard,Picard,20,261,3.9559581670000004,0.31620666276934606,2.6184954735260546,Picard,0,0.0,0.0,,0,4.571037941854014e-15
picard,Picard,20,262,3.970917292,0.4137267210663621,3.4260554059838992,Picard,0,0.0,0.0,,0,2.6171205406265276e-15
picard,Picard,20,263,3.98576875,0.45352724526219385,3.7556420489028377,Picard,0,0.0,0.0,,0,2.4729544003282025e-15
picard,Picard,20,264,4.000714208,0.6115038641410212,5.063840484173954,Picard,0,0.0,0.0,,0,2.8622957642350183e-15
picard,Picard,20,265,4.015681958,0.7417015068188924,6.142002263024422,Picard,0,0.0,0.0,,0,6.718733539290575e-15
picard,Picard,20,266,4.030685875,0.5088845372415989,4.214053700337478,Picard,0,0.0,0.0,,0,5.109806490103726e-15
picard,Picard,20,267,4.045658417,0.3655710770820923,3.027280330553178,Picard,0,0.0,0.0,,0,2.871740950142344e-15
picard,Picard,20,268,4.060526917,0.39553933780963574,3.2754463697418004,Picard,0,0.0,0.0,,0,5.181701908703351e-15
picard,Picard,20,269,4.075355125,0.42400662002858686,3.511182862392133,Picard,0,0.0,0.0,,0,2.2451205787325316e-15
picard,Picard,20,270,4.090274917,0.77206836095486,6.393469039226602,Picard,0,0.0,0.0,,0,1.758737089754618e-15
picard,Picard,20,271,4.105100042,0.6771424658177149,5.607391274260797,Picard,0,0.0,0.0,,0,3.4788776264317375e-15
picard,Picard,20,272,4.12019875,0.3310619618591144,2.741511646189084,Picard,0,0.0,0.0,,0,3.2850531191634866e-15
picard,Picard,20,273,4.135225833,0.41887007018588834,3.4686472864657714,Picard,0,0.0,0.0,,0,3.750759184655876e-15
picard,Picard,20,274,4.150263917,0.40304743418163913,3.337620633220964,Picard,0,0.0,0.0,,0,2.5903323824664947e-15
picard,Picard,20,275,4.165290083,0.452522133431578,3.7473187556622554,Picard,0,0.0,0.0,,0,5.380508008451216e-15
picard,Picard,20,276,4.180162417,0.529892236472223,4.388017667013004,Picard,0,0.0,0.0,,0,2.3609938478051218e-15
picard,Picard,20,277,4.195064042,0.5574423635173394,4.616159232187192,Picard,0,0.0,0.0,,0,1.7467874228581505e-15
picard,Picard,20,278,4.2100305,0.3872890064664717,3.207125686401476,Picard,0,0.0,0.0,,0,2.558335245076051e-15
picard,Picard,20,279,4.224990708,0.6647649753185965,5.5048937412812515,Picard,0,0.0,0.0,,0,4.400177462930859e-15
picard,Picard,20,280,4.239949125,0.5873458110221759,4.863788555517911,Picard,0,0.0,0.0,,0,3.0094581920066564e-15
picard,Picard,20,281,4.254823292,0.6415623775599596,5.3127539025032355,Picard,0,0.0,0.0,,0,2.047634599874631e-15
picard,Picard,20,282,4.269778083,0.5846223412674109,4.841235604980183,Picard,0,0.0,0.0,,0,2.5753116327704978e-15
picard,Picard,20,283,4.284771208,0.42795460253960194,3.543875956978169,Picard,0,0.0,0.0,,0,2.39508107530992e-15
picard,Picard,20,284,4.299703583,0.37654451542741707,3.118150960490567,Picard,0,0.0,0.0,,0,2.6506988685816254e-15
picard,Picard,20,285,4.314638833,0.7520483366643771,6.227683971557898,Picard,0,0.0,0.0,,0,1.6290922113522942e-15
picard,Picard,20,286,4.329539958,0.4236443674433499,3.5081830623676535,Picard,0,0.0,0.0,,0,2.2433810758362434e-15
picard,Picard,20,287,4.344564958,0.4135915809580726,3.424936315833335,Picard,0,0.0,0.0,,0,3.2360327050223387e-15
picard,Picard,20,288,4.359765875,0.49520287376860267,4.100756360045569,Picard,0,0.0,0.0,,0,2.274286953022632e-15
picard,Picard,20,289,4.374685458,0.623563950389019,5.16370960449591,Picard,0,0.0,0.0,,0,3.593977720741862e-15
picard,Picard,20,290,4.390533458,0.6575694857463952,5.445308162945868,Picard,0,0.0,0.0,,0,2.78222413923077e-15
picard,Picard,20,291,4.4057445,0.6493090559621216,5.376903854794785,Picard,0,0.0,0.0,,0,2.8011716372138622e-15
picard,Picard,20,292,4.420875667,0.6354655228875139,5.262266078424113,Picard,0,0.0,0.0,,0,1.6614369083506753e-15
picard,Picard,20,293,4.436111125,0.7232747816702898,5.9894112455836535,Picard,0,0.0,0.0,,0,3.1216499710574343e-15
picard,Picard,20,294,4.451284292,0.7553371740210492,6.254918709928642,Picard,0,0.0,0.0,,0,5.678605666859994e-15
picard,Picard,20,295,4.466410417,0.3976397818595975,3.292840067866471,Picard,0,0.0,0.0,,0,3.073037494649676e-15
picard,Picard,20,296,4.481420542,0.3471468174530176,2.8747097299868263,Picard,0,0.0,0.0,,0,2.9987015412298248e-15
picard,Picard,20,297,4.496440292,0.4619912835944,3.825732431776267,Picard,0,0.0,0.0,,0,2.0485978928961563e-15
picard,Picard,20,298,4.511515458,0.404421559249945,3.348999711194543,Picard,0,0.0,0.0,,0,2.6856767999460637e-15
picard,Picard,20,299,4.5265812500000004,0.3843108481268504,3.182463669278103,Picard,0,0.0,0.0,,0,4.5902374006548886e-15
picard,Picard,20,300,4.541678833,0.4577569453991031,3.790668036546078,Picard,0,0.0,0.0,,0,3.203532901318871e-15
picard,Picard,20,301,4.556674333,0.6143080335514954,5.08706170552337,Picard,0,0.0,0.0,,0,3.0849916540095447e-15
picard,Picard,20,302,4.571775833,0.9214320591948079,7.630344202846115,Picard,0,0.0,0.0,,0,1.8069819262737324e-15
picard,Picard,20,303,4.586840292,0.7146766883339589,5.91821075826641,Picard,0,0.0,0.0,,0,3.35295203141961e-15
picard,Picard,20,304,4.602072792,0.31709085752586513,2.6258174570269195,Picard,0,0.0,0.0,,0,3.898229314305697e-15
picard,Picard,20,305,4.617177875,0.38960450384012496,3.2263002330058126,Picard,0,0.0,0.0,,0,2.2940530643327666e-15
picard,Picard,20,306,4.632060542,0.41884929762038065,3.4684752696326058,Picard,0,0.0,0.0,,0,2.239660534763341e-15
picard,Picard,20,307,4.647079208,0.585371240619001,4.8474372123248575,Picard,0,0.0,0.0,,0,3.2497250764828855e-15
picard,Picard,20,308,4.662013875,0.7152157737669096,5.9226749044474625,Picard,0,0.0,0.0,,0,3.9777092197008796e-15
picard,Picard,20,309,4.676923,0.3507047685957564,2.904172989491526,Picard,0,0.0,0.0,,0,2.283902090210639e-15
picard,Picard,20,310,4.691980708,0.370013285263408,3.064066089314119,Picard,0,0.0,0.0,,0,1.8771403355785067e-15
picard,Picard,20,311,4.706955125,0.45631025524452073,3.7786880498241286,Picard,0,0.0,0.0,,0,2.407937552192961e-15
picard,Picard,20,312,4.721835375,0.5891955858696593,4.879106471411134,Picard,0,0.0,0.0,,0,2.56448152608342e-15
picard,Picard,20,313,4.736741208,0.6803156279387577,5.633668110358889,Picard,0,0.0,0.0,,0,4.229300945705171e-15
picard,Picard,20,314,4.751839833,0.40071663242418404,3.3183193515903655,Picard,0,0.0,0.0,,0,3.658246512965192e-15
picard,Picard,20,315,4.766873583,0.26923101226534263,2.229491879694763,Picard,0,0.0,0.0,,0,3.1986907363755417e-15
picard,Picard,20,316,4.781853417,0.33191923672206425,2.7486107070644685,Picard,0,0.0,0.0,,0,3.0413749874011524e-15
picard,Picard,20,317,4.796778375,0.5223953252173029,4.325936027067441,Picard,0,0.0,0.0,,0,3.178286241974418e-15
picard,Picard,20,318,4.811762417,0.41448275278110946,3.4323160761594425,Picard,0,0.0,0.0,,0,3.031129141938678e-15
picard,Picard,20,319,4.826649083,0.501811004588702,4.15547804266084,Picard,0,0.0,0.0,,0,3.154833142101126e-15
picard,Picard,20,320,4.841714,0.35922747026916335,2.974749161285565,Picard,0,0.0,0.0,,0,2.5163710786649493e-15
picard,Picard,20,321,4.856643583,0.3330164327461306,2.7576965460453002,Picard,0,0.0,0.0,,0,3.4447933880919532e-15
picard,Picard,20,322,4.871734292,0.3205070664367211,2.654106954444059,Picard,0,0.0,0.0,,0,3.767206883873744e-15
picard,Picard,20,323,4.88674925,0.2978128660068996,2.46617713481174,Picard,0,0.0,0.0,,0,2.172269116551885e-15
picard,Picard,20,324,4.901684333,0.2908393725451984,2.4084298979122836,Picard,0,0.0,0.0,,0,3.881513355921602e-15
picard,Picard,20,325,4.916670042,0.2516419370723132,2.0838374100100023,Picard,0,0.0,0.0,,0,4.197297824679651e-15
picard,Picard,20,326,4.931653083,0.3637005443818935,3.011790519662868,Picard,0,0.0,0.0,,0,1.9092524521199493e-15
picard,Picard,20,327,4.946650167,0.4586673217133013,3.7982068285407053,Picard,0,0.0,0.0,,0,3.5363753894845592e-15
picard,Picard,20,328,4.961691,0.43614353063505706,3.6116881623352106,Picard,0,0.0,0.0,,0,2.1030735410408272e-15
picard,Picard,20,329,4.976550167,0.45533104726568113,3.7705792654051793,Picard,0,0.0,0.0,,0,2.8601750613604312e-15
picard,Picard,20,330,4.991522833,0.43536242793738666,3.605219880293662,Picard,0,0.0,0.0,,0,2.057579129302327e-15
picard,Picard,20,331,5.006601083,0.46598826358824,3.8588312726734895,Picard,0,0.0,0.0,,0,2.81667914722179e-15
picard,Picard,20,332,5.022732042,0.5397018107368146,4.469250382301446,Picard,0,0.0,0.0,,0,1.956005215145759e-15
picard,Picard,20,333,5.037741417,0.34367265694448057,2.8459403375703767,Picard,0,0.0,0.0,,0,2.7611997586928646e-15
picard,Picard,20,334,5.052801,0.2342144505374006,1.939521049921499,Picard,0,0.0,0.0,,0,3.6834453267568165e-15
picard,Picard,20,335,5.067703083,0.2078849675659586,1.721487592380813,Picard,0,0.0,0.0,,0,2.6039644630425874e-15
picard,Picard,20,336,5.082656042,0.37358989379452434,3.0936838499497776,Picard,0,0.0,0.0,,0,3.682146736423329e-15
picard,Picard,20,337,5.097627542,0.4662848304291174,3.8612871315210993,Picard,0,0.0,0.0,,0,2.2061690004642564e-15
picard,Picard,20,338,5.112548167,0.4286172640367326,3.5493634318957437,Picard,0,0.0,0.0,,0,2.7528238255693893e-15
picard,Picard,20,339,5.127523833,0.7323078421495092,6.064213679440579,Picard,0,0.0,0.0,,0,3.682170984372167e-15
picard,Picard,20,340,5.142555417,0.6776206433405875,5.611351044330846,Picard,0,0.0,0.0,,0,2.4909360604501668e-15
picard,Picard,20,341,5.157581167,0.37665157949312233,3.119037553989171,Picard,0,0.0,0.0,,0,2.362475332396904e-15
picard,Picard,20,342,5.172610542,0.4083622115648727,3.381632104702661,Picard,0,0.0,0.0,,0,4.563627036375287e-15
picard,Picard,20,343,5.187588375,0.41939731951954434,3.4730134183540327,Picard,0,0.0,0.0,,0,2.540827976214505e-15
picard,Picard,20,344,5.202604,0.5339268778749703,4.4214283806199495,Picard,0,0.0,0.0,,0,2.1720502716558165e-15
picard,Picard,20,345,5.217640833,0.5781131937100328,4.787333599038138,Picard,0,0.0,0.0,,0,4.049553366967568e-15
picard,Picard,20,346,5.232599625,0.4051764194592548,3.3552506801776487,Picard,0,0.0,0.0,,0,2.353912992765163e-15
picard,Picard,20,347,5.247589625,0.4002265109144072,3.314260673814292,Picard,0,0.0,0.0,,0,2.6619068173254603e-15
picard,Picard,20,348,5.262621625,0.6049528423489184,5.009591719270147,Picard,0,0.0,0.0,,0,2.9212510382809357e-15
picard,Picard,20,349,5.281372792,0.6203444287179658,5.137048866708986,Picard,0,0.0,0.0,,0,1.6844577759026618e-15
picard,Picard,20,350,5.296313,0.4996111689152201,4.137261286242538,Picard,0,0.0,0.0,,0,3.812774699406427e-15
picard,Picard,20,351,5.311265875,0.5128328476227045,4.246749510003394,Picard,0,0.0,0.0,,0,2.0501216318765817e-15
picard,Picard,20,352,5.326212667,0.9225958847484305,7.639981798453509,Picard,0,0.0,0.0,,0,2.4886931481256638e-15
picard,Picard,20,353,5.341126333,0.5031936155304364,4.166927391832903,Picard,0,0.0,0.0,,0,2.8838990857204027e-15
picard,Picard,20,354,5.3560835,0.3725794597165762,3.085316483379347,Picard,0,0.0,0.0,,0,4.881920916404517e-15
picard,Picard,20,355,5.37109275,0.29678338873271765,2.457652072250014,Picard,0,0.0,0.0,,0,3.196943758961777e-15
picard,Picard,20,356,5.386085917,0.6114341101828761,5.063262854271839,Picard,0,0.0,0.0,,0,2.4411316613343507e-15
picard,Picard,20,357,5.401189625,0.6664595066298178,5.518926091293489,Picard,0,0.0,0.0,,0,3.2598994317235977e-15
picard,Picard,20,358,5.4167135,0.35240330928462144,2.9182385410091336,Picard,0,0.0,0.0,,0,2.4766764827171897e-15
picard,Picard,20,359,5.432293792,0.4146309190536731,3.433543035486103,Picard,0,0.0,0.0,,0,2.391392299651351e-15
picard,Picard,20,360,5.446103875,0.5961434390410993,4.936641382031946,Picard,0,0.0,0.0,,0,3.009712679631681e-15
picard,Picard,20,361,5.461089583,0.6323758417944473,5.236680545576769,Picard,0,0.0,0.0,,0,2.8215092401457623e-15
picard,Picard,20,362,5.476029417,0.5657697136561185,4.685117705275298,Picard,0,0.0,0.0,,0,4.538164202072936e-15
picard,Picard,20,363,5.491139833,0.4648568776619477,3.8494623083991075,Picard,0,0.0,0.0,,0,3.0132095447019506e-15
picard,Picard,20,364,5.50617975,0.3982351026513748,3.297769896937473,Picard,0,0.0,0.0,,0,5.841415228720729e-15
picard,Picard,20,365,5.521254083,0.45479865593030655,3.766170552794213,Picard,0,0.0,0.0,,0,2.7156743704492447e-15
picard,Picard,20,366,5.53624425,0.469973212372293,3.8918304835752764,Picard,0,0.0,0.0,,0,2.3765450934010768e-15
picard,Picard,20,367,5.551397583,0.28843529660661704,2.3885218355455518,Picard,0,0.0,0.0,,0,1.9683873530389144e-15
picard,Picard,20,368,5.566472833,0.49389522207615605,4.089927745595665,Picard,0,0.0,0.0,,0,2.982862984313258e-15
picard,Picard,20,369,5.581525542,0.5227989842485286,4.329278712312765,Picard,0,0.0,0.0,,0,3.034272825210405e-15
picard,Picard,20,370,5.596868583,0.5244268631726263,4.3427591164157855,Picard,0,0.0,0.0,,0,3.181266202861877e-15
picard,Picard,20,371,5.611955125,0.6769795356255821,5.606042055471844,Picard,0,0.0,0.0,,0,3.57422919863785e-15
picard,Picard,20,372,5.626950167,0.5870674773040162,4.861483684473298,Picard,0,0.0,0.0,,0,3.845154985646007e-15
picard,Picard,20,373,5.641885083,0.5117422796913763,4.237718558009069,Picard,0,0.0,0.0,,0,3.7713278785283446e-15
picard,Picard,20,374,5.656900875,0.7432389769735048,6.154733995509992,Picard,0,0.0,0.0,,0,2.61590335851937e-15
picard,Picard,20,375,5.671978542,0.6854503715134709,5.676188728648047,Picard,0,0.0,0.0,,0,2.3407038207823887e-15
picard,Picard,20,376,5.686957875,0.49129132009923177,4.06836493132614,Picard,0,0.0,0.0,,0,2.8270918525853216e-15
picard,Picard,20,377,5.702016458,0.41370459644593094,3.425872192834799,Picard,0,0.0,0.0,,0,2.80993965442678e-15
picard,Picard,20,378,5.717056375,0.7585594427981074,6.281602196397002,Picard,0,0.0,0.0,,0,1.2090310567924226e-15
picard,Picard,20,379,5.73202175,0.37384378251407946,3.095786292880967,Picard,0,0.0,0.0,,0,3.5102763864939655e-15
picard,Picard,20,380,5.746872583,0.34678311440617327,2.871697918744366,Picard,0,0.0,0.0,,0,5.103688108961689e-15
picard,Picard,20,381,5.761886208,0.5011161967986033,4.149724365501067,Picard,0,0.0,0.0,,0,3.43332096195143e-15
picard,Picard,20,382,5.776981083,0.5494148533347836,4.549683722491688,Picard,0,0.0,0.0,,0,4.8625989615795235e-15
picard,Picard,20,383,5.792037333,0.6762046985427933,5.599625658751316,Picard,0,0.0,0.0,,0,1.988108981723105e-15
picard,Picard,20,384,5.806930417,0.6560951168911451,5.433098969945415,Picard,0,0.0,0.0,,0,3.893990224187374e-15
picard,Picard,20,385,5.8220115,0.41547646623817636,3.4405449798976586,Picard,0,0.0,0.0,,0,2.1098902711208416e-15
picard,Picard,20,386,5.836991208,0.3875815765475356,3.2095484482314944,Picard,0,0.0,0.0,,0,3.475833023293843e-15
picard,Picard,20,387,5.852086875,0.4327506959102667,3.583592225673161,Picard,0,0.0,0.0,,0,3.740906915247908e-15
picard,Picard,20,388,5.867093167,0.4730529892523237,3.917334000007228,Picard,0,0.0,0.0,,0,2.409530868989316e-15
picard,Picard,20,389,5.882026083,0.4361790795026223,3.6119825411695885,Picard,0,0.0,0.0,,0,2.134912291477538e-15
picard,Picard,20,390,5.897018917,0.40794381495627624,3.378167378133798,Picard,0,0.0,0.0,,0,3.1470284450126435e-15
picard,Picard,20,391,5.911965167,0.48297690234410723,3.9995135508203496,Picard,0,0.0,0.0,,0,3.5052517213585684e-15
picard,Picard,20,392,5.927051125,0.40755711565729175,3.37496513579286,Picard,0,0.0,0.0,,0,3.9587764701249026e-15
picard,Picard,20,393,5.942106958,0.6896786134860701,5.711202641287516,Picard,0,0.0,0.0,,0,3.007388310103305e-15
picard,Picard,20,394,5.957181458,0.512616082983782,4.244954490186708,Picard,0,0.0,0.0,,0,3.080166863135413e-15
picard,Picard,20,395,5.972225458,0.31946954448301446,2.645515274193961,Picard,0,0.0,0.0,,0,2.950373934743797e-15
picard,Picard,20,396,5.987237208,0.3167525449606716,2.6230159034074045,Picard,0,0.0,0.0,,0,4.060694560861491e-15
picard,Picard,20,397,6.002329542,0.5162134218126122,4.2747439176375215,Picard,0,0.0,0.0,,0,2.778041888394653e-15
picard,Picard,20,398,6.017348042,0.530886258646107,4.396249127223563,Picard,0,0.0,0.0,,0,2.4278295000926473e-15
picard,Picard,20,399,6.032544958,0.48776590731266517,4.039171120724276,Picard,0,0.0,0.0,,0,3.6163469435118765e-15
picard,Picard,20,400,6.047593167,0.5039621977851371,4.173291992557443,Picard,0,0.0,0.0,,0,2.360695066610824e-15
picard,Picard,20,401,6.06258075,0.5257494148947,4.353711117450248,Picard,0,0.0,0.0,,0,4.6370779068988974e-15
picard,Picard,20,402,6.077650292,0.6388373496942716,5.290188049307596,Picard,0,0.0,0.0,,0,3.885529772219362e-15
picard,Picard,20,403,6.092595583,0.9678795910526701,8.014974466045173,Picard,0,0.0,0.0,,0,2.617741407397656e-15
picard,Picard,20,404,6.107582708,0.7249594651922815,6.003362046423916,Picard,0,0.0,0.0,,0,6.14709925129445e-15
picard,Picard,20,405,6.122691458,0.46267341830404507,3.8313811636337722,Picard,0,0.0,0.0,,0,3.359423671859777e-15
picard,Picard,20,406,6.137730667,0.3077221429348943,2.5482354841033787,Picard,0,0.0,0.0,,0,2.1435864877663013e-15
picard,Picard,20,407,6.152664,0.26778262849824425,2.2174978682313102,Picard,0,0.0,0.0,,0,3.957078967969563e-15
picard,Picard,20,408,6.167602,0.31676251542587514,2.623098468454503,Picard,0,0.0,0.0,,0,2.4019139458778082e-15
picard,Picard,20,409,6.182586625,0.373038349459503,3.089116532069585,Picard,0,0.0,0.0,,0,2.837033110439428e-15
picard,Picard,20,410,6.197594458,0.45625556836916964,3.7782351898675612,Picard,0,0.0,0.0,,0,3.05271629115858e-15
picard,Picard,20,411,6.212787417,0.3334631099707851,2.761395463331361,Picard,0,0.0,0.0,,0,3.7940757182085445e-15
picard,Picard,20,412,6.227749708,0.46985970135642063,3.8908905031249783,Picard,0,0.0,0.0,,0,2.172416920986721e-15
picard,Picard,20,413,6.242741625,0.4294401033970818,3.556177333670119,Picard,0,0.0,0.0,,0,2.9368692443787583e-15
picard,Picard,20,414,6.257805083,0.5153723983853765,4.267779434289641,Picard,0,0.0,0.0,,0,2.396805465476275e-15
picard,Picard,20,415,6.272692375,0.4977694409711998,4.122010006454036,Picard,0,0.0,0.0,,0,2.189030859946932e-15
picard,Picard,20,416,6.28777725,0.3412689762108782,2.8260355478812023,Picard,0,0.0,0.0,,0,2.3291169896661434e-15
picard,Picard,20,417,6.302731833,0.3797053150785789,3.1443254234408538,Picard,0,0.0,0.0,,0,2.2832069808523157e-15
picard,Picard,20,418,6.317848708,0.44418861783721686,3.6783092266685204,Picard,0,0.0,0.0,,0,2.6891219683890023e-15
picard,Picard,20,419,6.33282025,0.5361235457586491,4.439618904690117,Picard,0,0.0,0.0,,0,3.046352732499792e-15
picard,Picard,20,420,6.347803333,0.8947483884526004,7.4093777297060575,Picard,0,0.0,0.0,,0,1.8010893010684592e-15
picard,Picard,20,421,6.362846583,0.8516293849810728,7.052310884800552,Picard,0,0.0,0.0,,0,3.6950014195218454e-15
picard,Picard,20,422,6.377785042,0.666404030153998,5.518466692685157,Picard,0,0.0,0.0,,0,2.452554095270197e-15
picard,Picard,20,423,6.392783792,0.4020552571698361,3.329404452728151,Picard,0,0.0,0.0,,0,2.3410293171383694e-15
picard,Picard,20,424,6.40813925,0.5630423835807525,4.662532787567961,Picard,0,0.0,0.0,,0,3.034277277816798e-15
picard,Picard,20,425,6.42347175,0.7744023693323464,6.412796874756994,Picard,0,0.0,0.0,,0,2.6298664654270496e-15
picard,Picard,20,426,6.439347167,0.6345666574871733,5.254822607873912,Picard,0,0.0,0.0,,0,2.497245491103787e-15
picard,Picard,20,427,6.454526583,0.619786489022335,5.132428589088286,Picard,0,0.0,0.0,,0,3.1115625698591626e-15
picard,Picard,20,428,6.469309,0.505921137486146,4.189513898494144,Picard,0,0.0,0.0,,0,3.577911702385541e-15
picard,Picard,20,429,6.48430475,0.6035976879844173,4.998369736980787,Picard,0,0.0,0.0,,0,3.085318383987972e-15
picard,Picard,20,430,6.499053,1.051639686552287,8.70858866445263,Picard,0,0.0,0.0,,0,2.5055355818105877e-15
picard,Picard,20,431,6.51388425,0.8123736534775368,6.727235649662503,Picard,0,0.0,0.0,,0,2.491439677410528e-15
picard,Picard,20,432,6.529161833,0.3990437301311899,3.304466110664029,Picard,0,0.0,0.0,,0,3.276653810506991e-15
picard,Picard,20,433,6.544109083,0.4775427241261801,3.9545133255203675,Picard,0,0.0,0.0,,0,3.187679489398503e-15
picard,Picard,20,434,6.558922208,0.46965588626700444,3.8892027180403805,Picard,0,0.0,0.0,,0,2.1396885332437185e-15
picard,Picard,20,435,6.573747917,0.5251546836802863,4.348786170647205,Picard,0,0.0,0.0,,0,3.7694582870944334e-15
picard,Picard,20,436,6.58862675,0.3988293025494871,3.3026904439302216,Picard,0,0.0,0.0,,0,3.700678369801793e-15
picard,Picard,20,437,6.603529042,0.352776617266361,2.9213298903559664,Picard,0,0.0,0.0,,0,3.442476757407134e-15
picard,Picard,20,438,6.618296625,0.4329523003793509,3.5852617046939894,Picard,0,0.0,0.0,,0,1.941048390802717e-15
picard,Picard,20,439,6.633140375,0.4200157933553601,3.4781349769113206,Picard,0,0.0,0.0,,0,2.5581682622596434e-15
picard,Picard,20,440,6.647930708,0.5424095297766989,4.491672901762048,Picard,0,0.0,0.0,,0,1.7694157743759422e-15
picard,Picard,20,441,6.6626295,0.4272884041377256,3.5383591930855123,Picard,0,0.0,0.0,,0,3.808046497078759e-15
picard,Picard,20,442,6.677390208,0.2562091362259562,2.1216582143085816,Picard,0,0.0,0.0,,0,2.208160427306304e-15
picard,Picard,20,443,6.692243667,0.39719277355876903,3.2891384089510747,Picard,0,0.0,0.0,,0,2.9641092139043658e-15
picard,Picard,20,444,6.707045875,0.4205290134993237,3.4823849336077464,Picard,0,0.0,0.0,,0,3.1204318457048446e-15
picard,Picard,20,445,6.721767875,0.5128820457491824,4.247156917837119,Picard,0,0.0,0.0,,0,3.306173649601102e-15
picard,Picard,20,446,6.736500417,0.6369133328817771,5.274255338496313,Picard,0,0.0,0.0,,0,5.848538840629145e-15
picard,Picard,20,447,6.751381958,0.26733694414738496,2.2138071728957796,Picard,0,0.0,0.0,,0,2.967142939210802e-15
picard,Picard,20,448,6.766293292,0.35540808715890604,2.943120993497191,Picard,0,0.0,0.0,,0,2.498741035467213e-15
picard,Picard,20,449,6.7811073330000005,0.42901494994349815,3.55265665392222,Picard,0,0.0,0.0,,0,2.5822827888557676e-15
picard,Picard,20,450,6.795928708,0.41693631136085185,3.452633902415282,Picard,0,0.0,0.0,,0,3.4067599632953447e-15
picard,Picard,20,451,6.810743667,0.5574281181407669,4.616041266759939,Picard,0,0.0,0.0,,0,4.75638423252607e-15
picard,Picard,20,452,6.825646375,0.34664630780831396,2.870565028456395,Picard,0,0.0,0.0,,0,3.5030640983978363e-15
picard,Picard,20,453,6.840578417,0.3981806354148194,3.2973188558015063,Picard,0,0.0,0.0,,0,3.2612853035809168e-15
picard,Picard,20,454,6.8553865,0.44850251999890695,3.7140324881099134,Picard,0,0.0,0.0,,0,4.494899018037899e-15
picard,Picard,20,455,6.870281542,0.47821271262438775,3.9600614750580987,Picard,0,0.0,0.0,,0,2.065096994988092e-15
picard,Picard,20,456,6.8850468750000005,0.7041867400939619,5.8313438916944325,Picard,0,0.0,0.0,,0,2.4061587769962222e-15
picard,Picard,20,457,6.899894167,0.47623115339853855,3.9436522576875124,Picard,0,0.0,0.0,,0,2.9290279621277683e-15
picard,Picard,20,458,6.914727708,0.436074873564712,3.611119615719685,Picard,0,0.0,0.0,,0,3.728637273911027e-15
picard,Picard,20,459,6.929492,0.45717385505488506,3.7858394873510046,Picard,0,0.0,0.0,,0,5.605878472523237e-15
picard,Picard,20,460,6.944218375,0.6895218639243513,5.709904604066405,Picard,0,0.0,0.0,,0,2.3199700577220502e-15
picard,Picard,20,461,6.959062333,0.8221668019173934,6.8083323433145235,Picard,0,0.0,0.0,,0,3.176751175547858e-15
picard,Picard,20,462,6.973819125,0.9374490076796305,7.762979950429337,Picard,0,0.0,0.0,,0,2.0310715847546822e-15
picard,Picard,20,463,6.988617583,0.6207969768284878,5.140796400579957,Picard,0,0.0,0.0,,0,2.2977418333613468e-15
picard,Picard,20,464,7.003475333,0.43648970630650674,3.614554830041694,Picard,0,0.0,0.0,,0,2.5760142341546e-15
picard,Picard,20,465,7.018177917,0.510482663319155,4.227287722238076,Picard,0,0.0,0.0,,0,2.7606025882478526e-15
picard,Picard,20,466,7.032987958,0.6461277681987421,5.350559730558321,Picard,0,0.0,0.0,,0,3.5838806086073845e-15
picard,Picard,20,467,7.047769792,1.1824440251225825,9.791774469154442,Picard,0,0.0,0.0,,0,3.6288900477289875e-15
picard,Picard,20,468,7.062534208,0.9986056158474933,8.26941552095546,Picard,0,0.0,0.0,,0,4.415496023180707e-15
picard,Picard,20,469,7.0772682080000004,0.40351457487883546,3.341489007752972,Picard,0,0.0,0.0,,0,2.9697266429150375e-15
picard,Picard,20,470,7.0921015,0.3170378108057501,2.6253781791341324,Picard,0,0.0,0.0,,0,2.2176124209489568e-15
picard,Picard,20,471,7.106910875,0.7340043152256229,6.07826210913481,Picard,0,0.0,0.0,,0,2.549712827138027e-15
picard,Picard,20,472,7.121592083,0.6072429075511545,5.0285556630201524,Picard,0,0.0,0.0,,0,4.4061166728389405e-15
picard,Picard,20,473,7.13638025,0.4460203231167977,3.693477509150015,Picard,0,0.0,0.0,,0,4.9479574170795885e-15
picard,Picard,20,474,7.151148583,0.4972443498549677,4.1176617466830345,Picard,0,0.0,0.0,,0,3.146318093857919e-15
picard,Picard,20,475,7.166358833,0.604110292834564,5.002614598452272,Picard,0,0.0,0.0,,0,2.583825409852893e-15
picard,Picard,20,476,7.181463292,0.5414401504616485,4.4836455081380215,Picard,0,0.0,0.0,,0,3.1997498366863452e-15
picard,Picard,20,477,7.196776667,0.43043078157329207,3.5643811023617986,Picard,0,0.0,0.0,,0,3.2290412507467494e-15
picard,Picard,20,478,7.212318417,0.4177707627193072,3.4595439627089415,Picard,0,0.0,0.0,,0,1.8165933669483022e-15
picard,Picard,20,479,7.227755792,0.3664533315251432,3.034586246391239,Picard,0,0.0,0.0,,0,2.9641126767972633e-15
picard,Picard,20,480,7.243188667,0.3992470519317705,3.3061498108423453,Picard,0,0.0,0.0,,0,2.479864295069758e-15
picard,Picard,20,481,7.258632833,0.45610533760012445,3.7769911345232368,Picard,0,0.0,0.0,,0,2.496207468179198e-15
picard,Picard,20,482,7.273874333,0.37205985807525666,3.0810136817434928,Picard,0,0.0,0.0,,0,4.082232962218198e-15
picard,Picard,20,483,7.289204542,0.3509433473361942,2.906148651061857,Picard,0,0.0,0.0,,0,2.9781092842833367e-15
picard,Picard,20,484,7.304476083,0.41151154898107456,3.407711649316641,Picard,0,0.0,0.0,,0,1.8706781351522713e-15
picard,Picard,20,485,7.31973925,0.5444231886362182,4.508347934990943,Picard,0,0.0,0.0,,0,3.8802104354480934e-15
picard,Picard,20,486,7.334880333,0.43167072769716175,3.574649049546508,Picard,0,0.0,0.0,,0,2.1857609300179707e-15
picard,Picard,20,487,7.350128208,0.41869721599488513,3.467215887415676,Picard,0,0.0,0.0,,0,3.5321726280373652e-15
picard,Picard,20,488,7.36531075,0.4528934299027326,3.7503934477656404,Picard,0,0.0,0.0,,0,1.9133693007042586e-15
picard,Picard,20,489,7.380523833,0.4518713885903653,3.741929962123838,Picard,0,0.0,0.0,,0,3.203830412517859e-15
picard,Picard,20,490,7.3958924580000005,0.5254031518370631,4.350843726102038,Picard,0,0.0,0.0,,0,3.9168596453799655e-15
picard,Picard,20,491,7.411542541999999,0.3868104823852454,3.2031630464947445,Picard,0,0.0,0.0,,0,2.824393540943559e-15
picard,Picard,20,492,7.427069958000001,0.3037879675998596,2.515656726221984,Picard,0,0.0,0.0,,0,2.9521749099663858e-15
picard,Picard,20,493,7.442983916999999,0.37829702971070955,3.1326634653122585,Picard,0,0.0,0.0,,0,2.438287619591307e-15
picard,Picard,20,494,7.458340375000001,0.4136767370692623,3.425641490385131,Picard,0,0.0,0.0,,0,4.237172827973043e-15
picard,Picard,20,495,7.473618708,0.3457836007631169,2.863420983884269,Picard,0,0.0,0.0,,0,3.198034906676711e-15
picard,Picard,20,496,7.488883082999999,0.4471453057192848,3.7027934477409636,Picard,0,0.0,0.0,,0,3.4738256656799996e-15
picard,Picard,20,497,7.504180207999999,0.430149863417891,3.5620548296896586,Picard,0,0.0,0.0,,0,4.414241012906845e-15
picard,Picard,20,498,7.519492583,0.5040940652717467,4.174383982251046,Picard,0,0.0,0.0,,0,1.5568385182748846e-15
picard,Picard,20,499,7.534859624999999,0.4718435353922061,3.9073185581110312,Picard,0,0.0,0.0,,0,4.099692400196571e-15
picard,Picard,20,500,7.550040083000001,0.46112439577071634,3.8185537663348423,Picard,0,0.0,0.0,,0,5.678477985704607e-15
aa_pure,AA_pure,20,0,0.016890041999999994,1.0,8.280962363642827,initial,0,0.0,0.0,,0,9.373730790566751e-16
aa_pure,AA_pure,20,1,0.03286987500000116,1.044652141398399,8.650725066019026,AA,1,100.0,0.0,,1,1.0575641643805286e-15
aa_pure,AA_pure,20,2,0.049069666999999484,0.9263279514449313,7.670886902305836,AA,2,100.0,0.0,,2,8.425167752758136e-16
aa_pure,AA_pure,20,3,0.0643295419999994,0.7386176647030434,6.116465082527658,AA,3,100.0,0.0,,3,7.3005946197773e-16
aa_pure,AA_pure,20,4,0.07957387499999946,0.5729432878577827,4.744521803252077,AA,4,100.0,0.0,,4,2.948778827887162e-15
aa_pure,AA_pure,20,5,0.09636508300000024,0.35804726171540785,2.9649758986706654,AA,5,100.0,0.0,,5,1.8979459100009576e-15
aa_pure,AA_pure,20,6,0.11293208300000046,0.4525300694223846,3.7473844733034425,AA,6,100.0,0.0,,6,5.347607011231634e-15
aa_pure,AA_pure,20,7,0.12851812500000115,0.37552252681340464,3.109687911241858,AA,7,100.0,0.0,,7,5.034452111185199e-15
aa_pure,AA_pure,20,8,0.14542979199999984,0.35685640173136207,2.9551144319624143,AA,8,100.0,0.0,,8,4.782221367671622e-15
aa_pure,AA_pure,20,9,0.1618260419999995,0.21040334054755444,1.742342144259023,AA,9,100.0,0.0,,9,5.0981593995115635e-15
aa_pure,AA_pure,20,10,0.1789234999999998,0.16073075646673146,1.331005344980844,AA,10,100.0,0.0,,10,4.782524018407411e-15
aa_pure,AA_pure,20,11,0.196197917000001,0.10161359649335952,0.8414583681958989,AA,11,100.0,0.0,,11,3.2302607389801472e-15
aa_pure,AA_pure,20,12,0.21307762500000038,0.07726878334025536,0.6398598867251265,AA,12,100.0,0.0,,12,2.794233603748361e-15
aa_pure,AA_pure,20,13,0.2305735000000002,0.09092422054482037,0.7529400482752173,AA,13,100.0,0.0,,13,3.237173133452761e-15
aa_pure,AA_pure,20,14,0.24685762500000052,0.09546155481671396,0.790513542612035,AA,14,100.0,0.0,,14,3.053862569582947e-15
aa_pure,AA_pure,20,15,0.2649602919999996,0.05032687140697189,0.41675492800102654,AA,15,100.0,0.0,,15,7.532971741153758e-15
aa_pure,AA_pure,20,16,0.28294716699999967,0.03635773061929383,0.3010769988858366,AA,16,100.0,0.0,,16,3.1052278091053376e-15
aa_pure,AA_pure,20,17,0.3009929170000003,0.023745192553394932,0.19663304585211536,AA,17,100.0,0.0,,17,3.151976215864392e-15
aa_pure,AA_pure,20,18,0.3191846250000001,0.01387582978080858,0.11490522417919015,AA,18,100.0,0.0,,18,4.641618291873982e-15
aa_pure,AA_pure,20,19,0.3371160419999999,0.008332616853424492,0.06900208655386414,AA,19,100.0,0.0,,19,3.9132151246198915e-15
aa_pure,AA_pure,20,20,0.3556725000000007,0.006459535665492502,0.053491171732551926,AA,20,100.0,0.0,,20,3.3039106950240444e-15
aa_pure,AA_pure,20,21,0.3745891669999999,0.003384942267419417,0.028030579519604006,AA,21,100.0,0.0,,20,3.3321692237035122e-15
aa_pure,AA_pure,20,22,0.39306145800000003,0.0022181244869121375,0.018368205393993964,AA,22,100.0,0.0,,20,3.440372907753801e-15
aa_pure,AA_pure,20,23,0.410737708000001,0.0007141768983270886,0.00591407201602979,AA,23,100.0,0.0,,20,6.929250180827092e-15
aa_pure,AA_pure,20,24,0.4278245829999996,0.0006234260988859244,0.005162568061387011,AA,24,100.0,0.0,,20,3.62348198390784e-15
aa_pure,AA_pure,20,25,0.44667020800000046,0.00024309179699175048,0.0020130340217989883,AA,25,100.0,0.0,,20,3.3601459395234936e-15
aa_pure,AA_pure,20,26,0.4644232920000011,0.00017085306692112522,0.0014148278168867872,AA,26,100.0,0.0,,20,4.0352389014795456e-15
aa_pure,AA_pure,20,27,0.48321712499999947,0.00011855729672358747,0.0009817685121032628,AA,27,100.0,0.0,,20,2.223291733998144e-15
aa_pure,AA_pure,20,28,0.501878875000001,5.6281402515068394e-05,0.0004660641760003141,AA,28,100.0,0.0,,20,3.2192322144717894e-15
aa_pure,AA_pure,20,29,0.5208850829999996,2.620133522963321e-05,0.0002169722709137815,AA,29,100.0,0.0,,20,2.352817963644343e-15
aa_pure,AA_pure,20,30,0.5368447080000003,6.042824527102478e-06,5.004040247903338e-05,AA,30,100.0,0.0,,20,2.224719099445442e-15
aa_pure,AA_pure,20,31,0.5551379579999995,1.8908851118230692e-06,1.5658348444979394e-05,AA,31,100.0,0.0,,20,2.6395165313827124e-15
aa_pure,AA_pure,20,32,0.5738559169999995,1.5556361632614126e-06,1.2882164519489486e-05,AA,32,100.0,0.0,,20,2.4964862600235052e-15
aa_pure,AA_pure,20,33,0.5911355,5.410033081836772e-07,4.480028033675293e-06,AA,33,100.0,0.0,,20,3.024205456651064e-15
aa_pure,AA_pure,20,34,0.6069274999999994,3.9684995861252003e-07,3.2862995712834918e-06,AA,34,100.0,0.0,,20,2.5202882428357503e-15
aa_pure,AA_pure,20,35,0.6253344580000011,1.0846424364233574e-07,8.98188319403168e-07,AA,35,100.0,0.0,,20,2.585127731595567e-15
aa_pure,AA_pure,20,36,0.6410616250000007,8.551689383881009e-08,7.081621793348255e-07,AA,36,100.0,0.0,,20,4.460466225410891e-15
aa_pure,AA_pure,20,37,0.6592099170000001,3.192675483328312e-08,2.6438425516766924e-07,AA,37,100.0,0.0,,20,2.7228345483741625e-15
aa_pure,AA_pure,20,38,0.6761608330000008,6.608371252766894e-09,5.472367362914185e-08,AA,38,100.0,0.0,,20,2.2388766627072097e-15
aa_pure,AA_pure,20,39,0.6945888750000009,1.7022296370373479e-09,1.4096099558583667e-08,AA,39,100.0,0.0,,20,1.7052075571981158e-15
aa_pure,AA_pure,20,40,0.7127213330000011,5.471894820399877e-10,4.531255506554351e-09,AA,40,100.0,0.0,,20,2.1916639193272005e-15
aa_pure,AA_pure,20,41,0.7308618330000005,2.5639877444004627e-10,2.1232286012221696e-09,AA,41,100.0,0.0,,20,2.2184521043769987e-15
aa_pure,AA_pure,20,42,0.7470795829999997,1.4084436428653013e-10,1.166326879787956e-09,AA,42,100.0,0.0,,20,3.4185999082392782e-15
aa_pure,AA_pure,20,43,0.7645370000000007,7.74260054738519e-11,6.411618372961711e-10,AA,43,100.0,0.0,,20,3.0582245201332424e-15
global_eta0,GlobalAndersonSolver,20,0,0.016640499999999392,1.0,8.280962363642827,initial,0,0.0,0.0,,0,9.373730790566751e-16
global_eta0,GlobalAndersonSolver,20,1,0.04911616699999932,1.425864706625017,11.807531971208386,KM,0,0.0,0.0,,0,7.410360446401491e-16
global_eta0,GlobalAndersonSolver,20,2,0.0808250829999988,0.5694563862262898,4.715646902075959,KM,0,0.0,0.0,,0,1.646237965448868e-15
global_eta0,GlobalAndersonSolver,20,3,0.09665512499999984,0.2865909478585493,2.3732488529773708,AA,1,33.333333333333336,0.0,,0,2.8447316627853654e-15
global_eta0,GlobalAndersonSolver,20,4,0.11254633299999917,0.30390726353131975,2.516644611340541,AA,2,50.0,0.0,,1,3.6934724570747555e-15
global_eta0,GlobalAndersonSolver,20,5,0.12868987499999918,0.17611290446264982,1.458384333607028,AA,3,60.0,0.0,,2,1.6490100284883579e-15
global_eta0,GlobalAndersonSolver,20,6,0.14368366699999946,0.16359929818749638,1.3547596310090377,AA,4,66.66666666666667,0.0,,3,2.317194268250347e-15
global_eta0,GlobalAndersonSolver,20,7,0.15873916699999846,0.11938973358299099,0.9886618904060924,AA,5,71.42857142857143,0.0,,4,2.4303534769829556e-15
global_eta0,GlobalAndersonSolver,20,8,0.17387324999999976,0.10902344741109941,0.9028190647659072,AA,6,75.0,0.0,,5,4.184775225136571e-15
global_eta0,GlobalAndersonSolver,20,9,0.1879647079999991,0.11156957448103644,0.9239034472051079,AA,7,77.77777777777777,0.0,,6,3.223335778916513e-15
global_eta0,GlobalAndersonSolver,20,10,0.2024831669999987,0.08749332261918068,0.7245289116794948,AA,8,80.0,0.0,,7,3.566355728561404e-15
global_eta0,GlobalAndersonSolver,20,11,0.21745133299999964,0.055859189769842686,0.4625678481476497,AA,9,81.81818181818181,0.0,,8,6.322920950513943e-15
global_eta0,GlobalAndersonSolver,20,12,0.23491837499999946,0.022780535135817747,0.1886447540833498,AA,10,83.33333333333333,0.0,,9,4.594419189167917e-15
global_eta0,GlobalAndersonSolver,20,13,0.2524092919999994,0.014251751518431695,0.11801821794012238,AA,11,84.61538461538461,0.0,,10,3.552058653431819e-15
global_eta0,GlobalAndersonSolver,20,14,0.2693387919999992,0.0066249332731963114,0.05486082309698374,AA,12,85.71428571428571,0.0,,11,3.923916404419956e-15
global_eta0,GlobalAndersonSolver,20,15,0.28697495800000006,0.006573900729616545,0.054438224524278725,AA,13,86.66666666666667,0.0,,12,2.1871477784814712e-15
global_eta0,GlobalAndersonSolver,20,16,0.3032678329999996,0.006137127487313863,0.05082132174332397,AA,14,87.5,0.0,,13,2.38209321779797e-15
global_eta0,GlobalAndersonSolver,20,17,0.32134429199999914,0.003267858727579577,0.027061015132788215,AA,15,88.23529411764706,0.0,,14,3.459531402350498e-15
global_eta0,GlobalAndersonSolver,20,18,0.3396107079999986,0.0012485626779938507,0.010339300545116175,AA,16,88.88888888888889,0.0,,15,3.393453663362691e-15
global_eta0,GlobalAndersonSolver,20,19,0.3582756249999992,0.000525065117022376,0.004348044472524012,AA,17,89.47368421052632,0.0,,16,2.827275928445302e-15
global_eta0,GlobalAndersonSolver,20,20,0.3768539999999998,0.0002261035948857396,0.0018723553595331541,AA,18,90.0,0.0,,17,3.928774488744849e-15
global_eta0,GlobalAndersonSolver,20,21,0.3940747499999997,0.00012493593521092856,0.001034589777348218,AA,19,90.47619047619048,0.0,,18,2.865442269419421e-15
global_eta0,GlobalAndersonSolver,20,22,0.4130932919999992,0.0001379007648168742,0.0011419510433660963,AA,20,90.9090909090909,0.0,,19,1.6813505430486456e-15
global_eta0,GlobalAndersonSolver,20,23,0.43100029199999845,5.2321619304946006e-05,0.0004332733602691058,AA,21,91.30434782608695,0.0,,20,4.317480741059707e-15
global_eta0,GlobalAndersonSolver,20,24,0.4501603749999994,1.725051097308663e-05,0.00014285083212173797,AA,22,91.66666666666667,0.0,,20,2.521188991242006e-15
global_eta0,GlobalAndersonSolver,20,25,0.4677743329999995,7.422912877386011e-06,6.146886216623324e-05,AA,23,92.0,0.0,,20,2.363739808386621e-15
global_eta0,GlobalAndersonSolver,20,26,0.4853387499999986,3.967425710796221e-06,3.28541029916524e-05,AA,24,92.3076923076923,0.0,,20,2.160257522705311e-15
global_eta0,GlobalAndersonSolver,20,27,0.5041654579999992,1.0779861772521675e-06,8.926762962352404e-06,AA,25,92.5925925925926,0.0,,20,2.7863053207444813e-15
global_eta0,GlobalAndersonSolver,20,28,0.5201630829999999,4.873331762543711e-07,4.035587691116964e-06,AA,26,92.85714285714286,0.0,,20,3.001554324238433e-15
global_eta0,GlobalAndersonSolver,20,29,0.5379358329999988,2.5783738524847915e-07,2.135141683182732e-06,AA,27,93.10344827586206,0.0,,20,2.035025780363702e-15
global_eta0,GlobalAndersonSolver,20,30,0.556667749999999,1.3131806354020201e-07,1.08743994184287e-06,AA,28,93.33333333333333,0.0,,20,2.4703355679151217e-15
global_eta0,GlobalAndersonSolver,20,31,0.5744806249999996,5.3984588530188624e-08,4.470443458352362e-07,AA,29,93.54838709677419,0.0,,20,3.5124624263579336e-15
global_eta0,GlobalAndersonSolver,20,32,0.5931887919999994,2.1196116788569338e-08,1.7552424538152055e-07,AA,30,93.75,0.0,,20,2.1421191194709113e-15
global_eta0,GlobalAndersonSolver,20,33,0.6118145829999992,8.52365250304998e-09,7.058404557852685e-08,AA,31,93.93939393939394,0.0,,20,2.943382640718731e-15
global_eta0,GlobalAndersonSolver,20,34,0.630636749999999,2.49256381003305e-09,2.0640827099861856e-08,AA,32,94.11764705882354,0.0,,20,2.986648419104227e-15
global_eta0,GlobalAndersonSolver,20,35,0.6475426669999997,1.0274743037469515e-09,8.508476038938623e-09,AA,33,94.28571428571429,0.0,,20,1.619790405290102e-15
global_eta0,GlobalAndersonSolver,20,36,0.6658322919999993,3.196216273228829e-10,2.646774666467067e-09,AA,34,94.44444444444444,0.0,,20,2.0148538653461767e-15
global_eta0,GlobalAndersonSolver,20,37,0.6845718749999996,5.557379840356305e-11,4.602045329845794e-10,AA,35,94.5945945945946,0.0,,20,1.989022371047501e-15
global_eta1e10,GlobalAndersonSolver eta=1e-10,20,0,0.015144541999999817,1.0,8.280962363642827,initial,0,0.0,1e-10,,0,9.373730790566751e-16
global_eta1e10,GlobalAndersonSolver eta=1e-10,20,1,0.047602209000000784,1.425864706625017,11.807531971208386,KM,0,0.0,1e-10,,0,7.410360446401491e-16
global_eta1e10,GlobalAndersonSolver eta=1e-10,20,2,0.08005112500000067,0.5694563862262898,4.715646902075959,KM,0,0.0,1e-10,,0,1.646237965448868e-15
global_eta1e10,GlobalAndersonSolver eta=1e-10,20,3,0.09614529199999922,0.2865909478585493,2.3732488529773708,AA,1,33.333333333333336,1e-10,,0,2.8447316627853654e-15
global_eta1e10,GlobalAndersonSolver eta=1e-10,20,4,0.11240945900000021,0.30390726353131975,2.516644611340541,AA,2,50.0,1e-10,,1,3.6934724570747555e-15
global_eta1e10,GlobalAndersonSolver eta=1e-10,20,5,0.12891808400000038,0.17611290444486447,1.4583843334597482,AA,3,60.0,1e-10,,2,1.6488803739229852e-15
global_eta1e10,GlobalAndersonSolver eta=1e-10,20,6,0.14404104199999956,0.1635992983409518,1.3547596322797961,AA,4,66.66666666666667,1e-10,,3,2.5570770654184365e-15
global_eta1e10,GlobalAndersonSolver eta=1e-10,20,7,0.15908020900000075,0.11938973340567642,0.9886618889377572,AA,5,71.42857142857143,1e-10,,4,3.085490740897478e-15
global_eta1e10,GlobalAndersonSolver eta=1e-10,20,8,0.17551758399999962,0.10902344728240851,0.9028190637002227,AA,6,75.0,1e-10,,5,4.5967502349176906e-15
global_eta1e10,GlobalAndersonSolver eta=1e-10,20,9,0.19195187500000088,0.11156957431054519,0.9239034457932763,AA,7,77.77777777777777,1e-10,,6,4.024252367518154e-15
global_eta1e10,GlobalAndersonSolver eta=1e-10,20,10,0.2062886250000009,0.0874933223245774,0.7245289092398962,AA,8,80.0,1e-10,,7,4.142071615641158e-15
global_eta1e10,GlobalAndersonSolver eta=1e-10,20,11,0.22059241700000065,0.05585918950958268,0.4625678459924464,AA,9,81.81818181818181,1e-10,,8,7.071400009730332e-15
global_eta1e10,GlobalAndersonSolver eta=1e-10,20,12,0.23541558400000007,0.022780534924355268,0.18864475233223696,AA,10,83.33333333333333,1e-10,,9,4.174093292677237e-15
global_eta1e10,GlobalAndersonSolver eta=1e-10,20,13,0.2521686669999994,0.014251751117250773,0.11801821461795826,AA,11,84.61538461538461,1e-10,,10,3.4407861152622875e-15
global_eta1e10,GlobalAndersonSolver eta=1e-10,20,14,0.2672075419999995,0.006624933035151388,0.054860821125742684,AA,12,85.71428571428571,1e-10,,11,3.807843074982083e-15
global_eta1e10,GlobalAndersonSolver eta=1e-10,20,15,0.2822630840000002,0.006573900562496828,0.05443822314036664,AA,13,86.66666666666667,1e-10,,12,2.3981893790754374e-15
global_eta1e10,GlobalAndersonSolver eta=1e-10,20,16,0.2971751670000007,0.006137127351093674,0.05082132061528971,AA,14,87.5,1e-10,,13,2.150192330050317e-15
global_eta1e10,GlobalAndersonSolver eta=1e-10,20,17,0.31237450000000067,0.0032678586844802943,0.027061014775884677,AA,15,88.23529411764706,1e-10,,14,3.2626915978885924e-15
global_eta1e10,GlobalAndersonSolver eta=1e-10,20,18,0.32752820900000046,0.001248562602534242,0.010339299920237997,AA,16,88.88888888888889,1e-10,,15,6.0402593529302406e-15
global_eta1e10,GlobalAndersonSolver eta=1e-10,20,19,0.34276200000000046,0.0005250650634082832,0.004348044028547727,AA,17,89.47368421052632,1e-10,,16,3.749293845731322e-15
global_eta1e10,GlobalAndersonSolver eta=1e-10,20,20,0.3578067090000001,0.00022610358224483447,0.0018723552548542948,AA,18,90.0,1e-10,,17,3.7563854041369076e-15
global_eta1e10,GlobalAndersonSolver eta=1e-10,20,21,0.3742495839999993,0.00012493592498567219,0.0010345896926732547,AA,19,90.47619047619048,1e-10,,18,2.241067559811955e-15
global_eta1e10,GlobalAndersonSolver eta=1e-10,20,22,0.39085354200000033,0.0001379007438427233,0.0011419508696799419,AA,20,90.9090909090909,1e-10,,19,2.6682818859983174e-15
global_eta1e10,GlobalAndersonSolver eta=1e-10,20,23,0.4067259589999992,5.2321605598323567e-05,0.00043327324676508127,AA,21,91.30434782608695,1e-10,,20,2.7591658890681693e-15
global_eta1e10,GlobalAndersonSolver eta=1e-10,20,24,0.4205187919999993,1.7250511322147027e-05,0.00014285083501229399,AA,22,91.66666666666667,1e-10,,20,2.7942456797278177e-15
global_eta1e10,GlobalAndersonSolver eta=1e-10,20,25,0.4362525420000001,7.4229135166998305e-06,6.146886746036691e-05,AA,23,92.0,1e-10,,20,2.7073928179287833e-15
global_eta1e10,GlobalAndersonSolver eta=1e-10,20,26,0.4498777090000008,3.967424974297571e-06,3.285409689273479e-05,AA,24,92.3076923076923,1e-10,,20,1.6444346654517697e-15
global_eta1e10,GlobalAndersonSolver eta=1e-10,20,27,0.46618645899999933,1.0779859594033163e-06,8.926761158354267e-06,AA,25,92.5925925925926,1e-10,,20,2.384005659555893e-15
global_eta1e10,GlobalAndersonSolver eta=1e-10,20,28,0.4799932499999997,4.873328345408873e-07,4.0355848614004645e-06,AA,26,92.85714285714286,1e-10,,20,3.519405771274184e-15
global_eta1e10,GlobalAndersonSolver eta=1e-10,20,29,0.49625545900000034,2.5783645068498826e-07,2.1351339440976375e-06,AA,27,93.10344827586206,1e-10,,20,2.2847631166855464e-15
global_eta1e10,GlobalAndersonSolver eta=1e-10,20,30,0.5124464999999994,1.313172373140404e-07,1.087433099895122e-06,AA,28,93.33333333333333,1e-10,,20,2.2493034612630806e-15
global_eta1e10,GlobalAndersonSolver eta=1e-10,20,31,0.5286117499999996,5.398575888739269e-08,4.470540375191951e-07,AA,29,93.54838709677419,1e-10,,20,2.684693734426957e-15
global_eta1e10,GlobalAndersonSolver eta=1e-10,20,32,0.5462122919999999,2.119569418034527e-08,1.7552074577872247e-07,AA,30,93.75,1e-10,,20,1.9897881282364674e-15
global_eta1e10,GlobalAndersonSolver eta=1e-10,20,33,0.5630468749999995,8.522284549568416e-09,7.057271760723081e-08,AA,31,93.93939393939394,1e-10,,20,2.4165737889512613e-15
global_eta1e10,GlobalAndersonSolver eta=1e-10,20,34,0.5796486670000007,2.4929282998219323e-09,2.064384542608552e-08,AA,32,94.11764705882354,1e-10,,20,2.7277128817250212e-15
global_eta1e10,GlobalAndersonSolver eta=1e-10,20,35,0.5962438750000008,1.026302832918092e-09,8.498775133094732e-09,AA,33,94.28571428571429,1e-10,,20,2.1579295266921445e-15
global_eta1e10,GlobalAndersonSolver eta=1e-10,20,36,0.6119333749999996,3.1973439269749704e-10,2.647708472290169e-09,AA,34,94.44444444444444,1e-10,,20,3.3910329374892396e-15
global_eta1e10,GlobalAndersonSolver eta=1e-10,20,37,0.6273137920000007,5.548720713938672e-11,4.59487473984915e-10,AA,35,94.5945945945946,1e-10,,20,1.9990508041305793e-15
faa02,FAA cs=0.2,20,0,0.016195124999999422,1.0,8.280962363642827,initial,0,0.0,0.0,0.2,0,9.373730790566751e-16
faa02,FAA cs=0.2,20,1,0.032595667000000716,1.044652141398399,8.650725066019026,AA,1,100.0,0.0,0.2,0,1.0575641643805286e-15
faa02,FAA cs=0.2,20,2,0.04847808300000089,0.926327951444168,7.670886902299515,AA,2,100.0,0.0,0.2,1,8.474412900968787e-16
faa02,FAA cs=0.2,20,3,0.06460433300000012,0.738617664704611,6.11646508254064,AA,3,100.0,0.0,0.2,2,8.228897111470023e-16
faa02,FAA cs=0.2,20,4,0.0804906669999994,0.5729432878572798,4.7445218032479115,AA,4,100.0,0.0,0.2,3,3.1644060286819396e-15
faa02,FAA cs=0.2,20,5,0.0976442500000001,0.3580472617083807,2.964975898612474,AA,5,100.0,0.0,0.2,4,2.0947776126531977e-15
faa02,FAA cs=0.2,20,6,0.11356104200000061,0.45253006942232105,3.7473844733029162,AA,6,100.0,0.0,0.2,5,7.303722235874119e-15
faa02,FAA cs=0.2,20,7,0.12957849999999915,0.3755225268165957,3.109687911268283,AA,7,100.0,0.0,0.2,6,6.879813601910774e-15
faa02,FAA cs=0.2,20,8,0.14673029200000087,0.35685640172930255,2.9551144319453595,AA,8,100.0,0.0,0.2,7,6.608865883271172e-15
faa02,FAA cs=0.2,20,9,0.16218391700000012,0.2104033405444678,1.7423421442334626,AA,9,100.0,0.0,0.2,8,7.355642252976066e-15
faa02,FAA cs=0.2,20,10,0.1783035420000001,0.1607307564669275,1.3310053449824675,AA,10,100.0,0.0,0.2,9,4.6754057258417706e-15
faa02,FAA cs=0.2,20,11,0.19399199999999972,0.13430229909447702,1.1121522841520664,AA,11,100.0,0.0,0.2,9,3.4035576734593594e-15
faa02,FAA cs=0.2,20,12,0.21108429200000067,0.09769022958338051,0.808969114475601,AA,12,100.0,0.0,0.2,10,3.216525162640658e-15
faa02,FAA cs=0.2,20,13,0.22796220799999922,0.07700950693475506,0.6377128285693979,AA,13,100.0,0.0,0.2,10,2.0795043232789516e-15
faa02,FAA cs=0.2,20,14,0.24503129200000018,0.07943680867517877,0.6578132229270514,AA,14,100.0,0.0,0.2,10,1.9606781675921027e-15
faa02,FAA cs=0.2,20,15,0.26074520799999945,0.07778879488123688,0.6441660827246544,AA,15,100.0,0.0,0.2,9,8.993461441465462e-15
faa02,FAA cs=0.2,20,16,0.2771780419999992,0.039165090015711015,0.32432463638878634,AA,16,100.0,0.0,0.2,9,8.46368044549618e-15
faa02,FAA cs=0.2,20,17,0.293309292,0.02614680202181432,0.21652068347226455,AA,17,100.0,0.0,0.2,10,4.9783090015045885e-15
faa02,FAA cs=0.2,20,18,0.3097685830000003,0.01718463648359825,0.14230532795356052,AA,18,100.0,0.0,0.2,9,3.107057352249895e-15
faa02,FAA cs=0.2,20,19,0.3259560419999996,0.01386169388003955,0.1147881653169456,AA,19,100.0,0.0,0.2,9,1.657295693473087e-15
faa02,FAA cs=0.2,20,20,0.3431544580000008,0.01422044330040145,0.11775895576494119,AA,20,100.0,0.0,0.2,9,4.050855196568657e-15
faa02,FAA cs=0.2,20,21,0.3599935419999998,0.011485734648820436,0.09511293634567039,AA,21,100.0,0.0,0.2,9,2.8713065411035568e-15
faa02,FAA cs=0.2,20,22,0.3742294580000003,0.008534860562589248,0.070676859097741,AA,22,100.0,0.0,0.2,9,3.0646355436539545e-15
faa02,FAA cs=0.2,20,23,0.39138266700000024,0.005376113669823386,0.04451939496247318,AA,23,100.0,0.0,0.2,9,3.0933893732501228e-15
faa02,FAA cs=0.2,20,24,0.40734337499999995,0.0014333022247478553,0.011869121778862521,AA,24,100.0,0.0,0.2,9,3.145587075137795e-15
faa02,FAA cs=0.2,20,25,0.42379566700000026,0.00037216029374761777,0.0030818453857662815,AA,25,100.0,0.0,0.2,9,3.0183262588815875e-15
faa02,FAA cs=0.2,20,26,0.4411763749999995,0.00035666531397049,0.00295353204140648,AA,26,100.0,0.0,0.2,9,2.663636751404417e-15
faa02,FAA cs=0.2,20,27,0.4575117080000002,0.00011241157299844583,0.0009308760052380181,AA,27,100.0,0.0,0.2,8,2.5139662215366127e-15
faa02,FAA cs=0.2,20,28,0.4722513750000008,8.935720215717055e-05,0.000739963627983953,AA,28,100.0,0.0,0.2,8,2.677802113973351e-15
faa02,FAA cs=0.2,20,29,0.48747204200000027,4.088732434353032e-05,0.00033858639403883177,AA,29,100.0,0.0,0.2,8,2.1467988775219334e-15
faa02,FAA cs=0.2,20,30,0.5030528749999998,3.339917305116598e-05,0.0002765772950134992,AA,30,100.0,0.0,0.2,8,3.2060365111562253e-15
faa02,FAA cs=0.2,20,31,0.5175398750000006,2.1774778755816515e-05,0.00018031612335356594,AA,31,100.0,0.0,0.2,8,3.485376737091533e-15
faa02,FAA cs=0.2,20,32,0.5327340419999995,9.029375048209497e-06,7.477191494143848e-05,AA,32,100.0,0.0,0.2,8,2.717745394594235e-15
faa02,FAA cs=0.2,20,33,0.5494077080000004,5.046911035489491e-06,4.1793280337542125e-05,AA,33,100.0,0.0,0.2,8,2.115817614124702e-15
faa02,FAA cs=0.2,20,34,0.5657052920000005,3.0309084619566718e-06,2.5098838901109765e-05,AA,34,100.0,0.0,0.2,8,3.410939307806079e-15
faa02,FAA cs=0.2,20,35,0.5821187499999994,1.7734058171001736e-06,1.4685506826871791e-05,AA,35,100.0,0.0,0.2,8,2.5215574231748508e-15
faa02,FAA cs=0.2,20,36,0.597462792,8.560808710251151e-07,7.089173473193547e-06,AA,36,100.0,0.0,0.2,8,1.9911278859354203e-15
faa02,FAA cs=0.2,20,37,0.6140375000000002,3.1644230852757887e-07,2.6204468471811322e-06,AA,37,100.0,0.0,0.2,8,2.214478645157538e-15
faa02,FAA cs=0.2,20,38,0.6290761670000009,1.1149659197200899e-07,9.232990817946473e-07,AA,38,100.0,0.0,0.2,8,2.7721231865581194e-15
faa02,FAA cs=0.2,20,39,0.6452089999999995,7.277980467645914e-08,6.026868233590344e-07,AA,39,100.0,0.0,0.2,8,2.313960601487184e-15
faa02,FAA cs=0.2,20,40,0.6597919169999997,1.2226634692691234e-08,1.0124830172418579e-07,AA,40,100.0,0.0,0.2,8,2.4030535402568303e-15
faa02,FAA cs=0.2,20,41,0.6751992500000004,5.973356897245882e-09,4.946514365069944e-08,AA,41,100.0,0.0,0.2,8,2.5830269510952315e-15
faa02,FAA cs=0.2,20,42,0.6913146670000003,2.1368702489763793e-09,1.7695342107761474e-08,AA,42,100.0,0.0,0.2,8,2.3311479223306746e-15
faa02,FAA cs=0.2,20,43,0.70622425,1.561936206382464e-09,1.293433493946424e-08,AA,43,100.0,0.0,0.2,8,2.1282677695746117e-15
faa02,FAA cs=0.2,20,44,0.7225497920000006,1.0583893949166709e-09,8.764482745383656e-09,AA,44,100.0,0.0,0.2,7,1.743175214601016e-15
faa02,FAA cs=0.2,20,45,0.7393289579999998,2.5878503099419534e-10,2.142989101937074e-09,AA,45,100.0,0.0,0.2,7,2.0082082660047038e-15
faa02,FAA cs=0.2,20,46,0.7531969170000004,2.1129460732675152e-10,1.7497226909135193e-09,AA,46,100.0,0.0,0.2,8,2.5205186713048272e-15
faa02,FAA cs=0.2,20,47,0.7682747919999997,1.788383745241307e-10,1.4809538486093865e-09,AA,47,100.0,0.0,0.2,7,2.242351537913108e-15
faa02,FAA cs=0.2,20,48,0.7841759580000005,5.7700634334916385e-11,4.778167812857597e-10,AA,48,100.0,0.0,0.2,8,3.064249627625552e-15
faa0707,FAA cs=1/sqrt(2),20,0,0.015000084000000413,1.0,8.280962363642827,initial,0,0.0,0.0,0.7071067811865475,0,9.373730790566751e-16
faa0707,FAA cs=1/sqrt(2),20,1,0.030975749999999636,1.044652141398399,8.650725066019026,AA,1,100.0,0.0,0.7071067811865475,0,1.0575641643805286e-15
faa0707,FAA cs=1/sqrt(2),20,2,0.047416667000000245,0.926327951444168,7.670886902299515,AA,2,100.0,0.0,0.7071067811865475,1,8.474412900968787e-16
faa0707,FAA cs=1/sqrt(2),20,3,0.06393441700000047,0.738617664704611,6.11646508254064,AA,3,100.0,0.0,0.7071067811865475,2,8.228897111470023e-16
faa0707,FAA cs=1/sqrt(2),20,4,0.07982608400000046,0.5729432878572798,4.7445218032479115,AA,4,100.0,0.0,0.7071067811865475,3,3.1644060286819396e-15
faa0707,FAA cs=1/sqrt(2),20,5,0.09655204200000078,0.4850002820331757,4.016269081872884,AA,5,100.0,0.0,0.7071067811865475,3,3.317454294373472e-15
faa0707,FAA cs=1/sqrt(2),20,6,0.11353512500000029,0.42453793779435733,3.5155826848136127,AA,6,100.0,0.0,0.7071067811865475,4,2.0501306747311553e-15
faa0707,FAA cs=1/sqrt(2),20,7,0.1301646250000008,0.2984714791109198,2.471631085138333,AA,7,100.0,0.0,0.7071067811865475,5,2.1295232547938897e-15
faa0707,FAA cs=1/sqrt(2),20,8,0.14436612499999946,0.21512694803915863,1.7814581601176187,AA,8,100.0,0.0,0.7071067811865475,6,1.4057252246642828e-15
faa0707,FAA cs=1/sqrt(2),20,9,0.164821667,0.1362454957156368,1.1282438222370483,AA,9,100.0,0.0,0.7071067811865475,6,5.3602181453810345e-15
faa0707,FAA cs=1/sqrt(2),20,10,0.18154154199999972,0.1265825390741689,1.04822524196754,AA,10,100.0,0.0,0.7071067811865475,6,2.6502640454572158e-15
faa0707,FAA cs=1/sqrt(2),20,11,0.19889420900000054,0.11981149941479571,0.9921545173855378,AA,11,100.0,0.0,0.7071067811865475,7,2.629954617987551e-15
faa0707,FAA cs=1/sqrt(2),20,12,0.21578595899999975,0.13262914759746644,1.098296979576649,AA,12,100.0,0.0,0.7071067811865475,8,7.942527138742805e-15
faa0707,FAA cs=1/sqrt(2),20,13,0.2313973340000004,0.1047540571171792,0.867464404426252,AA,13,100.0,0.0,0.7071067811865475,7,2.5571359224847377e-14
faa0707,FAA cs=1/sqrt(2),20,14,0.24839604199999954,0.15583505824670854,1.290464252277081,AA,14,100.0,0.0,0.7071067811865475,7,3.2634972142809048e-15
faa0707,FAA cs=1/sqrt(2),20,15,0.2635031249999997,0.14904370551789473,1.2342253159315508,AA,15,100.0,0.0,0.7071067811865475,7,3.247716615635269e-15
faa0707,FAA cs=1/sqrt(2),20,16,0.2791259589999999,0.0948226294852487,0.7852226259889931,AA,16,100.0,0.0,0.7071067811865475,6,8.617936775728286e-15
faa0707,FAA cs=1/sqrt(2),20,17,0.29428487500000067,0.09124073677138651,0.7555611072348938,AA,17,100.0,0.0,0.7071067811865475,7,4.426092977377382e-15
faa0707,FAA cs=1/sqrt(2),20,18,0.3099537090000002,0.07032458881674651,0.582355273230135,AA,18,100.0,0.0,0.7071067811865475,5,1.774683004645245e-15
faa0707,FAA cs=1/sqrt(2),20,19,0.3267413339999994,0.050073112928740414,0.4146535635933364,AA,19,100.0,0.0,0.7071067811865475,6,7.57724387224203e-15
faa0707,FAA cs=1/sqrt(2),20,20,0.3416349590000003,0.02771473102247089,0.2295046445155657,AA,20,100.0,0.0,0.7071067811865475,7,3.824837679898167e-15
faa0707,FAA cs=1/sqrt(2),20,21,0.35899775000000034,0.01782049009929257,0.14757080781391138,AA,21,100.0,0.0,0.7071067811865475,6,4.502336813753146e-15
faa0707,FAA cs=1/sqrt(2),20,22,0.37411037500000077,0.01625650213899416,0.13461948237748975,AA,22,100.0,0.0,0.7071067811865475,7,2.338295346381762e-15
faa0707,FAA cs=1/sqrt(2),20,23,0.3907787089999992,0.020722316479822377,0.17160072285690461,AA,23,100.0,0.0,0.7071067811865475,6,2.531133629878227e-15
faa0707,FAA cs=1/sqrt(2),20,24,0.40780895900000047,0.020059776251057853,0.16611425215810627,AA,24,100.0,0.0,0.7071067811865475,6,3.878710995460664e-15
faa0707,FAA cs=1/sqrt(2),20,25,0.4248475420000002,0.02149837587491783,0.17802724149964147,AA,25,100.0,0.0,0.7071067811865475,7,3.556575535580713e-15
faa0707,FAA cs=1/sqrt(2),20,26,0.4410723749999992,0.02144434182207139,0.177579787541665,AA,26,100.0,0.0,0.7071067811865475,7,3.571436763762873e-15
faa0707,FAA cs=1/sqrt(2),20,27,0.45802583400000074,0.015354369438241797,0.12714895543554797,AA,27,100.0,0.0,0.7071067811865475,7,5.695498658251568e-14
faa0707,FAA cs=1/sqrt(2),20,28,0.4730309590000008,0.01507723177570981,0.12485398888257264,AA,28,100.0,0.0,0.7071067811865475,6,1.6931846086225087e-14
faa0707,FAA cs=1/sqrt(2),20,29,0.4894249590000008,0.013587205023610355,0.1125151334276161,AA,29,100.0,0.0,0.7071067811865475,7,1.3923790259112668e-14
faa0707,FAA cs=1/sqrt(2),20,30,0.5062897500000005,0.012914242611583311,0.10694235702147385,AA,30,100.0,0.0,0.7071067811865475,8,1.4537727991391078e-14
faa0707,FAA cs=1/sqrt(2),20,31,0.5219407090000008,0.01006032106889627,0.08330914013769299,AA,31,100.0,0.0,0.7071067811865475,6,5.068783518880674e-14
faa0707,FAA cs=1/sqrt(2),20,32,0.5383605839999994,0.005645834724112599,0.04675294486172421,AA,32,100.0,0.0,0.7071067811865475,7,3.32663730550583e-14
faa0707,FAA cs=1/sqrt(2),20,33,0.5535958339999993,0.005606119629518778,0.046424065658124264,AA,33,100.0,0.0,0.7071067811865475,6,1.545375675077738e-14
faa0707,FAA cs=1/sqrt(2),20,34,0.5691943340000005,0.0027112111226713863,0.022451437266731565,AA,34,100.0,0.0,0.7071067811865475,7,6.665870951296529e-15
faa0707,FAA cs=1/sqrt(2),20,35,0.5849765839999996,0.0009460919287236581,0.007834551654306864,AA,35,100.0,0.0,0.7071067811865475,6,2.4653269925197187e-15
faa0707,FAA cs=1/sqrt(2),20,36,0.5998178749999994,0.0007633114031808116,0.006320953001479696,AA,36,100.0,0.0,0.7071067811865475,6,3.342317222133666e-15
faa0707,FAA cs=1/sqrt(2),20,37,0.6161412500000001,0.00028871413657414026,0.0023908308988220906,AA,37,100.0,0.0,0.7071067811865475,6,2.1200007479391455e-15
faa0707,FAA cs=1/sqrt(2),20,38,0.6323823340000008,0.00013797675202412786,0.0011425802905694821,AA,38,100.0,0.0,0.7071067811865475,6,2.523731125947442e-15
faa0707,FAA cs=1/sqrt(2),20,39,0.6476327919999996,0.00011602904442465488,0.0009608321499700086,AA,39,100.0,0.0,0.7071067811865475,6,1.7535167712599418e-15
faa0707,FAA cs=1/sqrt(2),20,40,0.6649017920000002,6.554887155566598e-05,0.0005428077383317278,AA,40,100.0,0.0,0.7071067811865475,7,2.077499249613189e-15
faa0707,FAA cs=1/sqrt(2),20,41,0.6793368340000008,5.1739229852902886e-05,0.00042845061513575416,AA,41,100.0,0.0,0.7071067811865475,6,2.92777494149542e-15
faa0707,FAA cs=1/sqrt(2),20,42,0.6960424169999992,1.6094788941285415e-05,0.0001332803414735593,AA,42,100.0,0.0,0.7071067811865475,5,2.1093135310230943e-15
faa0707,FAA cs=1/sqrt(2),20,43,0.7114827090000002,1.3639669636833642e-05,0.0001129495909151412,AA,43,100.0,0.0,0.7071067811865475,6,2.1113654921277072e-15
faa0707,FAA cs=1/sqrt(2),20,44,0.7262787920000005,9.51713770422866e-06,7.881105913832362e-05,AA,44,100.0,0.0,0.7071067811865475,7,2.476089919870397e-15
faa0707,FAA cs=1/sqrt(2),20,45,0.7412957089999992,3.3568473365273216e-06,2.7797926454277415e-05,AA,45,100.0,0.0,0.7071067811865475,7,1.7831063339180664e-15
faa0707,FAA cs=1/sqrt(2),20,46,0.7562507499999995,3.261500592146097e-06,2.7008363652560623e-05,AA,46,100.0,0.0,0.7071067811865475,6,1.621721877665029e-15
faa0707,FAA cs=1/sqrt(2),20,47,0.7729932920000007,1.934275806279236e-06,1.6017665152703234e-05,AA,47,100.0,0.0,0.7071067811865475,6,1.765289951577875e-15
faa0707,FAA cs=1/sqrt(2),20,48,0.7901031249999999,8.266764280354157e-07,6.8456763874719654e-06,AA,48,100.0,0.0,0.7071067811865475,6,3.201374267061719e-15
faa0707,FAA cs=1/sqrt(2),20,49,0.80504775,4.0693510690015605e-07,3.3698143046851625e-06,AA,49,100.0,0.0,0.7071067811865475,5,3.2220213083999207e-15
faa0707,FAA cs=1/sqrt(2),20,50,0.8220422089999992,2.9972065388023894e-07,2.481975454388677e-06,AA,50,100.0,0.0,0.7071067811865475,5,2.178137954693577e-15
faa0707,FAA cs=1/sqrt(2),20,51,0.8385320420000006,1.409585579427984e-07,1.1672725131576802e-06,AA,51,100.0,0.0,0.7071067811865475,6,2.3812816096875074e-15
faa0707,FAA cs=1/sqrt(2),20,52,0.8551342920000007,4.6602330291414474e-08,3.8591214320125533e-07,AA,52,100.0,0.0,0.7071067811865475,6,1.92194857092e-15
faa0707,FAA cs=1/sqrt(2),20,53,0.8723051250000005,4.1018941299408157e-08,3.3967630909687334e-07,AA,53,100.0,0.0,0.7071067811865475,6,2.637090829001788e-15
faa0707,FAA cs=1/sqrt(2),20,54,0.8871763339999994,1.7212349912105685e-08,1.425348218119981e-07,AA,54,100.0,0.0,0.7071067811865475,7,1.8724056677710344e-15
faa0707,FAA cs=1/sqrt(2),20,55,0.9043442919999993,1.4016815029340164e-08,1.1607271771610903e-07,AA,55,100.0,0.0,0.7071067811865475,7,4.3385873488156995e-15
faa0707,FAA cs=1/sqrt(2),20,56,0.9195992089999994,6.257129810959937e-09,5.18150564689868e-08,AA,56,100.0,0.0,0.7071067811865475,7,2.0244484872480207e-15
faa0707,FAA cs=1/sqrt(2),20,57,0.9358758340000009,3.5852136112419662e-09,2.9689018980314708e-08,AA,57,100.0,0.0,0.7071067811865475,7,2.059869693756286e-15
faa0707,FAA cs=1/sqrt(2),20,58,0.9522277920000004,1.9449407172161737e-09,1.610598087878362e-08,AA,58,100.0,0.0,0.7071067811865475,6,3.487871594952227e-15
faa0707,FAA cs=1/sqrt(2),20,59,0.9682033749999999,9.932913777145564e-10,8.225408514985173e-09,AA,59,100.0,0.0,0.7071067811865475,6,2.3057960882907207e-15
faa0707,FAA cs=1/sqrt(2),20,60,0.9845912499999994,3.521110966196891e-10,2.9158187389286482e-09,AA,60,100.0,0.0,0.7071067811865475,4,3.0793181896550962e-15
faa0707,FAA cs=1/sqrt(2),20,61,1.0012640840000007,2.2167028255074346e-10,1.8356432669407777e-09,AA,61,100.0,0.0,0.7071067811865475,4,2.4329706500423268e-15
faa0707,FAA cs=1/sqrt(2),20,62,1.0177056669999995,9.365875593661914e-11,7.755846329367523e-10,AA,62,100.0,0.0,0.7071067811865475,5,1.7984579522956795e-15
picard,Picard,30,0,0.014428416999999971,1.0,8.280962363642828,Picard,0,0.0,0.0,,0,9.373730790566751e-16
picard,Picard,30,1,0.028183958000000064,1.0446521413987233,8.650725066021714,Picard,0,0.0,0.0,,0,1.0567466780894342e-15
picard,Picard,30,2,0.04368595799999997,0.7403912837131451,6.131152354797754,Picard,0,0.0,0.0,,0,2.36735948952872e-15
picard,Picard,30,3,0.059124000000000065,0.7456883848449948,6.175017449907011,Picard,0,0.0,0.0,,0,2.9523848838839937e-15
picard,Picard,30,4,0.07440641700000006,0.5832853126190036,4.83016372106361,Picard,0,0.0,0.0,,0,3.168558805814546e-15
picard,Picard,30,5,0.08972554200000005,0.5266043836845081,4.360791081820739,Picard,0,0.0,0.0,,0,4.495885121340341e-15
picard,Picard,30,6,0.10508916700000004,0.5860167616634879,4.852782747799193,Picard,0,0.0,0.0,,0,2.5782688261263417e-15
picard,Picard,30,7,0.12034429199999996,0.4636744648577615,3.8396707924693523,Picard,0,0.0,0.0,,0,3.982336089104763e-15
picard,Picard,30,8,0.13561770800000006,0.5444023570142054,4.508175429113081,Picard,0,0.0,0.0,,0,3.1432798098086923e-15
picard,Picard,30,9,0.15090274999999997,0.8170731076802269,6.766151653044643,Picard,0,0.0,0.0,,0,1.945619272236256e-15
picard,Picard,30,10,0.16639487500000005,0.6325196304962633,5.2378712544048245,Picard,0,0.0,0.0,,0,2.270493796384978e-15
picard,Picard,30,11,0.18173916700000003,0.5988516449181982,4.959067932973198,Picard,0,0.0,0.0,,0,2.7780290503859838e-15
picard,Picard,30,12,0.197076833,0.5084356001943731,4.210336069545756,Picard,0,0.0,0.0,,0,3.4170990547359426e-15
picard,Picard,30,13,0.21251429200000005,0.38562405219349966,3.1933382627298084,Picard,0,0.0,0.0,,0,4.062749435301287e-15
picard,Picard,30,14,0.22816620799999998,0.4524889536113787,3.7470439948199528,Picard,0,0.0,0.0,,0,1.7014420877642009e-15
picard,Picard,30,15,0.24339483299999998,0.5542629077494728,4.589830278636621,Picard,0,0.0,0.0,,0,3.427797662204911e-15
picard,Picard,30,16,0.258672875,0.4553778566571316,3.770966892214046,Picard,0,0.0,0.0,,0,2.915111552902605e-15
picard,Picard,30,17,0.27393999999999996,0.48050273448831105,3.9790250599251666,Picard,0,0.0,0.0,,0,3.86477291976685e-15
picard,Picard,30,18,0.28935920800000003,0.3450060845447733,2.856982401343043,Picard,0,0.0,0.0,,0,3.1638658647266812e-15
picard,Picard,30,19,0.30484275000000005,0.5971063230756856,4.944614988482908,Picard,0,0.0,0.0,,0,2.3590029557678975e-15
picard,Picard,30,20,0.32024829200000005,0.6163372762128239,5.1038657876285285,Picard,0,0.0,0.0,,0,4.188740953445545e-15
picard,Picard,30,21,0.33563375000000006,0.4277063099942363,3.5418198557548233,Picard,0,0.0,0.0,,0,3.1155901281395912e-15
picard,Picard,30,22,0.351098292,0.3845781860603945,3.184677484644156,Picard,0,0.0,0.0,,0,2.4808719534175897e-15
picard,Picard,30,23,0.36681158300000005,0.5112260826498637,4.233443949736079,Picard,0,0.0,0.0,,0,5.69919670563417e-15
picard,Picard,30,24,0.38224583300000003,0.66790399478079,5.530887843306418,Picard,0,0.0,0.0,,0,2.558204093230627e-15
picard,Picard,30,25,0.398328542,0.6925560464352816,5.735030555243842,Picard,0,0.0,0.0,,0,2.2856407699637878e-15
picard,Picard,30,26,0.41372383299999993,0.5212667317309624,4.316590186883203,Picard,0,0.0,0.0,,0,3.661975837008447e-15
picard,Picard,30,27,0.427681792,0.3834685271488196,3.1754884409609234,Picard,0,0.0,0.0,,0,4.205070016053436e-15
picard,Picard,30,28,0.4420418749999999,0.42306881195445056,3.50341690902589,Picard,0,0.0,0.0,,0,4.954605298319444e-15
picard,Picard,30,29,0.45602904199999994,0.4167497524838169,3.451089015375952,Picard,0,0.0,0.0,,0,1.4367252614483796e-15
picard,Picard,30,30,0.4713154580000001,0.5943986169875197,4.922192576275,Picard,0,0.0,0.0,,0,2.853863971308876e-15
picard,Picard,30,31,0.4867852079999999,0.4722011800109777,3.9102801997386387,Picard,0,0.0,0.0,,0,2.9799810936115304e-15
picard,Picard,30,32,0.5024617499999999,0.4035493252930087,3.341776774624862,Picard,0,0.0,0.0,,0,5.1214713534257355e-15
picard,Picard,30,33,0.5180687079999999,0.4255222777449564,3.523733966897554,Picard,0,0.0,0.0,,0,2.0857931159750594e-15
picard,Picard,30,34,0.533844708,0.4672640430891214,3.8693959547045953,Picard,0,0.0,0.0,,0,3.191658403232176e-15
picard,Picard,30,35,0.549233042,0.49933827875973696,4.135001493135573,Picard,0,0.0,0.0,,0,4.069183507588468e-15
picard,Picard,30,36,0.5647092920000001,0.44912944558257906,3.7192240352731067,Picard,0,0.0,0.0,,0,2.988170849675139e-15
picard,Picard,30,37,0.5802022499999999,0.608851007455735,5.04187227780696,Picard,0,0.0,0.0,,0,4.122209656957615e-15
picard,Picard,30,38,0.5957817919999999,1.0923970767965614,9.046099079105769,Picard,0,0.0,0.0,,0,1.7804928008495706e-15
picard,Picard,30,39,0.6111542919999999,0.6611648031525992,5.4750808510719935,Picard,0,0.0,0.0,,0,4.127922972156963e-15
picard,Picard,30,40,0.6267760419999999,0.4280970168607303,3.545055284611477,Picard,0,0.0,0.0,,0,5.883874778408768e-15
picard,Picard,30,41,0.642364875,0.4115923003601751,3.4083803484477846,Picard,0,0.0,0.0,,0,3.57720457419656e-15
picard,Picard,30,42,0.6579042500000001,0.5187993343638783,4.296157762150227,Picard,0,0.0,0.0,,0,3.070110236325004e-15
picard,Picard,30,43,0.6734547500000001,0.6540638916932229,5.416278470529337,Picard,0,0.0,0.0,,0,1.9613985354596655e-15
picard,Picard,30,44,0.6890732500000001,0.45574085518780094,3.773972869384576,Picard,0,0.0,0.0,,0,2.8515832605845975e-15
picard,Picard,30,45,0.7046546250000001,0.338160000731305,2.800290238945368,Picard,0,0.0,0.0,,0,3.231930948146774e-15
picard,Picard,30,46,0.72022275,0.4289888834552164,3.552440798313807,Picard,0,0.0,0.0,,0,3.81399047820354e-15
picard,Picard,30,47,0.735758583,0.4913280973881912,4.06866948267185,Picard,0,0.0,0.0,,0,3.840621992715843e-15
picard,Picard,30,48,0.751234792,0.6039500369625902,5.001287525607904,Picard,0,0.0,0.0,,0,2.862219204727251e-15
picard,Picard,30,49,0.7665475420000001,0.7917852278011557,6.556743671509733,Picard,0,0.0,0.0,,0,3.1740408376213627e-15
picard,Picard,30,50,0.782096458,0.5117329600071705,4.237641382054919,Picard,0,0.0,0.0,,0,3.0228167854648346e-15
picard,Picard,30,51,0.7975975829999999,0.40030517622869105,3.3149120983212006,Picard,0,0.0,0.0,,0,1.970243320560481e-15
picard,Picard,30,52,0.8137780000000001,0.3700550865511701,3.0644122442048287,Picard,0,0.0,0.0,,0,2.907335489103568e-15
picard,Picard,30,53,0.827485917,0.4231977705541063,3.5044848103361073,Picard,0,0.0,0.0,,0,3.62544609365123e-15
picard,Picard,30,54,0.8425701670000001,0.4394460267777656,3.6390360085990556,Picard,0,0.0,0.0,,0,3.0436873803124726e-15
picard,Picard,30,55,0.85762625,0.5594666476043361,4.632922252524932,Picard,0,0.0,0.0,,0,2.3769562856397332e-15
picard,Picard,30,56,0.8725809170000001,0.5650729958466812,4.679348211317268,Picard,0,0.0,0.0,,0,2.3964941955598976e-15
picard,Picard,30,57,0.887439667,0.46820520083029793,3.8771896465375293,Picard,0,0.0,0.0,,0,2.71323498688175e-15
picard,Picard,30,58,0.9026350000000001,0.42596614849075887,3.5274096438378666,Picard,0,0.0,0.0,,0,2.5510386853886287e-15
picard,Picard,30,59,0.9177918330000001,0.6703612534388417,5.55123630977148,Picard,0,0.0,0.0,,0,1.780689274655077e-15
picard,Picard,30,60,0.9328210830000001,0.35806235685139204,2.9651009009236255,Picard,0,0.0,0.0,,0,2.4091527742318076e-15
picard,Picard,30,61,0.9476796670000001,0.3837523096917485,3.1778384335183762,Picard,0,0.0,0.0,,0,3.4463108240914788e-15
picard,Picard,30,62,0.962572333,0.4288228946999127,3.551066251678349,Picard,0,0.0,0.0,,0,3.691801534225181e-15
picard,Picard,30,63,0.977452708,0.4589463122821533,3.80051713894118,Picard,0,0.0,0.0,,0,2.9343397669439926e-15
picard,Picard,30,64,0.9924123330000001,0.43814897207234726,3.6282951473999003,Picard,0,0.0,0.0,,0,2.3744888937892526e-15
picard,Picard,30,65,1.008810708,0.4282849082163316,3.546611205855665,Picard,0,0.0,0.0,,0,2.3187089836339926e-15
picard,Picard,30,66,1.025527833,0.7119672792551501,5.8957742436570815,Picard,0,0.0,0.0,,0,3.3748350359110633e-15
picard,Picard,30,67,1.0428555,0.48292671418289435,3.9990979445462456,Picard,0,0.0,0.0,,0,2.1836057493191515e-15
picard,Picard,30,68,1.058960208,0.29139257887508185,2.413010978709377,Picard,0,0.0,0.0,,0,3.4666367653951653e-15
picard,Picard,30,69,1.073174875,0.2647195754941301,2.192132841586398,Picard,0,0.0,0.0,,0,5.215237214929247e-15
picard,Picard,30,70,1.088297792,0.4725753320044627,3.91337853831497,Picard,0,0.0,0.0,,0,2.37578897155647e-15
picard,Picard,30,71,1.103287,0.5286556037264466,4.377777157787581,Picard,0,0.0,0.0,,0,3.3887477399560972e-15
picard,Picard,30,72,1.120037833,0.4608324596816511,3.816136254568704,Picard,0,0.0,0.0,,0,4.245539409230774e-15
picard,Picard,30,73,1.135863292,0.5638201754213249,4.668973652526489,Picard,0,0.0,0.0,,0,3.3780414489849594e-15
picard,Picard,30,74,1.15102425,0.7558474461311121,6.25914425406729,Picard,0,0.0,0.0,,0,3.2380154867949135e-15
picard,Picard,30,75,1.166081458,0.4787369413560017,3.964402593454534,Picard,0,0.0,0.0,,0,2.509755642199036e-15
picard,Picard,30,76,1.180968875,0.39449637323877096,3.266809619383856,Picard,0,0.0,0.0,,0,2.1177649561958652e-15
picard,Picard,30,77,1.196204875,0.5138255831649499,4.254970315665778,Picard,0,0.0,0.0,,0,2.8205439413352303e-15
picard,Picard,30,78,1.211051375,0.2839715919196252,2.351558065030156,Picard,0,0.0,0.0,,0,2.2539490695435513e-15
picard,Picard,30,79,1.226357417,0.26341669287851327,2.1813437196822303,Picard,0,0.0,0.0,,0,2.4613546616961673e-15
picard,Picard,30,80,1.241199083,0.35576895607102904,2.9461093353766903,Picard,0,0.0,0.0,,0,2.714482519590024e-15
picard,Picard,30,81,1.25602575,0.27981533745873477,2.3171402782658,Picard,0,0.0,0.0,,0,3.4462473411096023e-15
picard,Picard,30,82,1.270927125,0.3539362042157574,2.930932386241289,Picard,0,0.0,0.0,,0,3.813165381437036e-15
picard,Picard,30,83,1.285807083,0.4497169528256732,3.724089160641537,Picard,0,0.0,0.0,,0,2.0470631129556106e-15
picard,Picard,30,84,1.300606625,0.43883225445663976,3.6339533831079667,Picard,0,0.0,0.0,,0,1.8023721909958506e-15
picard,Picard,30,85,1.315498458,0.5714839923608296,4.732437432164375,Picard,0,0.0,0.0,,0,3.951587511300642e-15
picard,Picard,30,86,1.330259917,0.6948337243271694,5.753891920143066,Picard,0,0.0,0.0,,0,3.4628719941242944e-15
picard,Picard,30,87,1.3451543750000001,0.428057006635701,3.5447239614438484,Picard,0,0.0,0.0,,0,2.8277938582718107e-15
picard,Picard,30,88,1.360026042,0.38115127524051146,3.156299365121144,Picard,0,0.0,0.0,,0,4.242283832645232e-15
picard,Picard,30,89,1.374865792,0.4614826014381552,3.8215200539853473,Picard,0,0.0,0.0,,0,3.579883058510821e-15
picard,Picard,30,90,1.3899434579999999,0.6024055871036396,4.988497994453401,Picard,0,0.0,0.0,,0,1.9304434870498227e-15
picard,Picard,30,91,1.4047771249999998,0.40369763846417056,3.343004950413286,Picard,0,0.0,0.0,,0,2.8494278029694237e-15
picard,Picard,30,92,1.420120583,0.4556684894679246,3.7733736115818624,Picard,0,0.0,0.0,,0,4.146667694113367e-15
picard,Picard,30,93,1.4353444579999999,0.3992904823803516,3.3065094567524813,Picard,0,0.0,0.0,,0,2.7961656753117794e-15
picard,Picard,30,94,1.4513026249999998,0.5200457208363862,4.306479041619619,Picard,0,0.0,0.0,,0,3.2593874833485544e-15
picard,Picard,30,95,1.4663872919999998,0.7497166453152369,6.208375323252036,Picard,0,0.0,0.0,,0,2.9624832491980245e-15
picard,Picard,30,96,1.4816661249999998,0.9787505171134954,8.104996195612811,Picard,0,0.0,0.0,,0,2.7439317738874747e-15
picard,Picard,30,97,1.4966585000000001,1.2164933259344777,10.073735447686097,Picard,0,0.0,0.0,,0,1.2591379458023401e-15
picard,Picard,30,98,1.5115909580000002,0.8119317767718168,6.723576485293066,Picard,0,0.0,0.0,,0,2.6003822200049113e-15
picard,Picard,30,99,1.526495917,0.5235012386312223,4.335094054425555,Picard,0,0.0,0.0,,0,4.428331659450223e-15
picard,Picard,30,100,1.541566375,0.5541565474326735,4.588949512856221,Picard,0,0.0,0.0,,0,3.3229283613277425e-15
picard,Picard,30,101,1.5564125830000002,0.6662818145692717,5.517454630027789,Picard,0,0.0,0.0,,0,3.2447438558999326e-15
picard,Picard,30,102,1.571322458,0.4401543587176901,3.6449016787345365,Picard,0,0.0,0.0,,0,3.775872332438259e-15
picard,Picard,30,103,1.586350542,0.1962392946065256,1.6250502129044555,Picard,0,0.0,0.0,,0,1.8083092319656143e-15
picard,Picard,30,104,1.601528917,0.3155995132449621,2.6134676911655275,Picard,0,0.0,0.0,,0,3.974655172203616e-15
picard,Picard,30,105,1.6164705000000001,0.2466838419922835,2.042779611256914,Picard,0,0.0,0.0,,0,2.505409546072177e-15
picard,Picard,30,106,1.6314189579999998,0.2694391790386182,2.231215700909619,Picard,0,0.0,0.0,,0,6.181711147406819e-15
picard,Picard,30,107,1.646243583,0.2686559820118843,2.2247300758079187,Picard,0,0.0,0.0,,0,3.6551925496244096e-15
picard,Picard,30,108,1.661031667,0.5091069138451584,4.215895192622108,Picard,0,0.0,0.0,,0,2.1982793971812454e-15
picard,Picard,30,109,1.67589825,0.4156566368621254,3.4420369660536148,Picard,0,0.0,0.0,,0,2.4088359640951555e-15
picard,Picard,30,110,1.6909041670000002,0.669217675130535,5.541766380840514,Picard,0,0.0,0.0,,0,2.1360177659974716e-15
picard,Picard,30,111,1.7059882919999998,0.7045244494222743,5.834140449932039,Picard,0,0.0,0.0,,0,1.8157032708279932e-15
picard,Picard,30,112,1.720754667,0.38912751546993724,3.222350310264393,Picard,0,0.0,0.0,,0,2.491754078790127e-15
picard,Picard,30,113,1.7359528750000002,0.20440115921797047,1.692638306568979,Picard,0,0.0,0.0,,0,2.2437582993709464e-15
picard,Picard,30,114,1.7509631250000002,0.22677628504734204,1.8779258814437774,Picard,0,0.0,0.0,,0,2.6415651489237746e-15
picard,Picard,30,115,1.7657953329999998,0.28512739597415593,2.361129234905471,Picard,0,0.0,0.0,,0,2.6841477475954873e-15
picard,Picard,30,116,1.78067025,0.405583497683305,3.3586216796300667,Picard,0,0.0,0.0,,0,2.196458195883624e-15
picard,Picard,30,117,1.7956544170000002,0.5087899453272453,4.213270388254811,Picard,0,0.0,0.0,,0,2.299385157564097e-15
picard,Picard,30,118,1.8106214999999999,0.4671699826093286,3.868617043411525,Picard,0,0.0,0.0,,0,2.8869195301482124e-15
picard,Picard,30,119,1.825491667,0.7334507133743428,6.073677753039916,Picard,0,0.0,0.0,,0,3.812176459790956e-15
picard,Picard,30,120,1.8404702080000002,0.44526623874254695,3.6872329648278335,Picard,0,0.0,0.0,,0,5.609550313772324e-15
picard,Picard,30,121,1.8553181250000002,0.17615468311317423,1.4587303010396246,Picard,0,0.0,0.0,,0,3.1727796966205916e-15
picard,Picard,30,122,1.870074083,0.25608924247885995,2.1206653787012413,Picard,0,0.0,0.0,,0,1.892916490670408e-15
picard,Picard,30,123,1.885026458,0.3643920122164072,3.017516538776146,Picard,0,0.0,0.0,,0,1.8217318809013515e-15
picard,Picard,30,124,1.8999416670000002,0.3673458688339779,3.041977314253846,Picard,0,0.0,0.0,,0,3.8147035344794516e-15
picard,Picard,30,125,1.9150070000000001,0.35274454200445254,2.9210642763192984,Picard,0,0.0,0.0,,0,3.183135641808289e-15
picard,Picard,30,126,1.929935833,0.7098118771231103,5.877925439723144,Picard,0,0.0,0.0,,0,3.4839870276575542e-15
picard,Picard,30,127,1.944761958,0.7904243390012587,6.545474202576684,Picard,0,0.0,0.0,,0,3.584092787136136e-15
picard,Picard,30,128,1.959504,0.409216268992671,3.3887045221186485,Picard,0,0.0,0.0,,0,2.4381359161268714e-15
picard,Picard,30,129,1.9743873330000001,0.38562700610262085,3.1933627239400666,Picard,0,0.0,0.0,,0,2.111486488546807e-15
picard,Picard,30,130,1.98921875,0.4674810292057812,3.871192808570088,Picard,0,0.0,0.0,,0,2.304636798785084e-15
picard,Picard,30,131,2.004132917,0.4510897632845445,3.7354573523838654,Picard,0,0.0,0.0,,0,4.211317876219059e-15
picard,Picard,30,132,2.019062542,0.8137595377456668,6.738712105127252,Picard,0,0.0,0.0,,0,1.8187559087695e-15
picard,Picard,30,133,2.033881792,0.6500285676834715,5.382862104279482,Picard,0,0.0,0.0,,0,1.8492166320175724e-15
picard,Picard,30,134,2.048754,0.4014148674839976,3.3241014098416573,Picard,0,0.0,0.0,,0,3.3674628684438523e-15
picard,Picard,30,135,2.0635105830000002,0.4531875605888442,3.7528291329073227,Picard,0,0.0,0.0,,0,2.8059761381413978e-15
picard,Picard,30,136,2.078325542,0.6107418048040688,5.057529899485789,Picard,0,0.0,0.0,,0,2.4958708764344393e-15
picard,Picard,30,137,2.093256292,0.6020417148186065,4.985484781755869,Picard,0,0.0,0.0,,0,2.2579951029867123e-15
picard,Picard,30,138,2.1080071670000002,0.4916472588532318,4.071312446751776,Picard,0,0.0,0.0,,0,1.9624251272278046e-15
picard,Picard,30,139,2.12288925,0.5112208429073217,4.233400559625294,Picard,0,0.0,0.0,,0,4.496294632142315e-15
picard,Picard,30,140,2.137864958,0.9785645601273247,8.103456292809076,Picard,0,0.0,0.0,,0,1.5245100251781717e-15
picard,Picard,30,141,2.152627625,0.5295468907019196,4.385157871686679,Picard,0,0.0,0.0,,0,2.893781128180851e-15
picard,Picard,30,142,2.167531542,0.3390687631397703,2.807815666247363,Picard,0,0.0,0.0,,0,4.422377401892109e-15
picard,Picard,30,143,2.182290667,0.2808582669248369,2.3257767379225256,Picard,0,0.0,0.0,,0,5.050249785034717e-15
picard,Picard,30,144,2.197098375,0.5567155654841079,4.610140645028032,Picard,0,0.0,0.0,,0,2.7562435518588227e-15
picard,Picard,30,145,2.211793958,0.6323670056506997,5.236607373802956,Picard,0,0.0,0.0,,0,8.269177135443202e-15
picard,Picard,30,146,2.226645333,0.36868665355438823,3.0530803020613115,Picard,0,0.0,0.0,,0,2.9626998672058884e-15
picard,Picard,30,147,2.241583125,0.3990376782241507,3.3044159950496095,Picard,0,0.0,0.0,,0,2.1236085465072683e-15
picard,Picard,30,148,2.256722125,0.6202105509681999,5.135940230101846,Picard,0,0.0,0.0,,0,1.8313507307430087e-15
picard,Picard,30,149,2.27293425,0.6745695531917698,5.586085081640404,Picard,0,0.0,0.0,,0,2.178171643051958e-15
picard,Picard,30,150,2.287640458,0.5555123114791142,4.600176543898776,Picard,0,0.0,0.0,,0,3.0035373808985733e-15
picard,Picard,30,151,2.302506917,0.4595579153854709,3.80558180122124,Picard,0,0.0,0.0,,0,1.9022707044204435e-15
picard,Picard,30,152,2.317341458,0.48645394245679285,4.028306789130376,Picard,0,0.0,0.0,,0,2.197676367656566e-15
picard,Picard,30,153,2.332181958,0.3671742530198698,3.040556170156211,Picard,0,0.0,0.0,,0,2.7160928980239036e-15
picard,Picard,30,154,2.346948792,0.3926116760563337,3.2512025129492295,Picard,0,0.0,0.0,,0,3.278937597546204e-15
picard,Picard,30,155,2.36188875,0.4409551557415139,3.6515330487497386,Picard,0,0.0,0.0,,0,3.890325568152299e-15
picard,Picard,30,156,2.376664958,0.5793429118791988,4.797516848914889,Picard,0,0.0,0.0,,0,2.8773256493356826e-15
picard,Picard,30,157,2.391453542,0.43724940514420324,3.6208458675243618,Picard,0,0.0,0.0,,0,1.9442563831975345e-15
picard,Picard,30,158,2.406532417,0.45778103355828814,3.790867509685699,Picard,0,0.0,0.0,,0,3.2571483650832094e-15
picard,Picard,30,159,2.42174975,0.6634819257602229,5.494268856177671,Picard,0,0.0,0.0,,0,2.2094887125577255e-15
picard,Picard,30,160,2.436688708,0.4215348492561358,3.490714221653914,Picard,0,0.0,0.0,,0,4.741849670785826e-15
picard,Picard,30,161,2.451850208,0.28161292365265167,2.33202602188303,Picard,0,0.0,0.0,,0,3.0968591815543034e-15
picard,Picard,30,162,2.466883917,0.2948940508538111,2.442006536382584,Picard,0,0.0,0.0,,0,3.0605326075864122e-15
picard,Picard,30,163,2.481927917,0.5469068486638766,4.528915030204066,Picard,0,0.0,0.0,,0,4.527052818473449e-15
picard,Picard,30,164,2.496931333,0.4956470523734668,4.104434586355184,Picard,0,0.0,0.0,,0,2.4260461480428917e-15
picard,Picard,30,165,2.511956167,0.37695013192115695,3.1215098554093,Picard,0,0.0,0.0,,0,2.911183560432744e-15
picard,Picard,30,166,2.526995042,0.3926741487280254,3.251719846792265,Picard,0,0.0,0.0,,0,3.59946856368664e-15
picard,Picard,30,167,2.542205375,0.5184439257269741,4.2932146366043105,Picard,0,0.0,0.0,,0,2.2270364236871168e-15
picard,Picard,30,168,2.557249458,0.651438512625335,5.394537805277863,Picard,0,0.0,0.0,,0,2.796180112796751e-15
picard,Picard,30,169,2.572365292,0.62319139485641,5.160624486152008,Picard,0,0.0,0.0,,0,2.632942663513922e-15
picard,Picard,30,170,2.587616708,0.5007143369904234,4.146396579554069,Picard,0,0.0,0.0,,0,2.223968891792743e-15
picard,Picard,30,171,2.602812667,0.4915109641941422,4.0701837958094895,Picard,0,0.0,0.0,,0,1.886757316197701e-15
picard,Picard,30,172,2.617852375,0.4027949658738724,3.335529952666335,Picard,0,0.0,0.0,,0,4.66228745920526e-15
picard,Picard,30,173,2.632846875,0.3120548702532647,2.584114635958731,Picard,0,0.0,0.0,,0,3.8362218659931154e-15
picard,Picard,30,174,2.647985125,0.3323757980909755,2.752391474577116,Picard,0,0.0,0.0,,0,2.3032171640890243e-15
picard,Picard,30,175,2.663118458,0.6915305789790137,5.726538697833347,Picard,0,0.0,0.0,,0,2.697764684441729e-15
picard,Picard,30,176,2.678020417,0.5259804776813042,4.355624539689757,Picard,0,0.0,0.0,,0,2.730864447070867e-15
picard,Picard,30,177,2.693129583,0.37138245905652906,3.075404165964241,Picard,0,0.0,0.0,,0,3.732314659154091e-15
picard,Picard,30,178,2.708182583,0.415238833114075,3.4385771489406203,Picard,0,0.0,0.0,,0,3.865006938247394e-15
picard,Picard,30,179,2.723238458,0.5339743250200156,4.421821288642333,Picard,0,0.0,0.0,,0,3.376091858133152e-15
picard,Picard,30,180,2.73834925,0.6774794233966469,5.610181607290078,Picard,0,0.0,0.0,,0,3.3107366293677927e-15
picard,Picard,30,181,2.753179208,0.771859839109324,6.391742277671721,Picard,0,0.0,0.0,,0,3.3364474628456134e-15
picard,Picard,30,182,2.768178792,0.543134586280332,4.497677067380147,Picard,0,0.0,0.0,,0,2.5016318626095417e-15
picard,Picard,30,183,2.783212792,0.21416127711362523,1.7734614755276128,Picard,0,0.0,0.0,,0,2.621184224868835e-15
picard,Picard,30,184,2.798335208,0.19828871817928603,1.642021412377647,Picard,0,0.0,0.0,,0,3.0343684545916323e-15
picard,Picard,30,185,2.813357417,0.30049281217886087,2.4883696681983403,Picard,0,0.0,0.0,,0,3.124796237050533e-15
picard,Picard,30,186,2.828337917,0.2855658008212865,2.364759648944598,Picard,0,0.0,0.0,,0,2.4652157390116565e-15
picard,Picard,30,187,2.843455375,0.3531171994897548,2.924150238929616,Picard,0,0.0,0.0,,0,3.549059985933931e-15
picard,Picard,30,188,2.858538333,0.5050432217265566,4.182243911130535,Picard,0,0.0,0.0,,0,2.6714909998367616e-15
picard,Picard,30,189,2.873552958,0.6850756681467383,5.673085824170603,Picard,0,0.0,0.0,,0,2.7652661187984587e-15
picard,Picard,30,190,2.888445292,0.4767158993418774,3.94766642060023,Picard,0,0.0,0.0,,0,2.8251380354144963e-15
picard,Picard,30,191,2.903471875,0.3955867552684882,3.275839031933937,Picard,0,0.0,0.0,,0,3.2015157523989043e-15
picard,Picard,30,192,2.918575917,0.7105081538759043,5.883691281307711,Picard,0,0.0,0.0,,0,4.083062809210336e-15
picard,Picard,30,193,2.9339887080000002,0.5178018003726286,4.287897220712234,Picard,0,0.0,0.0,,0,2.8772308710513747e-15
picard,Picard,30,194,2.949004083,0.5632387178352078,4.664158624139799,Picard,0,0.0,0.0,,0,3.538313139609695e-15
picard,Picard,30,195,2.964547417,0.7097752827243411,5.877622402884216,Picard,0,0.0,0.0,,0,3.0114621128398514e-15
picard,Picard,30,196,2.979980333,0.5223943631884951,4.325928060543091,Picard,0,0.0,0.0,,0,2.6992662571616063e-15
picard,Picard,30,197,2.995215042,0.2974636311005569,2.463285133696246,Picard,0,0.0,0.0,,0,2.1631667087803187e-15
picard,Picard,30,198,3.010151417,0.18139145702152534,1.502095828681587,Picard,0,0.0,0.0,,0,1.8972878623637563e-15
picard,Picard,30,199,3.0254000420000002,0.30635316857626554,2.536899058962782,Picard,0,0.0,0.0,,0,4.421339291523924e-15
picard,Picard,30,200,3.040422083,0.4188471498418939,3.4684574839597917,Picard,0,0.0,0.0,,0,4.273380896246279e-15
picard,Picard,30,201,3.055496792,0.4264676481196442,3.531562543390047,Picard,0,0.0,0.0,,0,3.723771898636231e-15
picard,Picard,30,202,3.070531042,0.45955235679624723,3.805535770753084,Picard,0,0.0,0.0,,0,3.0315479394197404e-15
picard,Picard,30,203,3.085447,0.6411762984081677,5.30955679557786,Picard,0,0.0,0.0,,0,5.046636952390603e-15
picard,Picard,30,204,3.100537708,0.3790265643043216,3.1387047138249353,Picard,0,0.0,0.0,,0,2.5201321151849617e-15
picard,Picard,30,205,3.115629958,0.42425269991195336,3.513220640644741,Picard,0,0.0,0.0,,0,2.744404188001855e-15
picard,Picard,30,206,3.130684167,0.35400952041306966,2.9315395149118775,Picard,0,0.0,0.0,,0,2.964379188956215e-15
picard,Picard,30,207,3.145657042,0.3559290340833347,2.9474349353718403,Picard,0,0.0,0.0,,0,3.210870079450053e-15
picard,Picard,30,208,3.16080725,0.28840055368993583,2.3882341307601114,Picard,0,0.0,0.0,,0,5.101461181844572e-15
picard,Picard,30,209,3.175870125,0.2242916716737639,1.8573508916089732,Picard,0,0.0,0.0,,0,1.7053135178591513e-15
picard,Picard,30,210,3.190795458,0.3723634559943411,3.0835277646851114,Picard,0,0.0,0.0,,0,3.721015231663205e-15
picard,Picard,30,211,3.20588175,0.40381469380949453,3.3439742813223767,Picard,0,0.0,0.0,,0,2.1984034028317805e-15
picard,Picard,30,212,3.220942417,0.5277357470937216,4.370159859632039,Picard,0,0.0,0.0,,0,3.0180932793460847e-15
picard,Picard,30,213,3.235985167,0.5040143448930507,4.173723820795449,Picard,0,0.0,0.0,,0,2.6993449434868036e-15
picard,Picard,30,214,3.251006458,0.3639792498359507,3.014098469038458,Picard,0,0.0,0.0,,0,2.5632979699877526e-15
picard,Picard,30,215,3.265982833,0.4508811813683052,3.733730093385751,Picard,0,0.0,0.0,,0,2.6615117136927137e-15
picard,Picard,30,216,3.28096875,0.6029558825691241,4.993054970491962,Picard,0,0.0,0.0,,0,2.30967391916801e-15
picard,Picard,30,217,3.296054542,0.5946392723024534,4.9241854338805755,Picard,0,0.0,0.0,,0,2.7000498177363828e-15
picard,Picard,30,218,3.310994375,0.4403059646802756,3.646157122004811,Picard,0,0.0,0.0,,0,1.722344230964296e-15
picard,Picard,30,219,3.3261005,0.42329681819742715,3.505305020142655,Picard,0,0.0,0.0,,0,4.189254557043062e-15
picard,Picard,30,220,3.341243542,0.8024696031054799,6.645220581283877,Picard,0,0.0,0.0,,0,1.9481465036910815e-15
picard,Picard,30,221,3.356126625,0.4858502514180319,4.023307646359128,Picard,0,0.0,0.0,,0,2.569116799977107e-15
picard,Picard,30,222,3.371168042,0.38376678090469807,3.177958269088168,Picard,0,0.0,0.0,,0,3.564373051700188e-15
picard,Picard,30,223,3.386265,0.48660903458201893,4.0295911011822705,Picard,0,0.0,0.0,,0,3.581827585690325e-15
picard,Picard,30,224,3.401711167,0.6053289089216483,5.0127059124051465,Picard,0,0.0,0.0,,0,3.735732165474647e-15
picard,Picard,30,225,3.4170760419999997,0.7198194716717254,5.9607979535308235,Picard,0,0.0,0.0,,0,2.8216222335496314e-15
picard,Picard,30,226,3.4322525419999996,0.5834642596037288,4.831645574309207,Picard,0,0.0,0.0,,0,2.305143478109361e-15
picard,Picard,30,227,3.4464981669999997,0.3336936049991696,2.76330418398642,Picard,0,0.0,0.0,,0,3.624730623050362e-15
picard,Picard,30,228,3.4615677500000004,0.5579662747549718,4.620497721427916,Picard,0,0.0,0.0,,0,2.8190215090096304e-15
picard,Picard,30,229,3.4765955,0.63274992623824,5.239778324776641,Picard,0,0.0,0.0,,0,3.4765774932060737e-15
picard,Picard,30,230,3.4916871250000003,0.6142200986932322,5.08633352027164,Picard,0,0.0,0.0,,0,2.3345130925008023e-15
picard,Picard,30,231,3.5066764170000004,0.5552088311433143,4.597663434659912,Picard,0,0.0,0.0,,0,4.247334093726435e-15
picard,Picard,30,232,3.521713417,0.5106246071459047,4.2284631537251425,Picard,0,0.0,0.0,,0,1.847546882486476e-15
picard,Picard,30,233,3.5367629999999997,1.1318364829608778,9.372695317196897,Picard,0,0.0,0.0,,0,2.5439944035299034e-15
picard,Picard,30,234,3.5518050829999996,0.760640883423135,6.298838527875013,Picard,0,0.0,0.0,,0,3.2904628622342613e-15
picard,Picard,30,235,3.5668874170000002,0.3621712180995874,2.9991262262773617,Picard,0,0.0,0.0,,0,4.201688263945768e-15
picard,Picard,30,236,3.581808542,0.3829600806975234,3.1712780150338116,Picard,0,0.0,0.0,,0,3.5080202107726203e-15
picard,Picard,30,237,3.596931167,0.5601653046691424,4.638707805383686,Picard,0,0.0,0.0,,0,3.1237360092964576e-15
picard,Picard,30,238,3.611965583,0.659699863152206,5.462949738063742,Picard,0,0.0,0.0,,0,2.883951629262396e-15
picard,Picard,30,239,3.6267946670000004,0.652727679121295,5.405213344511377,Picard,0,0.0,0.0,,0,2.648122250459462e-15
picard,Picard,30,240,3.6417941249999997,0.7415946343745178,6.141117256334846,Picard,0,0.0,0.0,,0,2.1841022389379078e-15
picard,Picard,30,241,3.65666925,0.5455998248653053,4.518091615319712,Picard,0,0.0,0.0,,0,2.03564592584723e-15
picard,Picard,30,242,3.671768,0.6272243836113517,5.194021514244675,Picard,0,0.0,0.0,,0,3.946609052220299e-15
picard,Picard,30,243,3.6866973749999996,1.0631219490228805,8.803672847821083,Picard,0,0.0,0.0,,0,1.9325480197617153e-15
picard,Picard,30,244,3.701643292,0.6974195306226038,5.775304884755228,Picard,0,0.0,0.0,,0,2.7394290493149774e-15
picard,Picard,30,245,3.716585542,0.42724046972539304,3.537962250021063,Picard,0,0.0,0.0,,0,7.088746287722555e-15
picard,Picard,30,246,3.7316065829999996,0.5482081894765471,4.539691384496064,Picard,0,0.0,0.0,,0,1.939916564788426e-15
picard,Picard,30,247,3.746669333,0.4508757003796455,3.7336847055249454,Picard,0,0.0,0.0,,0,2.831593896190048e-15
picard,Picard,30,248,3.7615740000000004,0.5525738421421174,4.575843189912387,Picard,0,0.0,0.0,,0,2.6988879731359847e-15
picard,Picard,30,249,3.776482292,0.5606969554107561,4.643110385165593,Picard,0,0.0,0.0,,0,2.357789829088853e-15
picard,Picard,30,250,3.7915343330000004,0.28490880721529294,2.3593191096202113,Picard,0,0.0,0.0,,0,2.632629393687636e-15
picard,Picard,30,251,3.8065169169999997,0.5509429010542927,4.562337428146792,Picard,0,0.0,0.0,,0,2.259439414410136e-15
picard,Picard,30,252,3.8213815,0.501457280742457,4.152548868802962,Picard,0,0.0,0.0,,0,1.9291125625106747e-15
picard,Picard,30,253,3.8362179999999997,0.3913245461783058,3.2405438388721604,Picard,0,0.0,0.0,,0,3.365593507609213e-15
picard,Picard,30,254,3.8511289580000003,0.443367403893437,3.6715087849075805,Picard,0,0.0,0.0,,0,2.9540416429512875e-15
picard,Picard,30,255,3.8660654169999997,0.4806108017413004,3.9799199607799136,Picard,0,0.0,0.0,,0,2.537714041755738e-15
picard,Picard,30,256,3.8811916249999996,0.45543799804446194,3.7714649207790254,Picard,0,0.0,0.0,,0,2.2349731613823122e-15
picard,Picard,30,257,3.8961124170000003,0.42460289170010984,3.5161205656625216,Picard,0,0.0,0.0,,0,2.490802325393839e-15
picard,Picard,30,258,3.910959708,0.42770597436336677,3.5418170764082246,Picard,0,0.0,0.0,,0,2.3149084744855367e-15
picard,Picard,30,259,3.9260277080000003,0.43942983331252977,3.638901911122901,Picard,0,0.0,0.0,,0,2.6766530813990255e-15
picard,Picard,30,260,3.9410001670000003,0.4502609741854571,3.728594181046925,Picard,0,0.0,0.0,,0,2.2743699608005095e-15
picard,Picard,30,261,3.9559581670000004,0.31620666276934606,2.6184954735260546,Picard,0,0.0,0.0,,0,4.571037941854014e-15
picard,Picard,30,262,3.970917292,0.4137267210663621,3.4260554059838992,Picard,0,0.0,0.0,,0,2.6171205406265276e-15
picard,Picard,30,263,3.98576875,0.45352724526219385,3.7556420489028377,Picard,0,0.0,0.0,,0,2.4729544003282025e-15
picard,Picard,30,264,4.000714208,0.6115038641410212,5.063840484173954,Picard,0,0.0,0.0,,0,2.8622957642350183e-15
picard,Picard,30,265,4.015681958,0.7417015068188924,6.142002263024422,Picard,0,0.0,0.0,,0,6.718733539290575e-15
picard,Picard,30,266,4.030685875,0.5088845372415989,4.214053700337478,Picard,0,0.0,0.0,,0,5.109806490103726e-15
picard,Picard,30,267,4.045658417,0.3655710770820923,3.027280330553178,Picard,0,0.0,0.0,,0,2.871740950142344e-15
picard,Picard,30,268,4.060526917,0.39553933780963574,3.2754463697418004,Picard,0,0.0,0.0,,0,5.181701908703351e-15
picard,Picard,30,269,4.075355125,0.42400662002858686,3.511182862392133,Picard,0,0.0,0.0,,0,2.2451205787325316e-15
picard,Picard,30,270,4.090274917,0.77206836095486,6.393469039226602,Picard,0,0.0,0.0,,0,1.758737089754618e-15
picard,Picard,30,271,4.105100042,0.6771424658177149,5.607391274260797,Picard,0,0.0,0.0,,0,3.4788776264317375e-15
picard,Picard,30,272,4.12019875,0.3310619618591144,2.741511646189084,Picard,0,0.0,0.0,,0,3.2850531191634866e-15
picard,Picard,30,273,4.135225833,0.41887007018588834,3.4686472864657714,Picard,0,0.0,0.0,,0,3.750759184655876e-15
picard,Picard,30,274,4.150263917,0.40304743418163913,3.337620633220964,Picard,0,0.0,0.0,,0,2.5903323824664947e-15
picard,Picard,30,275,4.165290083,0.452522133431578,3.7473187556622554,Picard,0,0.0,0.0,,0,5.380508008451216e-15
picard,Picard,30,276,4.180162417,0.529892236472223,4.388017667013004,Picard,0,0.0,0.0,,0,2.3609938478051218e-15
picard,Picard,30,277,4.195064042,0.5574423635173394,4.616159232187192,Picard,0,0.0,0.0,,0,1.7467874228581505e-15
picard,Picard,30,278,4.2100305,0.3872890064664717,3.207125686401476,Picard,0,0.0,0.0,,0,2.558335245076051e-15
picard,Picard,30,279,4.224990708,0.6647649753185965,5.5048937412812515,Picard,0,0.0,0.0,,0,4.400177462930859e-15
picard,Picard,30,280,4.239949125,0.5873458110221759,4.863788555517911,Picard,0,0.0,0.0,,0,3.0094581920066564e-15
picard,Picard,30,281,4.254823292,0.6415623775599596,5.3127539025032355,Picard,0,0.0,0.0,,0,2.047634599874631e-15
picard,Picard,30,282,4.269778083,0.5846223412674109,4.841235604980183,Picard,0,0.0,0.0,,0,2.5753116327704978e-15
picard,Picard,30,283,4.284771208,0.42795460253960194,3.543875956978169,Picard,0,0.0,0.0,,0,2.39508107530992e-15
picard,Picard,30,284,4.299703583,0.37654451542741707,3.118150960490567,Picard,0,0.0,0.0,,0,2.6506988685816254e-15
picard,Picard,30,285,4.314638833,0.7520483366643771,6.227683971557898,Picard,0,0.0,0.0,,0,1.6290922113522942e-15
picard,Picard,30,286,4.329539958,0.4236443674433499,3.5081830623676535,Picard,0,0.0,0.0,,0,2.2433810758362434e-15
picard,Picard,30,287,4.344564958,0.4135915809580726,3.424936315833335,Picard,0,0.0,0.0,,0,3.2360327050223387e-15
picard,Picard,30,288,4.359765875,0.49520287376860267,4.100756360045569,Picard,0,0.0,0.0,,0,2.274286953022632e-15
picard,Picard,30,289,4.374685458,0.623563950389019,5.16370960449591,Picard,0,0.0,0.0,,0,3.593977720741862e-15
picard,Picard,30,290,4.390533458,0.6575694857463952,5.445308162945868,Picard,0,0.0,0.0,,0,2.78222413923077e-15
picard,Picard,30,291,4.4057445,0.6493090559621216,5.376903854794785,Picard,0,0.0,0.0,,0,2.8011716372138622e-15
picard,Picard,30,292,4.420875667,0.6354655228875139,5.262266078424113,Picard,0,0.0,0.0,,0,1.6614369083506753e-15
picard,Picard,30,293,4.436111125,0.7232747816702898,5.9894112455836535,Picard,0,0.0,0.0,,0,3.1216499710574343e-15
picard,Picard,30,294,4.451284292,0.7553371740210492,6.254918709928642,Picard,0,0.0,0.0,,0,5.678605666859994e-15
picard,Picard,30,295,4.466410417,0.3976397818595975,3.292840067866471,Picard,0,0.0,0.0,,0,3.073037494649676e-15
picard,Picard,30,296,4.481420542,0.3471468174530176,2.8747097299868263,Picard,0,0.0,0.0,,0,2.9987015412298248e-15
picard,Picard,30,297,4.496440292,0.4619912835944,3.825732431776267,Picard,0,0.0,0.0,,0,2.0485978928961563e-15
picard,Picard,30,298,4.511515458,0.404421559249945,3.348999711194543,Picard,0,0.0,0.0,,0,2.6856767999460637e-15
picard,Picard,30,299,4.5265812500000004,0.3843108481268504,3.182463669278103,Picard,0,0.0,0.0,,0,4.5902374006548886e-15
picard,Picard,30,300,4.541678833,0.4577569453991031,3.790668036546078,Picard,0,0.0,0.0,,0,3.203532901318871e-15
picard,Picard,30,301,4.556674333,0.6143080335514954,5.08706170552337,Picard,0,0.0,0.0,,0,3.0849916540095447e-15
picard,Picard,30,302,4.571775833,0.9214320591948079,7.630344202846115,Picard,0,0.0,0.0,,0,1.8069819262737324e-15
picard,Picard,30,303,4.586840292,0.7146766883339589,5.91821075826641,Picard,0,0.0,0.0,,0,3.35295203141961e-15
picard,Picard,30,304,4.602072792,0.31709085752586513,2.6258174570269195,Picard,0,0.0,0.0,,0,3.898229314305697e-15
picard,Picard,30,305,4.617177875,0.38960450384012496,3.2263002330058126,Picard,0,0.0,0.0,,0,2.2940530643327666e-15
picard,Picard,30,306,4.632060542,0.41884929762038065,3.4684752696326058,Picard,0,0.0,0.0,,0,2.239660534763341e-15
picard,Picard,30,307,4.647079208,0.585371240619001,4.8474372123248575,Picard,0,0.0,0.0,,0,3.2497250764828855e-15
picard,Picard,30,308,4.662013875,0.7152157737669096,5.9226749044474625,Picard,0,0.0,0.0,,0,3.9777092197008796e-15
picard,Picard,30,309,4.676923,0.3507047685957564,2.904172989491526,Picard,0,0.0,0.0,,0,2.283902090210639e-15
picard,Picard,30,310,4.691980708,0.370013285263408,3.064066089314119,Picard,0,0.0,0.0,,0,1.8771403355785067e-15
picard,Picard,30,311,4.706955125,0.45631025524452073,3.7786880498241286,Picard,0,0.0,0.0,,0,2.407937552192961e-15
picard,Picard,30,312,4.721835375,0.5891955858696593,4.879106471411134,Picard,0,0.0,0.0,,0,2.56448152608342e-15
picard,Picard,30,313,4.736741208,0.6803156279387577,5.633668110358889,Picard,0,0.0,0.0,,0,4.229300945705171e-15
picard,Picard,30,314,4.751839833,0.40071663242418404,3.3183193515903655,Picard,0,0.0,0.0,,0,3.658246512965192e-15
picard,Picard,30,315,4.766873583,0.26923101226534263,2.229491879694763,Picard,0,0.0,0.0,,0,3.1986907363755417e-15
picard,Picard,30,316,4.781853417,0.33191923672206425,2.7486107070644685,Picard,0,0.0,0.0,,0,3.0413749874011524e-15
picard,Picard,30,317,4.796778375,0.5223953252173029,4.325936027067441,Picard,0,0.0,0.0,,0,3.178286241974418e-15
picard,Picard,30,318,4.811762417,0.41448275278110946,3.4323160761594425,Picard,0,0.0,0.0,,0,3.031129141938678e-15
picard,Picard,30,319,4.826649083,0.501811004588702,4.15547804266084,Picard,0,0.0,0.0,,0,3.154833142101126e-15
picard,Picard,30,320,4.841714,0.35922747026916335,2.974749161285565,Picard,0,0.0,0.0,,0,2.5163710786649493e-15
picard,Picard,30,321,4.856643583,0.3330164327461306,2.7576965460453002,Picard,0,0.0,0.0,,0,3.4447933880919532e-15
picard,Picard,30,322,4.871734292,0.3205070664367211,2.654106954444059,Picard,0,0.0,0.0,,0,3.767206883873744e-15
picard,Picard,30,323,4.88674925,0.2978128660068996,2.46617713481174,Picard,0,0.0,0.0,,0,2.172269116551885e-15
picard,Picard,30,324,4.901684333,0.2908393725451984,2.4084298979122836,Picard,0,0.0,0.0,,0,3.881513355921602e-15
picard,Picard,30,325,4.916670042,0.2516419370723132,2.0838374100100023,Picard,0,0.0,0.0,,0,4.197297824679651e-15
picard,Picard,30,326,4.931653083,0.3637005443818935,3.011790519662868,Picard,0,0.0,0.0,,0,1.9092524521199493e-15
picard,Picard,30,327,4.946650167,0.4586673217133013,3.7982068285407053,Picard,0,0.0,0.0,,0,3.5363753894845592e-15
picard,Picard,30,328,4.961691,0.43614353063505706,3.6116881623352106,Picard,0,0.0,0.0,,0,2.1030735410408272e-15
picard,Picard,30,329,4.976550167,0.45533104726568113,3.7705792654051793,Picard,0,0.0,0.0,,0,2.8601750613604312e-15
picard,Picard,30,330,4.991522833,0.43536242793738666,3.605219880293662,Picard,0,0.0,0.0,,0,2.057579129302327e-15
picard,Picard,30,331,5.006601083,0.46598826358824,3.8588312726734895,Picard,0,0.0,0.0,,0,2.81667914722179e-15
picard,Picard,30,332,5.022732042,0.5397018107368146,4.469250382301446,Picard,0,0.0,0.0,,0,1.956005215145759e-15
picard,Picard,30,333,5.037741417,0.34367265694448057,2.8459403375703767,Picard,0,0.0,0.0,,0,2.7611997586928646e-15
picard,Picard,30,334,5.052801,0.2342144505374006,1.939521049921499,Picard,0,0.0,0.0,,0,3.6834453267568165e-15
picard,Picard,30,335,5.067703083,0.2078849675659586,1.721487592380813,Picard,0,0.0,0.0,,0,2.6039644630425874e-15
picard,Picard,30,336,5.082656042,0.37358989379452434,3.0936838499497776,Picard,0,0.0,0.0,,0,3.682146736423329e-15
picard,Picard,30,337,5.097627542,0.4662848304291174,3.8612871315210993,Picard,0,0.0,0.0,,0,2.2061690004642564e-15
picard,Picard,30,338,5.112548167,0.4286172640367326,3.5493634318957437,Picard,0,0.0,0.0,,0,2.7528238255693893e-15
picard,Picard,30,339,5.127523833,0.7323078421495092,6.064213679440579,Picard,0,0.0,0.0,,0,3.682170984372167e-15
picard,Picard,30,340,5.142555417,0.6776206433405875,5.611351044330846,Picard,0,0.0,0.0,,0,2.4909360604501668e-15
picard,Picard,30,341,5.157581167,0.37665157949312233,3.119037553989171,Picard,0,0.0,0.0,,0,2.362475332396904e-15
picard,Picard,30,342,5.172610542,0.4083622115648727,3.381632104702661,Picard,0,0.0,0.0,,0,4.563627036375287e-15
picard,Picard,30,343,5.187588375,0.41939731951954434,3.4730134183540327,Picard,0,0.0,0.0,,0,2.540827976214505e-15
picard,Picard,30,344,5.202604,0.5339268778749703,4.4214283806199495,Picard,0,0.0,0.0,,0,2.1720502716558165e-15
picard,Picard,30,345,5.217640833,0.5781131937100328,4.787333599038138,Picard,0,0.0,0.0,,0,4.049553366967568e-15
picard,Picard,30,346,5.232599625,0.4051764194592548,3.3552506801776487,Picard,0,0.0,0.0,,0,2.353912992765163e-15
picard,Picard,30,347,5.247589625,0.4002265109144072,3.314260673814292,Picard,0,0.0,0.0,,0,2.6619068173254603e-15
picard,Picard,30,348,5.262621625,0.6049528423489184,5.009591719270147,Picard,0,0.0,0.0,,0,2.9212510382809357e-15
picard,Picard,30,349,5.281372792,0.6203444287179658,5.137048866708986,Picard,0,0.0,0.0,,0,1.6844577759026618e-15
picard,Picard,30,350,5.296313,0.4996111689152201,4.137261286242538,Picard,0,0.0,0.0,,0,3.812774699406427e-15
picard,Picard,30,351,5.311265875,0.5128328476227045,4.246749510003394,Picard,0,0.0,0.0,,0,2.0501216318765817e-15
picard,Picard,30,352,5.326212667,0.9225958847484305,7.639981798453509,Picard,0,0.0,0.0,,0,2.4886931481256638e-15
picard,Picard,30,353,5.341126333,0.5031936155304364,4.166927391832903,Picard,0,0.0,0.0,,0,2.8838990857204027e-15
picard,Picard,30,354,5.3560835,0.3725794597165762,3.085316483379347,Picard,0,0.0,0.0,,0,4.881920916404517e-15
picard,Picard,30,355,5.37109275,0.29678338873271765,2.457652072250014,Picard,0,0.0,0.0,,0,3.196943758961777e-15
picard,Picard,30,356,5.386085917,0.6114341101828761,5.063262854271839,Picard,0,0.0,0.0,,0,2.4411316613343507e-15
picard,Picard,30,357,5.401189625,0.6664595066298178,5.518926091293489,Picard,0,0.0,0.0,,0,3.2598994317235977e-15
picard,Picard,30,358,5.4167135,0.35240330928462144,2.9182385410091336,Picard,0,0.0,0.0,,0,2.4766764827171897e-15
picard,Picard,30,359,5.432293792,0.4146309190536731,3.433543035486103,Picard,0,0.0,0.0,,0,2.391392299651351e-15
picard,Picard,30,360,5.446103875,0.5961434390410993,4.936641382031946,Picard,0,0.0,0.0,,0,3.009712679631681e-15
picard,Picard,30,361,5.461089583,0.6323758417944473,5.236680545576769,Picard,0,0.0,0.0,,0,2.8215092401457623e-15
picard,Picard,30,362,5.476029417,0.5657697136561185,4.685117705275298,Picard,0,0.0,0.0,,0,4.538164202072936e-15
picard,Picard,30,363,5.491139833,0.4648568776619477,3.8494623083991075,Picard,0,0.0,0.0,,0,3.0132095447019506e-15
picard,Picard,30,364,5.50617975,0.3982351026513748,3.297769896937473,Picard,0,0.0,0.0,,0,5.841415228720729e-15
picard,Picard,30,365,5.521254083,0.45479865593030655,3.766170552794213,Picard,0,0.0,0.0,,0,2.7156743704492447e-15
picard,Picard,30,366,5.53624425,0.469973212372293,3.8918304835752764,Picard,0,0.0,0.0,,0,2.3765450934010768e-15
picard,Picard,30,367,5.551397583,0.28843529660661704,2.3885218355455518,Picard,0,0.0,0.0,,0,1.9683873530389144e-15
picard,Picard,30,368,5.566472833,0.49389522207615605,4.089927745595665,Picard,0,0.0,0.0,,0,2.982862984313258e-15
picard,Picard,30,369,5.581525542,0.5227989842485286,4.329278712312765,Picard,0,0.0,0.0,,0,3.034272825210405e-15
picard,Picard,30,370,5.596868583,0.5244268631726263,4.3427591164157855,Picard,0,0.0,0.0,,0,3.181266202861877e-15
picard,Picard,30,371,5.611955125,0.6769795356255821,5.606042055471844,Picard,0,0.0,0.0,,0,3.57422919863785e-15
picard,Picard,30,372,5.626950167,0.5870674773040162,4.861483684473298,Picard,0,0.0,0.0,,0,3.845154985646007e-15
picard,Picard,30,373,5.641885083,0.5117422796913763,4.237718558009069,Picard,0,0.0,0.0,,0,3.7713278785283446e-15
picard,Picard,30,374,5.656900875,0.7432389769735048,6.154733995509992,Picard,0,0.0,0.0,,0,2.61590335851937e-15
picard,Picard,30,375,5.671978542,0.6854503715134709,5.676188728648047,Picard,0,0.0,0.0,,0,2.3407038207823887e-15
picard,Picard,30,376,5.686957875,0.49129132009923177,4.06836493132614,Picard,0,0.0,0.0,,0,2.8270918525853216e-15
picard,Picard,30,377,5.702016458,0.41370459644593094,3.425872192834799,Picard,0,0.0,0.0,,0,2.80993965442678e-15
picard,Picard,30,378,5.717056375,0.7585594427981074,6.281602196397002,Picard,0,0.0,0.0,,0,1.2090310567924226e-15
picard,Picard,30,379,5.73202175,0.37384378251407946,3.095786292880967,Picard,0,0.0,0.0,,0,3.5102763864939655e-15
picard,Picard,30,380,5.746872583,0.34678311440617327,2.871697918744366,Picard,0,0.0,0.0,,0,5.103688108961689e-15
picard,Picard,30,381,5.761886208,0.5011161967986033,4.149724365501067,Picard,0,0.0,0.0,,0,3.43332096195143e-15
picard,Picard,30,382,5.776981083,0.5494148533347836,4.549683722491688,Picard,0,0.0,0.0,,0,4.8625989615795235e-15
picard,Picard,30,383,5.792037333,0.6762046985427933,5.599625658751316,Picard,0,0.0,0.0,,0,1.988108981723105e-15
picard,Picard,30,384,5.806930417,0.6560951168911451,5.433098969945415,Picard,0,0.0,0.0,,0,3.893990224187374e-15
picard,Picard,30,385,5.8220115,0.41547646623817636,3.4405449798976586,Picard,0,0.0,0.0,,0,2.1098902711208416e-15
picard,Picard,30,386,5.836991208,0.3875815765475356,3.2095484482314944,Picard,0,0.0,0.0,,0,3.475833023293843e-15
picard,Picard,30,387,5.852086875,0.4327506959102667,3.583592225673161,Picard,0,0.0,0.0,,0,3.740906915247908e-15
picard,Picard,30,388,5.867093167,0.4730529892523237,3.917334000007228,Picard,0,0.0,0.0,,0,2.409530868989316e-15
picard,Picard,30,389,5.882026083,0.4361790795026223,3.6119825411695885,Picard,0,0.0,0.0,,0,2.134912291477538e-15
picard,Picard,30,390,5.897018917,0.40794381495627624,3.378167378133798,Picard,0,0.0,0.0,,0,3.1470284450126435e-15
picard,Picard,30,391,5.911965167,0.48297690234410723,3.9995135508203496,Picard,0,0.0,0.0,,0,3.5052517213585684e-15
picard,Picard,30,392,5.927051125,0.40755711565729175,3.37496513579286,Picard,0,0.0,0.0,,0,3.9587764701249026e-15
picard,Picard,30,393,5.942106958,0.6896786134860701,5.711202641287516,Picard,0,0.0,0.0,,0,3.007388310103305e-15
picard,Picard,30,394,5.957181458,0.512616082983782,4.244954490186708,Picard,0,0.0,0.0,,0,3.080166863135413e-15
picard,Picard,30,395,5.972225458,0.31946954448301446,2.645515274193961,Picard,0,0.0,0.0,,0,2.950373934743797e-15
picard,Picard,30,396,5.987237208,0.3167525449606716,2.6230159034074045,Picard,0,0.0,0.0,,0,4.060694560861491e-15
picard,Picard,30,397,6.002329542,0.5162134218126122,4.2747439176375215,Picard,0,0.0,0.0,,0,2.778041888394653e-15
picard,Picard,30,398,6.017348042,0.530886258646107,4.396249127223563,Picard,0,0.0,0.0,,0,2.4278295000926473e-15
picard,Picard,30,399,6.032544958,0.48776590731266517,4.039171120724276,Picard,0,0.0,0.0,,0,3.6163469435118765e-15
picard,Picard,30,400,6.047593167,0.5039621977851371,4.173291992557443,Picard,0,0.0,0.0,,0,2.360695066610824e-15
picard,Picard,30,401,6.06258075,0.5257494148947,4.353711117450248,Picard,0,0.0,0.0,,0,4.6370779068988974e-15
picard,Picard,30,402,6.077650292,0.6388373496942716,5.290188049307596,Picard,0,0.0,0.0,,0,3.885529772219362e-15
picard,Picard,30,403,6.092595583,0.9678795910526701,8.014974466045173,Picard,0,0.0,0.0,,0,2.617741407397656e-15
picard,Picard,30,404,6.107582708,0.7249594651922815,6.003362046423916,Picard,0,0.0,0.0,,0,6.14709925129445e-15
picard,Picard,30,405,6.122691458,0.46267341830404507,3.8313811636337722,Picard,0,0.0,0.0,,0,3.359423671859777e-15
picard,Picard,30,406,6.137730667,0.3077221429348943,2.5482354841033787,Picard,0,0.0,0.0,,0,2.1435864877663013e-15
picard,Picard,30,407,6.152664,0.26778262849824425,2.2174978682313102,Picard,0,0.0,0.0,,0,3.957078967969563e-15
picard,Picard,30,408,6.167602,0.31676251542587514,2.623098468454503,Picard,0,0.0,0.0,,0,2.4019139458778082e-15
picard,Picard,30,409,6.182586625,0.373038349459503,3.089116532069585,Picard,0,0.0,0.0,,0,2.837033110439428e-15
picard,Picard,30,410,6.197594458,0.45625556836916964,3.7782351898675612,Picard,0,0.0,0.0,,0,3.05271629115858e-15
picard,Picard,30,411,6.212787417,0.3334631099707851,2.761395463331361,Picard,0,0.0,0.0,,0,3.7940757182085445e-15
picard,Picard,30,412,6.227749708,0.46985970135642063,3.8908905031249783,Picard,0,0.0,0.0,,0,2.172416920986721e-15
picard,Picard,30,413,6.242741625,0.4294401033970818,3.556177333670119,Picard,0,0.0,0.0,,0,2.9368692443787583e-15
picard,Picard,30,414,6.257805083,0.5153723983853765,4.267779434289641,Picard,0,0.0,0.0,,0,2.396805465476275e-15
picard,Picard,30,415,6.272692375,0.4977694409711998,4.122010006454036,Picard,0,0.0,0.0,,0,2.189030859946932e-15
picard,Picard,30,416,6.28777725,0.3412689762108782,2.8260355478812023,Picard,0,0.0,0.0,,0,2.3291169896661434e-15
picard,Picard,30,417,6.302731833,0.3797053150785789,3.1443254234408538,Picard,0,0.0,0.0,,0,2.2832069808523157e-15
picard,Picard,30,418,6.317848708,0.44418861783721686,3.6783092266685204,Picard,0,0.0,0.0,,0,2.6891219683890023e-15
picard,Picard,30,419,6.33282025,0.5361235457586491,4.439618904690117,Picard,0,0.0,0.0,,0,3.046352732499792e-15
picard,Picard,30,420,6.347803333,0.8947483884526004,7.4093777297060575,Picard,0,0.0,0.0,,0,1.8010893010684592e-15
picard,Picard,30,421,6.362846583,0.8516293849810728,7.052310884800552,Picard,0,0.0,0.0,,0,3.6950014195218454e-15
picard,Picard,30,422,6.377785042,0.666404030153998,5.518466692685157,Picard,0,0.0,0.0,,0,2.452554095270197e-15
picard,Picard,30,423,6.392783792,0.4020552571698361,3.329404452728151,Picard,0,0.0,0.0,,0,2.3410293171383694e-15
picard,Picard,30,424,6.40813925,0.5630423835807525,4.662532787567961,Picard,0,0.0,0.0,,0,3.034277277816798e-15
picard,Picard,30,425,6.42347175,0.7744023693323464,6.412796874756994,Picard,0,0.0,0.0,,0,2.6298664654270496e-15
picard,Picard,30,426,6.439347167,0.6345666574871733,5.254822607873912,Picard,0,0.0,0.0,,0,2.497245491103787e-15
picard,Picard,30,427,6.454526583,0.619786489022335,5.132428589088286,Picard,0,0.0,0.0,,0,3.1115625698591626e-15
picard,Picard,30,428,6.469309,0.505921137486146,4.189513898494144,Picard,0,0.0,0.0,,0,3.577911702385541e-15
picard,Picard,30,429,6.48430475,0.6035976879844173,4.998369736980787,Picard,0,0.0,0.0,,0,3.085318383987972e-15
picard,Picard,30,430,6.499053,1.051639686552287,8.70858866445263,Picard,0,0.0,0.0,,0,2.5055355818105877e-15
picard,Picard,30,431,6.51388425,0.8123736534775368,6.727235649662503,Picard,0,0.0,0.0,,0,2.491439677410528e-15
picard,Picard,30,432,6.529161833,0.3990437301311899,3.304466110664029,Picard,0,0.0,0.0,,0,3.276653810506991e-15
picard,Picard,30,433,6.544109083,0.4775427241261801,3.9545133255203675,Picard,0,0.0,0.0,,0,3.187679489398503e-15
picard,Picard,30,434,6.558922208,0.46965588626700444,3.8892027180403805,Picard,0,0.0,0.0,,0,2.1396885332437185e-15
picard,Picard,30,435,6.573747917,0.5251546836802863,4.348786170647205,Picard,0,0.0,0.0,,0,3.7694582870944334e-15
picard,Picard,30,436,6.58862675,0.3988293025494871,3.3026904439302216,Picard,0,0.0,0.0,,0,3.700678369801793e-15
picard,Picard,30,437,6.603529042,0.352776617266361,2.9213298903559664,Picard,0,0.0,0.0,,0,3.442476757407134e-15
picard,Picard,30,438,6.618296625,0.4329523003793509,3.5852617046939894,Picard,0,0.0,0.0,,0,1.941048390802717e-15
picard,Picard,30,439,6.633140375,0.4200157933553601,3.4781349769113206,Picard,0,0.0,0.0,,0,2.5581682622596434e-15
picard,Picard,30,440,6.647930708,0.5424095297766989,4.491672901762048,Picard,0,0.0,0.0,,0,1.7694157743759422e-15
picard,Picard,30,441,6.6626295,0.4272884041377256,3.5383591930855123,Picard,0,0.0,0.0,,0,3.808046497078759e-15
picard,Picard,30,442,6.677390208,0.2562091362259562,2.1216582143085816,Picard,0,0.0,0.0,,0,2.208160427306304e-15
picard,Picard,30,443,6.692243667,0.39719277355876903,3.2891384089510747,Picard,0,0.0,0.0,,0,2.9641092139043658e-15
picard,Picard,30,444,6.707045875,0.4205290134993237,3.4823849336077464,Picard,0,0.0,0.0,,0,3.1204318457048446e-15
picard,Picard,30,445,6.721767875,0.5128820457491824,4.247156917837119,Picard,0,0.0,0.0,,0,3.306173649601102e-15
picard,Picard,30,446,6.736500417,0.6369133328817771,5.274255338496313,Picard,0,0.0,0.0,,0,5.848538840629145e-15
picard,Picard,30,447,6.751381958,0.26733694414738496,2.2138071728957796,Picard,0,0.0,0.0,,0,2.967142939210802e-15
picard,Picard,30,448,6.766293292,0.35540808715890604,2.943120993497191,Picard,0,0.0,0.0,,0,2.498741035467213e-15
picard,Picard,30,449,6.7811073330000005,0.42901494994349815,3.55265665392222,Picard,0,0.0,0.0,,0,2.5822827888557676e-15
picard,Picard,30,450,6.795928708,0.41693631136085185,3.452633902415282,Picard,0,0.0,0.0,,0,3.4067599632953447e-15
picard,Picard,30,451,6.810743667,0.5574281181407669,4.616041266759939,Picard,0,0.0,0.0,,0,4.75638423252607e-15
picard,Picard,30,452,6.825646375,0.34664630780831396,2.870565028456395,Picard,0,0.0,0.0,,0,3.5030640983978363e-15
picard,Picard,30,453,6.840578417,0.3981806354148194,3.2973188558015063,Picard,0,0.0,0.0,,0,3.2612853035809168e-15
picard,Picard,30,454,6.8553865,0.44850251999890695,3.7140324881099134,Picard,0,0.0,0.0,,0,4.494899018037899e-15
picard,Picard,30,455,6.870281542,0.47821271262438775,3.9600614750580987,Picard,0,0.0,0.0,,0,2.065096994988092e-15
picard,Picard,30,456,6.8850468750000005,0.7041867400939619,5.8313438916944325,Picard,0,0.0,0.0,,0,2.4061587769962222e-15
picard,Picard,30,457,6.899894167,0.47623115339853855,3.9436522576875124,Picard,0,0.0,0.0,,0,2.9290279621277683e-15
picard,Picard,30,458,6.914727708,0.436074873564712,3.611119615719685,Picard,0,0.0,0.0,,0,3.728637273911027e-15
picard,Picard,30,459,6.929492,0.45717385505488506,3.7858394873510046,Picard,0,0.0,0.0,,0,5.605878472523237e-15
picard,Picard,30,460,6.944218375,0.6895218639243513,5.709904604066405,Picard,0,0.0,0.0,,0,2.3199700577220502e-15
picard,Picard,30,461,6.959062333,0.8221668019173934,6.8083323433145235,Picard,0,0.0,0.0,,0,3.176751175547858e-15
picard,Picard,30,462,6.973819125,0.9374490076796305,7.762979950429337,Picard,0,0.0,0.0,,0,2.0310715847546822e-15
picard,Picard,30,463,6.988617583,0.6207969768284878,5.140796400579957,Picard,0,0.0,0.0,,0,2.2977418333613468e-15
picard,Picard,30,464,7.003475333,0.43648970630650674,3.614554830041694,Picard,0,0.0,0.0,,0,2.5760142341546e-15
picard,Picard,30,465,7.018177917,0.510482663319155,4.227287722238076,Picard,0,0.0,0.0,,0,2.7606025882478526e-15
picard,Picard,30,466,7.032987958,0.6461277681987421,5.350559730558321,Picard,0,0.0,0.0,,0,3.5838806086073845e-15
picard,Picard,30,467,7.047769792,1.1824440251225825,9.791774469154442,Picard,0,0.0,0.0,,0,3.6288900477289875e-15
picard,Picard,30,468,7.062534208,0.9986056158474933,8.26941552095546,Picard,0,0.0,0.0,,0,4.415496023180707e-15
picard,Picard,30,469,7.0772682080000004,0.40351457487883546,3.341489007752972,Picard,0,0.0,0.0,,0,2.9697266429150375e-15
picard,Picard,30,470,7.0921015,0.3170378108057501,2.6253781791341324,Picard,0,0.0,0.0,,0,2.2176124209489568e-15
picard,Picard,30,471,7.106910875,0.7340043152256229,6.07826210913481,Picard,0,0.0,0.0,,0,2.549712827138027e-15
picard,Picard,30,472,7.121592083,0.6072429075511545,5.0285556630201524,Picard,0,0.0,0.0,,0,4.4061166728389405e-15
picard,Picard,30,473,7.13638025,0.4460203231167977,3.693477509150015,Picard,0,0.0,0.0,,0,4.9479574170795885e-15
picard,Picard,30,474,7.151148583,0.4972443498549677,4.1176617466830345,Picard,0,0.0,0.0,,0,3.146318093857919e-15
picard,Picard,30,475,7.166358833,0.604110292834564,5.002614598452272,Picard,0,0.0,0.0,,0,2.583825409852893e-15
picard,Picard,30,476,7.181463292,0.5414401504616485,4.4836455081380215,Picard,0,0.0,0.0,,0,3.1997498366863452e-15
picard,Picard,30,477,7.196776667,0.43043078157329207,3.5643811023617986,Picard,0,0.0,0.0,,0,3.2290412507467494e-15
picard,Picard,30,478,7.212318417,0.4177707627193072,3.4595439627089415,Picard,0,0.0,0.0,,0,1.8165933669483022e-15
picard,Picard,30,479,7.227755792,0.3664533315251432,3.034586246391239,Picard,0,0.0,0.0,,0,2.9641126767972633e-15
picard,Picard,30,480,7.243188667,0.3992470519317705,3.3061498108423453,Picard,0,0.0,0.0,,0,2.479864295069758e-15
picard,Picard,30,481,7.258632833,0.45610533760012445,3.7769911345232368,Picard,0,0.0,0.0,,0,2.496207468179198e-15
picard,Picard,30,482,7.273874333,0.37205985807525666,3.0810136817434928,Picard,0,0.0,0.0,,0,4.082232962218198e-15
picard,Picard,30,483,7.289204542,0.3509433473361942,2.906148651061857,Picard,0,0.0,0.0,,0,2.9781092842833367e-15
picard,Picard,30,484,7.304476083,0.41151154898107456,3.407711649316641,Picard,0,0.0,0.0,,0,1.8706781351522713e-15
picard,Picard,30,485,7.31973925,0.5444231886362182,4.508347934990943,Picard,0,0.0,0.0,,0,3.8802104354480934e-15
picard,Picard,30,486,7.334880333,0.43167072769716175,3.574649049546508,Picard,0,0.0,0.0,,0,2.1857609300179707e-15
picard,Picard,30,487,7.350128208,0.41869721599488513,3.467215887415676,Picard,0,0.0,0.0,,0,3.5321726280373652e-15
picard,Picard,30,488,7.36531075,0.4528934299027326,3.7503934477656404,Picard,0,0.0,0.0,,0,1.9133693007042586e-15
picard,Picard,30,489,7.380523833,0.4518713885903653,3.741929962123838,Picard,0,0.0,0.0,,0,3.203830412517859e-15
picard,Picard,30,490,7.3958924580000005,0.5254031518370631,4.350843726102038,Picard,0,0.0,0.0,,0,3.9168596453799655e-15
picard,Picard,30,491,7.411542541999999,0.3868104823852454,3.2031630464947445,Picard,0,0.0,0.0,,0,2.824393540943559e-15
picard,Picard,30,492,7.427069958000001,0.3037879675998596,2.515656726221984,Picard,0,0.0,0.0,,0,2.9521749099663858e-15
picard,Picard,30,493,7.442983916999999,0.37829702971070955,3.1326634653122585,Picard,0,0.0,0.0,,0,2.438287619591307e-15
picard,Picard,30,494,7.458340375000001,0.4136767370692623,3.425641490385131,Picard,0,0.0,0.0,,0,4.237172827973043e-15
picard,Picard,30,495,7.473618708,0.3457836007631169,2.863420983884269,Picard,0,0.0,0.0,,0,3.198034906676711e-15
picard,Picard,30,496,7.488883082999999,0.4471453057192848,3.7027934477409636,Picard,0,0.0,0.0,,0,3.4738256656799996e-15
picard,Picard,30,497,7.504180207999999,0.430149863417891,3.5620548296896586,Picard,0,0.0,0.0,,0,4.414241012906845e-15
picard,Picard,30,498,7.519492583,0.5040940652717467,4.174383982251046,Picard,0,0.0,0.0,,0,1.5568385182748846e-15
picard,Picard,30,499,7.534859624999999,0.4718435353922061,3.9073185581110312,Picard,0,0.0,0.0,,0,4.099692400196571e-15
picard,Picard,30,500,7.550040083000001,0.46112439577071634,3.8185537663348423,Picard,0,0.0,0.0,,0,5.678477985704607e-15
aa_pure,AA_pure,30,0,0.016356542000000474,1.0,8.280962363642827,initial,0,0.0,0.0,,0,9.373730790566751e-16
aa_pure,AA_pure,30,1,0.031738792000000515,1.044652141398399,8.650725066019026,AA,1,100.0,0.0,,1,1.0575641643805286e-15
aa_pure,AA_pure,30,2,0.04826570900000071,0.9263279514449313,7.670886902305836,AA,2,100.0,0.0,,2,8.425167752758136e-16
aa_pure,AA_pure,30,3,0.06372441700000131,0.7386176647030434,6.116465082527658,AA,3,100.0,0.0,,3,7.3005946197773e-16
aa_pure,AA_pure,30,4,0.07969712500000092,0.5729432878577827,4.744521803252077,AA,4,100.0,0.0,,4,2.948778827887162e-15
aa_pure,AA_pure,30,5,0.09602479199999969,0.35804726171540785,2.9649758986706654,AA,5,100.0,0.0,,5,1.8979459100009576e-15
aa_pure,AA_pure,30,6,0.11235837500000123,0.4525300694223846,3.7473844733034425,AA,6,100.0,0.0,,6,5.347607011231634e-15
aa_pure,AA_pure,30,7,0.127722541999999,0.37552252681340464,3.109687911241858,AA,7,100.0,0.0,,7,5.034452111185199e-15
aa_pure,AA_pure,30,8,0.14416700000000127,0.35685640173136207,2.9551144319624143,AA,8,100.0,0.0,,8,4.782221367671622e-15
aa_pure,AA_pure,30,9,0.16042491700000205,0.21040334054755444,1.742342144259023,AA,9,100.0,0.0,,9,5.0981593995115635e-15
aa_pure,AA_pure,30,10,0.17722999999999978,0.16073075646673146,1.331005344980844,AA,10,100.0,0.0,,10,4.782524018407411e-15
aa_pure,AA_pure,30,11,0.19420412500000062,0.10161359649335952,0.8414583681958989,AA,11,100.0,0.0,,11,3.2302607389801472e-15
aa_pure,AA_pure,30,12,0.21104516699999998,0.07726878334025536,0.6398598867251265,AA,12,100.0,0.0,,12,2.794233603748361e-15
aa_pure,AA_pure,30,13,0.22819404200000015,0.09092422054482037,0.7529400482752173,AA,13,100.0,0.0,,13,3.237173133452761e-15
aa_pure,AA_pure,30,14,0.2445599170000019,0.09546155481671396,0.790513542612035,AA,14,100.0,0.0,,14,3.053862569582947e-15
aa_pure,AA_pure,30,15,0.2622800839999986,0.05032687140697189,0.41675492800102654,AA,15,100.0,0.0,,15,7.532971741153758e-15
aa_pure,AA_pure,30,16,0.2800789169999991,0.03635773061929383,0.3010769988858366,AA,16,100.0,0.0,,16,3.1052278091053376e-15
aa_pure,AA_pure,30,17,0.29806016700000093,0.023745192553394932,0.19663304585211536,AA,17,100.0,0.0,,17,3.151976215864392e-15
aa_pure,AA_pure,30,18,0.3160249590000017,0.01387582978080858,0.11490522417919015,AA,18,100.0,0.0,,18,4.641618291873982e-15
aa_pure,AA_pure,30,19,0.3342382920000002,0.008332616853424492,0.06900208655386414,AA,19,100.0,0.0,,19,3.9132151246198915e-15
aa_pure,AA_pure,30,20,0.3523383750000004,0.006459535665492502,0.053491171732551926,AA,20,100.0,0.0,,20,3.3039106950240444e-15
aa_pure,AA_pure,30,21,0.3696697500000017,0.003384942267419417,0.028030579519604006,AA,21,100.0,0.0,,21,3.3321692237035122e-15
aa_pure,AA_pure,30,22,0.3882431250000007,0.0022405457013575545,0.01855387462696363,AA,22,100.0,0.0,,22,3.4561743833055756e-15
aa_pure,AA_pure,30,23,0.40729333400000023,0.000891029068144545,0.007378578178216717,AA,23,100.0,0.0,,23,5.347862527736762e-15
aa_pure,AA_pure,30,24,0.4255471249999996,0.0005273659444265695,0.004367097537663377,AA,24,100.0,0.0,,24,2.872875112103787e-15
aa_pure,AA_pure,30,25,0.4451672089999992,0.00022814600467188797,0.0018892684781033847,AA,25,100.0,0.0,,25,3.346444711973712e-15
aa_pure,AA_pure,30,26,0.4660687499999998,0.0001633949344075168,0.0013530673022385349,AA,26,100.0,0.0,,26,4.219682976705956e-15
aa_pure,AA_pure,30,27,0.4862245420000004,0.0001334337424399245,0.0011049597991850254,AA,27,100.0,0.0,,27,2.4659908001323294e-15
aa_pure,AA_pure,30,28,0.5067967920000012,7.316830525975388e-05,0.0006059039820675513,AA,28,100.0,0.0,,28,3.2440996021454233e-15
aa_pure,AA_pure,30,29,0.5273447089999994,2.7667453455598338e-05,0.00022911314076364952,AA,29,100.0,0.0,,29,3.051869369659812e-15
aa_pure,AA_pure,30,30,0.5498282499999991,1.3216453902839436e-05,0.00010944495735023372,AA,30,100.0,0.0,,30,2.1130935196692483e-15
aa_pure,AA_pure,30,31,0.5708829170000005,5.62488035111791e-06,4.657942248760146e-05,AA,31,100.0,0.0,,30,2.7729741908391565e-15
aa_pure,AA_pure,30,32,0.5927911669999997,2.595885012490703e-06,2.149642608878e-05,AA,32,100.0,0.0,,30,2.3675459330325217e-15
aa_pure,AA_pure,30,33,0.6136957089999999,1.5411949548262547e-06,1.2762577415952421e-05,AA,33,100.0,0.0,,30,4.0940540569035715e-15
aa_pure,AA_pure,30,34,0.6354544999999998,6.293576418378538e-07,5.211686945330269e-06,AA,34,100.0,0.0,,30,2.0707161282774553e-15
aa_pure,AA_pure,30,35,0.6567332500000003,2.478926378641408e-07,2.0527896043770906e-06,AA,35,100.0,0.0,,30,3.075346497054344e-15
aa_pure,AA_pure,30,36,0.6777970419999999,8.381057005484883e-08,6.940321762996538e-07,AA,36,100.0,0.0,,30,1.9278956155680327e-15
aa_pure,AA_pure,30,37,0.6981779590000006,2.5096901357008358e-08,2.078264955814428e-07,AA,37,100.0,0.0,,30,3.1516520957893294e-15
aa_pure,AA_pure,30,38,0.7197934999999998,4.420108437807933e-09,3.6602751616707586e-08,AA,38,100.0,0.0,,30,2.443714549385439e-15
aa_pure,AA_pure,30,39,0.7409586669999992,2.4447075398446163e-09,2.0244531127567112e-08,AA,39,100.0,0.0,,30,2.097656965046045e-15
aa_pure,AA_pure,30,40,0.7626400839999992,4.838879523625107e-10,4.007057921734144e-09,AA,40,100.0,0.0,,30,2.071859081992928e-15
aa_pure,AA_pure,30,41,0.7840896670000017,1.5989073636185141e-10,1.3240491701076292e-09,AA,41,100.0,0.0,,30,2.719064029857413e-15
aa_pure,AA_pure,30,42,0.8051018750000001,8.508122128125363e-11,7.045543912828284e-10,AA,42,100.0,0.0,,30,2.5446622038427764e-15
global_eta0,GlobalAndersonSolver,30,0,0.01695508299999915,1.0,8.280962363642827,initial,0,0.0,0.0,,0,9.373730790566751e-16
global_eta0,GlobalAndersonSolver,30,1,0.0485932499999997,1.425864706625017,11.807531971208386,KM,0,0.0,0.0,,0,7.410360446401491e-16
global_eta0,GlobalAndersonSolver,30,2,0.08009987499999838,0.5694563862262898,4.715646902075959,KM,0,0.0,0.0,,0,1.646237965448868e-15
global_eta0,GlobalAndersonSolver,30,3,0.09578904199999982,0.2865909478585493,2.3732488529773708,AA,1,33.333333333333336,0.0,,0,2.8447316627853654e-15
global_eta0,GlobalAndersonSolver,30,4,0.11162224999999992,0.30390726353131975,2.516644611340541,AA,2,50.0,0.0,,1,3.6934724570747555e-15
global_eta0,GlobalAndersonSolver,30,5,0.127851291999999,0.17611290446264982,1.458384333607028,AA,3,60.0,0.0,,2,1.6490100284883579e-15
global_eta0,GlobalAndersonSolver,30,6,0.14287679199999914,0.16359929818749638,1.3547596310090377,AA,4,66.66666666666667,0.0,,3,2.317194268250347e-15
global_eta0,GlobalAndersonSolver,30,7,0.15920670799999925,0.11938973358299099,0.9886618904060924,AA,5,71.42857142857143,0.0,,4,2.4303534769829556e-15
global_eta0,GlobalAndersonSolver,30,8,0.17569558299999954,0.10902344741109941,0.9028190647659072,AA,6,75.0,0.0,,5,4.184775225136571e-15
global_eta0,GlobalAndersonSolver,30,9,0.19097124999999693,0.11156957448103644,0.9239034472051079,AA,7,77.77777777777777,0.0,,6,3.223335778916513e-15
global_eta0,GlobalAndersonSolver,30,10,0.20754200000000012,0.08749332261918068,0.7245289116794948,AA,8,80.0,0.0,,7,3.566355728561404e-15
global_eta0,GlobalAndersonSolver,30,11,0.22361970799999753,0.055859189769842686,0.4625678481476497,AA,9,81.81818181818181,0.0,,8,6.322920950513943e-15
global_eta0,GlobalAndersonSolver,30,12,0.24028283299999842,0.022780535135817747,0.1886447540833498,AA,10,83.33333333333333,0.0,,9,4.594419189167917e-15
global_eta0,GlobalAndersonSolver,30,13,0.25770891699999865,0.014251751518431695,0.11801821794012238,AA,11,84.61538461538461,0.0,,10,3.552058653431819e-15
global_eta0,GlobalAndersonSolver,30,14,0.27486837499999695,0.0066249332731963114,0.05486082309698374,AA,12,85.71428571428571,0.0,,11,3.923916404419956e-15
global_eta0,GlobalAndersonSolver,30,15,0.2938907079999993,0.006573900729616545,0.054438224524278725,AA,13,86.66666666666667,0.0,,12,2.1871477784814712e-15
global_eta0,GlobalAndersonSolver,30,16,0.31048766699999675,0.006137127487313863,0.05082132174332397,AA,14,87.5,0.0,,13,2.38209321779797e-15
global_eta0,GlobalAndersonSolver,30,17,0.32891741699999955,0.003267858727579577,0.027061015132788215,AA,15,88.23529411764706,0.0,,14,3.459531402350498e-15
global_eta0,GlobalAndersonSolver,30,18,0.3473922499999986,0.0012485626779938507,0.010339300545116175,AA,16,88.88888888888889,0.0,,15,3.393453663362691e-15
global_eta0,GlobalAndersonSolver,30,19,0.3658144169999993,0.000525065117022376,0.004348044472524012,AA,17,89.47368421052632,0.0,,16,2.827275928445302e-15
global_eta0,GlobalAndersonSolver,30,20,0.3820074999999967,0.0002261035948857396,0.0018723553595331541,AA,18,90.0,0.0,,17,3.928774488744849e-15
global_eta0,GlobalAndersonSolver,30,21,0.40080104199999766,0.00012493593521092856,0.001034589777348218,AA,19,90.47619047619048,0.0,,18,2.865442269419421e-15
global_eta0,GlobalAndersonSolver,30,22,0.41938470799999905,0.0001379007648168742,0.0011419510433660963,AA,20,90.9090909090909,0.0,,19,1.6813505430486456e-15
global_eta0,GlobalAndersonSolver,30,23,0.43719299999999706,5.2321619304946006e-05,0.0004332733602691058,AA,21,91.30434782608695,0.0,,20,4.317480741059707e-15
global_eta0,GlobalAndersonSolver,30,24,0.4568111669999979,1.8531228236637844e-05,0.0001534564035796732,AA,22,91.66666666666667,0.0,,21,2.543184092834048e-15
global_eta0,GlobalAndersonSolver,30,25,0.47603358299999954,6.331984596879983e-06,5.243492613392923e-05,AA,23,92.0,0.0,,22,4.136125560186143e-15
global_eta0,GlobalAndersonSolver,30,26,0.49582495800000004,3.2715669611409146e-06,2.7091722875345247e-05,AA,24,92.3076923076923,0.0,,23,2.14937132053995e-15
global_eta0,GlobalAndersonSolver,30,27,0.515654542,1.7477206488798722e-06,1.447280891553564e-05,AA,25,92.5925925925926,0.0,,24,3.995336272188785e-15
global_eta0,GlobalAndersonSolver,30,28,0.5356183749999985,6.55685634380072e-07,5.429708060682647e-06,AA,26,92.85714285714286,0.0,,25,2.8081466640627294e-15
global_eta0,GlobalAndersonSolver,30,29,0.5556709169999969,3.037859648596129e-07,2.5156401416053765e-06,AA,27,93.10344827586206,0.0,,26,1.7602626299045295e-15
global_eta0,GlobalAndersonSolver,30,30,0.5761458749999981,7.731584140964503e-08,6.402495728266481e-07,AA,28,93.33333333333333,0.0,,27,2.6794673055898063e-15
global_eta0,GlobalAndersonSolver,30,31,0.5971902079999971,3.353527862565023e-08,2.777043801532853e-07,AA,29,93.54838709677419,0.0,,28,2.483177750722115e-15
global_eta0,GlobalAndersonSolver,30,32,0.6175024169999972,3.7932290497981514e-08,3.1411586998055134e-07,AA,30,93.75,0.0,,29,1.9024214482127204e-15
global_eta0,GlobalAndersonSolver,30,33,0.6388224170000001,1.2503042882182609e-08,1.0353722753836652e-07,AA,31,93.93939393939394,0.0,,30,2.254332470901512e-15
global_eta0,GlobalAndersonSolver,30,34,0.6602908329999977,2.223818523346001e-09,1.84153574954e-08,AA,32,94.11764705882354,0.0,,30,2.778702926861204e-15
global_eta0,GlobalAndersonSolver,30,35,0.681553375,8.203517003161417e-10,6.793301555268369e-09,AA,33,94.28571428571429,0.0,,30,2.9727447224580533e-15
global_eta0,GlobalAndersonSolver,30,36,0.7014156669999991,2.1538313007774212e-10,1.7835795939373698e-09,AA,34,94.44444444444444,0.0,,30,2.185262700057893e-15
global_eta0,GlobalAndersonSolver,30,37,0.7224906669999989,6.198359725196828e-11,5.132838360067443e-10,AA,35,94.5945945945946,0.0,,30,2.079358545999487e-15
global_eta1e10,GlobalAndersonSolver eta=1e-10,30,0,0.016511833999999226,1.0,8.280962363642827,initial,0,0.0,1e-10,,0,9.373730790566751e-16
global_eta1e10,GlobalAndersonSolver eta=1e-10,30,1,0.04906916699999897,1.425864706625017,11.807531971208386,KM,0,0.0,1e-10,,0,7.410360446401491e-16
global_eta1e10,GlobalAndersonSolver eta=1e-10,30,2,0.08156054200000185,0.5694563862262898,4.715646902075959,KM,0,0.0,1e-10,,0,1.646237965448868e-15
global_eta1e10,GlobalAndersonSolver eta=1e-10,30,3,0.09779320899999888,0.2865909478585493,2.3732488529773708,AA,1,33.333333333333336,1e-10,,0,2.8447316627853654e-15
global_eta1e10,GlobalAndersonSolver eta=1e-10,30,4,0.11404854199999903,0.30390726353131975,2.516644611340541,AA,2,50.0,1e-10,,1,3.6934724570747555e-15
global_eta1e10,GlobalAndersonSolver eta=1e-10,30,5,0.13044158399999972,0.17611290444486447,1.4583843334597482,AA,3,60.0,1e-10,,2,1.6488803739229852e-15
global_eta1e10,GlobalAndersonSolver eta=1e-10,30,6,0.14539549999999934,0.1635992983409518,1.3547596322797961,AA,4,66.66666666666667,1e-10,,3,2.5570770654184365e-15
global_eta1e10,GlobalAndersonSolver eta=1e-10,30,7,0.16026199999999946,0.11938973340567642,0.9886618889377572,AA,5,71.42857142857143,1e-10,,4,3.085490740897478e-15
global_eta1e10,GlobalAndersonSolver eta=1e-10,30,8,0.17666924999999978,0.10902344728240851,0.9028190637002227,AA,6,75.0,1e-10,,5,4.5967502349176906e-15
global_eta1e10,GlobalAndersonSolver eta=1e-10,30,9,0.19309745900000053,0.11156957431054519,0.9239034457932763,AA,7,77.77777777777777,1e-10,,6,4.024252367518154e-15
global_eta1e10,GlobalAndersonSolver eta=1e-10,30,10,0.20765345899999943,0.0874933223245774,0.7245289092398962,AA,8,80.0,1e-10,,7,4.142071615641158e-15
global_eta1e10,GlobalAndersonSolver eta=1e-10,30,11,0.22177558399999953,0.05585918950958268,0.4625678459924464,AA,9,81.81818181818181,1e-10,,8,7.071400009730332e-15
global_eta1e10,GlobalAndersonSolver eta=1e-10,30,12,0.23654562500000154,0.022780534924355268,0.18864475233223696,AA,10,83.33333333333333,1e-10,,9,4.174093292677237e-15
global_eta1e10,GlobalAndersonSolver eta=1e-10,30,13,0.25141179199999897,0.014251751117250773,0.11801821461795826,AA,11,84.61538461538461,1e-10,,10,3.4407861152622875e-15
global_eta1e10,GlobalAndersonSolver eta=1e-10,30,14,0.26786075000000054,0.006624933035151388,0.054860821125742684,AA,12,85.71428571428571,1e-10,,11,3.807843074982083e-15
global_eta1e10,GlobalAndersonSolver eta=1e-10,30,15,0.28429708399999853,0.006573900562496828,0.05443822314036664,AA,13,86.66666666666667,1e-10,,12,2.3981893790754374e-15
global_eta1e10,GlobalAndersonSolver eta=1e-10,30,16,0.3005470000000017,0.006137127351093674,0.05082132061528971,AA,14,87.5,1e-10,,13,2.150192330050317e-15
global_eta1e10,GlobalAndersonSolver eta=1e-10,30,17,0.31705891700000066,0.0032678586844802943,0.027061014775884677,AA,15,88.23529411764706,1e-10,,14,3.2626915978885924e-15
global_eta1e10,GlobalAndersonSolver eta=1e-10,30,18,0.33352958400000077,0.001248562602534242,0.010339299920237997,AA,16,88.88888888888889,1e-10,,15,6.0402593529302406e-15
global_eta1e10,GlobalAndersonSolver eta=1e-10,30,19,0.3499432089999992,0.0005250650634082832,0.004348044028547727,AA,17,89.47368421052632,1e-10,,16,3.749293845731322e-15
global_eta1e10,GlobalAndersonSolver eta=1e-10,30,20,0.3664051669999999,0.00022610358224483447,0.0018723552548542948,AA,18,90.0,1e-10,,17,3.7563854041369076e-15
global_eta1e10,GlobalAndersonSolver eta=1e-10,30,21,0.3832675839999986,0.00012493592498567219,0.0010345896926732547,AA,19,90.47619047619048,1e-10,,18,2.241067559811955e-15
global_eta1e10,GlobalAndersonSolver eta=1e-10,30,22,0.39988183399999855,0.0001379007438427233,0.0011419508696799419,AA,20,90.9090909090909,1e-10,,19,2.6682818859983174e-15
global_eta1e10,GlobalAndersonSolver eta=1e-10,30,23,0.41664395900000173,5.2321605598323567e-05,0.00043327324676508127,AA,21,91.30434782608695,1e-10,,20,2.7591658890681693e-15
global_eta1e10,GlobalAndersonSolver eta=1e-10,30,24,0.43417220899999975,1.8531226614117092e-05,0.00015345639014363992,AA,22,91.66666666666667,1e-10,,21,2.8196089032402066e-15
global_eta1e10,GlobalAndersonSolver eta=1e-10,30,25,0.4515435419999996,6.331985281907978e-06,5.243493180662028e-05,AA,23,92.0,1e-10,,22,2.6151993517463476e-15
global_eta1e10,GlobalAndersonSolver eta=1e-10,30,26,0.4680667089999986,3.2715667781083577e-06,2.709172135965953e-05,AA,24,92.3076923076923,1e-10,,23,2.3398505392047847e-15
global_eta1e10,GlobalAndersonSolver eta=1e-10,30,27,0.4851865840000009,1.7477198587661005e-06,1.4472802372633235e-05,AA,25,92.5925925925926,1e-10,,24,1.8625062830383083e-15
global_eta1e10,GlobalAndersonSolver eta=1e-10,30,28,0.5012018749999996,6.556855743022804e-07,5.4297075631807165e-06,AA,26,92.85714285714286,1e-10,,25,2.6234876999783454e-15
global_eta1e10,GlobalAndersonSolver eta=1e-10,30,29,0.5176842089999987,3.0378590168733463e-07,2.515639618478118e-06,AA,27,93.10344827586206,1e-10,,26,2.0739635777964027e-15
global_eta1e10,GlobalAndersonSolver eta=1e-10,30,30,0.5317226250000004,7.731913495109796e-08,6.402768465194629e-07,AA,28,93.33333333333333,1e-10,,27,2.8678502019190475e-15
global_eta1e10,GlobalAndersonSolver eta=1e-10,30,31,0.5490698750000007,3.353490609852501e-08,2.777012952701819e-07,AA,29,93.54838709677419,1e-10,,28,2.526947373794988e-15
global_eta1e10,GlobalAndersonSolver eta=1e-10,30,32,0.5669998750000005,3.793054797321354e-08,3.1410144019853004e-07,AA,30,93.75,1e-10,,29,2.3465800422372663e-15
global_eta1e10,GlobalAndersonSolver eta=1e-10,30,33,0.5844232500000004,1.2501620477428476e-08,1.0352544865813168e-07,AA,31,93.93939393939394,1e-10,,30,2.069224942892184e-15
global_eta1e10,GlobalAndersonSolver eta=1e-10,30,34,0.6007918749999988,2.2239024377417806e-09,1.841605238735322e-08,AA,32,94.11764705882354,1e-10,,30,3.178896082014141e-15
global_eta1e10,GlobalAndersonSolver eta=1e-10,30,35,0.6180526250000007,8.187646170368798e-10,6.780158978364834e-09,AA,33,94.28571428571429,1e-10,,30,2.455368500668562e-15
global_eta1e10,GlobalAndersonSolver eta=1e-10,30,36,0.634766625000001,2.1268024552077602e-10,1.761197108647862e-09,AA,34,94.44444444444444,1e-10,,30,3.0432257537877124e-15
global_eta1e10,GlobalAndersonSolver eta=1e-10,30,37,0.6515509590000015,6.191046437664432e-11,5.126782254186416e-10,AA,35,94.5945945945946,1e-10,,30,3.2239445589024342e-15
faa02,FAA cs=0.2,30,0,0.01723216699999952,1.0,8.280962363642827,initial,0,0.0,0.0,0.2,0,9.373730790566751e-16
faa02,FAA cs=0.2,30,1,0.03378287499999999,1.044652141398399,8.650725066019026,AA,1,100.0,0.0,0.2,0,1.0575641643805286e-15
faa02,FAA cs=0.2,30,2,0.05065349999999924,0.926327951444168,7.670886902299515,AA,2,100.0,0.0,0.2,1,8.474412900968787e-16
faa02,FAA cs=0.2,30,3,0.06785791700000132,0.738617664704611,6.11646508254064,AA,3,100.0,0.0,0.2,2,8.228897111470023e-16
faa02,FAA cs=0.2,30,4,0.0837625000000024,0.5729432878572798,4.7445218032479115,AA,4,100.0,0.0,0.2,3,3.1644060286819396e-15
faa02,FAA cs=0.2,30,5,0.09918008400000033,0.3580472617083807,2.964975898612474,AA,5,100.0,0.0,0.2,4,2.0947776126531977e-15
faa02,FAA cs=0.2,30,6,0.11595325000000045,0.45253006942232105,3.7473844733029162,AA,6,100.0,0.0,0.2,5,7.303722235874119e-15
faa02,FAA cs=0.2,30,7,0.13248591700000034,0.3755225268165957,3.109687911268283,AA,7,100.0,0.0,0.2,6,6.879813601910774e-15
faa02,FAA cs=0.2,30,8,0.14987391700000074,0.35685640172930255,2.9551144319453595,AA,8,100.0,0.0,0.2,7,6.608865883271172e-15
faa02,FAA cs=0.2,30,9,0.16754579200000208,0.2104033405444678,1.7423421442334626,AA,9,100.0,0.0,0.2,8,7.355642252976066e-15
faa02,FAA cs=0.2,30,10,0.1846137920000004,0.1607307564669275,1.3310053449824675,AA,10,100.0,0.0,0.2,9,4.6754057258417706e-15
faa02,FAA cs=0.2,30,11,0.19964520899999982,0.13430229909447702,1.1121522841520664,AA,11,100.0,0.0,0.2,9,3.4035576734593594e-15
faa02,FAA cs=0.2,30,12,0.21719725000000167,0.09769022958338051,0.808969114475601,AA,12,100.0,0.0,0.2,10,3.216525162640658e-15
faa02,FAA cs=0.2,30,13,0.2329940420000014,0.07700950693475506,0.6377128285693979,AA,13,100.0,0.0,0.2,10,2.0795043232789516e-15
faa02,FAA cs=0.2,30,14,0.25063129200000134,0.07943680867517877,0.6578132229270514,AA,14,100.0,0.0,0.2,10,1.9606781675921027e-15
faa02,FAA cs=0.2,30,15,0.2681055840000006,0.07778879488123688,0.6441660827246544,AA,15,100.0,0.0,0.2,9,8.993461441465462e-15
faa02,FAA cs=0.2,30,16,0.2854923340000006,0.039165090015711015,0.32432463638878634,AA,16,100.0,0.0,0.2,9,8.46368044549618e-15
faa02,FAA cs=0.2,30,17,0.30217558400000044,0.02614680202181432,0.21652068347226455,AA,17,100.0,0.0,0.2,10,4.9783090015045885e-15
faa02,FAA cs=0.2,30,18,0.31936545900000013,0.01718463648359825,0.14230532795356052,AA,18,100.0,0.0,0.2,9,3.107057352249895e-15
faa02,FAA cs=0.2,30,19,0.3374462919999992,0.01386169388003955,0.1147881653169456,AA,19,100.0,0.0,0.2,9,1.657295693473087e-15
faa02,FAA cs=0.2,30,20,0.354777459000001,0.01422044330040145,0.11775895576494119,AA,20,100.0,0.0,0.2,9,4.050855196568657e-15
faa02,FAA cs=0.2,30,21,0.3715138340000017,0.011485734648820436,0.09511293634567039,AA,21,100.0,0.0,0.2,9,2.8713065411035568e-15
faa02,FAA cs=0.2,30,22,0.3882955420000016,0.008534860562589248,0.070676859097741,AA,22,100.0,0.0,0.2,9,3.0646355436539545e-15
faa02,FAA cs=0.2,30,23,0.4048154170000018,0.005376113669823386,0.04451939496247318,AA,23,100.0,0.0,0.2,9,3.0933893732501228e-15
faa02,FAA cs=0.2,30,24,0.4212387920000005,0.0014333022247478553,0.011869121778862521,AA,24,100.0,0.0,0.2,9,3.145587075137795e-15
faa02,FAA cs=0.2,30,25,0.43789545899999993,0.00037216029374761777,0.0030818453857662815,AA,25,100.0,0.0,0.2,9,3.0183262588815875e-15
faa02,FAA cs=0.2,30,26,0.4553819170000004,0.00035666531397049,0.00295353204140648,AA,26,100.0,0.0,0.2,9,2.663636751404417e-15
faa02,FAA cs=0.2,30,27,0.4705995420000022,0.00011241157299844583,0.0009308760052380181,AA,27,100.0,0.0,0.2,8,2.5139662215366127e-15
faa02,FAA cs=0.2,30,28,0.48757795899999934,8.935720215717055e-05,0.000739963627983953,AA,28,100.0,0.0,0.2,8,2.677802113973351e-15
faa02,FAA cs=0.2,30,29,0.50457325,4.088732434353032e-05,0.00033858639403883177,AA,29,100.0,0.0,0.2,8,2.1467988775219334e-15
faa02,FAA cs=0.2,30,30,0.5219999590000022,3.339917305116598e-05,0.0002765772950134992,AA,30,100.0,0.0,0.2,8,3.2060365111562253e-15
faa02,FAA cs=0.2,30,31,0.5366710000000019,2.1774778755816515e-05,0.00018031612335356594,AA,31,100.0,0.0,0.2,8,3.485376737091533e-15
faa02,FAA cs=0.2,30,32,0.552391042,9.029375048209497e-06,7.477191494143848e-05,AA,32,100.0,0.0,0.2,8,2.717745394594235e-15
faa02,FAA cs=0.2,30,33,0.5682776250000003,5.046911035489491e-06,4.1793280337542125e-05,AA,33,100.0,0.0,0.2,8,2.115817614124702e-15
faa02,FAA cs=0.2,30,34,0.5847660420000018,3.0309084619566718e-06,2.5098838901109765e-05,AA,34,100.0,0.0,0.2,8,3.410939307806079e-15
faa02,FAA cs=0.2,30,35,0.602297458999999,1.7734058171001736e-06,1.4685506826871791e-05,AA,35,100.0,0.0,0.2,8,2.5215574231748508e-15
faa02,FAA cs=0.2,30,36,0.6176332500000008,8.560808710251151e-07,7.089173473193547e-06,AA,36,100.0,0.0,0.2,8,1.9911278859354203e-15
faa02,FAA cs=0.2,30,37,0.6357065840000011,3.1644230852757887e-07,2.6204468471811322e-06,AA,37,100.0,0.0,0.2,8,2.214478645157538e-15
faa02,FAA cs=0.2,30,38,0.651159959000001,1.1149659197200899e-07,9.232990817946473e-07,AA,38,100.0,0.0,0.2,8,2.7721231865581194e-15
faa02,FAA cs=0.2,30,39,0.6680670420000006,7.277980467645914e-08,6.026868233590344e-07,AA,39,100.0,0.0,0.2,8,2.313960601487184e-15
faa02,FAA cs=0.2,30,40,0.6836489169999993,1.2226634692691234e-08,1.0124830172418579e-07,AA,40,100.0,0.0,0.2,8,2.4030535402568303e-15
faa02,FAA cs=0.2,30,41,0.7010231669999989,5.973356897245882e-09,4.946514365069944e-08,AA,41,100.0,0.0,0.2,8,2.5830269510952315e-15
faa02,FAA cs=0.2,30,42,0.7177437500000003,2.1368702489763793e-09,1.7695342107761474e-08,AA,42,100.0,0.0,0.2,8,2.3311479223306746e-15
faa02,FAA cs=0.2,30,43,0.7343130000000002,1.561936206382464e-09,1.293433493946424e-08,AA,43,100.0,0.0,0.2,8,2.1282677695746117e-15
faa02,FAA cs=0.2,30,44,0.7512445000000021,1.0583893949166709e-09,8.764482745383656e-09,AA,44,100.0,0.0,0.2,7,1.743175214601016e-15
faa02,FAA cs=0.2,30,45,0.7679479170000008,2.5878503099419534e-10,2.142989101937074e-09,AA,45,100.0,0.0,0.2,7,2.0082082660047038e-15
faa02,FAA cs=0.2,30,46,0.7845561670000016,2.1129460732675152e-10,1.7497226909135193e-09,AA,46,100.0,0.0,0.2,8,2.5205186713048272e-15
faa02,FAA cs=0.2,30,47,0.801165833999999,1.788383745241307e-10,1.4809538486093865e-09,AA,47,100.0,0.0,0.2,7,2.242351537913108e-15
faa02,FAA cs=0.2,30,48,0.8222038339999997,5.7700634334916385e-11,4.778167812857597e-10,AA,48,100.0,0.0,0.2,8,3.064249627625552e-15
faa0707,FAA cs=1/sqrt(2),30,0,0.016748624999998185,1.0,8.280962363642827,initial,0,0.0,0.0,0.7071067811865475,0,9.373730790566751e-16
faa0707,FAA cs=1/sqrt(2),30,1,0.03235791699999879,1.044652141398399,8.650725066019026,AA,1,100.0,0.0,0.7071067811865475,0,1.0575641643805286e-15
faa0707,FAA cs=1/sqrt(2),30,2,0.04747762499999908,0.926327951444168,7.670886902299515,AA,2,100.0,0.0,0.7071067811865475,1,8.474412900968787e-16
faa0707,FAA cs=1/sqrt(2),30,3,0.06440295799999873,0.738617664704611,6.11646508254064,AA,3,100.0,0.0,0.7071067811865475,2,8.228897111470023e-16
faa0707,FAA cs=1/sqrt(2),30,4,0.08083225000000027,0.5729432878572798,4.7445218032479115,AA,4,100.0,0.0,0.7071067811865475,3,3.1644060286819396e-15
faa0707,FAA cs=1/sqrt(2),30,5,0.09865225000000066,0.4850002820331757,4.016269081872884,AA,5,100.0,0.0,0.7071067811865475,3,3.317454294373472e-15
faa0707,FAA cs=1/sqrt(2),30,6,0.11546149999999855,0.42453793779435733,3.5155826848136127,AA,6,100.0,0.0,0.7071067811865475,4,2.0501306747311553e-15
faa0707,FAA cs=1/sqrt(2),30,7,0.13299787499999738,0.2984714791109198,2.471631085138333,AA,7,100.0,0.0,0.7071067811865475,5,2.1295232547938897e-15
faa0707,FAA cs=1/sqrt(2),30,8,0.15040283299999757,0.21512694803915863,1.7814581601176187,AA,8,100.0,0.0,0.7071067811865475,6,1.4057252246642828e-15
faa0707,FAA cs=1/sqrt(2),30,9,0.16783495800000026,0.1362454957156368,1.1282438222370483,AA,9,100.0,0.0,0.7071067811865475,6,5.3602181453810345e-15
faa0707,FAA cs=1/sqrt(2),30,10,0.18327083299999813,0.1265825390741689,1.04822524196754,AA,10,100.0,0.0,0.7071067811865475,6,2.6502640454572158e-15
faa0707,FAA cs=1/sqrt(2),30,11,0.2003367919999981,0.11981149941479571,0.9921545173855378,AA,11,100.0,0.0,0.7071067811865475,7,2.629954617987551e-15
faa0707,FAA cs=1/sqrt(2),30,12,0.2170922080000004,0.13262914759746644,1.098296979576649,AA,12,100.0,0.0,0.7071067811865475,8,7.942527138742805e-15
faa0707,FAA cs=1/sqrt(2),30,13,0.23452604199999882,0.1047540571171792,0.867464404426252,AA,13,100.0,0.0,0.7071067811865475,7,2.5571359224847377e-14
faa0707,FAA cs=1/sqrt(2),30,14,0.24909879199999807,0.15583505824670854,1.290464252277081,AA,14,100.0,0.0,0.7071067811865475,7,3.2634972142809048e-15
faa0707,FAA cs=1/sqrt(2),30,15,0.2645661249999982,0.14904370551789473,1.2342253159315508,AA,15,100.0,0.0,0.7071067811865475,7,3.247716615635269e-15
faa0707,FAA cs=1/sqrt(2),30,16,0.2805473329999977,0.0948226294852487,0.7852226259889931,AA,16,100.0,0.0,0.7071067811865475,6,8.617936775728286e-15
faa0707,FAA cs=1/sqrt(2),30,17,0.2962895000000003,0.09124073677138651,0.7555611072348938,AA,17,100.0,0.0,0.7071067811865475,7,4.426092977377382e-15
faa0707,FAA cs=1/sqrt(2),30,18,0.31134025000000065,0.07032458881674651,0.582355273230135,AA,18,100.0,0.0,0.7071067811865475,5,1.774683004645245e-15
faa0707,FAA cs=1/sqrt(2),30,19,0.3288035419999993,0.050073112928740414,0.4146535635933364,AA,19,100.0,0.0,0.7071067811865475,6,7.57724387224203e-15
faa0707,FAA cs=1/sqrt(2),30,20,0.3454041669999981,0.02771473102247089,0.2295046445155657,AA,20,100.0,0.0,0.7071067811865475,7,3.824837679898167e-15
faa0707,FAA cs=1/sqrt(2),30,21,0.36076229200000043,0.01782049009929257,0.14757080781391138,AA,21,100.0,0.0,0.7071067811865475,6,4.502336813753146e-15
faa0707,FAA cs=1/sqrt(2),30,22,0.37799924999999845,0.01625650213899416,0.13461948237748975,AA,22,100.0,0.0,0.7071067811865475,7,2.338295346381762e-15
faa0707,FAA cs=1/sqrt(2),30,23,0.392466958,0.020722316479822377,0.17160072285690461,AA,23,100.0,0.0,0.7071067811865475,6,2.531133629878227e-15
faa0707,FAA cs=1/sqrt(2),30,24,0.40946120799999974,0.020059776251057853,0.16611425215810627,AA,24,100.0,0.0,0.7071067811865475,6,3.878710995460664e-15
faa0707,FAA cs=1/sqrt(2),30,25,0.4244264169999994,0.02149837587491783,0.17802724149964147,AA,25,100.0,0.0,0.7071067811865475,7,3.556575535580713e-15
faa0707,FAA cs=1/sqrt(2),30,26,0.44203716699999873,0.02144434182207139,0.177579787541665,AA,26,100.0,0.0,0.7071067811865475,7,3.571436763762873e-15
faa0707,FAA cs=1/sqrt(2),30,27,0.45942770799999977,0.015354369438241797,0.12714895543554797,AA,27,100.0,0.0,0.7071067811865475,7,5.695498658251568e-14
faa0707,FAA cs=1/sqrt(2),30,28,0.47661895799999954,0.01507723177570981,0.12485398888257264,AA,28,100.0,0.0,0.7071067811865475,6,1.6931846086225087e-14
faa0707,FAA cs=1/sqrt(2),30,29,0.4935779579999995,0.013587205023610355,0.1125151334276161,AA,29,100.0,0.0,0.7071067811865475,7,1.3923790259112668e-14
faa0707,FAA cs=1/sqrt(2),30,30,0.5106655419999981,0.012914242611583311,0.10694235702147385,AA,30,100.0,0.0,0.7071067811865475,8,1.4537727991391078e-14
faa0707,FAA cs=1/sqrt(2),30,31,0.5263483749999978,0.01006032106889627,0.08330914013769299,AA,31,100.0,0.0,0.7071067811865475,6,5.068783518880674e-14
faa0707,FAA cs=1/sqrt(2),30,32,0.5436602499999985,0.005645834724112599,0.04675294486172421,AA,32,100.0,0.0,0.7071067811865475,7,3.32663730550583e-14
faa0707,FAA cs=1/sqrt(2),30,33,0.5593809579999984,0.005606119629518778,0.046424065658124264,AA,33,100.0,0.0,0.7071067811865475,6,1.545375675077738e-14
faa0707,FAA cs=1/sqrt(2),30,34,0.5762424579999994,0.0027112111226713863,0.022451437266731565,AA,34,100.0,0.0,0.7071067811865475,7,6.665870951296529e-15
faa0707,FAA cs=1/sqrt(2),30,35,0.5936906670000006,0.0009460919287236581,0.007834551654306864,AA,35,100.0,0.0,0.7071067811865475,6,2.4653269925197187e-15
faa0707,FAA cs=1/sqrt(2),30,36,0.6107720420000007,0.0007633114031808116,0.006320953001479696,AA,36,100.0,0.0,0.7071067811865475,6,3.342317222133666e-15
faa0707,FAA cs=1/sqrt(2),30,37,0.6280551249999995,0.00028871413657414026,0.0023908308988220906,AA,37,100.0,0.0,0.7071067811865475,6,2.1200007479391455e-15
faa0707,FAA cs=1/sqrt(2),30,38,0.645483291999998,0.00013797675202412786,0.0011425802905694821,AA,38,100.0,0.0,0.7071067811865475,6,2.523731125947442e-15
faa0707,FAA cs=1/sqrt(2),30,39,0.6628617499999976,0.00011602904442465488,0.0009608321499700086,AA,39,100.0,0.0,0.7071067811865475,6,1.7535167712599418e-15
faa0707,FAA cs=1/sqrt(2),30,40,0.6782584999999983,6.554887155566598e-05,0.0005428077383317278,AA,40,100.0,0.0,0.7071067811865475,7,2.077499249613189e-15
faa0707,FAA cs=1/sqrt(2),30,41,0.6952613329999977,5.1739229852902886e-05,0.00042845061513575416,AA,41,100.0,0.0,0.7071067811865475,6,2.92777494149542e-15
faa0707,FAA cs=1/sqrt(2),30,42,0.7127333749999991,1.6094788941285415e-05,0.0001332803414735593,AA,42,100.0,0.0,0.7071067811865475,5,2.1093135310230943e-15
faa0707,FAA cs=1/sqrt(2),30,43,0.730482207999998,1.3639669636833642e-05,0.0001129495909151412,AA,43,100.0,0.0,0.7071067811865475,6,2.1113654921277072e-15
faa0707,FAA cs=1/sqrt(2),30,44,0.745580167,9.51713770422866e-06,7.881105913832362e-05,AA,44,100.0,0.0,0.7071067811865475,7,2.476089919870397e-15
faa0707,FAA cs=1/sqrt(2),30,45,0.7627640000000007,3.3568473365273216e-06,2.7797926454277415e-05,AA,45,100.0,0.0,0.7071067811865475,7,1.7831063339180664e-15
faa0707,FAA cs=1/sqrt(2),30,46,0.780089874999998,3.261500592146097e-06,2.7008363652560623e-05,AA,46,100.0,0.0,0.7071067811865475,6,1.621721877665029e-15
faa0707,FAA cs=1/sqrt(2),30,47,0.7973377500000005,1.934275806279236e-06,1.6017665152703234e-05,AA,47,100.0,0.0,0.7071067811865475,6,1.765289951577875e-15
faa0707,FAA cs=1/sqrt(2),30,48,0.8122937079999986,8.266764280354157e-07,6.8456763874719654e-06,AA,48,100.0,0.0,0.7071067811865475,6,3.201374267061719e-15
faa0707,FAA cs=1/sqrt(2),30,49,0.8273312080000004,4.0693510690015605e-07,3.3698143046851625e-06,AA,49,100.0,0.0,0.7071067811865475,5,3.2220213083999207e-15
faa0707,FAA cs=1/sqrt(2),30,50,0.845117124999998,2.9972065388023894e-07,2.481975454388677e-06,AA,50,100.0,0.0,0.7071067811865475,5,2.178137954693577e-15
faa0707,FAA cs=1/sqrt(2),30,51,0.8621317079999997,1.409585579427984e-07,1.1672725131576802e-06,AA,51,100.0,0.0,0.7071067811865475,6,2.3812816096875074e-15
faa0707,FAA cs=1/sqrt(2),30,52,0.8794569999999986,4.6602330291414474e-08,3.8591214320125533e-07,AA,52,100.0,0.0,0.7071067811865475,6,1.92194857092e-15
faa0707,FAA cs=1/sqrt(2),30,53,0.8946547499999973,4.1018941299408157e-08,3.3967630909687334e-07,AA,53,100.0,0.0,0.7071067811865475,6,2.637090829001788e-15
faa0707,FAA cs=1/sqrt(2),30,54,0.9100731670000002,1.7212349912105685e-08,1.425348218119981e-07,AA,54,100.0,0.0,0.7071067811865475,7,1.8724056677710344e-15
faa0707,FAA cs=1/sqrt(2),30,55,0.9276414580000001,1.4016815029340164e-08,1.1607271771610903e-07,AA,55,100.0,0.0,0.7071067811865475,7,4.3385873488156995e-15
faa0707,FAA cs=1/sqrt(2),30,56,0.9449717080000006,6.257129810959937e-09,5.18150564689868e-08,AA,56,100.0,0.0,0.7071067811865475,7,2.0244484872480207e-15
faa0707,FAA cs=1/sqrt(2),30,57,0.9616066669999981,3.5852136112419662e-09,2.9689018980314708e-08,AA,57,100.0,0.0,0.7071067811865475,7,2.059869693756286e-15
faa0707,FAA cs=1/sqrt(2),30,58,0.9786859999999997,1.9449407172161737e-09,1.610598087878362e-08,AA,58,100.0,0.0,0.7071067811865475,6,3.487871594952227e-15
faa0707,FAA cs=1/sqrt(2),30,59,0.994014791999998,9.932913777145564e-10,8.225408514985173e-09,AA,59,100.0,0.0,0.7071067811865475,6,2.3057960882907207e-15
faa0707,FAA cs=1/sqrt(2),30,60,1.0110508329999988,3.521110966196891e-10,2.9158187389286482e-09,AA,60,100.0,0.0,0.7071067811865475,4,3.0793181896550962e-15
faa0707,FAA cs=1/sqrt(2),30,61,1.0279561669999993,2.2167028255074346e-10,1.8356432669407777e-09,AA,61,100.0,0.0,0.7071067811865475,4,2.4329706500423268e-15
faa0707,FAA cs=1/sqrt(2),30,62,1.0433604579999987,9.365875593661914e-11,7.755846329367523e-10,AA,62,100.0,0.0,0.7071067811865475,5,1.7984579522956795e-15
picard,Picard,50,0,0.014428416999999971,1.0,8.280962363642828,Picard,0,0.0,0.0,,0,9.373730790566751e-16
picard,Picard,50,1,0.028183958000000064,1.0446521413987233,8.650725066021714,Picard,0,0.0,0.0,,0,1.0567466780894342e-15
picard,Picard,50,2,0.04368595799999997,0.7403912837131451,6.131152354797754,Picard,0,0.0,0.0,,0,2.36735948952872e-15
picard,Picard,50,3,0.059124000000000065,0.7456883848449948,6.175017449907011,Picard,0,0.0,0.0,,0,2.9523848838839937e-15
picard,Picard,50,4,0.07440641700000006,0.5832853126190036,4.83016372106361,Picard,0,0.0,0.0,,0,3.168558805814546e-15
picard,Picard,50,5,0.08972554200000005,0.5266043836845081,4.360791081820739,Picard,0,0.0,0.0,,0,4.495885121340341e-15
picard,Picard,50,6,0.10508916700000004,0.5860167616634879,4.852782747799193,Picard,0,0.0,0.0,,0,2.5782688261263417e-15
picard,Picard,50,7,0.12034429199999996,0.4636744648577615,3.8396707924693523,Picard,0,0.0,0.0,,0,3.982336089104763e-15
picard,Picard,50,8,0.13561770800000006,0.5444023570142054,4.508175429113081,Picard,0,0.0,0.0,,0,3.1432798098086923e-15
picard,Picard,50,9,0.15090274999999997,0.8170731076802269,6.766151653044643,Picard,0,0.0,0.0,,0,1.945619272236256e-15
picard,Picard,50,10,0.16639487500000005,0.6325196304962633,5.2378712544048245,Picard,0,0.0,0.0,,0,2.270493796384978e-15
picard,Picard,50,11,0.18173916700000003,0.5988516449181982,4.959067932973198,Picard,0,0.0,0.0,,0,2.7780290503859838e-15
picard,Picard,50,12,0.197076833,0.5084356001943731,4.210336069545756,Picard,0,0.0,0.0,,0,3.4170990547359426e-15
picard,Picard,50,13,0.21251429200000005,0.38562405219349966,3.1933382627298084,Picard,0,0.0,0.0,,0,4.062749435301287e-15
picard,Picard,50,14,0.22816620799999998,0.4524889536113787,3.7470439948199528,Picard,0,0.0,0.0,,0,1.7014420877642009e-15
picard,Picard,50,15,0.24339483299999998,0.5542629077494728,4.589830278636621,Picard,0,0.0,0.0,,0,3.427797662204911e-15
picard,Picard,50,16,0.258672875,0.4553778566571316,3.770966892214046,Picard,0,0.0,0.0,,0,2.915111552902605e-15
picard,Picard,50,17,0.27393999999999996,0.48050273448831105,3.9790250599251666,Picard,0,0.0,0.0,,0,3.86477291976685e-15
picard,Picard,50,18,0.28935920800000003,0.3450060845447733,2.856982401343043,Picard,0,0.0,0.0,,0,3.1638658647266812e-15
picard,Picard,50,19,0.30484275000000005,0.5971063230756856,4.944614988482908,Picard,0,0.0,0.0,,0,2.3590029557678975e-15
picard,Picard,50,20,0.32024829200000005,0.6163372762128239,5.1038657876285285,Picard,0,0.0,0.0,,0,4.188740953445545e-15
picard,Picard,50,21,0.33563375000000006,0.4277063099942363,3.5418198557548233,Picard,0,0.0,0.0,,0,3.1155901281395912e-15
picard,Picard,50,22,0.351098292,0.3845781860603945,3.184677484644156,Picard,0,0.0,0.0,,0,2.4808719534175897e-15
picard,Picard,50,23,0.36681158300000005,0.5112260826498637,4.233443949736079,Picard,0,0.0,0.0,,0,5.69919670563417e-15
picard,Picard,50,24,0.38224583300000003,0.66790399478079,5.530887843306418,Picard,0,0.0,0.0,,0,2.558204093230627e-15
picard,Picard,50,25,0.398328542,0.6925560464352816,5.735030555243842,Picard,0,0.0,0.0,,0,2.2856407699637878e-15
picard,Picard,50,26,0.41372383299999993,0.5212667317309624,4.316590186883203,Picard,0,0.0,0.0,,0,3.661975837008447e-15
picard,Picard,50,27,0.427681792,0.3834685271488196,3.1754884409609234,Picard,0,0.0,0.0,,0,4.205070016053436e-15
picard,Picard,50,28,0.4420418749999999,0.42306881195445056,3.50341690902589,Picard,0,0.0,0.0,,0,4.954605298319444e-15
picard,Picard,50,29,0.45602904199999994,0.4167497524838169,3.451089015375952,Picard,0,0.0,0.0,,0,1.4367252614483796e-15
picard,Picard,50,30,0.4713154580000001,0.5943986169875197,4.922192576275,Picard,0,0.0,0.0,,0,2.853863971308876e-15
picard,Picard,50,31,0.4867852079999999,0.4722011800109777,3.9102801997386387,Picard,0,0.0,0.0,,0,2.9799810936115304e-15
picard,Picard,50,32,0.5024617499999999,0.4035493252930087,3.341776774624862,Picard,0,0.0,0.0,,0,5.1214713534257355e-15
picard,Picard,50,33,0.5180687079999999,0.4255222777449564,3.523733966897554,Picard,0,0.0,0.0,,0,2.0857931159750594e-15
picard,Picard,50,34,0.533844708,0.4672640430891214,3.8693959547045953,Picard,0,0.0,0.0,,0,3.191658403232176e-15
picard,Picard,50,35,0.549233042,0.49933827875973696,4.135001493135573,Picard,0,0.0,0.0,,0,4.069183507588468e-15
picard,Picard,50,36,0.5647092920000001,0.44912944558257906,3.7192240352731067,Picard,0,0.0,0.0,,0,2.988170849675139e-15
picard,Picard,50,37,0.5802022499999999,0.608851007455735,5.04187227780696,Picard,0,0.0,0.0,,0,4.122209656957615e-15
picard,Picard,50,38,0.5957817919999999,1.0923970767965614,9.046099079105769,Picard,0,0.0,0.0,,0,1.7804928008495706e-15
picard,Picard,50,39,0.6111542919999999,0.6611648031525992,5.4750808510719935,Picard,0,0.0,0.0,,0,4.127922972156963e-15
picard,Picard,50,40,0.6267760419999999,0.4280970168607303,3.545055284611477,Picard,0,0.0,0.0,,0,5.883874778408768e-15
picard,Picard,50,41,0.642364875,0.4115923003601751,3.4083803484477846,Picard,0,0.0,0.0,,0,3.57720457419656e-15
picard,Picard,50,42,0.6579042500000001,0.5187993343638783,4.296157762150227,Picard,0,0.0,0.0,,0,3.070110236325004e-15
picard,Picard,50,43,0.6734547500000001,0.6540638916932229,5.416278470529337,Picard,0,0.0,0.0,,0,1.9613985354596655e-15
picard,Picard,50,44,0.6890732500000001,0.45574085518780094,3.773972869384576,Picard,0,0.0,0.0,,0,2.8515832605845975e-15
picard,Picard,50,45,0.7046546250000001,0.338160000731305,2.800290238945368,Picard,0,0.0,0.0,,0,3.231930948146774e-15
picard,Picard,50,46,0.72022275,0.4289888834552164,3.552440798313807,Picard,0,0.0,0.0,,0,3.81399047820354e-15
picard,Picard,50,47,0.735758583,0.4913280973881912,4.06866948267185,Picard,0,0.0,0.0,,0,3.840621992715843e-15
picard,Picard,50,48,0.751234792,0.6039500369625902,5.001287525607904,Picard,0,0.0,0.0,,0,2.862219204727251e-15
picard,Picard,50,49,0.7665475420000001,0.7917852278011557,6.556743671509733,Picard,0,0.0,0.0,,0,3.1740408376213627e-15
picard,Picard,50,50,0.782096458,0.5117329600071705,4.237641382054919,Picard,0,0.0,0.0,,0,3.0228167854648346e-15
picard,Picard,50,51,0.7975975829999999,0.40030517622869105,3.3149120983212006,Picard,0,0.0,0.0,,0,1.970243320560481e-15
picard,Picard,50,52,0.8137780000000001,0.3700550865511701,3.0644122442048287,Picard,0,0.0,0.0,,0,2.907335489103568e-15
picard,Picard,50,53,0.827485917,0.4231977705541063,3.5044848103361073,Picard,0,0.0,0.0,,0,3.62544609365123e-15
picard,Picard,50,54,0.8425701670000001,0.4394460267777656,3.6390360085990556,Picard,0,0.0,0.0,,0,3.0436873803124726e-15
picard,Picard,50,55,0.85762625,0.5594666476043361,4.632922252524932,Picard,0,0.0,0.0,,0,2.3769562856397332e-15
picard,Picard,50,56,0.8725809170000001,0.5650729958466812,4.679348211317268,Picard,0,0.0,0.0,,0,2.3964941955598976e-15
picard,Picard,50,57,0.887439667,0.46820520083029793,3.8771896465375293,Picard,0,0.0,0.0,,0,2.71323498688175e-15
picard,Picard,50,58,0.9026350000000001,0.42596614849075887,3.5274096438378666,Picard,0,0.0,0.0,,0,2.5510386853886287e-15
picard,Picard,50,59,0.9177918330000001,0.6703612534388417,5.55123630977148,Picard,0,0.0,0.0,,0,1.780689274655077e-15
picard,Picard,50,60,0.9328210830000001,0.35806235685139204,2.9651009009236255,Picard,0,0.0,0.0,,0,2.4091527742318076e-15
picard,Picard,50,61,0.9476796670000001,0.3837523096917485,3.1778384335183762,Picard,0,0.0,0.0,,0,3.4463108240914788e-15
picard,Picard,50,62,0.962572333,0.4288228946999127,3.551066251678349,Picard,0,0.0,0.0,,0,3.691801534225181e-15
picard,Picard,50,63,0.977452708,0.4589463122821533,3.80051713894118,Picard,0,0.0,0.0,,0,2.9343397669439926e-15
picard,Picard,50,64,0.9924123330000001,0.43814897207234726,3.6282951473999003,Picard,0,0.0,0.0,,0,2.3744888937892526e-15
picard,Picard,50,65,1.008810708,0.4282849082163316,3.546611205855665,Picard,0,0.0,0.0,,0,2.3187089836339926e-15
picard,Picard,50,66,1.025527833,0.7119672792551501,5.8957742436570815,Picard,0,0.0,0.0,,0,3.3748350359110633e-15
picard,Picard,50,67,1.0428555,0.48292671418289435,3.9990979445462456,Picard,0,0.0,0.0,,0,2.1836057493191515e-15
picard,Picard,50,68,1.058960208,0.29139257887508185,2.413010978709377,Picard,0,0.0,0.0,,0,3.4666367653951653e-15
picard,Picard,50,69,1.073174875,0.2647195754941301,2.192132841586398,Picard,0,0.0,0.0,,0,5.215237214929247e-15
picard,Picard,50,70,1.088297792,0.4725753320044627,3.91337853831497,Picard,0,0.0,0.0,,0,2.37578897155647e-15
picard,Picard,50,71,1.103287,0.5286556037264466,4.377777157787581,Picard,0,0.0,0.0,,0,3.3887477399560972e-15
picard,Picard,50,72,1.120037833,0.4608324596816511,3.816136254568704,Picard,0,0.0,0.0,,0,4.245539409230774e-15
picard,Picard,50,73,1.135863292,0.5638201754213249,4.668973652526489,Picard,0,0.0,0.0,,0,3.3780414489849594e-15
picard,Picard,50,74,1.15102425,0.7558474461311121,6.25914425406729,Picard,0,0.0,0.0,,0,3.2380154867949135e-15
picard,Picard,50,75,1.166081458,0.4787369413560017,3.964402593454534,Picard,0,0.0,0.0,,0,2.509755642199036e-15
picard,Picard,50,76,1.180968875,0.39449637323877096,3.266809619383856,Picard,0,0.0,0.0,,0,2.1177649561958652e-15
picard,Picard,50,77,1.196204875,0.5138255831649499,4.254970315665778,Picard,0,0.0,0.0,,0,2.8205439413352303e-15
picard,Picard,50,78,1.211051375,0.2839715919196252,2.351558065030156,Picard,0,0.0,0.0,,0,2.2539490695435513e-15
picard,Picard,50,79,1.226357417,0.26341669287851327,2.1813437196822303,Picard,0,0.0,0.0,,0,2.4613546616961673e-15
picard,Picard,50,80,1.241199083,0.35576895607102904,2.9461093353766903,Picard,0,0.0,0.0,,0,2.714482519590024e-15
picard,Picard,50,81,1.25602575,0.27981533745873477,2.3171402782658,Picard,0,0.0,0.0,,0,3.4462473411096023e-15
picard,Picard,50,82,1.270927125,0.3539362042157574,2.930932386241289,Picard,0,0.0,0.0,,0,3.813165381437036e-15
picard,Picard,50,83,1.285807083,0.4497169528256732,3.724089160641537,Picard,0,0.0,0.0,,0,2.0470631129556106e-15
picard,Picard,50,84,1.300606625,0.43883225445663976,3.6339533831079667,Picard,0,0.0,0.0,,0,1.8023721909958506e-15
picard,Picard,50,85,1.315498458,0.5714839923608296,4.732437432164375,Picard,0,0.0,0.0,,0,3.951587511300642e-15
picard,Picard,50,86,1.330259917,0.6948337243271694,5.753891920143066,Picard,0,0.0,0.0,,0,3.4628719941242944e-15
picard,Picard,50,87,1.3451543750000001,0.428057006635701,3.5447239614438484,Picard,0,0.0,0.0,,0,2.8277938582718107e-15
picard,Picard,50,88,1.360026042,0.38115127524051146,3.156299365121144,Picard,0,0.0,0.0,,0,4.242283832645232e-15
picard,Picard,50,89,1.374865792,0.4614826014381552,3.8215200539853473,Picard,0,0.0,0.0,,0,3.579883058510821e-15
picard,Picard,50,90,1.3899434579999999,0.6024055871036396,4.988497994453401,Picard,0,0.0,0.0,,0,1.9304434870498227e-15
picard,Picard,50,91,1.4047771249999998,0.40369763846417056,3.343004950413286,Picard,0,0.0,0.0,,0,2.8494278029694237e-15
picard,Picard,50,92,1.420120583,0.4556684894679246,3.7733736115818624,Picard,0,0.0,0.0,,0,4.146667694113367e-15
picard,Picard,50,93,1.4353444579999999,0.3992904823803516,3.3065094567524813,Picard,0,0.0,0.0,,0,2.7961656753117794e-15
picard,Picard,50,94,1.4513026249999998,0.5200457208363862,4.306479041619619,Picard,0,0.0,0.0,,0,3.2593874833485544e-15
picard,Picard,50,95,1.4663872919999998,0.7497166453152369,6.208375323252036,Picard,0,0.0,0.0,,0,2.9624832491980245e-15
picard,Picard,50,96,1.4816661249999998,0.9787505171134954,8.104996195612811,Picard,0,0.0,0.0,,0,2.7439317738874747e-15
picard,Picard,50,97,1.4966585000000001,1.2164933259344777,10.073735447686097,Picard,0,0.0,0.0,,0,1.2591379458023401e-15
picard,Picard,50,98,1.5115909580000002,0.8119317767718168,6.723576485293066,Picard,0,0.0,0.0,,0,2.6003822200049113e-15
picard,Picard,50,99,1.526495917,0.5235012386312223,4.335094054425555,Picard,0,0.0,0.0,,0,4.428331659450223e-15
picard,Picard,50,100,1.541566375,0.5541565474326735,4.588949512856221,Picard,0,0.0,0.0,,0,3.3229283613277425e-15
picard,Picard,50,101,1.5564125830000002,0.6662818145692717,5.517454630027789,Picard,0,0.0,0.0,,0,3.2447438558999326e-15
picard,Picard,50,102,1.571322458,0.4401543587176901,3.6449016787345365,Picard,0,0.0,0.0,,0,3.775872332438259e-15
picard,Picard,50,103,1.586350542,0.1962392946065256,1.6250502129044555,Picard,0,0.0,0.0,,0,1.8083092319656143e-15
picard,Picard,50,104,1.601528917,0.3155995132449621,2.6134676911655275,Picard,0,0.0,0.0,,0,3.974655172203616e-15
picard,Picard,50,105,1.6164705000000001,0.2466838419922835,2.042779611256914,Picard,0,0.0,0.0,,0,2.505409546072177e-15
picard,Picard,50,106,1.6314189579999998,0.2694391790386182,2.231215700909619,Picard,0,0.0,0.0,,0,6.181711147406819e-15
picard,Picard,50,107,1.646243583,0.2686559820118843,2.2247300758079187,Picard,0,0.0,0.0,,0,3.6551925496244096e-15
picard,Picard,50,108,1.661031667,0.5091069138451584,4.215895192622108,Picard,0,0.0,0.0,,0,2.1982793971812454e-15
picard,Picard,50,109,1.67589825,0.4156566368621254,3.4420369660536148,Picard,0,0.0,0.0,,0,2.4088359640951555e-15
picard,Picard,50,110,1.6909041670000002,0.669217675130535,5.541766380840514,Picard,0,0.0,0.0,,0,2.1360177659974716e-15
picard,Picard,50,111,1.7059882919999998,0.7045244494222743,5.834140449932039,Picard,0,0.0,0.0,,0,1.8157032708279932e-15
picard,Picard,50,112,1.720754667,0.38912751546993724,3.222350310264393,Picard,0,0.0,0.0,,0,2.491754078790127e-15
picard,Picard,50,113,1.7359528750000002,0.20440115921797047,1.692638306568979,Picard,0,0.0,0.0,,0,2.2437582993709464e-15
picard,Picard,50,114,1.7509631250000002,0.22677628504734204,1.8779258814437774,Picard,0,0.0,0.0,,0,2.6415651489237746e-15
picard,Picard,50,115,1.7657953329999998,0.28512739597415593,2.361129234905471,Picard,0,0.0,0.0,,0,2.6841477475954873e-15
picard,Picard,50,116,1.78067025,0.405583497683305,3.3586216796300667,Picard,0,0.0,0.0,,0,2.196458195883624e-15
picard,Picard,50,117,1.7956544170000002,0.5087899453272453,4.213270388254811,Picard,0,0.0,0.0,,0,2.299385157564097e-15
picard,Picard,50,118,1.8106214999999999,0.4671699826093286,3.868617043411525,Picard,0,0.0,0.0,,0,2.8869195301482124e-15
picard,Picard,50,119,1.825491667,0.7334507133743428,6.073677753039916,Picard,0,0.0,0.0,,0,3.812176459790956e-15
picard,Picard,50,120,1.8404702080000002,0.44526623874254695,3.6872329648278335,Picard,0,0.0,0.0,,0,5.609550313772324e-15
picard,Picard,50,121,1.8553181250000002,0.17615468311317423,1.4587303010396246,Picard,0,0.0,0.0,,0,3.1727796966205916e-15
picard,Picard,50,122,1.870074083,0.25608924247885995,2.1206653787012413,Picard,0,0.0,0.0,,0,1.892916490670408e-15
picard,Picard,50,123,1.885026458,0.3643920122164072,3.017516538776146,Picard,0,0.0,0.0,,0,1.8217318809013515e-15
picard,Picard,50,124,1.8999416670000002,0.3673458688339779,3.041977314253846,Picard,0,0.0,0.0,,0,3.8147035344794516e-15
picard,Picard,50,125,1.9150070000000001,0.35274454200445254,2.9210642763192984,Picard,0,0.0,0.0,,0,3.183135641808289e-15
picard,Picard,50,126,1.929935833,0.7098118771231103,5.877925439723144,Picard,0,0.0,0.0,,0,3.4839870276575542e-15
picard,Picard,50,127,1.944761958,0.7904243390012587,6.545474202576684,Picard,0,0.0,0.0,,0,3.584092787136136e-15
picard,Picard,50,128,1.959504,0.409216268992671,3.3887045221186485,Picard,0,0.0,0.0,,0,2.4381359161268714e-15
picard,Picard,50,129,1.9743873330000001,0.38562700610262085,3.1933627239400666,Picard,0,0.0,0.0,,0,2.111486488546807e-15
picard,Picard,50,130,1.98921875,0.4674810292057812,3.871192808570088,Picard,0,0.0,0.0,,0,2.304636798785084e-15
picard,Picard,50,131,2.004132917,0.4510897632845445,3.7354573523838654,Picard,0,0.0,0.0,,0,4.211317876219059e-15
picard,Picard,50,132,2.019062542,0.8137595377456668,6.738712105127252,Picard,0,0.0,0.0,,0,1.8187559087695e-15
picard,Picard,50,133,2.033881792,0.6500285676834715,5.382862104279482,Picard,0,0.0,0.0,,0,1.8492166320175724e-15
picard,Picard,50,134,2.048754,0.4014148674839976,3.3241014098416573,Picard,0,0.0,0.0,,0,3.3674628684438523e-15
picard,Picard,50,135,2.0635105830000002,0.4531875605888442,3.7528291329073227,Picard,0,0.0,0.0,,0,2.8059761381413978e-15
picard,Picard,50,136,2.078325542,0.6107418048040688,5.057529899485789,Picard,0,0.0,0.0,,0,2.4958708764344393e-15
picard,Picard,50,137,2.093256292,0.6020417148186065,4.985484781755869,Picard,0,0.0,0.0,,0,2.2579951029867123e-15
picard,Picard,50,138,2.1080071670000002,0.4916472588532318,4.071312446751776,Picard,0,0.0,0.0,,0,1.9624251272278046e-15
picard,Picard,50,139,2.12288925,0.5112208429073217,4.233400559625294,Picard,0,0.0,0.0,,0,4.496294632142315e-15
picard,Picard,50,140,2.137864958,0.9785645601273247,8.103456292809076,Picard,0,0.0,0.0,,0,1.5245100251781717e-15
picard,Picard,50,141,2.152627625,0.5295468907019196,4.385157871686679,Picard,0,0.0,0.0,,0,2.893781128180851e-15
picard,Picard,50,142,2.167531542,0.3390687631397703,2.807815666247363,Picard,0,0.0,0.0,,0,4.422377401892109e-15
picard,Picard,50,143,2.182290667,0.2808582669248369,2.3257767379225256,Picard,0,0.0,0.0,,0,5.050249785034717e-15
picard,Picard,50,144,2.197098375,0.5567155654841079,4.610140645028032,Picard,0,0.0,0.0,,0,2.7562435518588227e-15
picard,Picard,50,145,2.211793958,0.6323670056506997,5.236607373802956,Picard,0,0.0,0.0,,0,8.269177135443202e-15
picard,Picard,50,146,2.226645333,0.36868665355438823,3.0530803020613115,Picard,0,0.0,0.0,,0,2.9626998672058884e-15
picard,Picard,50,147,2.241583125,0.3990376782241507,3.3044159950496095,Picard,0,0.0,0.0,,0,2.1236085465072683e-15
picard,Picard,50,148,2.256722125,0.6202105509681999,5.135940230101846,Picard,0,0.0,0.0,,0,1.8313507307430087e-15
picard,Picard,50,149,2.27293425,0.6745695531917698,5.586085081640404,Picard,0,0.0,0.0,,0,2.178171643051958e-15
picard,Picard,50,150,2.287640458,0.5555123114791142,4.600176543898776,Picard,0,0.0,0.0,,0,3.0035373808985733e-15
picard,Picard,50,151,2.302506917,0.4595579153854709,3.80558180122124,Picard,0,0.0,0.0,,0,1.9022707044204435e-15
picard,Picard,50,152,2.317341458,0.48645394245679285,4.028306789130376,Picard,0,0.0,0.0,,0,2.197676367656566e-15
picard,Picard,50,153,2.332181958,0.3671742530198698,3.040556170156211,Picard,0,0.0,0.0,,0,2.7160928980239036e-15
picard,Picard,50,154,2.346948792,0.3926116760563337,3.2512025129492295,Picard,0,0.0,0.0,,0,3.278937597546204e-15
picard,Picard,50,155,2.36188875,0.4409551557415139,3.6515330487497386,Picard,0,0.0,0.0,,0,3.890325568152299e-15
picard,Picard,50,156,2.376664958,0.5793429118791988,4.797516848914889,Picard,0,0.0,0.0,,0,2.8773256493356826e-15
picard,Picard,50,157,2.391453542,0.43724940514420324,3.6208458675243618,Picard,0,0.0,0.0,,0,1.9442563831975345e-15
picard,Picard,50,158,2.406532417,0.45778103355828814,3.790867509685699,Picard,0,0.0,0.0,,0,3.2571483650832094e-15
picard,Picard,50,159,2.42174975,0.6634819257602229,5.494268856177671,Picard,0,0.0,0.0,,0,2.2094887125577255e-15
picard,Picard,50,160,2.436688708,0.4215348492561358,3.490714221653914,Picard,0,0.0,0.0,,0,4.741849670785826e-15
picard,Picard,50,161,2.451850208,0.28161292365265167,2.33202602188303,Picard,0,0.0,0.0,,0,3.0968591815543034e-15
picard,Picard,50,162,2.466883917,0.2948940508538111,2.442006536382584,Picard,0,0.0,0.0,,0,3.0605326075864122e-15
picard,Picard,50,163,2.481927917,0.5469068486638766,4.528915030204066,Picard,0,0.0,0.0,,0,4.527052818473449e-15
picard,Picard,50,164,2.496931333,0.4956470523734668,4.104434586355184,Picard,0,0.0,0.0,,0,2.4260461480428917e-15
picard,Picard,50,165,2.511956167,0.37695013192115695,3.1215098554093,Picard,0,0.0,0.0,,0,2.911183560432744e-15
picard,Picard,50,166,2.526995042,0.3926741487280254,3.251719846792265,Picard,0,0.0,0.0,,0,3.59946856368664e-15
picard,Picard,50,167,2.542205375,0.5184439257269741,4.2932146366043105,Picard,0,0.0,0.0,,0,2.2270364236871168e-15
picard,Picard,50,168,2.557249458,0.651438512625335,5.394537805277863,Picard,0,0.0,0.0,,0,2.796180112796751e-15
picard,Picard,50,169,2.572365292,0.62319139485641,5.160624486152008,Picard,0,0.0,0.0,,0,2.632942663513922e-15
picard,Picard,50,170,2.587616708,0.5007143369904234,4.146396579554069,Picard,0,0.0,0.0,,0,2.223968891792743e-15
picard,Picard,50,171,2.602812667,0.4915109641941422,4.0701837958094895,Picard,0,0.0,0.0,,0,1.886757316197701e-15
picard,Picard,50,172,2.617852375,0.4027949658738724,3.335529952666335,Picard,0,0.0,0.0,,0,4.66228745920526e-15
picard,Picard,50,173,2.632846875,0.3120548702532647,2.584114635958731,Picard,0,0.0,0.0,,0,3.8362218659931154e-15
picard,Picard,50,174,2.647985125,0.3323757980909755,2.752391474577116,Picard,0,0.0,0.0,,0,2.3032171640890243e-15
picard,Picard,50,175,2.663118458,0.6915305789790137,5.726538697833347,Picard,0,0.0,0.0,,0,2.697764684441729e-15
picard,Picard,50,176,2.678020417,0.5259804776813042,4.355624539689757,Picard,0,0.0,0.0,,0,2.730864447070867e-15
picard,Picard,50,177,2.693129583,0.37138245905652906,3.075404165964241,Picard,0,0.0,0.0,,0,3.732314659154091e-15
picard,Picard,50,178,2.708182583,0.415238833114075,3.4385771489406203,Picard,0,0.0,0.0,,0,3.865006938247394e-15
picard,Picard,50,179,2.723238458,0.5339743250200156,4.421821288642333,Picard,0,0.0,0.0,,0,3.376091858133152e-15
picard,Picard,50,180,2.73834925,0.6774794233966469,5.610181607290078,Picard,0,0.0,0.0,,0,3.3107366293677927e-15
picard,Picard,50,181,2.753179208,0.771859839109324,6.391742277671721,Picard,0,0.0,0.0,,0,3.3364474628456134e-15
picard,Picard,50,182,2.768178792,0.543134586280332,4.497677067380147,Picard,0,0.0,0.0,,0,2.5016318626095417e-15
picard,Picard,50,183,2.783212792,0.21416127711362523,1.7734614755276128,Picard,0,0.0,0.0,,0,2.621184224868835e-15
picard,Picard,50,184,2.798335208,0.19828871817928603,1.642021412377647,Picard,0,0.0,0.0,,0,3.0343684545916323e-15
picard,Picard,50,185,2.813357417,0.30049281217886087,2.4883696681983403,Picard,0,0.0,0.0,,0,3.124796237050533e-15
picard,Picard,50,186,2.828337917,0.2855658008212865,2.364759648944598,Picard,0,0.0,0.0,,0,2.4652157390116565e-15
picard,Picard,50,187,2.843455375,0.3531171994897548,2.924150238929616,Picard,0,0.0,0.0,,0,3.549059985933931e-15
picard,Picard,50,188,2.858538333,0.5050432217265566,4.182243911130535,Picard,0,0.0,0.0,,0,2.6714909998367616e-15
picard,Picard,50,189,2.873552958,0.6850756681467383,5.673085824170603,Picard,0,0.0,0.0,,0,2.7652661187984587e-15
picard,Picard,50,190,2.888445292,0.4767158993418774,3.94766642060023,Picard,0,0.0,0.0,,0,2.8251380354144963e-15
picard,Picard,50,191,2.903471875,0.3955867552684882,3.275839031933937,Picard,0,0.0,0.0,,0,3.2015157523989043e-15
picard,Picard,50,192,2.918575917,0.7105081538759043,5.883691281307711,Picard,0,0.0,0.0,,0,4.083062809210336e-15
picard,Picard,50,193,2.9339887080000002,0.5178018003726286,4.287897220712234,Picard,0,0.0,0.0,,0,2.8772308710513747e-15
picard,Picard,50,194,2.949004083,0.5632387178352078,4.664158624139799,Picard,0,0.0,0.0,,0,3.538313139609695e-15
picard,Picard,50,195,2.964547417,0.7097752827243411,5.877622402884216,Picard,0,0.0,0.0,,0,3.0114621128398514e-15
picard,Picard,50,196,2.979980333,0.5223943631884951,4.325928060543091,Picard,0,0.0,0.0,,0,2.6992662571616063e-15
picard,Picard,50,197,2.995215042,0.2974636311005569,2.463285133696246,Picard,0,0.0,0.0,,0,2.1631667087803187e-15
picard,Picard,50,198,3.010151417,0.18139145702152534,1.502095828681587,Picard,0,0.0,0.0,,0,1.8972878623637563e-15
picard,Picard,50,199,3.0254000420000002,0.30635316857626554,2.536899058962782,Picard,0,0.0,0.0,,0,4.421339291523924e-15
picard,Picard,50,200,3.040422083,0.4188471498418939,3.4684574839597917,Picard,0,0.0,0.0,,0,4.273380896246279e-15
picard,Picard,50,201,3.055496792,0.4264676481196442,3.531562543390047,Picard,0,0.0,0.0,,0,3.723771898636231e-15
picard,Picard,50,202,3.070531042,0.45955235679624723,3.805535770753084,Picard,0,0.0,0.0,,0,3.0315479394197404e-15
picard,Picard,50,203,3.085447,0.6411762984081677,5.30955679557786,Picard,0,0.0,0.0,,0,5.046636952390603e-15
picard,Picard,50,204,3.100537708,0.3790265643043216,3.1387047138249353,Picard,0,0.0,0.0,,0,2.5201321151849617e-15
picard,Picard,50,205,3.115629958,0.42425269991195336,3.513220640644741,Picard,0,0.0,0.0,,0,2.744404188001855e-15
picard,Picard,50,206,3.130684167,0.35400952041306966,2.9315395149118775,Picard,0,0.0,0.0,,0,2.964379188956215e-15
picard,Picard,50,207,3.145657042,0.3559290340833347,2.9474349353718403,Picard,0,0.0,0.0,,0,3.210870079450053e-15
picard,Picard,50,208,3.16080725,0.28840055368993583,2.3882341307601114,Picard,0,0.0,0.0,,0,5.101461181844572e-15
picard,Picard,50,209,3.175870125,0.2242916716737639,1.8573508916089732,Picard,0,0.0,0.0,,0,1.7053135178591513e-15
picard,Picard,50,210,3.190795458,0.3723634559943411,3.0835277646851114,Picard,0,0.0,0.0,,0,3.721015231663205e-15
picard,Picard,50,211,3.20588175,0.40381469380949453,3.3439742813223767,Picard,0,0.0,0.0,,0,2.1984034028317805e-15
picard,Picard,50,212,3.220942417,0.5277357470937216,4.370159859632039,Picard,0,0.0,0.0,,0,3.0180932793460847e-15
picard,Picard,50,213,3.235985167,0.5040143448930507,4.173723820795449,Picard,0,0.0,0.0,,0,2.6993449434868036e-15
picard,Picard,50,214,3.251006458,0.3639792498359507,3.014098469038458,Picard,0,0.0,0.0,,0,2.5632979699877526e-15
picard,Picard,50,215,3.265982833,0.4508811813683052,3.733730093385751,Picard,0,0.0,0.0,,0,2.6615117136927137e-15
picard,Picard,50,216,3.28096875,0.6029558825691241,4.993054970491962,Picard,0,0.0,0.0,,0,2.30967391916801e-15
picard,Picard,50,217,3.296054542,0.5946392723024534,4.9241854338805755,Picard,0,0.0,0.0,,0,2.7000498177363828e-15
picard,Picard,50,218,3.310994375,0.4403059646802756,3.646157122004811,Picard,0,0.0,0.0,,0,1.722344230964296e-15
picard,Picard,50,219,3.3261005,0.42329681819742715,3.505305020142655,Picard,0,0.0,0.0,,0,4.189254557043062e-15
picard,Picard,50,220,3.341243542,0.8024696031054799,6.645220581283877,Picard,0,0.0,0.0,,0,1.9481465036910815e-15
picard,Picard,50,221,3.356126625,0.4858502514180319,4.023307646359128,Picard,0,0.0,0.0,,0,2.569116799977107e-15
picard,Picard,50,222,3.371168042,0.38376678090469807,3.177958269088168,Picard,0,0.0,0.0,,0,3.564373051700188e-15
picard,Picard,50,223,3.386265,0.48660903458201893,4.0295911011822705,Picard,0,0.0,0.0,,0,3.581827585690325e-15
picard,Picard,50,224,3.401711167,0.6053289089216483,5.0127059124051465,Picard,0,0.0,0.0,,0,3.735732165474647e-15
picard,Picard,50,225,3.4170760419999997,0.7198194716717254,5.9607979535308235,Picard,0,0.0,0.0,,0,2.8216222335496314e-15
picard,Picard,50,226,3.4322525419999996,0.5834642596037288,4.831645574309207,Picard,0,0.0,0.0,,0,2.305143478109361e-15
picard,Picard,50,227,3.4464981669999997,0.3336936049991696,2.76330418398642,Picard,0,0.0,0.0,,0,3.624730623050362e-15
picard,Picard,50,228,3.4615677500000004,0.5579662747549718,4.620497721427916,Picard,0,0.0,0.0,,0,2.8190215090096304e-15
picard,Picard,50,229,3.4765955,0.63274992623824,5.239778324776641,Picard,0,0.0,0.0,,0,3.4765774932060737e-15
picard,Picard,50,230,3.4916871250000003,0.6142200986932322,5.08633352027164,Picard,0,0.0,0.0,,0,2.3345130925008023e-15
picard,Picard,50,231,3.5066764170000004,0.5552088311433143,4.597663434659912,Picard,0,0.0,0.0,,0,4.247334093726435e-15
picard,Picard,50,232,3.521713417,0.5106246071459047,4.2284631537251425,Picard,0,0.0,0.0,,0,1.847546882486476e-15
picard,Picard,50,233,3.5367629999999997,1.1318364829608778,9.372695317196897,Picard,0,0.0,0.0,,0,2.5439944035299034e-15
picard,Picard,50,234,3.5518050829999996,0.760640883423135,6.298838527875013,Picard,0,0.0,0.0,,0,3.2904628622342613e-15
picard,Picard,50,235,3.5668874170000002,0.3621712180995874,2.9991262262773617,Picard,0,0.0,0.0,,0,4.201688263945768e-15
picard,Picard,50,236,3.581808542,0.3829600806975234,3.1712780150338116,Picard,0,0.0,0.0,,0,3.5080202107726203e-15
picard,Picard,50,237,3.596931167,0.5601653046691424,4.638707805383686,Picard,0,0.0,0.0,,0,3.1237360092964576e-15
picard,Picard,50,238,3.611965583,0.659699863152206,5.462949738063742,Picard,0,0.0,0.0,,0,2.883951629262396e-15
picard,Picard,50,239,3.6267946670000004,0.652727679121295,5.405213344511377,Picard,0,0.0,0.0,,0,2.648122250459462e-15
picard,Picard,50,240,3.6417941249999997,0.7415946343745178,6.141117256334846,Picard,0,0.0,0.0,,0,2.1841022389379078e-15
picard,Picard,50,241,3.65666925,0.5455998248653053,4.518091615319712,Picard,0,0.0,0.0,,0,2.03564592584723e-15
picard,Picard,50,242,3.671768,0.6272243836113517,5.194021514244675,Picard,0,0.0,0.0,,0,3.946609052220299e-15
picard,Picard,50,243,3.6866973749999996,1.0631219490228805,8.803672847821083,Picard,0,0.0,0.0,,0,1.9325480197617153e-15
picard,Picard,50,244,3.701643292,0.6974195306226038,5.775304884755228,Picard,0,0.0,0.0,,0,2.7394290493149774e-15
picard,Picard,50,245,3.716585542,0.42724046972539304,3.537962250021063,Picard,0,0.0,0.0,,0,7.088746287722555e-15
picard,Picard,50,246,3.7316065829999996,0.5482081894765471,4.539691384496064,Picard,0,0.0,0.0,,0,1.939916564788426e-15
picard,Picard,50,247,3.746669333,0.4508757003796455,3.7336847055249454,Picard,0,0.0,0.0,,0,2.831593896190048e-15
picard,Picard,50,248,3.7615740000000004,0.5525738421421174,4.575843189912387,Picard,0,0.0,0.0,,0,2.6988879731359847e-15
picard,Picard,50,249,3.776482292,0.5606969554107561,4.643110385165593,Picard,0,0.0,0.0,,0,2.357789829088853e-15
picard,Picard,50,250,3.7915343330000004,0.28490880721529294,2.3593191096202113,Picard,0,0.0,0.0,,0,2.632629393687636e-15
picard,Picard,50,251,3.8065169169999997,0.5509429010542927,4.562337428146792,Picard,0,0.0,0.0,,0,2.259439414410136e-15
picard,Picard,50,252,3.8213815,0.501457280742457,4.152548868802962,Picard,0,0.0,0.0,,0,1.9291125625106747e-15
picard,Picard,50,253,3.8362179999999997,0.3913245461783058,3.2405438388721604,Picard,0,0.0,0.0,,0,3.365593507609213e-15
picard,Picard,50,254,3.8511289580000003,0.443367403893437,3.6715087849075805,Picard,0,0.0,0.0,,0,2.9540416429512875e-15
picard,Picard,50,255,3.8660654169999997,0.4806108017413004,3.9799199607799136,Picard,0,0.0,0.0,,0,2.537714041755738e-15
picard,Picard,50,256,3.8811916249999996,0.45543799804446194,3.7714649207790254,Picard,0,0.0,0.0,,0,2.2349731613823122e-15
picard,Picard,50,257,3.8961124170000003,0.42460289170010984,3.5161205656625216,Picard,0,0.0,0.0,,0,2.490802325393839e-15
picard,Picard,50,258,3.910959708,0.42770597436336677,3.5418170764082246,Picard,0,0.0,0.0,,0,2.3149084744855367e-15
picard,Picard,50,259,3.9260277080000003,0.43942983331252977,3.638901911122901,Picard,0,0.0,0.0,,0,2.6766530813990255e-15
picard,Picard,50,260,3.9410001670000003,0.4502609741854571,3.728594181046925,Picard,0,0.0,0.0,,0,2.2743699608005095e-15
picard,Picard,50,261,3.9559581670000004,0.31620666276934606,2.6184954735260546,Picard,0,0.0,0.0,,0,4.571037941854014e-15
picard,Picard,50,262,3.970917292,0.4137267210663621,3.4260554059838992,Picard,0,0.0,0.0,,0,2.6171205406265276e-15
picard,Picard,50,263,3.98576875,0.45352724526219385,3.7556420489028377,Picard,0,0.0,0.0,,0,2.4729544003282025e-15
picard,Picard,50,264,4.000714208,0.6115038641410212,5.063840484173954,Picard,0,0.0,0.0,,0,2.8622957642350183e-15
picard,Picard,50,265,4.015681958,0.7417015068188924,6.142002263024422,Picard,0,0.0,0.0,,0,6.718733539290575e-15
picard,Picard,50,266,4.030685875,0.5088845372415989,4.214053700337478,Picard,0,0.0,0.0,,0,5.109806490103726e-15
picard,Picard,50,267,4.045658417,0.3655710770820923,3.027280330553178,Picard,0,0.0,0.0,,0,2.871740950142344e-15
picard,Picard,50,268,4.060526917,0.39553933780963574,3.2754463697418004,Picard,0,0.0,0.0,,0,5.181701908703351e-15
picard,Picard,50,269,4.075355125,0.42400662002858686,3.511182862392133,Picard,0,0.0,0.0,,0,2.2451205787325316e-15
picard,Picard,50,270,4.090274917,0.77206836095486,6.393469039226602,Picard,0,0.0,0.0,,0,1.758737089754618e-15
picard,Picard,50,271,4.105100042,0.6771424658177149,5.607391274260797,Picard,0,0.0,0.0,,0,3.4788776264317375e-15
picard,Picard,50,272,4.12019875,0.3310619618591144,2.741511646189084,Picard,0,0.0,0.0,,0,3.2850531191634866e-15
picard,Picard,50,273,4.135225833,0.41887007018588834,3.4686472864657714,Picard,0,0.0,0.0,,0,3.750759184655876e-15
picard,Picard,50,274,4.150263917,0.40304743418163913,3.337620633220964,Picard,0,0.0,0.0,,0,2.5903323824664947e-15
picard,Picard,50,275,4.165290083,0.452522133431578,3.7473187556622554,Picard,0,0.0,0.0,,0,5.380508008451216e-15
picard,Picard,50,276,4.180162417,0.529892236472223,4.388017667013004,Picard,0,0.0,0.0,,0,2.3609938478051218e-15
picard,Picard,50,277,4.195064042,0.5574423635173394,4.616159232187192,Picard,0,0.0,0.0,,0,1.7467874228581505e-15
picard,Picard,50,278,4.2100305,0.3872890064664717,3.207125686401476,Picard,0,0.0,0.0,,0,2.558335245076051e-15
picard,Picard,50,279,4.224990708,0.6647649753185965,5.5048937412812515,Picard,0,0.0,0.0,,0,4.400177462930859e-15
picard,Picard,50,280,4.239949125,0.5873458110221759,4.863788555517911,Picard,0,0.0,0.0,,0,3.0094581920066564e-15
picard,Picard,50,281,4.254823292,0.6415623775599596,5.3127539025032355,Picard,0,0.0,0.0,,0,2.047634599874631e-15
picard,Picard,50,282,4.269778083,0.5846223412674109,4.841235604980183,Picard,0,0.0,0.0,,0,2.5753116327704978e-15
picard,Picard,50,283,4.284771208,0.42795460253960194,3.543875956978169,Picard,0,0.0,0.0,,0,2.39508107530992e-15
picard,Picard,50,284,4.299703583,0.37654451542741707,3.118150960490567,Picard,0,0.0,0.0,,0,2.6506988685816254e-15
picard,Picard,50,285,4.314638833,0.7520483366643771,6.227683971557898,Picard,0,0.0,0.0,,0,1.6290922113522942e-15
picard,Picard,50,286,4.329539958,0.4236443674433499,3.5081830623676535,Picard,0,0.0,0.0,,0,2.2433810758362434e-15
picard,Picard,50,287,4.344564958,0.4135915809580726,3.424936315833335,Picard,0,0.0,0.0,,0,3.2360327050223387e-15
picard,Picard,50,288,4.359765875,0.49520287376860267,4.100756360045569,Picard,0,0.0,0.0,,0,2.274286953022632e-15
picard,Picard,50,289,4.374685458,0.623563950389019,5.16370960449591,Picard,0,0.0,0.0,,0,3.593977720741862e-15
picard,Picard,50,290,4.390533458,0.6575694857463952,5.445308162945868,Picard,0,0.0,0.0,,0,2.78222413923077e-15
picard,Picard,50,291,4.4057445,0.6493090559621216,5.376903854794785,Picard,0,0.0,0.0,,0,2.8011716372138622e-15
picard,Picard,50,292,4.420875667,0.6354655228875139,5.262266078424113,Picard,0,0.0,0.0,,0,1.6614369083506753e-15
picard,Picard,50,293,4.436111125,0.7232747816702898,5.9894112455836535,Picard,0,0.0,0.0,,0,3.1216499710574343e-15
picard,Picard,50,294,4.451284292,0.7553371740210492,6.254918709928642,Picard,0,0.0,0.0,,0,5.678605666859994e-15
picard,Picard,50,295,4.466410417,0.3976397818595975,3.292840067866471,Picard,0,0.0,0.0,,0,3.073037494649676e-15
picard,Picard,50,296,4.481420542,0.3471468174530176,2.8747097299868263,Picard,0,0.0,0.0,,0,2.9987015412298248e-15
picard,Picard,50,297,4.496440292,0.4619912835944,3.825732431776267,Picard,0,0.0,0.0,,0,2.0485978928961563e-15
picard,Picard,50,298,4.511515458,0.404421559249945,3.348999711194543,Picard,0,0.0,0.0,,0,2.6856767999460637e-15
picard,Picard,50,299,4.5265812500000004,0.3843108481268504,3.182463669278103,Picard,0,0.0,0.0,,0,4.5902374006548886e-15
picard,Picard,50,300,4.541678833,0.4577569453991031,3.790668036546078,Picard,0,0.0,0.0,,0,3.203532901318871e-15
picard,Picard,50,301,4.556674333,0.6143080335514954,5.08706170552337,Picard,0,0.0,0.0,,0,3.0849916540095447e-15
picard,Picard,50,302,4.571775833,0.9214320591948079,7.630344202846115,Picard,0,0.0,0.0,,0,1.8069819262737324e-15
picard,Picard,50,303,4.586840292,0.7146766883339589,5.91821075826641,Picard,0,0.0,0.0,,0,3.35295203141961e-15
picard,Picard,50,304,4.602072792,0.31709085752586513,2.6258174570269195,Picard,0,0.0,0.0,,0,3.898229314305697e-15
picard,Picard,50,305,4.617177875,0.38960450384012496,3.2263002330058126,Picard,0,0.0,0.0,,0,2.2940530643327666e-15
picard,Picard,50,306,4.632060542,0.41884929762038065,3.4684752696326058,Picard,0,0.0,0.0,,0,2.239660534763341e-15
picard,Picard,50,307,4.647079208,0.585371240619001,4.8474372123248575,Picard,0,0.0,0.0,,0,3.2497250764828855e-15
picard,Picard,50,308,4.662013875,0.7152157737669096,5.9226749044474625,Picard,0,0.0,0.0,,0,3.9777092197008796e-15
picard,Picard,50,309,4.676923,0.3507047685957564,2.904172989491526,Picard,0,0.0,0.0,,0,2.283902090210639e-15
picard,Picard,50,310,4.691980708,0.370013285263408,3.064066089314119,Picard,0,0.0,0.0,,0,1.8771403355785067e-15
picard,Picard,50,311,4.706955125,0.45631025524452073,3.7786880498241286,Picard,0,0.0,0.0,,0,2.407937552192961e-15
picard,Picard,50,312,4.721835375,0.5891955858696593,4.879106471411134,Picard,0,0.0,0.0,,0,2.56448152608342e-15
picard,Picard,50,313,4.736741208,0.6803156279387577,5.633668110358889,Picard,0,0.0,0.0,,0,4.229300945705171e-15
picard,Picard,50,314,4.751839833,0.40071663242418404,3.3183193515903655,Picard,0,0.0,0.0,,0,3.658246512965192e-15
picard,Picard,50,315,4.766873583,0.26923101226534263,2.229491879694763,Picard,0,0.0,0.0,,0,3.1986907363755417e-15
picard,Picard,50,316,4.781853417,0.33191923672206425,2.7486107070644685,Picard,0,0.0,0.0,,0,3.0413749874011524e-15
picard,Picard,50,317,4.796778375,0.5223953252173029,4.325936027067441,Picard,0,0.0,0.0,,0,3.178286241974418e-15
picard,Picard,50,318,4.811762417,0.41448275278110946,3.4323160761594425,Picard,0,0.0,0.0,,0,3.031129141938678e-15
picard,Picard,50,319,4.826649083,0.501811004588702,4.15547804266084,Picard,0,0.0,0.0,,0,3.154833142101126e-15
picard,Picard,50,320,4.841714,0.35922747026916335,2.974749161285565,Picard,0,0.0,0.0,,0,2.5163710786649493e-15
picard,Picard,50,321,4.856643583,0.3330164327461306,2.7576965460453002,Picard,0,0.0,0.0,,0,3.4447933880919532e-15
picard,Picard,50,322,4.871734292,0.3205070664367211,2.654106954444059,Picard,0,0.0,0.0,,0,3.767206883873744e-15
picard,Picard,50,323,4.88674925,0.2978128660068996,2.46617713481174,Picard,0,0.0,0.0,,0,2.172269116551885e-15
picard,Picard,50,324,4.901684333,0.2908393725451984,2.4084298979122836,Picard,0,0.0,0.0,,0,3.881513355921602e-15
picard,Picard,50,325,4.916670042,0.2516419370723132,2.0838374100100023,Picard,0,0.0,0.0,,0,4.197297824679651e-15
picard,Picard,50,326,4.931653083,0.3637005443818935,3.011790519662868,Picard,0,0.0,0.0,,0,1.9092524521199493e-15
picard,Picard,50,327,4.946650167,0.4586673217133013,3.7982068285407053,Picard,0,0.0,0.0,,0,3.5363753894845592e-15
picard,Picard,50,328,4.961691,0.43614353063505706,3.6116881623352106,Picard,0,0.0,0.0,,0,2.1030735410408272e-15
picard,Picard,50,329,4.976550167,0.45533104726568113,3.7705792654051793,Picard,0,0.0,0.0,,0,2.8601750613604312e-15
picard,Picard,50,330,4.991522833,0.43536242793738666,3.605219880293662,Picard,0,0.0,0.0,,0,2.057579129302327e-15
picard,Picard,50,331,5.006601083,0.46598826358824,3.8588312726734895,Picard,0,0.0,0.0,,0,2.81667914722179e-15
picard,Picard,50,332,5.022732042,0.5397018107368146,4.469250382301446,Picard,0,0.0,0.0,,0,1.956005215145759e-15
picard,Picard,50,333,5.037741417,0.34367265694448057,2.8459403375703767,Picard,0,0.0,0.0,,0,2.7611997586928646e-15
picard,Picard,50,334,5.052801,0.2342144505374006,1.939521049921499,Picard,0,0.0,0.0,,0,3.6834453267568165e-15
picard,Picard,50,335,5.067703083,0.2078849675659586,1.721487592380813,Picard,0,0.0,0.0,,0,2.6039644630425874e-15
picard,Picard,50,336,5.082656042,0.37358989379452434,3.0936838499497776,Picard,0,0.0,0.0,,0,3.682146736423329e-15
picard,Picard,50,337,5.097627542,0.4662848304291174,3.8612871315210993,Picard,0,0.0,0.0,,0,2.2061690004642564e-15
picard,Picard,50,338,5.112548167,0.4286172640367326,3.5493634318957437,Picard,0,0.0,0.0,,0,2.7528238255693893e-15
picard,Picard,50,339,5.127523833,0.7323078421495092,6.064213679440579,Picard,0,0.0,0.0,,0,3.682170984372167e-15
picard,Picard,50,340,5.142555417,0.6776206433405875,5.611351044330846,Picard,0,0.0,0.0,,0,2.4909360604501668e-15
picard,Picard,50,341,5.157581167,0.37665157949312233,3.119037553989171,Picard,0,0.0,0.0,,0,2.362475332396904e-15
picard,Picard,50,342,5.172610542,0.4083622115648727,3.381632104702661,Picard,0,0.0,0.0,,0,4.563627036375287e-15
picard,Picard,50,343,5.187588375,0.41939731951954434,3.4730134183540327,Picard,0,0.0,0.0,,0,2.540827976214505e-15
picard,Picard,50,344,5.202604,0.5339268778749703,4.4214283806199495,Picard,0,0.0,0.0,,0,2.1720502716558165e-15
picard,Picard,50,345,5.217640833,0.5781131937100328,4.787333599038138,Picard,0,0.0,0.0,,0,4.049553366967568e-15
picard,Picard,50,346,5.232599625,0.4051764194592548,3.3552506801776487,Picard,0,0.0,0.0,,0,2.353912992765163e-15
picard,Picard,50,347,5.247589625,0.4002265109144072,3.314260673814292,Picard,0,0.0,0.0,,0,2.6619068173254603e-15
picard,Picard,50,348,5.262621625,0.6049528423489184,5.009591719270147,Picard,0,0.0,0.0,,0,2.9212510382809357e-15
picard,Picard,50,349,5.281372792,0.6203444287179658,5.137048866708986,Picard,0,0.0,0.0,,0,1.6844577759026618e-15
picard,Picard,50,350,5.296313,0.4996111689152201,4.137261286242538,Picard,0,0.0,0.0,,0,3.812774699406427e-15
picard,Picard,50,351,5.311265875,0.5128328476227045,4.246749510003394,Picard,0,0.0,0.0,,0,2.0501216318765817e-15
picard,Picard,50,352,5.326212667,0.9225958847484305,7.639981798453509,Picard,0,0.0,0.0,,0,2.4886931481256638e-15
picard,Picard,50,353,5.341126333,0.5031936155304364,4.166927391832903,Picard,0,0.0,0.0,,0,2.8838990857204027e-15
picard,Picard,50,354,5.3560835,0.3725794597165762,3.085316483379347,Picard,0,0.0,0.0,,0,4.881920916404517e-15
picard,Picard,50,355,5.37109275,0.29678338873271765,2.457652072250014,Picard,0,0.0,0.0,,0,3.196943758961777e-15
picard,Picard,50,356,5.386085917,0.6114341101828761,5.063262854271839,Picard,0,0.0,0.0,,0,2.4411316613343507e-15
picard,Picard,50,357,5.401189625,0.6664595066298178,5.518926091293489,Picard,0,0.0,0.0,,0,3.2598994317235977e-15
picard,Picard,50,358,5.4167135,0.35240330928462144,2.9182385410091336,Picard,0,0.0,0.0,,0,2.4766764827171897e-15
picard,Picard,50,359,5.432293792,0.4146309190536731,3.433543035486103,Picard,0,0.0,0.0,,0,2.391392299651351e-15
picard,Picard,50,360,5.446103875,0.5961434390410993,4.936641382031946,Picard,0,0.0,0.0,,0,3.009712679631681e-15
picard,Picard,50,361,5.461089583,0.6323758417944473,5.236680545576769,Picard,0,0.0,0.0,,0,2.8215092401457623e-15
picard,Picard,50,362,5.476029417,0.5657697136561185,4.685117705275298,Picard,0,0.0,0.0,,0,4.538164202072936e-15
picard,Picard,50,363,5.491139833,0.4648568776619477,3.8494623083991075,Picard,0,0.0,0.0,,0,3.0132095447019506e-15
picard,Picard,50,364,5.50617975,0.3982351026513748,3.297769896937473,Picard,0,0.0,0.0,,0,5.841415228720729e-15
picard,Picard,50,365,5.521254083,0.45479865593030655,3.766170552794213,Picard,0,0.0,0.0,,0,2.7156743704492447e-15
picard,Picard,50,366,5.53624425,0.469973212372293,3.8918304835752764,Picard,0,0.0,0.0,,0,2.3765450934010768e-15
picard,Picard,50,367,5.551397583,0.28843529660661704,2.3885218355455518,Picard,0,0.0,0.0,,0,1.9683873530389144e-15
picard,Picard,50,368,5.566472833,0.49389522207615605,4.089927745595665,Picard,0,0.0,0.0,,0,2.982862984313258e-15
picard,Picard,50,369,5.581525542,0.5227989842485286,4.329278712312765,Picard,0,0.0,0.0,,0,3.034272825210405e-15
picard,Picard,50,370,5.596868583,0.5244268631726263,4.3427591164157855,Picard,0,0.0,0.0,,0,3.181266202861877e-15
picard,Picard,50,371,5.611955125,0.6769795356255821,5.606042055471844,Picard,0,0.0,0.0,,0,3.57422919863785e-15
picard,Picard,50,372,5.626950167,0.5870674773040162,4.861483684473298,Picard,0,0.0,0.0,,0,3.845154985646007e-15
picard,Picard,50,373,5.641885083,0.5117422796913763,4.237718558009069,Picard,0,0.0,0.0,,0,3.7713278785283446e-15
picard,Picard,50,374,5.656900875,0.7432389769735048,6.154733995509992,Picard,0,0.0,0.0,,0,2.61590335851937e-15
picard,Picard,50,375,5.671978542,0.6854503715134709,5.676188728648047,Picard,0,0.0,0.0,,0,2.3407038207823887e-15
picard,Picard,50,376,5.686957875,0.49129132009923177,4.06836493132614,Picard,0,0.0,0.0,,0,2.8270918525853216e-15
picard,Picard,50,377,5.702016458,0.41370459644593094,3.425872192834799,Picard,0,0.0,0.0,,0,2.80993965442678e-15
picard,Picard,50,378,5.717056375,0.7585594427981074,6.281602196397002,Picard,0,0.0,0.0,,0,1.2090310567924226e-15
picard,Picard,50,379,5.73202175,0.37384378251407946,3.095786292880967,Picard,0,0.0,0.0,,0,3.5102763864939655e-15
picard,Picard,50,380,5.746872583,0.34678311440617327,2.871697918744366,Picard,0,0.0,0.0,,0,5.103688108961689e-15
picard,Picard,50,381,5.761886208,0.5011161967986033,4.149724365501067,Picard,0,0.0,0.0,,0,3.43332096195143e-15
picard,Picard,50,382,5.776981083,0.5494148533347836,4.549683722491688,Picard,0,0.0,0.0,,0,4.8625989615795235e-15
picard,Picard,50,383,5.792037333,0.6762046985427933,5.599625658751316,Picard,0,0.0,0.0,,0,1.988108981723105e-15
picard,Picard,50,384,5.806930417,0.6560951168911451,5.433098969945415,Picard,0,0.0,0.0,,0,3.893990224187374e-15
picard,Picard,50,385,5.8220115,0.41547646623817636,3.4405449798976586,Picard,0,0.0,0.0,,0,2.1098902711208416e-15
picard,Picard,50,386,5.836991208,0.3875815765475356,3.2095484482314944,Picard,0,0.0,0.0,,0,3.475833023293843e-15
picard,Picard,50,387,5.852086875,0.4327506959102667,3.583592225673161,Picard,0,0.0,0.0,,0,3.740906915247908e-15
picard,Picard,50,388,5.867093167,0.4730529892523237,3.917334000007228,Picard,0,0.0,0.0,,0,2.409530868989316e-15
picard,Picard,50,389,5.882026083,0.4361790795026223,3.6119825411695885,Picard,0,0.0,0.0,,0,2.134912291477538e-15
picard,Picard,50,390,5.897018917,0.40794381495627624,3.378167378133798,Picard,0,0.0,0.0,,0,3.1470284450126435e-15
picard,Picard,50,391,5.911965167,0.48297690234410723,3.9995135508203496,Picard,0,0.0,0.0,,0,3.5052517213585684e-15
picard,Picard,50,392,5.927051125,0.40755711565729175,3.37496513579286,Picard,0,0.0,0.0,,0,3.9587764701249026e-15
picard,Picard,50,393,5.942106958,0.6896786134860701,5.711202641287516,Picard,0,0.0,0.0,,0,3.007388310103305e-15
picard,Picard,50,394,5.957181458,0.512616082983782,4.244954490186708,Picard,0,0.0,0.0,,0,3.080166863135413e-15
picard,Picard,50,395,5.972225458,0.31946954448301446,2.645515274193961,Picard,0,0.0,0.0,,0,2.950373934743797e-15
picard,Picard,50,396,5.987237208,0.3167525449606716,2.6230159034074045,Picard,0,0.0,0.0,,0,4.060694560861491e-15
picard,Picard,50,397,6.002329542,0.5162134218126122,4.2747439176375215,Picard,0,0.0,0.0,,0,2.778041888394653e-15
picard,Picard,50,398,6.017348042,0.530886258646107,4.396249127223563,Picard,0,0.0,0.0,,0,2.4278295000926473e-15
picard,Picard,50,399,6.032544958,0.48776590731266517,4.039171120724276,Picard,0,0.0,0.0,,0,3.6163469435118765e-15
picard,Picard,50,400,6.047593167,0.5039621977851371,4.173291992557443,Picard,0,0.0,0.0,,0,2.360695066610824e-15
picard,Picard,50,401,6.06258075,0.5257494148947,4.353711117450248,Picard,0,0.0,0.0,,0,4.6370779068988974e-15
picard,Picard,50,402,6.077650292,0.6388373496942716,5.290188049307596,Picard,0,0.0,0.0,,0,3.885529772219362e-15
picard,Picard,50,403,6.092595583,0.9678795910526701,8.014974466045173,Picard,0,0.0,0.0,,0,2.617741407397656e-15
picard,Picard,50,404,6.107582708,0.7249594651922815,6.003362046423916,Picard,0,0.0,0.0,,0,6.14709925129445e-15
picard,Picard,50,405,6.122691458,0.46267341830404507,3.8313811636337722,Picard,0,0.0,0.0,,0,3.359423671859777e-15
picard,Picard,50,406,6.137730667,0.3077221429348943,2.5482354841033787,Picard,0,0.0,0.0,,0,2.1435864877663013e-15
picard,Picard,50,407,6.152664,0.26778262849824425,2.2174978682313102,Picard,0,0.0,0.0,,0,3.957078967969563e-15
picard,Picard,50,408,6.167602,0.31676251542587514,2.623098468454503,Picard,0,0.0,0.0,,0,2.4019139458778082e-15
picard,Picard,50,409,6.182586625,0.373038349459503,3.089116532069585,Picard,0,0.0,0.0,,0,2.837033110439428e-15
picard,Picard,50,410,6.197594458,0.45625556836916964,3.7782351898675612,Picard,0,0.0,0.0,,0,3.05271629115858e-15
picard,Picard,50,411,6.212787417,0.3334631099707851,2.761395463331361,Picard,0,0.0,0.0,,0,3.7940757182085445e-15
picard,Picard,50,412,6.227749708,0.46985970135642063,3.8908905031249783,Picard,0,0.0,0.0,,0,2.172416920986721e-15
picard,Picard,50,413,6.242741625,0.4294401033970818,3.556177333670119,Picard,0,0.0,0.0,,0,2.9368692443787583e-15
picard,Picard,50,414,6.257805083,0.5153723983853765,4.267779434289641,Picard,0,0.0,0.0,,0,2.396805465476275e-15
picard,Picard,50,415,6.272692375,0.4977694409711998,4.122010006454036,Picard,0,0.0,0.0,,0,2.189030859946932e-15
picard,Picard,50,416,6.28777725,0.3412689762108782,2.8260355478812023,Picard,0,0.0,0.0,,0,2.3291169896661434e-15
picard,Picard,50,417,6.302731833,0.3797053150785789,3.1443254234408538,Picard,0,0.0,0.0,,0,2.2832069808523157e-15
picard,Picard,50,418,6.317848708,0.44418861783721686,3.6783092266685204,Picard,0,0.0,0.0,,0,2.6891219683890023e-15
picard,Picard,50,419,6.33282025,0.5361235457586491,4.439618904690117,Picard,0,0.0,0.0,,0,3.046352732499792e-15
picard,Picard,50,420,6.347803333,0.8947483884526004,7.4093777297060575,Picard,0,0.0,0.0,,0,1.8010893010684592e-15
picard,Picard,50,421,6.362846583,0.8516293849810728,7.052310884800552,Picard,0,0.0,0.0,,0,3.6950014195218454e-15
picard,Picard,50,422,6.377785042,0.666404030153998,5.518466692685157,Picard,0,0.0,0.0,,0,2.452554095270197e-15
picard,Picard,50,423,6.392783792,0.4020552571698361,3.329404452728151,Picard,0,0.0,0.0,,0,2.3410293171383694e-15
picard,Picard,50,424,6.40813925,0.5630423835807525,4.662532787567961,Picard,0,0.0,0.0,,0,3.034277277816798e-15
picard,Picard,50,425,6.42347175,0.7744023693323464,6.412796874756994,Picard,0,0.0,0.0,,0,2.6298664654270496e-15
picard,Picard,50,426,6.439347167,0.6345666574871733,5.254822607873912,Picard,0,0.0,0.0,,0,2.497245491103787e-15
picard,Picard,50,427,6.454526583,0.619786489022335,5.132428589088286,Picard,0,0.0,0.0,,0,3.1115625698591626e-15
picard,Picard,50,428,6.469309,0.505921137486146,4.189513898494144,Picard,0,0.0,0.0,,0,3.577911702385541e-15
picard,Picard,50,429,6.48430475,0.6035976879844173,4.998369736980787,Picard,0,0.0,0.0,,0,3.085318383987972e-15
picard,Picard,50,430,6.499053,1.051639686552287,8.70858866445263,Picard,0,0.0,0.0,,0,2.5055355818105877e-15
picard,Picard,50,431,6.51388425,0.8123736534775368,6.727235649662503,Picard,0,0.0,0.0,,0,2.491439677410528e-15
picard,Picard,50,432,6.529161833,0.3990437301311899,3.304466110664029,Picard,0,0.0,0.0,,0,3.276653810506991e-15
picard,Picard,50,433,6.544109083,0.4775427241261801,3.9545133255203675,Picard,0,0.0,0.0,,0,3.187679489398503e-15
picard,Picard,50,434,6.558922208,0.46965588626700444,3.8892027180403805,Picard,0,0.0,0.0,,0,2.1396885332437185e-15
picard,Picard,50,435,6.573747917,0.5251546836802863,4.348786170647205,Picard,0,0.0,0.0,,0,3.7694582870944334e-15
picard,Picard,50,436,6.58862675,0.3988293025494871,3.3026904439302216,Picard,0,0.0,0.0,,0,3.700678369801793e-15
picard,Picard,50,437,6.603529042,0.352776617266361,2.9213298903559664,Picard,0,0.0,0.0,,0,3.442476757407134e-15
picard,Picard,50,438,6.618296625,0.4329523003793509,3.5852617046939894,Picard,0,0.0,0.0,,0,1.941048390802717e-15
picard,Picard,50,439,6.633140375,0.4200157933553601,3.4781349769113206,Picard,0,0.0,0.0,,0,2.5581682622596434e-15
picard,Picard,50,440,6.647930708,0.5424095297766989,4.491672901762048,Picard,0,0.0,0.0,,0,1.7694157743759422e-15
picard,Picard,50,441,6.6626295,0.4272884041377256,3.5383591930855123,Picard,0,0.0,0.0,,0,3.808046497078759e-15
picard,Picard,50,442,6.677390208,0.2562091362259562,2.1216582143085816,Picard,0,0.0,0.0,,0,2.208160427306304e-15
picard,Picard,50,443,6.692243667,0.39719277355876903,3.2891384089510747,Picard,0,0.0,0.0,,0,2.9641092139043658e-15
picard,Picard,50,444,6.707045875,0.4205290134993237,3.4823849336077464,Picard,0,0.0,0.0,,0,3.1204318457048446e-15
picard,Picard,50,445,6.721767875,0.5128820457491824,4.247156917837119,Picard,0,0.0,0.0,,0,3.306173649601102e-15
picard,Picard,50,446,6.736500417,0.6369133328817771,5.274255338496313,Picard,0,0.0,0.0,,0,5.848538840629145e-15
picard,Picard,50,447,6.751381958,0.26733694414738496,2.2138071728957796,Picard,0,0.0,0.0,,0,2.967142939210802e-15
picard,Picard,50,448,6.766293292,0.35540808715890604,2.943120993497191,Picard,0,0.0,0.0,,0,2.498741035467213e-15
picard,Picard,50,449,6.7811073330000005,0.42901494994349815,3.55265665392222,Picard,0,0.0,0.0,,0,2.5822827888557676e-15
picard,Picard,50,450,6.795928708,0.41693631136085185,3.452633902415282,Picard,0,0.0,0.0,,0,3.4067599632953447e-15
picard,Picard,50,451,6.810743667,0.5574281181407669,4.616041266759939,Picard,0,0.0,0.0,,0,4.75638423252607e-15
picard,Picard,50,452,6.825646375,0.34664630780831396,2.870565028456395,Picard,0,0.0,0.0,,0,3.5030640983978363e-15
picard,Picard,50,453,6.840578417,0.3981806354148194,3.2973188558015063,Picard,0,0.0,0.0,,0,3.2612853035809168e-15
picard,Picard,50,454,6.8553865,0.44850251999890695,3.7140324881099134,Picard,0,0.0,0.0,,0,4.494899018037899e-15
picard,Picard,50,455,6.870281542,0.47821271262438775,3.9600614750580987,Picard,0,0.0,0.0,,0,2.065096994988092e-15
picard,Picard,50,456,6.8850468750000005,0.7041867400939619,5.8313438916944325,Picard,0,0.0,0.0,,0,2.4061587769962222e-15
picard,Picard,50,457,6.899894167,0.47623115339853855,3.9436522576875124,Picard,0,0.0,0.0,,0,2.9290279621277683e-15
picard,Picard,50,458,6.914727708,0.436074873564712,3.611119615719685,Picard,0,0.0,0.0,,0,3.728637273911027e-15
picard,Picard,50,459,6.929492,0.45717385505488506,3.7858394873510046,Picard,0,0.0,0.0,,0,5.605878472523237e-15
picard,Picard,50,460,6.944218375,0.6895218639243513,5.709904604066405,Picard,0,0.0,0.0,,0,2.3199700577220502e-15
picard,Picard,50,461,6.959062333,0.8221668019173934,6.8083323433145235,Picard,0,0.0,0.0,,0,3.176751175547858e-15
picard,Picard,50,462,6.973819125,0.9374490076796305,7.762979950429337,Picard,0,0.0,0.0,,0,2.0310715847546822e-15
picard,Picard,50,463,6.988617583,0.6207969768284878,5.140796400579957,Picard,0,0.0,0.0,,0,2.2977418333613468e-15
picard,Picard,50,464,7.003475333,0.43648970630650674,3.614554830041694,Picard,0,0.0,0.0,,0,2.5760142341546e-15
picard,Picard,50,465,7.018177917,0.510482663319155,4.227287722238076,Picard,0,0.0,0.0,,0,2.7606025882478526e-15
picard,Picard,50,466,7.032987958,0.6461277681987421,5.350559730558321,Picard,0,0.0,0.0,,0,3.5838806086073845e-15
picard,Picard,50,467,7.047769792,1.1824440251225825,9.791774469154442,Picard,0,0.0,0.0,,0,3.6288900477289875e-15
picard,Picard,50,468,7.062534208,0.9986056158474933,8.26941552095546,Picard,0,0.0,0.0,,0,4.415496023180707e-15
picard,Picard,50,469,7.0772682080000004,0.40351457487883546,3.341489007752972,Picard,0,0.0,0.0,,0,2.9697266429150375e-15
picard,Picard,50,470,7.0921015,0.3170378108057501,2.6253781791341324,Picard,0,0.0,0.0,,0,2.2176124209489568e-15
picard,Picard,50,471,7.106910875,0.7340043152256229,6.07826210913481,Picard,0,0.0,0.0,,0,2.549712827138027e-15
picard,Picard,50,472,7.121592083,0.6072429075511545,5.0285556630201524,Picard,0,0.0,0.0,,0,4.4061166728389405e-15
picard,Picard,50,473,7.13638025,0.4460203231167977,3.693477509150015,Picard,0,0.0,0.0,,0,4.9479574170795885e-15
picard,Picard,50,474,7.151148583,0.4972443498549677,4.1176617466830345,Picard,0,0.0,0.0,,0,3.146318093857919e-15
picard,Picard,50,475,7.166358833,0.604110292834564,5.002614598452272,Picard,0,0.0,0.0,,0,2.583825409852893e-15
picard,Picard,50,476,7.181463292,0.5414401504616485,4.4836455081380215,Picard,0,0.0,0.0,,0,3.1997498366863452e-15
picard,Picard,50,477,7.196776667,0.43043078157329207,3.5643811023617986,Picard,0,0.0,0.0,,0,3.2290412507467494e-15
picard,Picard,50,478,7.212318417,0.4177707627193072,3.4595439627089415,Picard,0,0.0,0.0,,0,1.8165933669483022e-15
picard,Picard,50,479,7.227755792,0.3664533315251432,3.034586246391239,Picard,0,0.0,0.0,,0,2.9641126767972633e-15
picard,Picard,50,480,7.243188667,0.3992470519317705,3.3061498108423453,Picard,0,0.0,0.0,,0,2.479864295069758e-15
picard,Picard,50,481,7.258632833,0.45610533760012445,3.7769911345232368,Picard,0,0.0,0.0,,0,2.496207468179198e-15
picard,Picard,50,482,7.273874333,0.37205985807525666,3.0810136817434928,Picard,0,0.0,0.0,,0,4.082232962218198e-15
picard,Picard,50,483,7.289204542,0.3509433473361942,2.906148651061857,Picard,0,0.0,0.0,,0,2.9781092842833367e-15
picard,Picard,50,484,7.304476083,0.41151154898107456,3.407711649316641,Picard,0,0.0,0.0,,0,1.8706781351522713e-15
picard,Picard,50,485,7.31973925,0.5444231886362182,4.508347934990943,Picard,0,0.0,0.0,,0,3.8802104354480934e-15
picard,Picard,50,486,7.334880333,0.43167072769716175,3.574649049546508,Picard,0,0.0,0.0,,0,2.1857609300179707e-15
picard,Picard,50,487,7.350128208,0.41869721599488513,3.467215887415676,Picard,0,0.0,0.0,,0,3.5321726280373652e-15
picard,Picard,50,488,7.36531075,0.4528934299027326,3.7503934477656404,Picard,0,0.0,0.0,,0,1.9133693007042586e-15
picard,Picard,50,489,7.380523833,0.4518713885903653,3.741929962123838,Picard,0,0.0,0.0,,0,3.203830412517859e-15
picard,Picard,50,490,7.3958924580000005,0.5254031518370631,4.350843726102038,Picard,0,0.0,0.0,,0,3.9168596453799655e-15
picard,Picard,50,491,7.411542541999999,0.3868104823852454,3.2031630464947445,Picard,0,0.0,0.0,,0,2.824393540943559e-15
picard,Picard,50,492,7.427069958000001,0.3037879675998596,2.515656726221984,Picard,0,0.0,0.0,,0,2.9521749099663858e-15
picard,Picard,50,493,7.442983916999999,0.37829702971070955,3.1326634653122585,Picard,0,0.0,0.0,,0,2.438287619591307e-15
picard,Picard,50,494,7.458340375000001,0.4136767370692623,3.425641490385131,Picard,0,0.0,0.0,,0,4.237172827973043e-15
picard,Picard,50,495,7.473618708,0.3457836007631169,2.863420983884269,Picard,0,0.0,0.0,,0,3.198034906676711e-15
picard,Picard,50,496,7.488883082999999,0.4471453057192848,3.7027934477409636,Picard,0,0.0,0.0,,0,3.4738256656799996e-15
picard,Picard,50,497,7.504180207999999,0.430149863417891,3.5620548296896586,Picard,0,0.0,0.0,,0,4.414241012906845e-15
picard,Picard,50,498,7.519492583,0.5040940652717467,4.174383982251046,Picard,0,0.0,0.0,,0,1.5568385182748846e-15
picard,Picard,50,499,7.534859624999999,0.4718435353922061,3.9073185581110312,Picard,0,0.0,0.0,,0,4.099692400196571e-15
picard,Picard,50,500,7.550040083000001,0.46112439577071634,3.8185537663348423,Picard,0,0.0,0.0,,0,5.678477985704607e-15
aa_pure,AA_pure,50,0,0.017371708000002428,1.0,8.280962363642827,initial,0,0.0,0.0,,0,9.373730790566751e-16
aa_pure,AA_pure,50,1,0.03336508299999963,1.044652141398399,8.650725066019026,AA,1,100.0,0.0,,1,1.0575641643805286e-15
aa_pure,AA_pure,50,2,0.05064329200000017,0.9263279514449313,7.670886902305836,AA,2,100.0,0.0,,2,8.425167752758136e-16
aa_pure,AA_pure,50,3,0.066262708,0.7386176647030434,6.116465082527658,AA,3,100.0,0.0,,3,7.3005946197773e-16
aa_pure,AA_pure,50,4,0.08175312500000231,0.5729432878577827,4.744521803252077,AA,4,100.0,0.0,,4,2.948778827887162e-15
aa_pure,AA_pure,50,5,0.09888779200000286,0.35804726171540785,2.9649758986706654,AA,5,100.0,0.0,,5,1.8979459100009576e-15
aa_pure,AA_pure,50,6,0.11570954200000116,0.4525300694223846,3.7473844733034425,AA,6,100.0,0.0,,6,5.347607011231634e-15
aa_pure,AA_pure,50,7,0.13164308300000016,0.37552252681340464,3.109687911241858,AA,7,100.0,0.0,,7,5.034452111185199e-15
aa_pure,AA_pure,50,8,0.14881529200000188,0.35685640173136207,2.9551144319624143,AA,8,100.0,0.0,,8,4.782221367671622e-15
aa_pure,AA_pure,50,9,0.16595208300000053,0.21040334054755444,1.742342144259023,AA,9,100.0,0.0,,9,5.0981593995115635e-15
aa_pure,AA_pure,50,10,0.18342879200000084,0.16073075646673146,1.331005344980844,AA,10,100.0,0.0,,10,4.782524018407411e-15
aa_pure,AA_pure,50,11,0.20105900000000076,0.10161359649335952,0.8414583681958989,AA,11,100.0,0.0,,11,3.2302607389801472e-15
aa_pure,AA_pure,50,12,0.21832108300000286,0.07726878334025536,0.6398598867251265,AA,12,100.0,0.0,,12,2.794233603748361e-15
aa_pure,AA_pure,50,13,0.23592054200000234,0.09092422054482037,0.7529400482752173,AA,13,100.0,0.0,,13,3.237173133452761e-15
aa_pure,AA_pure,50,14,0.2523441670000004,0.09546155481671396,0.790513542612035,AA,14,100.0,0.0,,14,3.053862569582947e-15
aa_pure,AA_pure,50,15,0.27044387500000155,0.05032687140697189,0.41675492800102654,AA,15,100.0,0.0,,15,7.532971741153758e-15
aa_pure,AA_pure,50,16,0.2886585000000004,0.03635773061929383,0.3010769988858366,AA,16,100.0,0.0,,16,3.1052278091053376e-15
aa_pure,AA_pure,50,17,0.3069581250000013,0.023745192553394932,0.19663304585211536,AA,17,100.0,0.0,,17,3.151976215864392e-15
aa_pure,AA_pure,50,18,0.3252327080000015,0.01387582978080858,0.11490522417919015,AA,18,100.0,0.0,,18,4.641618291873982e-15
aa_pure,AA_pure,50,19,0.34374575000000007,0.008332616853424492,0.06900208655386414,AA,19,100.0,0.0,,19,3.9132151246198915e-15
aa_pure,AA_pure,50,20,0.3634164169999998,0.006459535665492502,0.053491171732551926,AA,20,100.0,0.0,,20,3.3039106950240444e-15
aa_pure,AA_pure,50,21,0.38334487500000236,0.003384942267419417,0.028030579519604006,AA,21,100.0,0.0,,21,3.3321692237035122e-15
aa_pure,AA_pure,50,22,0.40233762500000125,0.0022405457013575545,0.01855387462696363,AA,22,100.0,0.0,,22,3.4561743833055756e-15
aa_pure,AA_pure,50,23,0.42169354199999987,0.000891029068144545,0.007378578178216717,AA,23,100.0,0.0,,23,5.347862527736762e-15
aa_pure,AA_pure,50,24,0.44012245800000116,0.0005273659444265695,0.004367097537663377,AA,24,100.0,0.0,,24,2.872875112103787e-15
aa_pure,AA_pure,50,25,0.45850337500000293,0.00022814600467188797,0.0018892684781033847,AA,25,100.0,0.0,,25,3.346444711973712e-15
aa_pure,AA_pure,50,26,0.47979820800000184,0.0001633949344075168,0.0013530673022385349,AA,26,100.0,0.0,,26,4.219682976705956e-15
aa_pure,AA_pure,50,27,0.5006438330000016,0.0001334337424399245,0.0011049597991850254,AA,27,100.0,0.0,,27,2.4659908001323294e-15
aa_pure,AA_pure,50,28,0.5210958750000003,7.316830525975388e-05,0.0006059039820675513,AA,28,100.0,0.0,,28,3.2440996021454233e-15
aa_pure,AA_pure,50,29,0.5393442920000027,2.7667453455598338e-05,0.00022911314076364952,AA,29,100.0,0.0,,29,3.051869369659812e-15
aa_pure,AA_pure,50,30,0.5601734580000013,1.3216453902839436e-05,0.00010944495735023372,AA,30,100.0,0.0,,30,2.1130935196692483e-15
aa_pure,AA_pure,50,31,0.5819269580000004,5.62488035111791e-06,4.657942248760146e-05,AA,31,100.0,0.0,,31,2.7729741908391565e-15
aa_pure,AA_pure,50,32,0.6013225830000017,2.4442262922557107e-06,2.0240545934395793e-05,AA,32,100.0,0.0,,32,2.3648123122642693e-15
aa_pure,AA_pure,50,33,0.6238480420000023,1.155823952876676e-06,9.571334652768633e-06,AA,33,100.0,0.0,,33,1.7457479812176295e-15
aa_pure,AA_pure,50,34,0.646065292000003,5.98895286291592e-07,4.959429325543769e-06,AA,34,100.0,0.0,,34,2.0806216987331655e-15
aa_pure,AA_pure,50,35,0.6675432920000013,4.912517479007909e-07,4.068037235440203e-06,AA,35,100.0,0.0,,35,3.3146038892405237e-15
aa_pure,AA_pure,50,36,0.6898847920000009,1.578152891529302e-07,1.3068624698828248e-06,AA,36,100.0,0.0,,36,2.0112038549003595e-15
aa_pure,AA_pure,50,37,0.7126300420000007,4.490520199953268e-08,3.7185828768990874e-07,AA,37,100.0,0.0,,37,3.9048689970300894e-15
aa_pure,AA_pure,50,38,0.7327108750000022,1.9013278153411082e-08,1.5744824079786956e-07,AA,38,100.0,0.0,,38,3.788412919263797e-15
aa_pure,AA_pure,50,39,0.7564662500000026,1.3419539538238385e-08,1.111267018535689e-07,AA,39,100.0,0.0,,39,2.4955522227084826e-15
aa_pure,AA_pure,50,40,0.7799518750000018,2.762305014933065e-09,2.287454386556255e-08,AA,40,100.0,0.0,,40,1.891299761910136e-15
aa_pure,AA_pure,50,41,0.8040480000000017,7.605367373519407e-10,6.297976098179131e-09,AA,41,100.0,0.0,,41,2.281044640511541e-15
aa_pure,AA_pure,50,42,0.8284800000000025,5.224500619912783e-10,4.326389300232637e-09,AA,42,100.0,0.0,,42,3.070511172844782e-15
aa_pure,AA_pure,50,43,0.8526208749999995,2.5389215087986866e-10,2.1024713458605182e-09,AA,43,100.0,0.0,,43,2.6675306578712802e-15
aa_pure,AA_pure,50,44,0.875973333000001,6.105816843073407e-11,5.056203947678734e-10,AA,44,100.0,0.0,,44,2.673507677844636e-15
global_eta0,GlobalAndersonSolver,50,0,0.01377404200000143,1.0,8.280962363642827,initial,0,0.0,0.0,,0,9.373730790566751e-16
global_eta0,GlobalAndersonSolver,50,1,0.04047545799999952,1.425864706625017,11.807531971208386,KM,0,0.0,0.0,,0,7.410360446401491e-16
global_eta0,GlobalAndersonSolver,50,2,0.06719245800000095,0.5694563862262898,4.715646902075959,KM,0,0.0,0.0,,0,1.646237965448868e-15
global_eta0,GlobalAndersonSolver,50,3,0.08046558299999873,0.2865909478585493,2.3732488529773708,AA,1,33.333333333333336,0.0,,0,2.8447316627853654e-15
global_eta0,GlobalAndersonSolver,50,4,0.09389458300000086,0.30390726353131975,2.516644611340541,AA,2,50.0,0.0,,1,3.6934724570747555e-15
global_eta0,GlobalAndersonSolver,50,5,0.10755158299999934,0.17611290446264982,1.458384333607028,AA,3,60.0,0.0,,2,1.6490100284883579e-15
global_eta0,GlobalAndersonSolver,50,6,0.12129204200000032,0.16359929818749638,1.3547596310090377,AA,4,66.66666666666667,0.0,,3,2.317194268250347e-15
global_eta0,GlobalAndersonSolver,50,7,0.135308792,0.11938973358299099,0.9886618904060924,AA,5,71.42857142857143,0.0,,4,2.4303534769829556e-15
global_eta0,GlobalAndersonSolver,50,8,0.14928575000000066,0.10902344741109941,0.9028190647659072,AA,6,75.0,0.0,,5,4.184775225136571e-15
global_eta0,GlobalAndersonSolver,50,9,0.16380887500000085,0.11156957448103644,0.9239034472051079,AA,7,77.77777777777777,0.0,,6,3.223335778916513e-15
global_eta0,GlobalAndersonSolver,50,10,0.18103645800000123,0.08749332261918068,0.7245289116794948,AA,8,80.0,0.0,,7,3.566355728561404e-15
global_eta0,GlobalAndersonSolver,50,11,0.19554633299999935,0.055859189769842686,0.4625678481476497,AA,9,81.81818181818181,0.0,,8,6.322920950513943e-15
global_eta0,GlobalAndersonSolver,50,12,0.2126294169999987,0.022780535135817747,0.1886447540833498,AA,10,83.33333333333333,0.0,,9,4.594419189167917e-15
global_eta0,GlobalAndersonSolver,50,13,0.22984775000000113,0.014251751518431695,0.11801821794012238,AA,11,84.61538461538461,0.0,,10,3.552058653431819e-15
global_eta0,GlobalAndersonSolver,50,14,0.2458172499999982,0.0066249332731963114,0.05486082309698374,AA,12,85.71428571428571,0.0,,11,3.923916404419956e-15
global_eta0,GlobalAndersonSolver,50,15,0.26347295800000126,0.006573900729616545,0.054438224524278725,AA,13,86.66666666666667,0.0,,12,2.1871477784814712e-15
global_eta0,GlobalAndersonSolver,50,16,0.2809842919999994,0.006137127487313863,0.05082132174332397,AA,14,87.5,0.0,,13,2.38209321779797e-15
global_eta0,GlobalAndersonSolver,50,17,0.29897829200000103,0.003267858727579577,0.027061015132788215,AA,15,88.23529411764706,0.0,,14,3.459531402350498e-15
global_eta0,GlobalAndersonSolver,50,18,0.31708095799999825,0.0012485626779938507,0.010339300545116175,AA,16,88.88888888888889,0.0,,15,3.393453663362691e-15
global_eta0,GlobalAndersonSolver,50,19,0.33322841700000083,0.000525065117022376,0.004348044472524012,AA,17,89.47368421052632,0.0,,16,2.827275928445302e-15
global_eta0,GlobalAndersonSolver,50,20,0.34901925000000134,0.0002261035948857396,0.0018723553595331541,AA,18,90.0,0.0,,17,3.928774488744849e-15
global_eta0,GlobalAndersonSolver,50,21,0.3681589169999988,0.00012493593521092856,0.001034589777348218,AA,19,90.47619047619048,0.0,,18,2.865442269419421e-15
global_eta0,GlobalAndersonSolver,50,22,0.3875006670000012,0.0001379007648168742,0.0011419510433660963,AA,20,90.9090909090909,0.0,,19,1.6813505430486456e-15
global_eta0,GlobalAndersonSolver,50,23,0.4068619170000005,5.2321619304946006e-05,0.0004332733602691058,AA,21,91.30434782608695,0.0,,20,4.317480741059707e-15
global_eta0,GlobalAndersonSolver,50,24,0.425008708,1.8531228236637844e-05,0.0001534564035796732,AA,22,91.66666666666667,0.0,,21,2.543184092834048e-15
global_eta0,GlobalAndersonSolver,50,25,0.4447378750000013,6.331984596879983e-06,5.243492613392923e-05,AA,23,92.0,0.0,,22,4.136125560186143e-15
global_eta0,GlobalAndersonSolver,50,26,0.46537391700000086,3.2715669611409146e-06,2.7091722875345247e-05,AA,24,92.3076923076923,0.0,,23,2.14937132053995e-15
global_eta0,GlobalAndersonSolver,50,27,0.48276637500000064,1.7477206488798722e-06,1.447280891553564e-05,AA,25,92.5925925925926,0.0,,24,3.995336272188785e-15
global_eta0,GlobalAndersonSolver,50,28,0.5033236250000002,6.55685634380072e-07,5.429708060682647e-06,AA,26,92.85714285714286,0.0,,25,2.8081466640627294e-15
global_eta0,GlobalAndersonSolver,50,29,0.5234450829999986,3.037859648596129e-07,2.5156401416053765e-06,AA,27,93.10344827586206,0.0,,26,1.7602626299045295e-15
global_eta0,GlobalAndersonSolver,50,30,0.5421101250000007,7.731584140964503e-08,6.402495728266481e-07,AA,28,93.33333333333333,0.0,,27,2.6794673055898063e-15
global_eta0,GlobalAndersonSolver,50,31,0.5630170419999985,3.353527862565023e-08,2.777043801532853e-07,AA,29,93.54838709677419,0.0,,28,2.483177750722115e-15
global_eta0,GlobalAndersonSolver,50,32,0.5841162080000011,3.7932290497981514e-08,3.1411586998055134e-07,AA,30,93.75,0.0,,29,1.9024214482127204e-15
global_eta0,GlobalAndersonSolver,50,33,0.6056525420000014,1.2503042882182609e-08,1.0353722753836652e-07,AA,31,93.93939393939394,0.0,,30,2.254332470901512e-15
global_eta0,GlobalAndersonSolver,50,34,0.626996333000001,2.339980718960326e-09,1.9377292265360344e-08,AA,32,94.11764705882354,0.0,,31,2.8146996405825022e-15
global_eta0,GlobalAndersonSolver,50,35,0.6494623749999988,6.613693658879437e-10,5.4767748273843835e-09,AA,33,94.28571428571429,0.0,,32,2.3957548376199556e-15
global_eta0,GlobalAndersonSolver,50,36,0.6716724169999999,3.4746089977206106e-10,2.87731063384991e-09,AA,34,94.44444444444444,0.0,,33,3.0119102202415425e-15
global_eta0,GlobalAndersonSolver,50,37,0.694402457999999,1.4451553173349354e-10,1.1967276792468906e-09,AA,35,94.5945945945946,0.0,,34,2.1513959496579666e-15
global_eta0,GlobalAndersonSolver,50,38,0.7179537499999995,2.0641967287812874e-11,1.709353542219248e-10,AA,36,94.73684210526316,0.0,,35,2.6529974853936905e-15
global_eta1e10,GlobalAndersonSolver eta=1e-10,50,0,0.015551083999998383,1.0,8.280962363642827,initial,0,0.0,1e-10,,0,9.373730790566751e-16
global_eta1e10,GlobalAndersonSolver eta=1e-10,50,1,0.04964808400000109,1.425864706625017,11.807531971208386,KM,0,0.0,1e-10,,0,7.410360446401491e-16
global_eta1e10,GlobalAndersonSolver eta=1e-10,50,2,0.08306120900000025,0.5694563862262898,4.715646902075959,KM,0,0.0,1e-10,,0,1.646237965448868e-15
global_eta1e10,GlobalAndersonSolver eta=1e-10,50,3,0.09966045899999898,0.2865909478585493,2.3732488529773708,AA,1,33.333333333333336,1e-10,,0,2.8447316627853654e-15
global_eta1e10,GlobalAndersonSolver eta=1e-10,50,4,0.11637787499999774,0.30390726353131975,2.516644611340541,AA,2,50.0,1e-10,,1,3.6934724570747555e-15
global_eta1e10,GlobalAndersonSolver eta=1e-10,50,5,0.1331494169999985,0.17611290444486447,1.4583843334597482,AA,3,60.0,1e-10,,2,1.6488803739229852e-15
global_eta1e10,GlobalAndersonSolver eta=1e-10,50,6,0.1483954169999997,0.1635992983409518,1.3547596322797961,AA,4,66.66666666666667,1e-10,,3,2.5570770654184365e-15
global_eta1e10,GlobalAndersonSolver eta=1e-10,50,7,0.16367295899999945,0.11938973340567642,0.9886618889377572,AA,5,71.42857142857143,1e-10,,4,3.085490740897478e-15
global_eta1e10,GlobalAndersonSolver eta=1e-10,50,8,0.18045220899999848,0.10902344728240851,0.9028190637002227,AA,6,75.0,1e-10,,5,4.5967502349176906e-15
global_eta1e10,GlobalAndersonSolver eta=1e-10,50,9,0.1972693339999978,0.11156957431054519,0.9239034457932763,AA,7,77.77777777777777,1e-10,,6,4.024252367518154e-15
global_eta1e10,GlobalAndersonSolver eta=1e-10,50,10,0.2117774170000004,0.0874933223245774,0.7245289092398962,AA,8,80.0,1e-10,,7,4.142071615641158e-15
global_eta1e10,GlobalAndersonSolver eta=1e-10,50,11,0.22620479200000077,0.05585918950958268,0.4625678459924464,AA,9,81.81818181818181,1e-10,,8,7.071400009730332e-15
global_eta1e10,GlobalAndersonSolver eta=1e-10,50,12,0.24130170899999825,0.022780534924355268,0.18864475233223696,AA,10,83.33333333333333,1e-10,,9,4.174093292677237e-15
global_eta1e10,GlobalAndersonSolver eta=1e-10,50,13,0.2582059999999977,0.014251751117250773,0.11801821461795826,AA,11,84.61538461538461,1e-10,,10,3.4407861152622875e-15
global_eta1e10,GlobalAndersonSolver eta=1e-10,50,14,0.2735158339999977,0.006624933035151388,0.054860821125742684,AA,12,85.71428571428571,1e-10,,11,3.807843074982083e-15
global_eta1e10,GlobalAndersonSolver eta=1e-10,50,15,0.2887264589999994,0.006573900562496828,0.05443822314036664,AA,13,86.66666666666667,1e-10,,12,2.3981893790754374e-15
global_eta1e10,GlobalAndersonSolver eta=1e-10,50,16,0.3041428340000003,0.006137127351093674,0.05082132061528971,AA,14,87.5,1e-10,,13,2.150192330050317e-15
global_eta1e10,GlobalAndersonSolver eta=1e-10,50,17,0.3194525420000005,0.0032678586844802943,0.027061014775884677,AA,15,88.23529411764706,1e-10,,14,3.2626915978885924e-15
global_eta1e10,GlobalAndersonSolver eta=1e-10,50,18,0.3347305419999991,0.001248562602534242,0.010339299920237997,AA,16,88.88888888888889,1e-10,,15,6.0402593529302406e-15
global_eta1e10,GlobalAndersonSolver eta=1e-10,50,19,0.350036750000001,0.0005250650634082832,0.004348044028547727,AA,17,89.47368421052632,1e-10,,16,3.749293845731322e-15
global_eta1e10,GlobalAndersonSolver eta=1e-10,50,20,0.3654324590000009,0.00022610358224483447,0.0018723552548542948,AA,18,90.0,1e-10,,17,3.7563854041369076e-15
global_eta1e10,GlobalAndersonSolver eta=1e-10,50,21,0.381888,0.00012493592498567219,0.0010345896926732547,AA,19,90.47619047619048,1e-10,,18,2.241067559811955e-15
global_eta1e10,GlobalAndersonSolver eta=1e-10,50,22,0.3992694589999992,0.0001379007438427233,0.0011419508696799419,AA,20,90.9090909090909,1e-10,,19,2.6682818859983174e-15
global_eta1e10,GlobalAndersonSolver eta=1e-10,50,23,0.4165191670000006,5.2321605598323567e-05,0.00043327324676508127,AA,21,91.30434782608695,1e-10,,20,2.7591658890681693e-15
global_eta1e10,GlobalAndersonSolver eta=1e-10,50,24,0.4332547919999996,1.8531226614117092e-05,0.00015345639014363992,AA,22,91.66666666666667,1e-10,,21,2.8196089032402066e-15
global_eta1e10,GlobalAndersonSolver eta=1e-10,50,25,0.4512309590000001,6.331985281907978e-06,5.243493180662028e-05,AA,23,92.0,1e-10,,22,2.6151993517463476e-15
global_eta1e10,GlobalAndersonSolver eta=1e-10,50,26,0.46747662499999976,3.2715667781083577e-06,2.709172135965953e-05,AA,24,92.3076923076923,1e-10,,23,2.3398505392047847e-15
global_eta1e10,GlobalAndersonSolver eta=1e-10,50,27,0.4849352919999994,1.7477198587661005e-06,1.4472802372633235e-05,AA,25,92.5925925925926,1e-10,,24,1.8625062830383083e-15
global_eta1e10,GlobalAndersonSolver eta=1e-10,50,28,0.5016044169999994,6.556855743022804e-07,5.4297075631807165e-06,AA,26,92.85714285714286,1e-10,,25,2.6234876999783454e-15
global_eta1e10,GlobalAndersonSolver eta=1e-10,50,29,0.5184348340000007,3.0378590168733463e-07,2.515639618478118e-06,AA,27,93.10344827586206,1e-10,,26,2.0739635777964027e-15
global_eta1e10,GlobalAndersonSolver eta=1e-10,50,30,0.5340992920000005,7.731913495109796e-08,6.402768465194629e-07,AA,28,93.33333333333333,1e-10,,27,2.8678502019190475e-15
global_eta1e10,GlobalAndersonSolver eta=1e-10,50,31,0.5516176249999987,3.353490609852501e-08,2.777012952701819e-07,AA,29,93.54838709677419,1e-10,,28,2.526947373794988e-15
global_eta1e10,GlobalAndersonSolver eta=1e-10,50,32,0.5684830000000005,3.793054797321354e-08,3.1410144019853004e-07,AA,30,93.75,1e-10,,29,2.3465800422372663e-15
global_eta1e10,GlobalAndersonSolver eta=1e-10,50,33,0.5824766669999981,1.2501620477428476e-08,1.0352544865813168e-07,AA,31,93.93939393939394,1e-10,,30,2.069224942892184e-15
global_eta1e10,GlobalAndersonSolver eta=1e-10,50,34,0.5994698340000006,2.3403043022293092e-09,1.9379971846232295e-08,AA,32,94.11764705882354,1e-10,,31,3.2379764550197472e-15
global_eta1e10,GlobalAndersonSolver eta=1e-10,50,35,0.615983749999998,6.622969662913686e-10,5.484456251413645e-09,AA,33,94.28571428571429,1e-10,,32,1.9253688297733088e-15
global_eta1e10,GlobalAndersonSolver eta=1e-10,50,36,0.6323717500000008,3.48313996689998e-10,2.8843750973198856e-09,AA,34,94.44444444444444,1e-10,,33,2.336206189999911e-15
global_eta1e10,GlobalAndersonSolver eta=1e-10,50,37,0.6491635420000001,1.4519036726602312e-10,1.202315966893417e-09,AA,35,94.5945945945946,1e-10,,34,2.8929501048192654e-15
global_eta1e10,GlobalAndersonSolver eta=1e-10,50,38,0.6657730839999978,2.0808953901756415e-11,1.7231816408722344e-10,AA,36,94.73684210526316,1e-10,,35,2.948163525178825e-15
faa02,FAA cs=0.2,50,0,0.016945375000002372,1.0,8.280962363642827,initial,0,0.0,0.0,0.2,0,9.373730790566751e-16
faa02,FAA cs=0.2,50,1,0.030048916000001924,1.044652141398399,8.650725066019026,AA,1,100.0,0.0,0.2,0,1.0575641643805286e-15
faa02,FAA cs=0.2,50,2,0.043599708000002124,0.926327951444168,7.670886902299515,AA,2,100.0,0.0,0.2,1,8.474412900968787e-16
faa02,FAA cs=0.2,50,3,0.060975916000000296,0.738617664704611,6.11646508254064,AA,3,100.0,0.0,0.2,2,8.228897111470023e-16
faa02,FAA cs=0.2,50,4,0.07691675000000231,0.5729432878572798,4.7445218032479115,AA,4,100.0,0.0,0.2,3,3.1644060286819396e-15
faa02,FAA cs=0.2,50,5,0.09466962500000164,0.3580472617083807,2.964975898612474,AA,5,100.0,0.0,0.2,4,2.0947776126531977e-15
faa02,FAA cs=0.2,50,6,0.11155100000000218,0.45253006942232105,3.7473844733029162,AA,6,100.0,0.0,0.2,5,7.303722235874119e-15
faa02,FAA cs=0.2,50,7,0.129297416,0.3755225268165957,3.109687911268283,AA,7,100.0,0.0,0.2,6,6.879813601910774e-15
faa02,FAA cs=0.2,50,8,0.14630508300000145,0.35685640172930255,2.9551144319453595,AA,8,100.0,0.0,0.2,7,6.608865883271172e-15
faa02,FAA cs=0.2,50,9,0.16370270800000242,0.2104033405444678,1.7423421442334626,AA,9,100.0,0.0,0.2,8,7.355642252976066e-15
faa02,FAA cs=0.2,50,10,0.1793385409999999,0.1607307564669275,1.3310053449824675,AA,10,100.0,0.0,0.2,9,4.6754057258417706e-15
faa02,FAA cs=0.2,50,11,0.19647683300000196,0.13430229909447702,1.1121522841520664,AA,11,100.0,0.0,0.2,9,3.4035576734593594e-15
faa02,FAA cs=0.2,50,12,0.21256108300000065,0.09769022958338051,0.808969114475601,AA,12,100.0,0.0,0.2,10,3.216525162640658e-15
faa02,FAA cs=0.2,50,13,0.2299215409999995,0.07700950693475506,0.6377128285693979,AA,13,100.0,0.0,0.2,10,2.0795043232789516e-15
faa02,FAA cs=0.2,50,14,0.24778291600000202,0.07943680867517877,0.6578132229270514,AA,14,100.0,0.0,0.2,10,1.9606781675921027e-15
faa02,FAA cs=0.2,50,15,0.26494525000000024,0.07778879488123688,0.6441660827246544,AA,15,100.0,0.0,0.2,9,8.993461441465462e-15
faa02,FAA cs=0.2,50,16,0.2815977909999994,0.039165090015711015,0.32432463638878634,AA,16,100.0,0.0,0.2,9,8.46368044549618e-15
faa02,FAA cs=0.2,50,17,0.29901520800000014,0.02614680202181432,0.21652068347226455,AA,17,100.0,0.0,0.2,10,4.9783090015045885e-15
faa02,FAA cs=0.2,50,18,0.31639354100000006,0.01718463648359825,0.14230532795356052,AA,18,100.0,0.0,0.2,9,3.107057352249895e-15
faa02,FAA cs=0.2,50,19,0.3328304580000001,0.01386169388003955,0.1147881653169456,AA,19,100.0,0.0,0.2,9,1.657295693473087e-15
faa02,FAA cs=0.2,50,20,0.34779350000000164,0.01422044330040145,0.11775895576494119,AA,20,100.0,0.0,0.2,9,4.050855196568657e-15
faa02,FAA cs=0.2,50,21,0.364488583,0.011485734648820436,0.09511293634567039,AA,21,100.0,0.0,0.2,9,2.8713065411035568e-15
faa02,FAA cs=0.2,50,22,0.38007004099999975,0.008534860562589248,0.070676859097741,AA,22,100.0,0.0,0.2,9,3.0646355436539545e-15
faa02,FAA cs=0.2,50,23,0.39524312500000036,0.005376113669823386,0.04451939496247318,AA,23,100.0,0.0,0.2,9,3.0933893732501228e-15
faa02,FAA cs=0.2,50,24,0.41306483299999996,0.0014333022247478553,0.011869121778862521,AA,24,100.0,0.0,0.2,9,3.145587075137795e-15
faa02,FAA cs=0.2,50,25,0.429026750000002,0.00037216029374761777,0.0030818453857662815,AA,25,100.0,0.0,0.2,9,3.0183262588815875e-15
faa02,FAA cs=0.2,50,26,0.4442754999999998,0.00035666531397049,0.00295353204140648,AA,26,100.0,0.0,0.2,9,2.663636751404417e-15
faa02,FAA cs=0.2,50,27,0.4593526660000009,0.00011241157299844583,0.0009308760052380181,AA,27,100.0,0.0,0.2,8,2.5139662215366127e-15
faa02,FAA cs=0.2,50,28,0.4736940410000017,8.935720215717055e-05,0.000739963627983953,AA,28,100.0,0.0,0.2,8,2.677802113973351e-15
faa02,FAA cs=0.2,50,29,0.48928470799999957,4.088732434353032e-05,0.00033858639403883177,AA,29,100.0,0.0,0.2,8,2.1467988775219334e-15
faa02,FAA cs=0.2,50,30,0.5055261659999992,3.339917305116598e-05,0.0002765772950134992,AA,30,100.0,0.0,0.2,8,3.2060365111562253e-15
faa02,FAA cs=0.2,50,31,0.523007290999999,2.1774778755816515e-05,0.00018031612335356594,AA,31,100.0,0.0,0.2,8,3.485376737091533e-15
faa02,FAA cs=0.2,50,32,0.5399400000000014,9.029375048209497e-06,7.477191494143848e-05,AA,32,100.0,0.0,0.2,8,2.717745394594235e-15
faa02,FAA cs=0.2,50,33,0.5561111660000009,5.046911035489491e-06,4.1793280337542125e-05,AA,33,100.0,0.0,0.2,8,2.115817614124702e-15
faa02,FAA cs=0.2,50,34,0.5732074580000024,3.0309084619566718e-06,2.5098838901109765e-05,AA,34,100.0,0.0,0.2,8,3.410939307806079e-15
faa02,FAA cs=0.2,50,35,0.5909571249999992,1.7734058171001736e-06,1.4685506826871791e-05,AA,35,100.0,0.0,0.2,8,2.5215574231748508e-15
faa02,FAA cs=0.2,50,36,0.6080406660000008,8.560808710251151e-07,7.089173473193547e-06,AA,36,100.0,0.0,0.2,8,1.9911278859354203e-15
faa02,FAA cs=0.2,50,37,0.623936582999999,3.1644230852757887e-07,2.6204468471811322e-06,AA,37,100.0,0.0,0.2,8,2.214478645157538e-15
faa02,FAA cs=0.2,50,38,0.6408604580000024,1.1149659197200899e-07,9.232990817946473e-07,AA,38,100.0,0.0,0.2,8,2.7721231865581194e-15
faa02,FAA cs=0.2,50,39,0.6585445410000013,7.277980467645914e-08,6.026868233590344e-07,AA,39,100.0,0.0,0.2,8,2.313960601487184e-15
faa02,FAA cs=0.2,50,40,0.6731307500000021,1.2226634692691234e-08,1.0124830172418579e-07,AA,40,100.0,0.0,0.2,8,2.4030535402568303e-15
faa02,FAA cs=0.2,50,41,0.6899355410000005,5.973356897245882e-09,4.946514365069944e-08,AA,41,100.0,0.0,0.2,8,2.5830269510952315e-15
faa02,FAA cs=0.2,50,42,0.706783999999999,2.1368702489763793e-09,1.7695342107761474e-08,AA,42,100.0,0.0,0.2,8,2.3311479223306746e-15
faa02,FAA cs=0.2,50,43,0.7244234580000004,1.561936206382464e-09,1.293433493946424e-08,AA,43,100.0,0.0,0.2,8,2.1282677695746117e-15
faa02,FAA cs=0.2,50,44,0.7412212910000022,1.0583893949166709e-09,8.764482745383656e-09,AA,44,100.0,0.0,0.2,7,1.743175214601016e-15
faa02,FAA cs=0.2,50,45,0.7575670410000015,2.5878503099419534e-10,2.142989101937074e-09,AA,45,100.0,0.0,0.2,7,2.0082082660047038e-15
faa02,FAA cs=0.2,50,46,0.7753135409999992,2.1129460732675152e-10,1.7497226909135193e-09,AA,46,100.0,0.0,0.2,8,2.5205186713048272e-15
faa02,FAA cs=0.2,50,47,0.7930965410000006,1.788383745241307e-10,1.4809538486093865e-09,AA,47,100.0,0.0,0.2,7,2.242351537913108e-15
faa02,FAA cs=0.2,50,48,0.8091694159999996,5.7700634334916385e-11,4.778167812857597e-10,AA,48,100.0,0.0,0.2,8,3.064249627625552e-15
faa0707,FAA cs=1/sqrt(2),50,0,0.014878124999999187,1.0,8.280962363642827,initial,0,0.0,0.0,0.7071067811865475,0,9.373730790566751e-16
faa0707,FAA cs=1/sqrt(2),50,1,0.031029708999998462,1.044652141398399,8.650725066019026,AA,1,100.0,0.0,0.7071067811865475,0,1.0575641643805286e-15
faa0707,FAA cs=1/sqrt(2),50,2,0.047402667000000065,0.926327951444168,7.670886902299515,AA,2,100.0,0.0,0.7071067811865475,1,8.474412900968787e-16
faa0707,FAA cs=1/sqrt(2),50,3,0.06128299999999953,0.738617664704611,6.11646508254064,AA,3,100.0,0.0,0.7071067811865475,2,8.228897111470023e-16
faa0707,FAA cs=1/sqrt(2),50,4,0.07743045899999856,0.5729432878572798,4.7445218032479115,AA,4,100.0,0.0,0.7071067811865475,3,3.1644060286819396e-15
faa0707,FAA cs=1/sqrt(2),50,5,0.09455612500000043,0.4850002820331757,4.016269081872884,AA,5,100.0,0.0,0.7071067811865475,3,3.317454294373472e-15
faa0707,FAA cs=1/sqrt(2),50,6,0.11136145899999761,0.42453793779435733,3.5155826848136127,AA,6,100.0,0.0,0.7071067811865475,4,2.0501306747311553e-15
faa0707,FAA cs=1/sqrt(2),50,7,0.1273068749999986,0.2984714791109198,2.471631085138333,AA,7,100.0,0.0,0.7071067811865475,5,2.1295232547938897e-15
faa0707,FAA cs=1/sqrt(2),50,8,0.14570633399999977,0.21512694803915863,1.7814581601176187,AA,8,100.0,0.0,0.7071067811865475,6,1.4057252246642828e-15
faa0707,FAA cs=1/sqrt(2),50,9,0.16106695899999934,0.1362454957156368,1.1282438222370483,AA,9,100.0,0.0,0.7071067811865475,6,5.3602181453810345e-15
faa0707,FAA cs=1/sqrt(2),50,10,0.17916504200000105,0.1265825390741689,1.04822524196754,AA,10,100.0,0.0,0.7071067811865475,6,2.6502640454572158e-15
faa0707,FAA cs=1/sqrt(2),50,11,0.19470112499999814,0.11981149941479571,0.9921545173855378,AA,11,100.0,0.0,0.7071067811865475,7,2.629954617987551e-15
faa0707,FAA cs=1/sqrt(2),50,12,0.21111070899999973,0.13262914759746644,1.098296979576649,AA,12,100.0,0.0,0.7071067811865475,8,7.942527138742805e-15
faa0707,FAA cs=1/sqrt(2),50,13,0.22790350000000004,0.1047540571171792,0.867464404426252,AA,13,100.0,0.0,0.7071067811865475,7,2.5571359224847377e-14
faa0707,FAA cs=1/sqrt(2),50,14,0.2452074169999996,0.15583505824670854,1.290464252277081,AA,14,100.0,0.0,0.7071067811865475,7,3.2634972142809048e-15
faa0707,FAA cs=1/sqrt(2),50,15,0.26070095899999757,0.14904370551789473,1.2342253159315508,AA,15,100.0,0.0,0.7071067811865475,7,3.247716615635269e-15
faa0707,FAA cs=1/sqrt(2),50,16,0.276684834000001,0.0948226294852487,0.7852226259889931,AA,16,100.0,0.0,0.7071067811865475,6,8.617936775728286e-15
faa0707,FAA cs=1/sqrt(2),50,17,0.29226283399999886,0.09124073677138651,0.7555611072348938,AA,17,100.0,0.0,0.7071067811865475,7,4.426092977377382e-15
faa0707,FAA cs=1/sqrt(2),50,18,0.30718433399999867,0.07032458881674651,0.582355273230135,AA,18,100.0,0.0,0.7071067811865475,5,1.774683004645245e-15
faa0707,FAA cs=1/sqrt(2),50,19,0.32449666699999824,0.050073112928740414,0.4146535635933364,AA,19,100.0,0.0,0.7071067811865475,6,7.57724387224203e-15
faa0707,FAA cs=1/sqrt(2),50,20,0.34160912499999796,0.02771473102247089,0.2295046445155657,AA,20,100.0,0.0,0.7071067811865475,7,3.824837679898167e-15
faa0707,FAA cs=1/sqrt(2),50,21,0.3561216250000001,0.01782049009929257,0.14757080781391138,AA,21,100.0,0.0,0.7071067811865475,6,4.502336813753146e-15
faa0707,FAA cs=1/sqrt(2),50,22,0.37166949999999943,0.01625650213899416,0.13461948237748975,AA,22,100.0,0.0,0.7071067811865475,7,2.338295346381762e-15
faa0707,FAA cs=1/sqrt(2),50,23,0.38843241700000064,0.020722316479822377,0.17160072285690461,AA,23,100.0,0.0,0.7071067811865475,6,2.531133629878227e-15
faa0707,FAA cs=1/sqrt(2),50,24,0.4051730419999977,0.020059776251057853,0.16611425215810627,AA,24,100.0,0.0,0.7071067811865475,6,3.878710995460664e-15
faa0707,FAA cs=1/sqrt(2),50,25,0.4226944589999988,0.02149837587491783,0.17802724149964147,AA,25,100.0,0.0,0.7071067811865475,7,3.556575535580713e-15
faa0707,FAA cs=1/sqrt(2),50,26,0.4399205419999994,0.02144434182207139,0.177579787541665,AA,26,100.0,0.0,0.7071067811865475,7,3.571436763762873e-15
faa0707,FAA cs=1/sqrt(2),50,27,0.4578609589999978,0.015354369438241797,0.12714895543554797,AA,27,100.0,0.0,0.7071067811865475,7,5.695498658251568e-14
faa0707,FAA cs=1/sqrt(2),50,28,0.47544262499999945,0.01507723177570981,0.12485398888257264,AA,28,100.0,0.0,0.7071067811865475,6,1.6931846086225087e-14
faa0707,FAA cs=1/sqrt(2),50,29,0.49004683400000104,0.013587205023610355,0.1125151334276161,AA,29,100.0,0.0,0.7071067811865475,7,1.3923790259112668e-14
faa0707,FAA cs=1/sqrt(2),50,30,0.5069211249999981,0.012914242611583311,0.10694235702147385,AA,30,100.0,0.0,0.7071067811865475,8,1.4537727991391078e-14
faa0707,FAA cs=1/sqrt(2),50,31,0.5229907919999981,0.01006032106889627,0.08330914013769299,AA,31,100.0,0.0,0.7071067811865475,6,5.068783518880674e-14
faa0707,FAA cs=1/sqrt(2),50,32,0.5406389589999989,0.005645834724112599,0.04675294486172421,AA,32,100.0,0.0,0.7071067811865475,7,3.32663730550583e-14
faa0707,FAA cs=1/sqrt(2),50,33,0.5574383750000003,0.005606119629518778,0.046424065658124264,AA,33,100.0,0.0,0.7071067811865475,6,1.545375675077738e-14
faa0707,FAA cs=1/sqrt(2),50,34,0.5744970840000008,0.0027112111226713863,0.022451437266731565,AA,34,100.0,0.0,0.7071067811865475,7,6.665870951296529e-15
faa0707,FAA cs=1/sqrt(2),50,35,0.5914200419999993,0.0009460919287236581,0.007834551654306864,AA,35,100.0,0.0,0.7071067811865475,6,2.4653269925197187e-15
faa0707,FAA cs=1/sqrt(2),50,36,0.6091072089999976,0.0007633114031808116,0.006320953001479696,AA,36,100.0,0.0,0.7071067811865475,6,3.342317222133666e-15
faa0707,FAA cs=1/sqrt(2),50,37,0.6244992089999997,0.00028871413657414026,0.0023908308988220906,AA,37,100.0,0.0,0.7071067811865475,6,2.1200007479391455e-15
faa0707,FAA cs=1/sqrt(2),50,38,0.6405033339999981,0.00013797675202412786,0.0011425802905694821,AA,38,100.0,0.0,0.7071067811865475,6,2.523731125947442e-15
faa0707,FAA cs=1/sqrt(2),50,39,0.6580478749999976,0.00011602904442465488,0.0009608321499700086,AA,39,100.0,0.0,0.7071067811865475,6,1.7535167712599418e-15
faa0707,FAA cs=1/sqrt(2),50,40,0.6732857089999982,6.554887155566598e-05,0.0005428077383317278,AA,40,100.0,0.0,0.7071067811865475,7,2.077499249613189e-15
faa0707,FAA cs=1/sqrt(2),50,41,0.6883405839999988,5.1739229852902886e-05,0.00042845061513575416,AA,41,100.0,0.0,0.7071067811865475,6,2.92777494149542e-15
faa0707,FAA cs=1/sqrt(2),50,42,0.7023465420000008,1.6094788941285415e-05,0.0001332803414735593,AA,42,100.0,0.0,0.7071067811865475,5,2.1093135310230943e-15
faa0707,FAA cs=1/sqrt(2),50,43,0.7199919589999979,1.3639669636833642e-05,0.0001129495909151412,AA,43,100.0,0.0,0.7071067811865475,6,2.1113654921277072e-15
faa0707,FAA cs=1/sqrt(2),50,44,0.7374234169999987,9.51713770422866e-06,7.881105913832362e-05,AA,44,100.0,0.0,0.7071067811865475,7,2.476089919870397e-15
faa0707,FAA cs=1/sqrt(2),50,45,0.7542827919999979,3.3568473365273216e-06,2.7797926454277415e-05,AA,45,100.0,0.0,0.7071067811865475,7,1.7831063339180664e-15
faa0707,FAA cs=1/sqrt(2),50,46,0.7721923749999995,3.261500592146097e-06,2.7008363652560623e-05,AA,46,100.0,0.0,0.7071067811865475,6,1.621721877665029e-15
faa0707,FAA cs=1/sqrt(2),50,47,0.7896749169999993,1.934275806279236e-06,1.6017665152703234e-05,AA,47,100.0,0.0,0.7071067811865475,6,1.765289951577875e-15
faa0707,FAA cs=1/sqrt(2),50,48,0.8067792499999982,8.266764280354157e-07,6.8456763874719654e-06,AA,48,100.0,0.0,0.7071067811865475,6,3.201374267061719e-15
faa0707,FAA cs=1/sqrt(2),50,49,0.8223776249999979,4.0693510690015605e-07,3.3698143046851625e-06,AA,49,100.0,0.0,0.7071067811865475,5,3.2220213083999207e-15
faa0707,FAA cs=1/sqrt(2),50,50,0.8389752920000006,2.9972065388023894e-07,2.481975454388677e-06,AA,50,100.0,0.0,0.7071067811865475,5,2.178137954693577e-15
faa0707,FAA cs=1/sqrt(2),50,51,0.8564381250000004,1.409585579427984e-07,1.1672725131576802e-06,AA,51,100.0,0.0,0.7071067811865475,6,2.3812816096875074e-15
faa0707,FAA cs=1/sqrt(2),50,52,0.8704094590000011,4.6602330291414474e-08,3.8591214320125533e-07,AA,52,100.0,0.0,0.7071067811865475,6,1.92194857092e-15
faa0707,FAA cs=1/sqrt(2),50,53,0.8871122919999976,4.1018941299408157e-08,3.3967630909687334e-07,AA,53,100.0,0.0,0.7071067811865475,6,2.637090829001788e-15
faa0707,FAA cs=1/sqrt(2),50,54,0.9027061669999981,1.7212349912105685e-08,1.425348218119981e-07,AA,54,100.0,0.0,0.7071067811865475,7,1.8724056677710344e-15
faa0707,FAA cs=1/sqrt(2),50,55,0.9174320839999979,1.4016815029340164e-08,1.1607271771610903e-07,AA,55,100.0,0.0,0.7071067811865475,7,4.3385873488156995e-15
faa0707,FAA cs=1/sqrt(2),50,56,0.9352339589999978,6.257129810959937e-09,5.18150564689868e-08,AA,56,100.0,0.0,0.7071067811865475,7,2.0244484872480207e-15
faa0707,FAA cs=1/sqrt(2),50,57,0.9532533339999993,3.5852136112419662e-09,2.9689018980314708e-08,AA,57,100.0,0.0,0.7071067811865475,7,2.059869693756286e-15
faa0707,FAA cs=1/sqrt(2),50,58,0.9692711669999987,1.9449407172161737e-09,1.610598087878362e-08,AA,58,100.0,0.0,0.7071067811865475,6,3.487871594952227e-15
faa0707,FAA cs=1/sqrt(2),50,59,0.9867170839999986,9.932913777145564e-10,8.225408514985173e-09,AA,59,100.0,0.0,0.7071067811865475,6,2.3057960882907207e-15
faa0707,FAA cs=1/sqrt(2),50,60,1.0014852919999981,3.521110966196891e-10,2.9158187389286482e-09,AA,60,100.0,0.0,0.7071067811865475,4,3.0793181896550962e-15
faa0707,FAA cs=1/sqrt(2),50,61,1.0181465000000003,2.2167028255074346e-10,1.8356432669407777e-09,AA,61,100.0,0.0,0.7071067811865475,4,2.4329706500423268e-15
faa0707,FAA cs=1/sqrt(2),50,62,1.0316850839999994,9.365875593661914e-11,7.755846329367523e-10,AA,62,100.0,0.0,0.7071067811865475,5,1.7984579522956795e-15
